{
    "playlist_info": {
        "name": "(清新)甜甜的韩语歌",
        "trackcount": 141,
        "playcount": 9357934,
        "creator": "syxyyqx",
        "createDate": "2016-07-31",
        "heat": 3707.0
    },
    "songs": [
        {
            "name": "GONE (Live)",
            "artist": "ROSÉ",
            "id": 1817136355
        },
        {
            "name": "Celebrity",
            "artist": "IU",
            "id": 1815389717
        },
        {
            "name": "Mr. Chu",
            "artist": "Apink",
            "id": 28341188
        },
        {
            "name": "거북이",
            "artist": "TWICE",
            "id": 515647527
        },
        {
            "name": "Dolphin",
            "artist": "OH MY GIRL",
            "id": 1442010549
        },
        {
            "name": "에잇(Prod.&Feat. SUGA of BTS)",
            "artist": "IU",
            "id": 1446251500
        },
        {
            "name": "Make A Wish（翻自 NCT U）",
            "artist": "U.A",
            "id": 1487896946
        },
        {
            "name": "누가 봐도 우린 (Be My Love)",
            "artist": "EXO-CBX",
            "id": 1378436698
        },
        {
            "name": "Say Yes",
            "artist": "Punch",
            "id": 1451214506
        },
        {
            "name": "What is Love?",
            "artist": "TWICE",
            "id": 551340976
        },
        {
            "name": "계절 (feat. Chan & Sun)",
            "artist": "郭泰勋",
            "id": 1403272736
        },
        {
            "name": "퇴근길",
            "artist": "J_ust",
            "id": 1370932742
        },
        {
            "name": "주세요",
            "artist": "(G)I-DLE",
            "id": 1348587679
        },
        {
            "name": "给你宇宙【原唱：脸红的思春期】",
            "artist": "AKEN",
            "id": 447481268
        },
        {
            "name": "LET IT BE ～ YOU & I ～ ONLY LOOK AT ME / ROSE (BLACKPINK ARENA TOUR 2018 \"SPECIAL FINAL IN KYOCERA DOME OSAKA\")",
            "artist": "BLACKPINK",
            "id": 1352975729
        },
        {
            "name": "Fever (Medley Song)",
            "artist": "rosy",
            "id": 461124095
        },
        {
            "name": "시작 梨泰院class（翻自 가호(Gaho)） ",
            "artist": "Double呆",
            "id": 1422785358
        },
        {
            "name": "한번 봤는데 (feat. 디어)",
            "artist": "REX.D",
            "id": 399411607
        },
        {
            "name": "Psycho",
            "artist": "宋津卉",
            "id": 1415627867
        },
        {
            "name": "썸 탈꺼야 (some)（Cover 脸红的思春期）",
            "artist": "朵蜜天女JOY",
            "id": 549865623
        },
        {
            "name": "fever（翻自 rosy） ",
            "artist": "于梓贝",
            "id": 1417401008
        },
        {
            "name": "SAD! $ WI ING WI ING（翻自 XXXTENTACION） ",
            "artist": "郑杰伦",
            "id": 1350224869
        },
        {
            "name": "취향저격(COVER)",
            "artist": "Lovey",
            "id": 412187012
        },
        {
            "name": "Blueming",
            "artist": "IU",
            "id": 1404511131
        },
        {
            "name": "SoulMate",
            "artist": "Zico",
            "id": 1297486027
        },
        {
            "name": "눈누난나(NUNU NANA)(Live)",
            "artist": "Jessi",
            "id": 1472877722
        },
        {
            "name": "자꾸자꾸",
            "artist": "SONAMOO",
            "id": 464647427
        },
        {
            "name": "All The Things",
            "artist": "IONE",
            "id": 554242625
        },
        {
            "name": "도망가지마",
            "artist": "모트",
            "id": 1309814395
        },
        {
            "name": "흐림",
            "artist": "Kiggen",
            "id": 518863391
        },
        {
            "name": "조으다 완전 조으다（翻自 Hari） ",
            "artist": "很美味",
            "id": 1302173544
        },
        {
            "name": "처음만 힘들지",
            "artist": "015B",
            "id": 1300594652
        },
        {
            "name": "Blue (1112 cover)",
            "artist": "CIKI",
            "id": 1316563834
        },
        {
            "name": "冬日如梦",
            "artist": "郭真言",
            "id": 1425861104
        },
        {
            "name": "아무노래",
            "artist": "Zico",
            "id": 1416378346
        },
        {
            "name": "#첫사랑",
            "artist": "脸红的思春期",
            "id": 528272395
        },
        {
            "name": "비행 소녀",
            "artist": "DIA",
            "id": 485347115
        },
        {
            "name": "봄 사랑 벚꽃 말고",
            "artist": "High4",
            "id": 28391219
        },
        {
            "name": "네 생각 나더라",
            "artist": "Standing Egg",
            "id": 466122722
        },
        {
            "name": "Another Day（德鲁纳酒店）（翻自 Punch） ",
            "artist": "EdenJiyon",
            "id": 1393046886
        },
        {
            "name": "너와 나 우리",
            "artist": "임재용",
            "id": 31234293
        },
        {
            "name": "공항 가는 길 (Sing The Road #01)",
            "artist": "朴振荣",
            "id": 34324939
        },
        {
            "name": "연애박사",
            "artist": "Choi Nakta",
            "id": 1334818205
        },
        {
            "name": "우연히 봄",
            "artist": "Loco",
            "id": 31352391
        },
        {
            "name": "그런 연애",
            "artist": "J_ust",
            "id": 573428443
        },
        {
            "name": "층간스캔들 (Feat. 션리)",
            "artist": "Plastic",
            "id": 30854210
        },
        {
            "name": "혼잣말 (Simply Ver.)",
            "artist": "As One",
            "id": 27853685
        },
        {
            "name": "첫사랑",
            "artist": "CLC",
            "id": 31066466
        },
        {
            "name": "오늘밤 뭐해? (Vocal 효빈)",
            "artist": "挪威森林",
            "id": 33955857
        },
        {
            "name": "뽀뽀뽀",
            "artist": "J_ust",
            "id": 573428444
        },
        {
            "name": "우주를 줄게",
            "artist": "小白受",
            "id": 1294433071
        },
        {
            "name": "여행 (Travel) (旅行) (Live)",
            "artist": "脸红的思春期",
            "id": 1385552539
        },
        {
            "name": "꽁냥꽁냥",
            "artist": "소혜",
            "id": 34057200
        },
        {
            "name": "옥탑방",
            "artist": "N.Flying",
            "id": 1336855544
        },
        {
            "name": "너너너",
            "artist": "훤",
            "id": 511920904
        },
        {
            "name": "뜨겁지가 않아",
            "artist": "Paul Kim",
            "id": 35779017
        },
        {
            "name": "Everyday",
            "artist": "李珍雅",
            "id": 491955144
        },
        {
            "name": "Give It 2 U",
            "artist": "GLAM",
            "id": 28240315
        },
        {
            "name": "결과론",
            "artist": "Choco And Vanilla",
            "id": 465673385
        },
        {
            "name": "달콤한 빈말",
            "artist": "白娥娟",
            "id": 480768592
        },
        {
            "name": "조으다 완전 조으다",
            "artist": "Hari",
            "id": 36872591
        },
        {
            "name": "앞으로",
            "artist": "Vincent Blue",
            "id": 442589023
        },
        {
            "name": "Maybe",
            "artist": "note",
            "id": 1368975626
        },
        {
            "name": "그런 연애",
            "artist": "J_ust",
            "id": 555837598
        },
        {
            "name": "봄이 되어줄게",
            "artist": "郭泰勋",
            "id": 458697927
        },
        {
            "name": "베베 (BABE)",
            "artist": "泫雅",
            "id": 502238344
        },
        {
            "name": "SObeR",
            "artist": "秀智",
            "id": 531786422
        },
        {
            "name": "파란꽃",
            "artist": "Leebada",
            "id": 1323301643
        },
        {
            "name": "썸 탈꺼야(Some) (Live)",
            "artist": "脸红的思春期",
            "id": 532776400
        },
        {
            "name": "잼잼",
            "artist": "IU",
            "id": 473873434
        },
        {
            "name": "베개가 되고 싶어요",
            "artist": "J_ust",
            "id": 573430152
        },
        {
            "name": "푸르던",
            "artist": "IU",
            "id": 35848033
        },
        {
            "name": "혼잣말",
            "artist": "As One",
            "id": 31245761
        },
        {
            "name": "What If Love",
            "artist": "WENDY",
            "id": 1347687051
        },
        {
            "name": "물수제비",
            "artist": "青春学概论",
            "id": 488641796
        },
        {
            "name": "TODAY [G-DRAGON 2017 WORLD TOUR ＜ACT III, M.O.T.T.E＞ IN JAPAN]",
            "artist": "G-DRAGON",
            "id": 534540518
        },
        {
            "name": "이런 엔딩",
            "artist": "IU",
            "id": 473873432
        },
        {
            "name": "니 생각중이야",
            "artist": "青春学概论",
            "id": 424057262
        },
        {
            "name": "장가갈 수 있을까",
            "artist": "咖啡少年",
            "id": 26418355
        },
        {
            "name": "Make it count",
            "artist": "CHEN",
            "id": 1344659916
        },
        {
            "name": "MAMAMOO-WIND FLOWER（AKEN Remix）",
            "artist": "AKEN",
            "id": 1341601718
        },
        {
            "name": "스물셋",
            "artist": "IU",
            "id": 35848032
        },
        {
            "name": "팔레트",
            "artist": "IU",
            "id": 473873431
        },
        {
            "name": "Gloomy Star",
            "artist": "郭泰勋",
            "id": 1299983882
        },
        {
            "name": "Feeling",
            "artist": "ZISU",
            "id": 418603972
        },
        {
            "name": "설레임",
            "artist": "青春学概论",
            "id": 424060277
        },
        {
            "name": "오늘날씨",
            "artist": "MJ",
            "id": 26429347
        },
        {
            "name": "난 니가 좋아",
            "artist": "진호",
            "id": 30621273
        },
        {
            "name": "오늘밤 뭐해?",
            "artist": "it's",
            "id": 425137603
        },
        {
            "name": "부드러운",
            "artist": "J_ust",
            "id": 441566368
        },
        {
            "name": "The Beauty Inside（温柔男版）（翻自 빈센트） ",
            "artist": "C.A.R.L",
            "id": 1329111003
        },
        {
            "name": "instagram",
            "artist": "DEAN",
            "id": 525721542
        },
        {
            "name": "좋은데이",
            "artist": "青春学概论",
            "id": 424060278
        },
        {
            "name": "강남역 4번 출구",
            "artist": "Plastic",
            "id": 39443131
        },
        {
            "name": "삐삐",
            "artist": "IU",
            "id": 1316563427
        },
        {
            "name": "설레여라",
            "artist": "红色椅子",
            "id": 31168543
        },
        {
            "name": "걷자, 집앞이야",
            "artist": "二十岁",
            "id": 29567603
        },
        {
            "name": "층간스캔들",
            "artist": "Plastic",
            "id": 39436186
        },
        {
            "name": "빛나리",
            "artist": "PENTAGON",
            "id": 549664204
        },
        {
            "name": "귀요미송",
            "artist": "Hari",
            "id": 26418242
        },
        {
            "name": "Beautiful Girl",
            "artist": "레게 강 같은 평화 (RGP)",
            "id": 30987373
        },
        {
            "name": "열일곱살의 여름",
            "artist": "M&M",
            "id": 5384299
        },
        {
            "name": "이게 사랑일까",
            "artist": "咖啡少年",
            "id": 26418346
        },
        {
            "name": "별것도 아닌 일",
            "artist": "李珍雅",
            "id": 491943195
        },
        {
            "name": "LIKE & LOVE",
            "artist": "李珍雅",
            "id": 416531483
        },
        {
            "name": "사랑해 쏭",
            "artist": "李珍雅",
            "id": 29751627
        },
        {
            "name": "안아줄게 (feat.SQ)",
            "artist": "Acou Sweet",
            "id": 415792855
        },
        {
            "name": "시무룩",
            "artist": "이웃집 꽃순이",
            "id": 453927826
        },
        {
            "name": "Beautiful Day",
            "artist": "Springloll",
            "id": 5358151
        },
        {
            "name": "춤춘다 (I Like U)",
            "artist": "Pre'Melo",
            "id": 28256839
        },
        {
            "name": "날씨 좋아요",
            "artist": "김민지",
            "id": 35513002
        },
        {
            "name": "Kiss",
            "artist": "Day Trip",
            "id": 5372317
        },
        {
            "name": "Summer Day",
            "artist": "Taru",
            "id": 22832513
        },
        {
            "name": "아이 스크림 (Ice Cream)",
            "artist": "Healing Project",
            "id": 27678826
        },
        {
            "name": "Wonderful World",
            "artist": "J Rabbit",
            "id": 30621048
        },
        {
            "name": "CHEER UP",
            "artist": "TWICE",
            "id": 410801515
        },
        {
            "name": "별이 되나봐",
            "artist": "殆死悲爱",
            "id": 28497021
        },
        {
            "name": "I'm Good",
            "artist": "李雅蓝",
            "id": 488267290
        },
        {
            "name": "SUMMER",
            "artist": "一岁之差",
            "id": 28798355
        },
        {
            "name": "너라는 여행",
            "artist": "J_ust",
            "id": 573430153
        },
        {
            "name": "진심",
            "artist": "Jung Key",
            "id": 28606766
        },
        {
            "name": "디저트 송",
            "artist": "Rocoberry",
            "id": 32977306
        },
        {
            "name": "언젠가 설명이 필요한 밤",
            "artist": "Hello Gayoung",
            "id": 28768430
        },
        {
            "name": "첫사랑의 멜로디",
            "artist": "Acoustic Collabo",
            "id": 5364596
        },
        {
            "name": "그날에 우리",
            "artist": "Urban Zakapa",
            "id": 22841379
        },
        {
            "name": "첫, 고백 (Vocal 후아유)",
            "artist": "挪威森林",
            "id": 417250625
        },
        {
            "name": "짝사랑 이라는거",
            "artist": "쇼코",
            "id": 34532784
        },
        {
            "name": "연애의 시작",
            "artist": "杨郑承",
            "id": 5336489
        },
        {
            "name": "또또또",
            "artist": "李珍雅",
            "id": 446875767
        },
        {
            "name": "티라미수 케익",
            "artist": "We Are the Night",
            "id": 35447760
        },
        {
            "name": "우유보다 커피",
            "artist": "李宝蓝",
            "id": 5400369
        },
        {
            "name": "니 생각중이야",
            "artist": "青春学概论",
            "id": 33327120
        },
        {
            "name": "Perfume",
            "artist": "Nu.D",
            "id": 31517462
        },
        {
            "name": "동거",
            "artist": "秋天假期",
            "id": 22842148
        },
        {
            "name": "애인이 돼 주길 바래요",
            "artist": "FTISLAND",
            "id": 22750326
        },
        {
            "name": "연애하나 봐",
            "artist": "JUNIEL",
            "id": 29450541
        },
        {
            "name": "우리만나요 (샤이니의 월드데이트 삽입곡)",
            "artist": "家庭手工业",
            "id": 34179015
        },
        {
            "name": "I Love You Song",
            "artist": "Lee Jin-Ah",
            "id": 29564480
        },
        {
            "name": "믿어요",
            "artist": "李珍雅",
            "id": 29751630
        },
        {
            "name": "콩닥콩닥",
            "artist": "이혜인",
            "id": 30621799
        },
        {
            "name": "Blueming",
            "artist": "EdenJiyon",
            "id": 1408068311
        }
    ]
}