{
    "playlist_info": {
        "name": "100首老歌［粤语经典］",
        "trackcount": 106,
        "playcount": 745507,
        "creator": "Sweetking甜王",
        "createDate": "2022-03-16",
        "heat": 1583.0
    },
    "songs": [
        {
            "name": "初恋",
            "artist": "回春丹",
            "id": 1873049720
        },
        {
            "name": "笑面",
            "artist": "兆鸣",
            "id": 2055681081
        },
        {
            "name": "我们都会",
            "artist": "安洛贤",
            "id": 2056468528
        },
        {
            "name": "分分钟需要你",
            "artist": "阿梨粤",
            "id": 1950345110
        },
        {
            "name": "月半小夜曲",
            "artist": "李克勤",
            "id": 115162
        },
        {
            "name": "最爱",
            "artist": "周慧敏",
            "id": 329925
        },
        {
            "name": "玻璃之情",
            "artist": "张国荣",
            "id": 186436
        },
        {
            "name": "约定 (Live)",
            "artist": "王菲",
            "id": 22201018
        },
        {
            "name": "讲不出再见",
            "artist": "谭咏麟",
            "id": 152392
        },
        {
            "name": "梦伴",
            "artist": "Ericaceae",
            "id": 26584453
        },
        {
            "name": "我恨我痴心",
            "artist": "刘德华",
            "id": 110146
        },
        {
            "name": "小城大事",
            "artist": "杨千嬅",
            "id": 316756
        },
        {
            "name": "偏偏喜欢你",
            "artist": "陈百强",
            "id": 66476
        },
        {
            "name": "一人有一个梦想",
            "artist": "黎瑞恩",
            "id": 258684
        },
        {
            "name": "沉默是金",
            "artist": "张国荣",
            "id": 188204
        },
        {
            "name": "可惜我是水瓶座",
            "artist": "杨千嬅",
            "id": 316654
        },
        {
            "name": "你瞒我瞒",
            "artist": "陈柏宇",
            "id": 29273175
        },
        {
            "name": "钟无艳",
            "artist": "谢安琪",
            "id": 308353
        },
        {
            "name": "明天会更好 (粤语版)",
            "artist": "群星",
            "id": 30496959
        },
        {
            "name": "男儿当自强",
            "artist": "林子祥",
            "id": 116348
        },
        {
            "name": "太傻",
            "artist": "巫启贤",
            "id": 158660
        },
        {
            "name": "红日",
            "artist": "李克勤",
            "id": 115502
        },
        {
            "name": "容易受伤的女人",
            "artist": "王菲",
            "id": 25769491
        },
        {
            "name": "还我真情",
            "artist": "谭咏麟",
            "id": 153505
        },
        {
            "name": "离别的摇篮曲",
            "artist": "邝美云",
            "id": 253796
        },
        {
            "name": "冬恋",
            "artist": "关淑怡",
            "id": 235757
        },
        {
            "name": "爱的逃兵",
            "artist": "谭咏麟",
            "id": 155117
        },
        {
            "name": "再见理想(黄家驹独唱版)",
            "artist": "Beyond",
            "id": 347822
        },
        {
            "name": "天若有情",
            "artist": "袁凤瑛",
            "id": 347705
        },
        {
            "name": "也曾相识",
            "artist": "谭咏麟",
            "id": 154685
        },
        {
            "name": "风里密码",
            "artist": "郭富城",
            "id": 88393
        },
        {
            "name": "假如",
            "artist": "杜丽莎",
            "id": 225148
        },
        {
            "name": "爱的故事(上)",
            "artist": "孙耀威",
            "id": 147030
        },
        {
            "name": "天才白痴梦",
            "artist": "许冠杰",
            "id": 172416
        },
        {
            "name": "分分钟需要你",
            "artist": "林子祥",
            "id": 117614
        },
        {
            "name": "约定",
            "artist": "王菲",
            "id": 300138
        },
        {
            "name": "护花使者",
            "artist": "李克勤",
            "id": 115569
        },
        {
            "name": "我恨我痴心",
            "artist": "刘德华",
            "id": 113453
        },
        {
            "name": "忘情森巴舞",
            "artist": "草蜢",
            "id": 5256071
        },
        {
            "name": "连锁反应",
            "artist": "林姗姗",
            "id": 262770
        },
        {
            "name": "黑街",
            "artist": "陈雅雯",
            "id": 5256046
        },
        {
            "name": "爱情陷阱",
            "artist": "谭咏麟",
            "id": 4871718
        },
        {
            "name": "心理游戏",
            "artist": "陈晓东",
            "id": 67683
        },
        {
            "name": "灰姑娘",
            "artist": "梁咏琪",
            "id": 255589
        },
        {
            "name": "可惜我是水瓶座",
            "artist": "杨千嬅",
            "id": 317145
        },
        {
            "name": "唉声叹气",
            "artist": "郑秀文",
            "id": 329877
        },
        {
            "name": "焚情",
            "artist": "黄凯芹",
            "id": 94841
        },
        {
            "name": "梦伴",
            "artist": "关淑怡",
            "id": 235086
        },
        {
            "name": "情深缘浅",
            "artist": "黄凯芹",
            "id": 94590
        },
        {
            "name": "蔓珠莎华(Live)",
            "artist": "梅艳芳",
            "id": 276237
        },
        {
            "name": "绝对是个梦",
            "artist": "汤宝如",
            "id": 295492
        },
        {
            "name": "让我跟你走",
            "artist": "彭羚",
            "id": 282273
        },
        {
            "name": "玻璃",
            "artist": "朱茵",
            "id": 336527
        },
        {
            "name": "爱得干脆",
            "artist": "吴倩莲",
            "id": 300493
        },
        {
            "name": "相依为命",
            "artist": "陈小春",
            "id": 63886
        },
        {
            "name": "爱与诚",
            "artist": "古巨基",
            "id": 86849
        },
        {
            "name": "还你门匙",
            "artist": "余文乐",
            "id": 178993
        },
        {
            "name": "半点心",
            "artist": "草蜢",
            "id": 349981
        },
        {
            "name": "听风的歌",
            "artist": "郭富城",
            "id": 88802
        },
        {
            "name": "伤感的恋人",
            "artist": "黄凯芹",
            "id": 94961
        },
        {
            "name": "你的浅笑",
            "artist": "吕方",
            "id": 406243120
        },
        {
            "name": "烟雨凄迷",
            "artist": "陈百强",
            "id": 65956
        },
        {
            "name": "无心快语",
            "artist": "蔡国权",
            "id": 67376
        },
        {
            "name": "说谎的爱人",
            "artist": "王杰",
            "id": 158185
        },
        {
            "name": "等你一生",
            "artist": "邝美云",
            "id": 253501
        },
        {
            "name": "倩影",
            "artist": "蔡枫华",
            "id": 68468
        },
        {
            "name": "涟漪",
            "artist": "陈百强",
            "id": 66365
        },
        {
            "name": "多情",
            "artist": "黎瑞恩",
            "id": 259321
        },
        {
            "name": "惊梦",
            "artist": "刘小慧",
            "id": 263636
        },
        {
            "name": "何故.何苦.何必",
            "artist": "彭家丽",
            "id": 282633
        },
        {
            "name": "日夕回味",
            "artist": "林姗姗",
            "id": 262719
        },
        {
            "name": "爱你这样傻",
            "artist": "黎瑞恩",
            "id": 259365
        },
        {
            "name": "反反覆覆",
            "artist": "汤宝如",
            "id": 295789
        },
        {
            "name": "伤心的我",
            "artist": "邝美云",
            "id": 253213
        },
        {
            "name": "偷偷爱你",
            "artist": "梁朝伟",
            "id": 116392
        },
        {
            "name": "情感的禁区",
            "artist": "刘德华",
            "id": 113586
        },
        {
            "name": "友谊太阳",
            "artist": "甄妮",
            "id": 332246
        },
        {
            "name": "因我爱你",
            "artist": "林志美",
            "id": 260209
        },
        {
            "name": "隔世感覺",
            "artist": "刘小慧",
            "id": 263691
        },
        {
            "name": "昨天今天下雨天",
            "artist": "彭家丽",
            "id": 282551
        },
        {
            "name": "片片枫叶情",
            "artist": "张智霖",
            "id": 192845
        },
        {
            "name": "倾城",
            "artist": "许美静",
            "id": 306709
        },
        {
            "name": "忘记你我做不到",
            "artist": "张学友",
            "id": 189313
        },
        {
            "name": "千千阕歌",
            "artist": "陈慧娴",
            "id": 212233
        },
        {
            "name": "最浪漫的事",
            "artist": "邝美云",
            "id": 253265
        },
        {
            "name": "真的爱你",
            "artist": "Beyond",
            "id": 346075
        },
        {
            "name": "喜欢你",
            "artist": "Beyond",
            "id": 346073
        },
        {
            "name": "都是你的错",
            "artist": "郑中基",
            "id": 191469
        },
        {
            "name": "再见悲哀",
            "artist": "林忆莲",
            "id": 28838055
        },
        {
            "name": "笑看风云",
            "artist": "邓瑞霞",
            "id": 339371
        },
        {
            "name": "人间",
            "artist": "王菲",
            "id": 300062
        },
        {
            "name": "爱一个人好难",
            "artist": "苏永康",
            "id": 147258
        },
        {
            "name": "花火",
            "artist": "陈慧娴",
            "id": 210991
        },
        {
            "name": "夜机",
            "artist": "陈慧娴",
            "id": 212652
        },
        {
            "name": "我有我天地",
            "artist": "彭羚",
            "id": 25641703
        },
        {
            "name": "街灯",
            "artist": "王杰",
            "id": 157935
        },
        {
            "name": "伤痕",
            "artist": "林忆莲",
            "id": 5255650
        },
        {
            "name": "当我知道你们相爱",
            "artist": "李克勤",
            "id": 400876304
        },
        {
            "name": "我用自己的方式爱你",
            "artist": "陈明真",
            "id": 213707
        },
        {
            "name": "海阔天空",
            "artist": "Beyond",
            "id": 400162138
        },
        {
            "name": "旧欢如梦",
            "artist": "李克勤",
            "id": 115522
        },
        {
            "name": "夏日倾情",
            "artist": "黎明",
            "id": 114037
        },
        {
            "name": "漫步人生路",
            "artist": "邓丽君",
            "id": 229285
        },
        {
            "name": "最好的声音",
            "artist": "周华健",
            "id": 5277180
        },
        {
            "name": "还是觉得你最好",
            "artist": "张学友",
            "id": 190380
        },
        {
            "name": "有酒今朝醉",
            "artist": "许冠杰",
            "id": 172396
        }
    ]
}