{
    "playlist_info": {
        "name": "2023年流行热歌排行榜，拒绝out！",
        "trackcount": 190,
        "playcount": 501132,
        "creator": "骑车去芬兰玩",
        "createDate": "2022-11-07",
        "heat": 2137.0
    },
    "songs": [
        {
            "name": "妳說愛我 真嘟假嘟(⸝⸝ᵒ̴̶̷̥́⌑ᵒ̴̶̷̣̥̀⸝⸝)(Prod.Royalboybtazy)",
            "artist": "正一_ justice",
            "id": 2024896163
        },
        {
            "name": "唯一 （温柔完整版）",
            "artist": "藤柒吖",
            "id": 1940404104
        },
        {
            "name": "凄美地",
            "artist": "郭顶",
            "id": 436346833
        },
        {
            "name": "NIGHT DANCER",
            "artist": "Will Stetson",
            "id": 2036235480
        },
        {
            "name": "我们的歌",
            "artist": "刘大拿",
            "id": 2025533834
        },
        {
            "name": "六年五班 (LIVE版)",
            "artist": "TangoZ",
            "id": 2058165953
        },
        {
            "name": "笼",
            "artist": "张碧晨",
            "id": 2057534370
        },
        {
            "name": "Die For You",
            "artist": "Anarosa",
            "id": 2028588765
        },
        {
            "name": "夏夜露天电影(Summer Night Open-Air Movie)",
            "artist": "白色海岸The White Coast",
            "id": 1948694170
        },
        {
            "name": "是你 (Live版)",
            "artist": "王赫野",
            "id": 2050391293
        },
        {
            "name": "Bitter",
            "artist": "Jahkoy",
            "id": 1998606050
        },
        {
            "name": "What It Is (Block Boy)",
            "artist": "Doechii",
            "id": 2031003603
        },
        {
            "name": "在你的身边",
            "artist": "盛哲",
            "id": 475479888
        },
        {
            "name": "我想我会",
            "artist": "尹露浠",
            "id": 2056203126
        },
        {
            "name": "悬溺",
            "artist": "葛东琪",
            "id": 1397345903
        },
        {
            "name": "MONTAGEM - PR FUNK",
            "artist": "S3BZS",
            "id": 2044150270
        },
        {
            "name": "诀爱·尽 (LIVE版)",
            "artist": "盛宇D-SHINE",
            "id": 2054298885
        },
        {
            "name": "pretend.",
            "artist": "8bite",
            "id": 2012291672
        },
        {
            "name": "晚风",
            "artist": "7copy",
            "id": 1441758494
        },
        {
            "name": "三拜红尘凉",
            "artist": "尹昔眠",
            "id": 1969320038
        },
        {
            "name": "就让这大雨全都落下",
            "artist": "容祖儿",
            "id": 1984475097
        },
        {
            "name": "就让这大雨全都落下",
            "artist": "郑润泽",
            "id": 2024035483
        },
        {
            "name": "唯一",
            "artist": "告五人",
            "id": 1807799505
        },
        {
            "name": "Self Love",
            "artist": "Metro Boomin",
            "id": 2052349052
        },
        {
            "name": "Reverse",
            "artist": "ljz329",
            "id": 2058735448
        },
        {
            "name": "向云端",
            "artist": "小霞",
            "id": 2049512697
        },
        {
            "name": "爱人错过",
            "artist": "告五人",
            "id": 1368754688
        },
        {
            "name": "还是会想你",
            "artist": "林达浪",
            "id": 1827600686
        },
        {
            "name": "算了",
            "artist": "Vinida (万妮达)",
            "id": 2052409208
        },
        {
            "name": "达尔文",
            "artist": "林俊杰",
            "id": 2019573476
        },
        {
            "name": "苦茶子",
            "artist": "Starling8",
            "id": 1922888354
        },
        {
            "name": "Letting Go (Live版)",
            "artist": "吉克隽逸",
            "id": 2048584480
        },
        {
            "name": "哪里都是你",
            "artist": "队长",
            "id": 488249475
        },
        {
            "name": "起风了",
            "artist": "买辣椒也用券",
            "id": 1330348068
        },
        {
            "name": "开往早晨的午夜（烟嗓）",
            "artist": "烟(许佳豪)",
            "id": 2048895127
        },
        {
            "name": "触碰不到的你",
            "artist": "余佳运",
            "id": 1454670699
        },
        {
            "name": "多远都要在一起",
            "artist": "G.E.M.邓紫棋",
            "id": 30612793
        },
        {
            "name": "If We Ever Broke Up",
            "artist": "Mae Stephens",
            "id": 2021343439
        },
        {
            "name": "精卫",
            "artist": "30年前，50年后",
            "id": 1951069525
        },
        {
            "name": "予你",
            "artist": "队长",
            "id": 1895330088
        },
        {
            "name": "暖一杯茶",
            "artist": "邵帅",
            "id": 1371780785
        },
        {
            "name": "想想就烦",
            "artist": "Mikey-18",
            "id": 2045117743
        },
        {
            "name": "雪 Distance",
            "artist": "Capper",
            "id": 2026224214
        },
        {
            "name": "时空观影券",
            "artist": "Tiko",
            "id": 2049529248
        },
        {
            "name": "Wake (Live)",
            "artist": "Hillsong Young & Free",
            "id": 1873321491
        },
        {
            "name": "If We Ever Broke Up",
            "artist": "Mae Stephens",
            "id": 2021338418
        },
        {
            "name": "我记得",
            "artist": "赵雷",
            "id": 1974443814
        },
        {
            "name": "孤雏",
            "artist": "AGA",
            "id": 421486605
        },
        {
            "name": "把回忆拼好给你",
            "artist": "王贰浪",
            "id": 1403318151
        },
        {
            "name": "翠花",
            "artist": "DP龙猪",
            "id": 2046829307
        },
        {
            "name": "罗生门（Follow）",
            "artist": "梨冻紧",
            "id": 1456890009
        },
        {
            "name": "如果爱忘了",
            "artist": "王贰浪",
            "id": 2021373243
        },
        {
            "name": "若把你",
            "artist": "Kirsty刘瑾睿",
            "id": 865632948
        },
        {
            "name": "小城夏天",
            "artist": "LBI利比",
            "id": 1934251776
        },
        {
            "name": "风驶过的声音是",
            "artist": "海洋Bo",
            "id": 2041974276
        },
        {
            "name": "爱情转移",
            "artist": "陈奕迅",
            "id": 65536
        },
        {
            "name": "如果呢",
            "artist": "郑润泽",
            "id": 1842728629
        },
        {
            "name": "就让这大雨全都落下 (Live版)",
            "artist": "汪苏泷",
            "id": 2043125519
        },
        {
            "name": "武家坡2021",
            "artist": "龍猛寺寬度",
            "id": 1891431677
        },
        {
            "name": "开往早晨的午夜",
            "artist": "张碧晨",
            "id": 449577636
        },
        {
            "name": "Slow Down",
            "artist": "Madnap",
            "id": 1356658022
        },
        {
            "name": "再等冬天(Memories)",
            "artist": "h3R3",
            "id": 1927693793
        },
        {
            "name": "宝贝在干嘛",
            "artist": "Kui Kui",
            "id": 2051614921
        },
        {
            "name": "下个路口见（Slowed）",
            "artist": "7NpcTt",
            "id": 1935484288
        },
        {
            "name": "忘不掉的你",
            "artist": "h3R3",
            "id": 1851652156
        },
        {
            "name": "耳 喃",
            "artist": "PIggy",
            "id": 1803936748
        },
        {
            "name": "Kate Bush-Running Up That Hill",
            "artist": "LINGZEA",
            "id": 2047985543
        },
        {
            "name": "晚风心里吹",
            "artist": "阿梨粤",
            "id": 1929370102
        },
        {
            "name": "歌曲：是妈妈是女儿",
            "artist": "黄绮珊",
            "id": 2016388265
        },
        {
            "name": "想去海边",
            "artist": "夏日入侵企画",
            "id": 1413863166
        },
        {
            "name": "谁家",
            "artist": "池鱼",
            "id": 2024225492
        },
        {
            "name": "靠近我",
            "artist": "Gr33nart Beats",
            "id": 1878904634
        },
        {
            "name": "小胡同",
            "artist": "郑润泽",
            "id": 1926623288
        },
        {
            "name": "可能",
            "artist": "程响",
            "id": 1950343972
        },
        {
            "name": "耍",
            "artist": "邓典果DDG",
            "id": 2055146189
        },
        {
            "name": "最后一页（完整版）",
            "artist": "洛尘鞅_",
            "id": 445154140
        },
        {
            "name": "轻轻的夏天",
            "artist": "尹露浠",
            "id": 2056203125
        },
        {
            "name": "山海",
            "artist": "草东没有派对",
            "id": 411314659
        },
        {
            "name": "天若有情（女声版）",
            "artist": "高杰杰杰杰",
            "id": 1931994283
        },
        {
            "name": "赤伶",
            "artist": "李玉刚",
            "id": 1454730043
        },
        {
            "name": "BABYDOLL (Speed)",
            "artist": "Ari Abdul",
            "id": 1932769322
        },
        {
            "name": "11",
            "artist": "队长",
            "id": 1907766514
        },
        {
            "name": "达尔文",
            "artist": "蔡健雅",
            "id": 208933
        },
        {
            "name": "当我奔向你",
            "artist": "林晨阳",
            "id": 2056203124
        },
        {
            "name": "形容",
            "artist": "沈以诚",
            "id": 1336856864
        },
        {
            "name": "开往早晨的午夜 (Live版)",
            "artist": "胡彦斌",
            "id": 2057718119
        },
        {
            "name": "带我去找夜生活",
            "artist": "告五人",
            "id": 1410647903
        },
        {
            "name": "MOM",
            "artist": "蜡笔小心",
            "id": 1387581250
        },
        {
            "name": "天若有情",
            "artist": "黄丽玲",
            "id": 438204707
        },
        {
            "name": "我的歌声里",
            "artist": "曲婉婷",
            "id": 2044458035
        },
        {
            "name": "普通人生",
            "artist": "海洋Bo",
            "id": 2041799838
        },
        {
            "name": "健将plus (LIVE版)",
            "artist": "小精灵",
            "id": 2058166012
        },
        {
            "name": "一般的一天 (LIVE版)",
            "artist": "Wiz_H张子豪",
            "id": 2052441038
        },
        {
            "name": "太聪明",
            "artist": "陈绮贞",
            "id": 209397
        },
        {
            "name": "偷星星的人",
            "artist": "yihuik苡慧",
            "id": 2056207554
        },
        {
            "name": "我爱你,你知不知道",
            "artist": "13z",
            "id": 2045101792
        },
        {
            "name": "我有喜欢的人了",
            "artist": "赵露思",
            "id": 2056208412
        },
        {
            "name": "我的美丽feat.海洋Bo",
            "artist": "海洋Bo",
            "id": 1979417838
        },
        {
            "name": "春泥",
            "artist": "庾澄庆",
            "id": 573968836
        },
        {
            "name": "卜卦",
            "artist": "她与他们皆失",
            "id": 2046622431
        },
        {
            "name": "带我走",
            "artist": "杨丞琳",
            "id": 523008515
        },
        {
            "name": "底牌",
            "artist": "Capper",
            "id": 2055808604
        },
        {
            "name": "Moth To a Flame x After Hours (Sped up)",
            "artist": "Karry_b",
            "id": 2028167900
        },
        {
            "name": "晚安",
            "artist": "颜人中",
            "id": 1359356908
        },
        {
            "name": "夏夜最后的烟火",
            "artist": "颜人中",
            "id": 1482867143
        },
        {
            "name": "总有一天你会出现在我身边",
            "artist": "棱镜乐队",
            "id": 1303027499
        },
        {
            "name": "天外来物",
            "artist": "薛之谦",
            "id": 1463165983
        },
        {
            "name": "慢冷 (Live版)",
            "artist": "张碧晨",
            "id": 2043126974
        },
        {
            "name": "电梯战神",
            "artist": "宝石Gem",
            "id": 2048786994
        },
        {
            "name": "让风告诉你",
            "artist": "林宝馨",
            "id": 2053099516
        },
        {
            "name": "水星记",
            "artist": "郭顶",
            "id": 441491828
        },
        {
            "name": "Hug me(Remix版)",
            "artist": "蔡徐坤",
            "id": 2057546701
        },
        {
            "name": "Us2",
            "artist": "YULTRON",
            "id": 1832613147
        },
        {
            "name": "我的情歌",
            "artist": "CashMoon",
            "id": 2051311533
        },
        {
            "name": "第三人称",
            "artist": "买辣椒也用券",
            "id": 502043537
        },
        {
            "name": "Midnight City",
            "artist": "M83",
            "id": 16957723
        },
        {
            "name": "你是我此生唯一所愿",
            "artist": "张碧晨",
            "id": 2056207543
        },
        {
            "name": "莫妮卡·贝鲁奇 (LIVE版)",
            "artist": "盛宇D-SHINE",
            "id": 2058162325
        },
        {
            "name": "崇拜",
            "artist": "薛之谦",
            "id": 2055887708
        },
        {
            "name": "恋爱幻想中",
            "artist": "Mikey-18",
            "id": 2051890435
        },
        {
            "name": "他在乎（我去世了，然后...）",
            "artist": "Spylent",
            "id": 1924072773
        },
        {
            "name": "孤雏",
            "artist": "高睿",
            "id": 1981557398
        },
        {
            "name": "是你",
            "artist": "梦然",
            "id": 1966162185
        },
        {
            "name": "Letting Go",
            "artist": "蔡健雅",
            "id": 208891
        },
        {
            "name": "小河淌水1952",
            "artist": "法老",
            "id": 1965928052
        },
        {
            "name": "没有什么不同",
            "artist": "曲婉婷",
            "id": 2044458041
        },
        {
            "name": "可不可以",
            "artist": "张紫豪",
            "id": 553755659
        },
        {
            "name": "达尔文 II 进化版",
            "artist": "蔡健雅",
            "id": 208950
        },
        {
            "name": "还是分开",
            "artist": "张叶蕾",
            "id": 465921195
        },
        {
            "name": "让风告诉你",
            "artist": "花玲",
            "id": 1818031620
        },
        {
            "name": "Letting Go",
            "artist": "刘大拿",
            "id": 1923184888
        },
        {
            "name": "Void (Radio Edit)",
            "artist": "Prog Monster",
            "id": 2048700343
        },
        {
            "name": "与我无关",
            "artist": "阿冗",
            "id": 1413585838
        },
        {
            "name": "꽃(FLOWER)",
            "artist": "JISOO",
            "id": 2035161156
        },
        {
            "name": "恋爱漫画♡",
            "artist": "Kurama",
            "id": 1877685462
        },
        {
            "name": "One Last Time (feat. Corey Gray)",
            "artist": "Ebony Day",
            "id": 1435661824
        },
        {
            "name": "Night Drive",
            "artist": "Wilee",
            "id": 1919684213
        },
        {
            "name": "最后一页",
            "artist": "江语晨",
            "id": 247936
        },
        {
            "name": "Barton - Running Up That Hill",
            "artist": "LINGZEA",
            "id": 2005311941
        },
        {
            "name": "几人",
            "artist": "季玉和",
            "id": 2037225358
        },
        {
            "name": "下个路口再见吧",
            "artist": "不是花火呀",
            "id": 2056901270
        },
        {
            "name": "ไม่ได้ก็ไม่เอา Whatever （Speed Up Version)",
            "artist": "PiXXiE",
            "id": 2045124188
        },
        {
            "name": "只想把你偷偷藏好",
            "artist": "汪苏泷",
            "id": 2056206939
        },
        {
            "name": "可不可以（0.8x）",
            "artist": "海予浪漫诗",
            "id": 1955029675
        },
        {
            "name": "海誓山盟",
            "artist": "王震",
            "id": 34586275
        },
        {
            "name": "你要的全拿走 (Live版)",
            "artist": "于文文",
            "id": 2045089372
        },
        {
            "name": "致爱 Your Song",
            "artist": "鹿晗",
            "id": 34852348
        },
        {
            "name": "In The Shadow Of The Sun",
            "artist": "Professor Green",
            "id": 29412405
        },
        {
            "name": "Forever Star",
            "artist": "张洢豪",
            "id": 2056207556
        },
        {
            "name": "trust me",
            "artist": "Dx",
            "id": 1901109775
        },
        {
            "name": "21",
            "artist": "Gracie Abrams",
            "id": 1462753116
        },
        {
            "name": "Time Stop",
            "artist": "BlackDD",
            "id": 1992712131
        },
        {
            "name": "Balenciaga",
            "artist": "T3nzu",
            "id": 1858897067
        },
        {
            "name": "it's 6pm but I miss u already.",
            "artist": "bbbluelee",
            "id": 1890756154
        },
        {
            "name": "ไม่ได้ก็ไม่เอา",
            "artist": "PiXXiE",
            "id": 1981613252
        },
        {
            "name": "不说",
            "artist": "周公",
            "id": 1436117704
        },
        {
            "name": "Violet",
            "artist": "Connor Price",
            "id": 1986893311
        },
        {
            "name": "药水歌",
            "artist": "药水哥",
            "id": 1472945318
        },
        {
            "name": "Shadow of the Sun",
            "artist": "离の离",
            "id": 1949606307
        },
        {
            "name": "簇拥烈日的花",
            "artist": "Morerare",
            "id": 1896178370
        },
        {
            "name": "Baby, Don't Cry (人鱼的眼泪)",
            "artist": "EXO",
            "id": 26428032
        },
        {
            "name": "等到世界颠倒",
            "artist": "卢卢快闭嘴",
            "id": 1822712479
        },
        {
            "name": "九月底 ",
            "artist": "余佳运",
            "id": 1325711261
        },
        {
            "name": "冷血 (Live)",
            "artist": "BrAnTB白景屹",
            "id": 1476455405
        },
        {
            "name": "been loving",
            "artist": "Mayten",
            "id": 1890385695
        },
        {
            "name": "Wonderful U",
            "artist": "AGA",
            "id": 1892512439
        },
        {
            "name": "time machine (feat. aren park)",
            "artist": "mj apanay",
            "id": 1379918404
        },
        {
            "name": "执迷不悟",
            "artist": "鱿籽酱",
            "id": 1477539203
        },
        {
            "name": "夜是克莱因蓝的忧伤",
            "artist": "蓝心羽",
            "id": 1900190434
        },
        {
            "name": "One More Last Time",
            "artist": "Henry Young",
            "id": 1942576027
        },
        {
            "name": "Straight A's",
            "artist": "Connor Price",
            "id": 1979382551
        },
        {
            "name": "留香",
            "artist": "许嵩",
            "id": 1913262091
        },
        {
            "name": "PLAY",
            "artist": "IRXD7",
            "id": 2031245400
        },
        {
            "name": "健将",
            "artist": "法老",
            "id": 1988565273
        },
        {
            "name": "金玉良缘",
            "artist": "李琦",
            "id": 28457938
        },
        {
            "name": "アイドル",
            "artist": "YOASOBI",
            "id": 2034742057
        },
        {
            "name": "Running Up That Hill",
            "artist": "Trinix Remix",
            "id": 1959359877
        },
        {
            "name": "乌梅子酱",
            "artist": "李荣浩",
            "id": 1997438791
        },
        {
            "name": "Hug me (抱我)",
            "artist": "蔡徐坤",
            "id": 1965890511
        },
        {
            "name": "Polozhenie",
            "artist": "T3nzu",
            "id": 1890256410
        },
        {
            "name": "Be Your Light",
            "artist": "马伯骞",
            "id": 2056208512
        },
        {
            "name": "My Stupid Heart (Kids Version)",
            "artist": "Walk off the Earth",
            "id": 2021437775
        },
        {
            "name": "佳人",
            "artist": "鬼卞",
            "id": 1357815628
        },
        {
            "name": "出山",
            "artist": "花粥",
            "id": 1313354324
        },
        {
            "name": "我们的明天",
            "artist": "鹿晗",
            "id": 29771231
        },
        {
            "name": "Players",
            "artist": "Coi Leray",
            "id": 2002926115
        },
        {
            "name": "我曾遇到一束光",
            "artist": "叶斯淳",
            "id": 1988532821
        },
        {
            "name": "我的世界守则",
            "artist": "王一博",
            "id": 1807581858
        },
        {
            "name": "Daylight",
            "artist": "Seredris",
            "id": 1372188635
        },
        {
            "name": "爱丫爱丫",
            "artist": "一页言",
            "id": 1928857203
        }
    ]
}