{
    "playlist_info": {
        "name": "<健身增肌>超强单曲",
        "trackcount": 219,
        "playcount": 1311968,
        "creator": "power_leex",
        "createDate": "2015-08-03",
        "heat": 454.0
    },
    "songs": [
        {
            "name": "Follow Me Down",
            "artist": "The Pretty Reckless",
            "id": 1920699807
        },
        {
            "name": "荒竺",
            "artist": "李化禹",
            "id": 2013174203
        },
        {
            "name": "Sünder",
            "artist": "Stahlmann",
            "id": 1887936263
        },
        {
            "name": "This Is Mongol (Warrior Souls) [feat. William DuVall of Alice In Chains]",
            "artist": "The Hu",
            "id": 2014202473
        },
        {
            "name": "Clerical Perversions",
            "artist": "Unconscious",
            "id": 543930677
        },
        {
            "name": "Alles Arschlöcher",
            "artist": "Megaherz",
            "id": 2048468292
        },
        {
            "name": "Brain Jack",
            "artist": "Power Glove",
            "id": 1469174622
        },
        {
            "name": "The King",
            "artist": "MVDNES",
            "id": 1815740662
        },
        {
            "name": "游牧",
            "artist": "大象乐队",
            "id": 1861388577
        },
        {
            "name": "Bite The Bullet",
            "artist": "Bullet",
            "id": 16819472
        },
        {
            "name": "Angst",
            "artist": "Rammstein",
            "id": 1942598296
        },
        {
            "name": "METAVERSE",
            "artist": "Avr Yng",
            "id": 1914857987
        },
        {
            "name": "Saw You (Original Mix)",
            "artist": "Young Xxxj",
            "id": 1927176266
        },
        {
            "name": "Kaltes Herz",
            "artist": "Nachtblut",
            "id": 1468117190
        },
        {
            "name": "Get Ready",
            "artist": "AREZ",
            "id": 1487914980
        },
        {
            "name": "Monster",
            "artist": "Tommy Soprano",
            "id": 1430000458
        },
        {
            "name": "Baila",
            "artist": "Furkan Soysal",
            "id": 1441993865
        },
        {
            "name": "Vibration",
            "artist": "DEITIES",
            "id": 1821814917
        },
        {
            "name": "Animality",
            "artist": "Maga Production",
            "id": 1441414245
        },
        {
            "name": "Westside (feat. Willy Northpole)",
            "artist": "Bijou",
            "id": 1438333434
        },
        {
            "name": "Like That",
            "artist": "MVDNES",
            "id": 1813355206
        },
        {
            "name": "Punjabi",
            "artist": "BAD NINJA",
            "id": 1462715442
        },
        {
            "name": "Bad Mother F*cker",
            "artist": "Machine Gun Kelly",
            "id": 35528278
        },
        {
            "name": "Freaky Monday (Original Mix)",
            "artist": "Tom Reason",
            "id": 1324515024
        },
        {
            "name": "Come Here Girl (Radio Edit)",
            "artist": "Tom Reason",
            "id": 525241548
        },
        {
            "name": "Alive (Tommy Soprano Remix)",
            "artist": "Tommy Soprano",
            "id": 1451251301
        },
        {
            "name": "Night Invasion",
            "artist": "DMC Maxx Flash",
            "id": 1336866361
        },
        {
            "name": "SPRING BREAK IN MEXICO",
            "artist": "Hedegaard",
            "id": 1356657763
        },
        {
            "name": "GYANGU STAR",
            "artist": "X-GANG",
            "id": 1845621623
        },
        {
            "name": "Pam Pam (KEAN DYSSO Edit)",
            "artist": "KEAN DYSSO",
            "id": 1412474933
        },
        {
            "name": "Do It",
            "artist": "Ilkay Sencan",
            "id": 1359357320
        },
        {
            "name": "Stupid H.O.E",
            "artist": "KEAN DYSSO",
            "id": 1424116090
        },
        {
            "name": "Black Suit",
            "artist": "KVPV",
            "id": 1336871640
        },
        {
            "name": "Sueta",
            "artist": "Aini",
            "id": 1809855701
        },
        {
            "name": "Wakanda",
            "artist": "Aini",
            "id": 1809852319
        },
        {
            "name": "We're Doing It",
            "artist": "Rob Bailey",
            "id": 30706456
        },
        {
            "name": "Mercenary",
            "artist": "F.O.O.L",
            "id": 1483373454
        },
        {
            "name": "Frommer Mann",
            "artist": "Eisbrecher",
            "id": 1822248142
        },
        {
            "name": "FAKK",
            "artist": "Eisbrecher",
            "id": 1822248140
        },
        {
            "name": "The End / Undead",
            "artist": "Zero 9:36",
            "id": 1474019546
        },
        {
            "name": "Use of Force",
            "artist": "Le Castle Vania",
            "id": 487379956
        },
        {
            "name": "Living The Dream",
            "artist": "Five Finger Death Punch",
            "id": 1421431639
        },
        {
            "name": "Hell March Trilogy",
            "artist": "Smiechu",
            "id": 1401176090
        },
        {
            "name": "Disco in Moskau",
            "artist": "Eisbrecher",
            "id": 1484888923
        },
        {
            "name": "King of the Ring",
            "artist": "Adrenaline Mob",
            "id": 474305825
        },
        {
            "name": "Undaunted",
            "artist": "Adrenaline Mob",
            "id": 3909315
        },
        {
            "name": "Forever",
            "artist": "Kid Rock",
            "id": 18941721
        },
        {
            "name": "Mountain Mama",
            "artist": "Gotthard",
            "id": 18094081
        },
        {
            "name": "Till I Collapse (NEFFEX Remix)",
            "artist": "NEFFEX",
            "id": 530995221
        },
        {
            "name": "Lose Yourself",
            "artist": "Saliva",
            "id": 1408097056
        },
        {
            "name": "Whatever It Takes",
            "artist": "Hollywood Undead",
            "id": 565977370
        },
        {
            "name": "Gott Sein '04 (Version 2004)",
            "artist": "Megaherz",
            "id": 16955222
        },
        {
            "name": "King Of Kings",
            "artist": "Motörhead",
            "id": 5178298
        },
        {
            "name": "Making Monsters (Bonus)",
            "artist": "Five Finger Death Punch",
            "id": 1426795911
        },
        {
            "name": "Bad Company",
            "artist": "Five Finger Death Punch",
            "id": 17749002
        },
        {
            "name": "The Takeover",
            "artist": "Avery Watts",
            "id": 1071337
        },
        {
            "name": "Yuve Yuve Yu",
            "artist": "The Hu",
            "id": 1355324275
        },
        {
            "name": "Wu-Tang Clan Ain't Nothing Ta **** Wit (Explicit)",
            "artist": "Tom Morello",
            "id": 25499077
        },
        {
            "name": "Death Diviner",
            "artist": "Soilwork",
            "id": 1446855072
        },
        {
            "name": "Hajime",
            "artist": "Bestrack",
            "id": 467953679
        },
        {
            "name": "Let The Chaos Reign",
            "artist": "Pop Evil",
            "id": 1440597221
        },
        {
            "name": "FCKD",
            "artist": "Hyper",
            "id": 1351903779
        },
        {
            "name": "Spoiler (Original Mix)",
            "artist": "Hyper",
            "id": 542749874
        },
        {
            "name": "Inside Out",
            "artist": "Five Finger Death Punch",
            "id": 1407168274
        },
        {
            "name": "Stranger Things",
            "artist": "Killus",
            "id": 530444033
        },
        {
            "name": "Judas",
            "artist": "Fozzy",
            "id": 476553586
        },
        {
            "name": "Wächter",
            "artist": "Stahlmann",
            "id": 511250830
        },
        {
            "name": "No Reflection",
            "artist": "Marilyn Manson",
            "id": 533560545
        },
        {
            "name": "Lie",
            "artist": "Sullivan King",
            "id": 1337946988
        },
        {
            "name": "Made An America",
            "artist": "FEVER 333",
            "id": 545947040
        },
        {
            "name": "Big Gun",
            "artist": "AC/DC",
            "id": 3879546
        },
        {
            "name": "Keine Luft mehr",
            "artist": "Oomph!",
            "id": 3217891
        },
        {
            "name": "Undeniable",
            "artist": "Richie Sosa",
            "id": 493623891
        },
        {
            "name": "Die, Bom, Bang, Burn, F***",
            "artist": "Dope",
            "id": 1219927
        },
        {
            "name": "Victim Of Circumstance ",
            "artist": "Powerflo",
            "id": 480648589
        },
        {
            "name": "Let It Go",
            "artist": "Adrenaline Mob",
            "id": 28268702
        },
        {
            "name": "A More Violent Approach",
            "artist": "One Minute Silence",
            "id": 21341896
        },
        {
            "name": "So Sick",
            "artist": "Sickret",
            "id": 866057532
        },
        {
            "name": "Silver River",
            "artist": "Gotthard",
            "id": 453185741
        },
        {
            "name": "Here and Now",
            "artist": "Made of Hate",
            "id": 29796379
        },
        {
            "name": "Mouth For War",
            "artist": "Pantera",
            "id": 18263471
        },
        {
            "name": "I Can't Believe",
            "artist": "Made of Hate",
            "id": 17280137
        },
        {
            "name": "Bleeder",
            "artist": "Sebastian Komor",
            "id": 408140175
        },
        {
            "name": "American Bad Ass (Live)",
            "artist": "Kid Rock",
            "id": 1616233
        },
        {
            "name": "Spin",
            "artist": "Supe",
            "id": 826670
        },
        {
            "name": "Mama Said Knock You Out (feat. Tech N9ne)",
            "artist": "Five Finger Death Punch",
            "id": 27509269
        },
        {
            "name": "Doubt (Entropy Zero Remix) [Instrumental]",
            "artist": "Blue Stahli",
            "id": 1332474661
        },
        {
            "name": "Our World",
            "artist": "Avery Watts",
            "id": 1071302
        },
        {
            "name": "The Power",
            "artist": "H-Blockx",
            "id": 2722716
        },
        {
            "name": "Dot Your Eyes",
            "artist": "Five Finger Death Punch",
            "id": 27509273
        },
        {
            "name": "Pistolvania",
            "artist": "Vinnie Paz",
            "id": 1475268428
        },
        {
            "name": "Like It Is",
            "artist": "SOiL",
            "id": 3495496
        },
        {
            "name": "Shout at the Devil",
            "artist": "Stuck Mojo",
            "id": 35695710
        },
        {
            "name": "Backstab",
            "artist": "Simon Viklund",
            "id": 411907371
        },
        {
            "name": "Animal Style",
            "artist": "Jackal",
            "id": 34179870
        },
        {
            "name": "Empower",
            "artist": "Downset",
            "id": 2450769
        },
        {
            "name": "Hound from Hell",
            "artist": "Mustasch",
            "id": 524270904
        },
        {
            "name": "Bad Seed",
            "artist": "Five Finger Death Punch",
            "id": 572847056
        },
        {
            "name": "Are You Ready",
            "artist": "Disturbed",
            "id": 1315750334
        },
        {
            "name": "No More",
            "artist": "Disturbed",
            "id": 1315750335
        },
        {
            "name": "Kiss It Goodbye",
            "artist": "Nickelback",
            "id": 21266937
        },
        {
            "name": "Big Bad Wolf",
            "artist": "In This Moment",
            "id": 36019677
        },
        {
            "name": "Watch You Bleed",
            "artist": "Five Finger Death Punch",
            "id": 27509261
        },
        {
            "name": "Böse Mädchen",
            "artist": "Eisbrecher",
            "id": 573656328
        },
        {
            "name": "Himmel, Arsch und Zwirn",
            "artist": "Eisbrecher",
            "id": 41630221
        },
        {
            "name": "Phosphor",
            "artist": "Eisbrecher",
            "id": 17680247
        },
        {
            "name": "Du Oder Ich",
            "artist": "Megaherz",
            "id": 16955180
        },
        {
            "name": "Cut the Cord",
            "artist": "Shinedown",
            "id": 33504034
        },
        {
            "name": "Let The Sin Begin",
            "artist": "Drowning Pool",
            "id": 17390604
        },
        {
            "name": "Anthem",
            "artist": "Afterlife",
            "id": 458270015
        },
        {
            "name": "This Means War",
            "artist": "Nickelback",
            "id": 21266931
        },
        {
            "name": "Callout",
            "artist": "Attila",
            "id": 26574181
        },
        {
            "name": "The Hate Song",
            "artist": "SOiL",
            "id": 27559826
        },
        {
            "name": "The Game - Triple H's Theme",
            "artist": "Drowning Pool",
            "id": 26730083
        },
        {
            "name": "Top of the World",
            "artist": "Five Finger Death Punch",
            "id": 545397610
        },
        {
            "name": "Fire in the Hole",
            "artist": "Five Finger Death Punch",
            "id": 545397613
        },
        {
            "name": "Down in Flames",
            "artist": "Blue Stahli",
            "id": 28144538
        },
        {
            "name": "Burning Bridges",
            "artist": "Blue Stahli",
            "id": 26358698
        },
        {
            "name": "Glas Und Tränen",
            "artist": "Megaherz",
            "id": 16955213
        },
        {
            "name": "Outta Your Mind",
            "artist": "Lil Jon",
            "id": 16411983
        },
        {
            "name": "Last Man Standing",
            "artist": "Pop Evil",
            "id": 18210468
        },
        {
            "name": "Got Your Six",
            "artist": "Five Finger Death Punch",
            "id": 34516022
        },
        {
            "name": "Lamb",
            "artist": "Skid Row",
            "id": 21716197
        },
        {
            "name": "*** Machine",
            "artist": "Dope",
            "id": 1220037
        },
        {
            "name": "This Is Heavy Metal",
            "artist": "Lordi",
            "id": 20947166
        },
        {
            "name": "Get Paid",
            "artist": "Emphatic",
            "id": 17664138
        },
        {
            "name": "Boots and Blood",
            "artist": "Five Finger Death Punch",
            "id": 34516032
        },
        {
            "name": "Halo (Album Version)",
            "artist": "SOiL",
            "id": 19166101
        },
        {
            "name": "Pistol Grip Pump",
            "artist": "Rage Against the Machine",
            "id": 18831071
        },
        {
            "name": "Let It Burn",
            "artist": "Avatar",
            "id": 16482693
        },
        {
            "name": "Déterminé",
            "artist": "Alonzo",
            "id": 5042283
        },
        {
            "name": "Jagdzeit",
            "artist": "Megaherz",
            "id": 16955232
        },
        {
            "name": "Supermodel",
            "artist": "Eisbrecher",
            "id": 4053206
        },
        {
            "name": "Cold Heart Mother Son",
            "artist": "Mustasch",
            "id": 21252580
        },
        {
            "name": "Double Nature",
            "artist": "Mustasch",
            "id": 21252592
        },
        {
            "name": "Fist In Your Face",
            "artist": "Gotthard",
            "id": 18093964
        },
        {
            "name": "Make My Day",
            "artist": "Gotthard",
            "id": 18093962
        },
        {
            "name": "Sacrifice",
            "artist": "Atom Smash",
            "id": 16476905
        },
        {
            "name": "Night Is on My Mind (Dillon Francis Remix)",
            "artist": "Oliver",
            "id": 27888764
        },
        {
            "name": "John Wick Mode",
            "artist": "Le Castle Vania",
            "id": 458697969
        },
        {
            "name": "Name of the Game",
            "artist": "The Crystal Method",
            "id": 26779160
        },
        {
            "name": "Dig Me Out",
            "artist": "Buried In Verona",
            "id": 33922925
        },
        {
            "name": "Click Click Boom",
            "artist": "Saliva",
            "id": 5053210
        },
        {
            "name": "Rx",
            "artist": "Saliva",
            "id": 417247771
        },
        {
            "name": "Superstar",
            "artist": "Saliva",
            "id": 4282312
        },
        {
            "name": "Talk Shit, Get Shot",
            "artist": "Body Count",
            "id": 28652611
        },
        {
            "name": "Stick 'Em Up",
            "artist": "Quarashi",
            "id": 3309843
        },
        {
            "name": "Medicate",
            "artist": "Flaw",
            "id": 17805902
        },
        {
            "name": "Bled for Days",
            "artist": "Static-X",
            "id": 19152907
        },
        {
            "name": "**** Tha Police (2005 Studio Version)",
            "artist": "Dope",
            "id": 1219948
        },
        {
            "name": "Last",
            "artist": "Nine Inch Nails",
            "id": 1788984
        },
        {
            "name": "Across The Nation - Raw Theme",
            "artist": "The Union Underground",
            "id": 26730092
        },
        {
            "name": "G's (Album Version)",
            "artist": "Primer 55",
            "id": 3231050
        },
        {
            "name": "Pigs (Album Version)",
            "artist": "Primer 55",
            "id": 3231059
        },
        {
            "name": "Angel",
            "artist": "Gothminister",
            "id": 2646726
        },
        {
            "name": "Move It",
            "artist": "Dope",
            "id": 17266045
        },
        {
            "name": "A Cut Above",
            "artist": "Avery Watts",
            "id": 1071332
        },
        {
            "name": "Psycho",
            "artist": "Muse",
            "id": 30987150
        },
        {
            "name": "Demon Speeding",
            "artist": "Rob Zombie",
            "id": 18516068
        },
        {
            "name": "Take Your Best Shot",
            "artist": "Dope",
            "id": 17266038
        },
        {
            "name": "Burn It To The Ground",
            "artist": "Nickelback",
            "id": 27907922
        },
        {
            "name": "Rock Me Amadeus",
            "artist": "Megaherz",
            "id": 1711321
        },
        {
            "name": "Feel So Numb",
            "artist": "Rob Zombie",
            "id": 18516120
        },
        {
            "name": "Another Brick in the Wall, Pt. 1, 2, 3",
            "artist": "Korn",
            "id": 20800648
        },
        {
            "name": "Not Falling",
            "artist": "Mudvayne",
            "id": 21255682
        },
        {
            "name": "Dusk Till Dawn",
            "artist": "Gothminister",
            "id": 18070831
        },
        {
            "name": "You're Gonna Love It, If You Like It Or Not",
            "artist": "Powerman 5000",
            "id": 28592552
        },
        {
            "name": "Watch Yourself (Renholder remix)",
            "artist": "Ministry",
            "id": 26696836
        },
        {
            "name": "Killing In The Name",
            "artist": "Rage Against the Machine",
            "id": 18831018
        },
        {
            "name": "Get Down",
            "artist": "Emigrate",
            "id": 30053847
        },
        {
            "name": "Eat You Alive",
            "artist": "Emigrate",
            "id": 30053846
        },
        {
            "name": "Biggest & The Best",
            "artist": "Clawfinger",
            "id": 17107684
        },
        {
            "name": "Butterfly (Extreme Mix)",
            "artist": "Crazy Town",
            "id": 17063463
        },
        {
            "name": "Devil",
            "artist": "Gothminister",
            "id": 2646739
        },
        {
            "name": "Fukken Uber Death Party",
            "artist": "Hanzel und Gretyl",
            "id": 18272304
        },
        {
            "name": "Because of You",
            "artist": "Nickelback",
            "id": 21266983
        },
        {
            "name": "Achtung Panzer",
            "artist": "Raubtier",
            "id": 18766124
        },
        {
            "name": "Pathogen",
            "artist": "Made of Hate",
            "id": 17280139
        },
        {
            "name": "Walk",
            "artist": "Pantera",
            "id": 18263473
        },
        {
            "name": "Cowboys From Hell",
            "artist": "Pantera",
            "id": 3226893
        },
        {
            "name": "Hater",
            "artist": "Korn",
            "id": 28699302
        },
        {
            "name": "Beast (Southpaw Remix)",
            "artist": "Rob Bailey",
            "id": 33190306
        },
        {
            "name": "Zombieland",
            "artist": "Megaherz",
            "id": 29849886
        },
        {
            "name": "Honor",
            "artist": "Atreyu",
            "id": 16492973
        },
        {
            "name": "Nobody's Real",
            "artist": "Powerman 5000",
            "id": 21471214
        },
        {
            "name": "Turn It Up",
            "artist": "Jonny Rose",
            "id": 29544611
        },
        {
            "name": "Figured You Out",
            "artist": "Nickelback",
            "id": 27907925
        },
        {
            "name": "Corner",
            "artist": "Blue Stahli",
            "id": 25882990
        },
        {
            "name": "Mystique",
            "artist": "Blue Stahli",
            "id": 25888661
        },
        {
            "name": "Trash Glamour Rock Chick",
            "artist": "Blue Stahli",
            "id": 25931471
        },
        {
            "name": "Hell to Pay",
            "artist": "Five Finger Death Punch",
            "id": 34516029
        },
        {
            "name": "Bottoms Up",
            "artist": "Nickelback",
            "id": 21267052
        },
        {
            "name": "Million Miles An Hour",
            "artist": "Nickelback",
            "id": 29732945
        },
        {
            "name": "Voices",
            "artist": "Disturbed",
            "id": 2416410
        },
        {
            "name": "In Waves",
            "artist": "Trivium",
            "id": 19444177
        },
        {
            "name": "Something In Your Mouth",
            "artist": "Nickelback",
            "id": 27907938
        },
        {
            "name": "Right Now (Bust U Up Version)",
            "artist": "Korn",
            "id": 20800650
        },
        {
            "name": "Open Your Eyes",
            "artist": "Disturbed",
            "id": 34125282
        },
        {
            "name": "This Moment",
            "artist": "Disturbed",
            "id": 17380592
        },
        {
            "name": "Pain Redefined",
            "artist": "Disturbed",
            "id": 17380622
        },
        {
            "name": "Stricken",
            "artist": "Disturbed",
            "id": 17380614
        },
        {
            "name": "Before I Forget",
            "artist": "Slipknot",
            "id": 21616476
        },
        {
            "name": "Live For This",
            "artist": "Hatebreed",
            "id": 1433087
        },
        {
            "name": "Sons of Plunder",
            "artist": "Disturbed",
            "id": 17380616
        },
        {
            "name": "Beast",
            "artist": "Rob Bailey",
            "id": 27885866
        },
        {
            "name": "Don't You Tell Me",
            "artist": "Tony Iommi",
            "id": 2043707
        },
        {
            "name": "Lift Me Up",
            "artist": "Five Finger Death Punch",
            "id": 27509260
        },
        {
            "name": "Wash It All Away",
            "artist": "Five Finger Death Punch",
            "id": 34516024
        },
        {
            "name": "High Noon",
            "artist": "Feed Me",
            "id": 30474361
        },
        {
            "name": "Everything Sucks (radio mix)",
            "artist": "Dope",
            "id": 17266068
        },
        {
            "name": "Takedown",
            "artist": "Blue Stahli",
            "id": 25882986
        },
        {
            "name": "Never Surrender (Album Version)",
            "artist": "Combichrist",
            "id": 20545719
        },
        {
            "name": "Psychosocial (2012 Remaster)",
            "artist": "Slipknot",
            "id": 21616330
        },
        {
            "name": "Hella Good",
            "artist": "No Doubt",
            "id": 3164480
        },
        {
            "name": "Time Is Running Out",
            "artist": "Muse",
            "id": 4173060
        },
        {
            "name": "Burn It Down",
            "artist": "Five Finger Death Punch",
            "id": 17748996
        },
        {
            "name": "To the End",
            "artist": "Lamb of God",
            "id": 20937343
        },
        {
            "name": "Whore",
            "artist": "In This Moment",
            "id": 18348855
        },
        {
            "name": "Colder",
            "artist": "Charon",
            "id": 3988875
        }
    ]
}