{
    "playlist_info": {
        "name": "[我的常听]因为心里有梦，所以暗里有光",
        "trackcount": 476,
        "playcount": 8444,
        "creator": "大肚猫伯爵",
        "createDate": "2019-02-22",
        "heat": 5.0
    },
    "songs": [
        {
            "name": "Dance Monkey",
            "artist": "Tones and I",
            "id": 1417979864
        },
        {
            "name": "I Still Do",
            "artist": "Mokita",
            "id": 1377261977
        },
        {
            "name": "comethru",
            "artist": "Jeremy Zucker",
            "id": 1351923466
        },
        {
            "name": "Rising Girl (Radio Version)",
            "artist": "Lovestoned",
            "id": 4164317
        },
        {
            "name": "Oh Father",
            "artist": "Bodhi Jones",
            "id": 27506733
        },
        {
            "name": "Grateful",
            "artist": "callmestevieray",
            "id": 1966066355
        },
        {
            "name": "You're Beautiful",
            "artist": "James Blunt",
            "id": 5179544
        },
        {
            "name": "Classic Armstrong",
            "artist": "BLANKS",
            "id": 1855271716
        },
        {
            "name": "you don't know",
            "artist": "Virginia To Vegas",
            "id": 1954891648
        },
        {
            "name": "我爱你不问归期",
            "artist": "白小白",
            "id": 1960567811
        },
        {
            "name": "辞海",
            "artist": "张杰",
            "id": 2008003738
        },
        {
            "name": "My 100",
            "artist": "KIDDO",
            "id": 1821462308
        },
        {
            "name": "Un Año",
            "artist": "Sebastián Yatra",
            "id": 1340519788
        },
        {
            "name": "Truly Madly Deeply",
            "artist": "Music Travel Love",
            "id": 2011185039
        },
        {
            "name": "r.i.p.",
            "artist": "Virginia To Vegas",
            "id": 2023187618
        },
        {
            "name": "爱要怎么说出口（0.8x）",
            "artist": "心动",
            "id": 1989646391
        },
        {
            "name": "最近",
            "artist": "李圣杰",
            "id": 114369
        },
        {
            "name": "Dancing with my phone",
            "artist": "HYBS",
            "id": 1891835283
        },
        {
            "name": "痴心绝对",
            "artist": "李圣杰",
            "id": 114628
        },
        {
            "name": "Eternity",
            "artist": "David Foster",
            "id": 1437160854
        },
        {
            "name": "初恋",
            "artist": "回春丹",
            "id": 1873049720
        },
        {
            "name": "交换余生",
            "artist": "林俊杰",
            "id": 1479003964
        },
        {
            "name": "假装爱过",
            "artist": "卤蛋老师",
            "id": 1458255434
        },
        {
            "name": "淡想（Memories）",
            "artist": "周童",
            "id": 1405598377
        },
        {
            "name": "晚安",
            "artist": "颜人中",
            "id": 1359356908
        },
        {
            "name": "Right Here Waiting",
            "artist": "Music Travel Love",
            "id": 1457463959
        },
        {
            "name": "爱的蠢动",
            "artist": "胡期皓",
            "id": 2015056300
        },
        {
            "name": "如果呢",
            "artist": "郑润泽",
            "id": 1842728629
        },
        {
            "name": "TODAY [G-DRAGON 2017 WORLD TOUR ＜ACT III, M.O.T.T.E＞ IN JAPAN]",
            "artist": "G-DRAGON",
            "id": 534540518
        },
        {
            "name": "Till We Fall in Love",
            "artist": "颜人中",
            "id": 1911556553
        },
        {
            "name": "孤单北半球 (2015)",
            "artist": "欧得洋",
            "id": 30841974
        },
        {
            "name": "Ladyfingers",
            "artist": "Herb Alpert & the Tijuana Brass",
            "id": 1419321891
        },
        {
            "name": "再次爱上你·2022",
            "artist": "金润吉",
            "id": 1936095074
        },
        {
            "name": "第一次",
            "artist": "光良",
            "id": 543965295
        },
        {
            "name": "命中注定",
            "artist": "庾澄庆",
            "id": 176951
        },
        {
            "name": "星晴 (Live)",
            "artist": "张学友",
            "id": 1979541942
        },
        {
            "name": "最后一首情歌",
            "artist": "苏琛",
            "id": 34497630
        },
        {
            "name": "I Took A Pill In Ibiza",
            "artist": "Mike Posner",
            "id": 1478368283
        },
        {
            "name": "第一次爱的人",
            "artist": "WiFi歪歪",
            "id": 1952928935
        },
        {
            "name": "输入法打可爱按第五",
            "artist": "陈令韬",
            "id": 1885100923
        },
        {
            "name": "六月的雨",
            "artist": "火鸡",
            "id": 1959359750
        },
        {
            "name": "Just the Way You Are",
            "artist": "Peaceful Melody",
            "id": 1933940116
        },
        {
            "name": "谁 (Live版)",
            "artist": "廖俊涛",
            "id": 566436427
        },
        {
            "name": "如果的事·2022",
            "artist": "火鸡",
            "id": 1980522769
        },
        {
            "name": "陷阱 (Live)",
            "artist": "王北车",
            "id": 1971107237
        },
        {
            "name": "大家来恋爱",
            "artist": "胥睿",
            "id": 1979304590
        },
        {
            "name": "啊~~~好热~~~",
            "artist": "网易云音乐",
            "id": 524152260
        },
        {
            "name": "**** Being Sober",
            "artist": "Annika Wells",
            "id": 1810602460
        },
        {
            "name": "不属于地球上的",
            "artist": "江楠江楠_",
            "id": 2009060751
        },
        {
            "name": "ி",
            "artist": "李暗",
            "id": 1326558872
        },
        {
            "name": "Xin Đừng Nhấc Máy（Remix）",
            "artist": "Masew",
            "id": 1950839974
        },
        {
            "name": "乌云",
            "artist": "董唧唧",
            "id": 2009519825
        },
        {
            "name": "At My Worst",
            "artist": "Jason Chen",
            "id": 1841094864
        },
        {
            "name": "Missing My Love",
            "artist": "Donell Lewis",
            "id": 1850327353
        },
        {
            "name": "いつも何度でも",
            "artist": "宗次郎",
            "id": 480353
        },
        {
            "name": "佤写不来情歌",
            "artist": "王云宏",
            "id": 2021450910
        },
        {
            "name": "I'm Yours",
            "artist": "Jason Mraz",
            "id": 27134113
        },
        {
            "name": "Don't Wake Me I'm Not Dreaming",
            "artist": "Pudinxu",
            "id": 1459911421
        },
        {
            "name": "Dehors（x0.9）",
            "artist": "WenN_uo",
            "id": 1991806163
        },
        {
            "name": "Hoa Bất Tử (Immortetle)",
            "artist": "Quang Hùng MasterD",
            "id": 1479396354
        },
        {
            "name": "Darling",
            "artist": "朱彦安",
            "id": 1321648605
        },
        {
            "name": "爱的魔法",
            "artist": "阮豆",
            "id": 497400537
        },
        {
            "name": "Memories",
            "artist": "Maroon 5",
            "id": 1392089153
        },
        {
            "name": "熬夜上瘾",
            "artist": "刘亦心（可乐就是力量）",
            "id": 1417082727
        },
        {
            "name": "我们打着光脚在风车下跑，手上的狗尾巴草摇啊摇",
            "artist": "高冷悍狒",
            "id": 1968035768
        },
        {
            "name": "如果当时2020",
            "artist": "许嵩",
            "id": 1488737309
        },
        {
            "name": "声声慢",
            "artist": "陈艺鹏",
            "id": 1946478416
        },
        {
            "name": "是否",
            "artist": "程响",
            "id": 1979274315
        },
        {
            "name": "如约而至",
            "artist": "许嵩",
            "id": 573384240
        },
        {
            "name": "She纯音乐(Splice Version)",
            "artist": "EYAir",
            "id": 478596258
        },
        {
            "name": "正月里",
            "artist": "九万",
            "id": 1425149224
        },
        {
            "name": "入秋",
            "artist": "RAMBO GANG",
            "id": 1477144603
        },
        {
            "name": "一直很安静 (Live版)",
            "artist": "阿杜",
            "id": 2010575477
        },
        {
            "name": "我是真的爱上你",
            "artist": "阿冗",
            "id": 1953873776
        },
        {
            "name": "Free Loop",
            "artist": "甘草片r",
            "id": 2006166078
        },
        {
            "name": "思念是一种病",
            "artist": "张震岳",
            "id": 185700
        },
        {
            "name": "Stereo（Orginal Mix）",
            "artist": "HSHK",
            "id": 1895439853
        },
        {
            "name": "若把你 (live)",
            "artist": "Kirsty刘瑾睿",
            "id": 1875268926
        },
        {
            "name": "若把你",
            "artist": "Kirsty刘瑾睿",
            "id": 865632948
        },
        {
            "name": "Crystal Ball",
            "artist": "Lenka",
            "id": 512377276
        },
        {
            "name": "Bones",
            "artist": "Imagine Dragons",
            "id": 1927389937
        },
        {
            "name": "Take Me Hand",
            "artist": "Cécile Corbel",
            "id": 1500439504
        },
        {
            "name": "Mood",
            "artist": "24kGoldn",
            "id": 1464325108
        },
        {
            "name": "마지막 인사",
            "artist": "BIGBANG",
            "id": 22673546
        },
        {
            "name": "七月上",
            "artist": "Jam",
            "id": 31445554
        },
        {
            "name": "Too Bad",
            "artist": "林俊杰",
            "id": 40147559
        },
        {
            "name": "一千零一次我爱你",
            "artist": "李浩然",
            "id": 1440443944
        },
        {
            "name": "真的爱你",
            "artist": "Beyond",
            "id": 2043655067
        },
        {
            "name": "童话",
            "artist": "光良",
            "id": 85580
        },
        {
            "name": "三拜红尘凉",
            "artist": "尹昔眠",
            "id": 1969320038
        },
        {
            "name": "Rude",
            "artist": "MAGIC!",
            "id": 28524618
        },
        {
            "name": "一个俗人",
            "artist": "刘轩瑞",
            "id": 1891405284
        },
        {
            "name": "国王与乞丐",
            "artist": "华晨宇",
            "id": 451113440
        },
        {
            "name": "国王与乞丐",
            "artist": "华晨宇",
            "id": 32835565
        },
        {
            "name": "ແພງອ້າຍ ( แพงอ้าย )",
            "artist": "SOPHANA",
            "id": 1829165511
        },
        {
            "name": "我本将心向明月",
            "artist": "王朝1982",
            "id": 1964850580
        },
        {
            "name": "武家坡2021",
            "artist": "龍猛寺寬度",
            "id": 1891431677
        },
        {
            "name": "Bones",
            "artist": "Imagine Dragons",
            "id": 2002936515
        },
        {
            "name": "Shadow Of The Sun",
            "artist": "王OK",
            "id": 1968791360
        },
        {
            "name": "探清水河",
            "artist": "晓月老板",
            "id": 544070223
        },
        {
            "name": "รักเธอคนเดียว (ONE LOVE)",
            "artist": "Nat Sakdatorn",
            "id": 400875261
        },
        {
            "name": "Funny Song",
            "artist": "Cavendish Music",
            "id": 1304414800
        },
        {
            "name": "Cavendish",
            "artist": "Michael Trueno",
            "id": 1997226038
        },
        {
            "name": "世界这么大还是遇见你",
            "artist": "程响",
            "id": 1824021171
        },
        {
            "name": "Hayya Hayya (Better Together) (Music from the FIFA World Cup Qatar 2022 Official Soundtrack)",
            "artist": "Trinidad Cardona",
            "id": 1933800693
        },
        {
            "name": "光辉岁月",
            "artist": "Beyond",
            "id": 2044717469
        },
        {
            "name": "Amani",
            "artist": "Beyond",
            "id": 1397663228
        },
        {
            "name": "情人",
            "artist": "Beyond",
            "id": 27678518
        },
        {
            "name": "Thinking out Loud",
            "artist": "Boyce Avenue",
            "id": 34828455
        },
        {
            "name": "Melt The Snow",
            "artist": "Shayne Ward",
            "id": 405389057
        },
        {
            "name": "Haru Haru -하루 하루-",
            "artist": "BIGBANG",
            "id": 22673494
        },
        {
            "name": "Thinking Out Loud (Radio Edit)",
            "artist": "Ed Sheeran",
            "id": 32211761
        },
        {
            "name": "어른이 되는 중 (Inst.)",
            "artist": "조은애",
            "id": 544247148
        },
        {
            "name": "Perfect",
            "artist": "Ed Sheeran",
            "id": 460043703
        },
        {
            "name": "Peaches",
            "artist": "Justin Bieber",
            "id": 1830419924
        },
        {
            "name": "Una Mattina",
            "artist": "Ludovico Einaudi",
            "id": 1931537977
        },
        {
            "name": "Una mattina",
            "artist": "Ludovico Einaudi",
            "id": 1938238
        },
        {
            "name": "Something",
            "artist": "姜丹尼尔",
            "id": 1456685173
        },
        {
            "name": "娅咪（feat 尔玛娜依）",
            "artist": "小爱",
            "id": 1392752940
        },
        {
            "name": "My Cookie Can",
            "artist": "Ayi",
            "id": 1841521017
        },
        {
            "name": "你从未离去",
            "artist": "白挺",
            "id": 31365604
        },
        {
            "name": "爱你比我重要",
            "artist": "阿杜",
            "id": 60223
        },
        {
            "name": "Free Loop",
            "artist": "Daniel Powter",
            "id": 17271094
        },
        {
            "name": "美人鱼",
            "artist": "林俊杰",
            "id": 108931
        },
        {
            "name": "坚持到底",
            "artist": "阿杜",
            "id": 60238
        },
        {
            "name": "宠坏",
            "artist": "李俊佑",
            "id": 1352544631
        },
        {
            "name": "一见钟情",
            "artist": "蓝心湄",
            "id": 259989
        },
        {
            "name": "一人有一个梦想",
            "artist": "黎瑞恩",
            "id": 1399127636
        },
        {
            "name": "太阳的影子",
            "artist": "酒笙",
            "id": 1932866976
        },
        {
            "name": "阳光彩虹小白马",
            "artist": "大张伟",
            "id": 551339740
        },
        {
            "name": "把回忆拼好给你",
            "artist": "王贰浪",
            "id": 1403318151
        },
        {
            "name": "在你的身边",
            "artist": "盛哲",
            "id": 475479888
        },
        {
            "name": "在你的身边 (0.8x)",
            "artist": "慢热的气球",
            "id": 1963213974
        },
        {
            "name": "有点甜",
            "artist": "汪苏泷",
            "id": 165340
        },
        {
            "name": "Muộn Rồi Mà Sao Còn",
            "artist": "Sơn Tùng M-TP",
            "id": 1840832803
        },
        {
            "name": "一见钟情",
            "artist": "姚智鑫",
            "id": 1841758302
        },
        {
            "name": "失眠症 Insomnia (抒情版) ",
            "artist": "姚智鑫",
            "id": 1408713927
        },
        {
            "name": "Shadow of the Sun",
            "artist": "Max Elto",
            "id": 1931176549
        },
        {
            "name": "I'll Be Waiting...",
            "artist": "Pearl",
            "id": 404184492
        },
        {
            "name": "明智之举",
            "artist": "许嵩",
            "id": 862099032
        },
        {
            "name": "不为谁而作的歌",
            "artist": "林俊杰",
            "id": 37196629
        },
        {
            "name": "I Want It That Way",
            "artist": "Backstreet Boys",
            "id": 1300671810
        },
        {
            "name": "Waka Waka",
            "artist": "Kids United Nouvelle Génération",
            "id": 1327197398
        },
        {
            "name": "爱立刻有",
            "artist": "Bell玲惠",
            "id": 1965671755
        },
        {
            "name": "What Do You Mean?",
            "artist": "Justin Bieber",
            "id": 36198046
        },
        {
            "name": "As Long As You Love Me",
            "artist": "Backstreet Boys",
            "id": 16835289
        },
        {
            "name": "We Are The World",
            "artist": "Lionel Richie",
            "id": 28493451
        },
        {
            "name": "Jhak Maar Ke (Karaoke Version)",
            "artist": "Ameritz Indian Karaoke",
            "id": 552637972
        },
        {
            "name": "Growing Pains",
            "artist": "Nathan Trent",
            "id": 1921927938
        },
        {
            "name": "Honest",
            "artist": "rei brown",
            "id": 1458667025
        },
        {
            "name": "情不自禁爱上你",
            "artist": "群星",
            "id": 5242671
        },
        {
            "name": "忏悔录",
            "artist": "KKECHO",
            "id": 1970396862
        },
        {
            "name": "娃娃脸",
            "artist": "后弦",
            "id": 9442015
        },
        {
            "name": "Perfect",
            "artist": "Ed Sheeran",
            "id": 1304875456
        },
        {
            "name": "Stay Inside",
            "artist": "Sandro Silva",
            "id": 435552587
        },
        {
            "name": "流星雨又来临",
            "artist": "魏晨",
            "id": 156008
        },
        {
            "name": "Not Angry",
            "artist": "Chris James",
            "id": 1478568147
        },
        {
            "name": "净土",
            "artist": "孙楠",
            "id": 145325
        },
        {
            "name": "We Can't Stop",
            "artist": "Boyce Avenue",
            "id": 29480187
        },
        {
            "name": "零几年听的情歌",
            "artist": "GG啵！",
            "id": 2003336042
        },
        {
            "name": "虞兮叹",
            "artist": "闻人听書_",
            "id": 1479526505
        },
        {
            "name": "Come And Get Your Love",
            "artist": "Redbone",
            "id": 29418243
        },
        {
            "name": "Love Mode",
            "artist": "TingleM",
            "id": 1355544745
        },
        {
            "name": "时间沦陷 (DJ版)",
            "artist": "王忻辰",
            "id": 1871149293
        },
        {
            "name": "辞九门回忆",
            "artist": "解忧草",
            "id": 557640761
        },
        {
            "name": "fier in the sky.wav",
            "artist": "耷耷",
            "id": 1927636775
        },
        {
            "name": "NO MORE TEARS(Prod.TingleM)",
            "artist": "DavisR3volution",
            "id": 1869038086
        },
        {
            "name": "背对背拥抱",
            "artist": "林俊杰",
            "id": 1856149313
        },
        {
            "name": "一笑江湖",
            "artist": "闻人听書_",
            "id": 1451720450
        },
        {
            "name": "You Are Beautiful",
            "artist": "James Blunt",
            "id": 431853388
        },
        {
            "name": "伯虎说 (feat.唐伯虎Annie)",
            "artist": "伯爵Johnny",
            "id": 1498523311
        },
        {
            "name": "无名的人",
            "artist": "毛不易",
            "id": 1903149553
        },
        {
            "name": "心愿便利贴",
            "artist": "王小草",
            "id": 1912405148
        },
        {
            "name": "Stand by Me",
            "artist": "Seal",
            "id": 21615671
        },
        {
            "name": "你在哪里",
            "artist": "纸嫁衣",
            "id": 1911370575
        },
        {
            "name": "桃花笑 (超甜女生版)",
            "artist": "原来是萝卜丫",
            "id": 1453055100
        },
        {
            "name": "TheStar",
            "artist": "音阙诗听",
            "id": 487206688
        },
        {
            "name": "红色高跟鞋",
            "artist": "蔡健雅",
            "id": 208902
        },
        {
            "name": "送情郎",
            "artist": "岳云鹏",
            "id": 459720276
        },
        {
            "name": "偏爱和例外",
            "artist": "烟(许佳豪)",
            "id": 1882041535
        },
        {
            "name": "百年孤寂",
            "artist": "苏玮",
            "id": 1886371886
        },
        {
            "name": "哭泣站台",
            "artist": "王小帅",
            "id": 1892583113
        },
        {
            "name": "Håll Om Mig",
            "artist": "Nanne Grönvall",
            "id": 28224395
        },
        {
            "name": "生生世世不分离（现代版）-主题曲",
            "artist": "纸嫁衣",
            "id": 1866766554
        },
        {
            "name": "The Way I Still Love You",
            "artist": "Reynard Silva",
            "id": 28718313
        },
        {
            "name": "Hey",
            "artist": "申千沭",
            "id": 1818554203
        },
        {
            "name": "秋天不回来",
            "artist": "王强",
            "id": 163123
        },
        {
            "name": "Nothing's Going to Change My Love For You",
            "artist": "Westlife",
            "id": 20707471
        },
        {
            "name": "Stitches",
            "artist": "Shawn Mendes",
            "id": 399511915
        },
        {
            "name": "不是因为寂寞才想你",
            "artist": "王小帅",
            "id": 1392177987
        },
        {
            "name": "Love Yourself",
            "artist": "Justin Bieber",
            "id": 36496695
        },
        {
            "name": "光辉岁月",
            "artist": "孙露",
            "id": 1303010481
        },
        {
            "name": "海阔天空",
            "artist": "Beyond",
            "id": 346089
        },
        {
            "name": "我走后",
            "artist": "小咪",
            "id": 1370047789
        },
        {
            "name": "辜负",
            "artist": "马梓皓",
            "id": 1806791354
        },
        {
            "name": "游山恋",
            "artist": "海伦",
            "id": 1475622072
        },
        {
            "name": "Something Just Like This",
            "artist": "The Chainsmokers",
            "id": 470547653
        },
        {
            "name": "阿衣莫",
            "artist": "阿吉太组合",
            "id": 512376326
        },
        {
            "name": "苦尽甘来",
            "artist": "翁梓铭",
            "id": 1455717202
        },
        {
            "name": "雪下的时候",
            "artist": "乔佳旭",
            "id": 1417143120
        },
        {
            "name": "Señorita",
            "artist": "Camila Cabello",
            "id": 1407767518
        },
        {
            "name": "另一个天堂",
            "artist": "王力宏",
            "id": 25642144
        },
        {
            "name": "OK (feat. James Blunt)",
            "artist": "Robin Schulz",
            "id": 479223373
        },
        {
            "name": "Savage Love",
            "artist": "Jason Derulo",
            "id": 1459888218
        },
        {
            "name": "Savage Love (Laxed - Siren Beat)",
            "artist": "Jawsh 685",
            "id": 1454664682
        },
        {
            "name": "Trap",
            "artist": "HENRY刘宪华",
            "id": 26484764
        },
        {
            "name": "Insomnia",
            "artist": "Craig David",
            "id": 463145155
        },
        {
            "name": "Love Story (Taylor’s Version)",
            "artist": "Taylor Swift",
            "id": 1819857342
        },
        {
            "name": "只想对你说",
            "artist": "掌嘴",
            "id": 488532353
        },
        {
            "name": "Way Back Home",
            "artist": "SHAUN",
            "id": 863046037
        },
        {
            "name": "Stan By me",
            "artist": "Ben E. King",
            "id": 527028683
        },
        {
            "name": "君だけを守りたい(TV原声第26、50集 / 良&麻衣 / 我只想守护你)",
            "artist": "Youngsi_扬柳忆",
            "id": 1866577734
        },
        {
            "name": "怜のテーマ -a Love Story-",
            "artist": "川井憲次",
            "id": 449147
        },
        {
            "name": "None For You.",
            "artist": "Kiana Ledé",
            "id": 1489259703
        },
        {
            "name": "STAY",
            "artist": "The Kid LAROI",
            "id": 1859245776
        },
        {
            "name": "这城市的风很大",
            "artist": "耀仔",
            "id": 1826993177
        },
        {
            "name": "buttercup",
            "artist": "Jack Stauber",
            "id": 1353428173
        },
        {
            "name": "Колыбельная",
            "artist": "Rauf & Faik",
            "id": 1855592376
        },
        {
            "name": "Number",
            "artist": "Alexander Oscar",
            "id": 537407969
        },
        {
            "name": "守护着我的光",
            "artist": "李巍V仔",
            "id": 1844664372
        },
        {
            "name": "此刻醒来",
            "artist": "阿普亚虹UPYAHONG",
            "id": 475420732
        },
        {
            "name": "面具（翻自 安七炫）",
            "artist": "刘洺有",
            "id": 1440510024
        },
        {
            "name": "世间美好与你环环相扣",
            "artist": "柏松",
            "id": 1363948882
        },
        {
            "name": "面具（Cover 安七炫）",
            "artist": "凯玟桑",
            "id": 503413909
        },
        {
            "name": "Dễ Đến Dễ Đi",
            "artist": "Quang Hùng MasterD",
            "id": 1492358768
        },
        {
            "name": "Senorita（Acoustic version）（翻自 Camila Cabello） ",
            "artist": "黑崎子",
            "id": 1378897016
        },
        {
            "name": "Tojana",
            "artist": "Whllyano Marcellino",
            "id": 1824635051
        },
        {
            "name": "Play",
            "artist": "K-391",
            "id": 1387559099
        },
        {
            "name": "Wrap Me in plastic（翻自 CHROMANCE） ",
            "artist": "koka",
            "id": 1392580896
        },
        {
            "name": "Count The Hours",
            "artist": "BEAUZ",
            "id": 1382985443
        },
        {
            "name": "I Don't Like It, I Love It (feat. Robin Thicke & Verdine White)",
            "artist": "Flo Rida",
            "id": 1319289146
        },
        {
            "name": "Sold Out",
            "artist": "Hawk Nelson",
            "id": 31010566
        },
        {
            "name": "多想在平庸的生活拥抱你",
            "artist": "隔壁老樊",
            "id": 1346104327
        },
        {
            "name": "Never Gonna Give You Up",
            "artist": "Rick Astley",
            "id": 5221167
        },
        {
            "name": "只想守护你(君だけを守りたい)（《戴拿奥特曼》ED1）",
            "artist": "老0",
            "id": 1478945360
        },
        {
            "name": "夏天",
            "artist": "李玖哲",
            "id": 109125
        },
        {
            "name": "Cliche Love Song (Radio Edit)",
            "artist": "Basim",
            "id": 522003641
        },
        {
            "name": "君たちキウイ・パパイア・マンゴーだね。",
            "artist": "中原めいこ",
            "id": 27615010
        },
        {
            "name": "所念皆星河",
            "artist": "CMJ",
            "id": 1384026889
        },
        {
            "name": "I Love You",
            "artist": "Kevin Rater",
            "id": 1816962144
        },
        {
            "name": "不屈的信仰",
            "artist": "张艺兴",
            "id": 1444705752
        },
        {
            "name": "夜猫",
            "artist": "张蔷",
            "id": 481853876
        },
        {
            "name": "Whistle",
            "artist": "Flo Rida",
            "id": 5065541
        },
        {
            "name": "You Are Beautiful",
            "artist": "刘沁",
            "id": 481535277
        },
        {
            "name": "Maga-Such a Whore（Maga remix）",
            "artist": "Maga",
            "id": 1465665964
        },
        {
            "name": "Blueming",
            "artist": "IU",
            "id": 1404511131
        },
        {
            "name": "Cliche Love Song (Original Version)",
            "artist": "Basim",
            "id": 28576653
        },
        {
            "name": "Insomnia (불면증)",
            "artist": "辉星",
            "id": 5301152
        },
        {
            "name": "2002",
            "artist": "Anne-Marie",
            "id": 1378373358
        },
        {
            "name": "你离开后的天空",
            "artist": "唐伯虎Annie",
            "id": 1323303687
        },
        {
            "name": "What Lovers Do",
            "artist": "Maroon 5",
            "id": 1474586906
        },
        {
            "name": "像我这样的人",
            "artist": "毛不易",
            "id": 569213220
        },
        {
            "name": "Shots (Broiler Remix)",
            "artist": "Imagine Dragons",
            "id": 1835503887
        },
        {
            "name": "Love Is Gone (Acoustic)",
            "artist": "SLANDER",
            "id": 1401671455
        },
        {
            "name": "7 %",
            "artist": "XMASwu(吴骜)",
            "id": 1423241987
        },
        {
            "name": "2002",
            "artist": "J.Fla",
            "id": 1296706520
        },
        {
            "name": "句号",
            "artist": "G.E.M.邓紫棋",
            "id": 1405283464
        },
        {
            "name": "失眠飞行",
            "artist": "接个吻，开一枪",
            "id": 1365898499
        },
        {
            "name": "好想爱这个世界啊 (Live)",
            "artist": "华晨宇",
            "id": 1436910205
        },
        {
            "name": "必杀技",
            "artist": "Ecrolyn",
            "id": 1357399743
        },
        {
            "name": "Internet",
            "artist": "Virginia To Vegas",
            "id": 1371711644
        },
        {
            "name": "No Place",
            "artist": "Backstreet Boys",
            "id": 1336796065
        },
        {
            "name": "Changing [Goldsmyth Edition]",
            "artist": "Sigma",
            "id": 29378196
        },
        {
            "name": "Time Of My Life",
            "artist": "Macy Gray",
            "id": 40333464
        },
        {
            "name": "沉醉的青丝 (想你 念你)",
            "artist": "曲甲",
            "id": 1489342321
        },
        {
            "name": "DEAR JOHN",
            "artist": "比莉",
            "id": 207497
        },
        {
            "name": "Old Time Rock and Roll",
            "artist": "Bob Seger",
            "id": 1098827
        },
        {
            "name": "MISSING YOU (Live)",
            "artist": "G-DRAGON",
            "id": 1454931017
        },
        {
            "name": "Whenever",
            "artist": "Kris Kross Amsterdam",
            "id": 574299505
        },
        {
            "name": "裂缝中的阳光",
            "artist": "林俊杰",
            "id": 25794009
        },
        {
            "name": "素颜",
            "artist": "许嵩",
            "id": 167827
        },
        {
            "name": "What Lovers Do（Elemer Remix）",
            "artist": "Elemer",
            "id": 1470243954
        },
        {
            "name": "笔记",
            "artist": "周笔畅",
            "id": 350909
        },
        {
            "name": "飞鸟和蝉",
            "artist": "任然",
            "id": 1460571716
        },
        {
            "name": "万有引力",
            "artist": "汪苏泷",
            "id": 165339
        },
        {
            "name": "La Vie Ne",
            "artist": "Bater official",
            "id": 1398468505
        },
        {
            "name": "他只是经过",
            "artist": "h3R3",
            "id": 1443838552
        },
        {
            "name": "Revolution",
            "artist": "The Score",
            "id": 455500439
        },
        {
            "name": "Mojito",
            "artist": "周杰伦",
            "id": 1454811222
        },
        {
            "name": "大天蓬 (女生版)",
            "artist": "清水er",
            "id": 1433562661
        },
        {
            "name": "明天过后",
            "artist": "张杰",
            "id": 27588734
        },
        {
            "name": "Hall Of Fame",
            "artist": "The Script",
            "id": 26293936
        },
        {
            "name": "微微",
            "artist": "傅如乔",
            "id": 1433434738
        },
        {
            "name": "We Are the World 25 for Haiti",
            "artist": "Haiti",
            "id": 5105109
        },
        {
            "name": "Wrap Me In Plastic",
            "artist": "CHROMANCE",
            "id": 1383205688
        },
        {
            "name": "零几年听的情歌",
            "artist": "AY楊佬叁",
            "id": 1415829224
        },
        {
            "name": "AY楊佬叁-零几年听的情歌（Official Remix）（DJ Baker / AY楊佬叁 / 讲究制噪 remix）",
            "artist": "DJ Baker",
            "id": 1422301112
        },
        {
            "name": "Won't Go Home Without You",
            "artist": "Maroon 5",
            "id": 5157199
        },
        {
            "name": "给我一首歌的时间",
            "artist": "周杰伦",
            "id": 185694
        },
        {
            "name": "Believer (Kaskade Remix)",
            "artist": "Imagine Dragons",
            "id": 483156032
        },
        {
            "name": "Believer",
            "artist": "Imagine Dragons",
            "id": 1338149101
        },
        {
            "name": "Right Now (Na Na Na)",
            "artist": "Am1r",
            "id": 463352828
        },
        {
            "name": "Dancing With Your Ghost",
            "artist": "Sasha Alex Sloan",
            "id": 1374329431
        },
        {
            "name": "江南",
            "artist": "林俊杰",
            "id": 108914
        },
        {
            "name": "棉花糖",
            "artist": "至上励合",
            "id": 394748
        },
        {
            "name": "被风吹过的夏天",
            "artist": "林俊杰",
            "id": 247579
        },
        {
            "name": "遇见",
            "artist": "孙燕姿",
            "id": 287035
        },
        {
            "name": "夏天的风",
            "artist": "火羊瞌睡了",
            "id": 1436709403
        },
        {
            "name": "Better Now",
            "artist": "BLANKS",
            "id": 1383729792
        },
        {
            "name": "Daydreamer (Radio Edit)",
            "artist": "KarlK",
            "id": 1294074257
        },
        {
            "name": "Laxed (Siren Beat)",
            "artist": "BIGPP",
            "id": 1442718367
        },
        {
            "name": "crystal dolphin",
            "artist": "engelwood",
            "id": 518895765
        },
        {
            "name": "和你一样",
            "artist": "李宇春",
            "id": 254359
        },
        {
            "name": "Sugar",
            "artist": "Maroon 5",
            "id": 32238076
        },
        {
            "name": "我们都一样",
            "artist": "张杰",
            "id": 191252
        },
        {
            "name": "니가 뭔데 (Who You?)",
            "artist": "G-DRAGON",
            "id": 27676681
        },
        {
            "name": "Larg",
            "artist": "Elgit Doda",
            "id": 1393789519
        },
        {
            "name": "Stop and Go",
            "artist": "金恩英",
            "id": 1346101294
        },
        {
            "name": "风吹麦浪",
            "artist": "小石头和孩子们",
            "id": 1378905354
        },
        {
            "name": "最美情侣",
            "artist": "白小白",
            "id": 469699266
        },
        {
            "name": "Time (Official)",
            "artist": "MKJ",
            "id": 33035611
        },
        {
            "name": "Marshmello-Wolves X Whatever it takes（Obalachio remix）",
            "artist": "Obalachio",
            "id": 1392280259
        },
        {
            "name": "Hold My Hand",
            "artist": "Michael Jackson",
            "id": 27505397
        },
        {
            "name": "We Don't Talk Anymore",
            "artist": "Charlie Puth",
            "id": 425280653
        },
        {
            "name": "Baby",
            "artist": "Justin Bieber",
            "id": 18638057
        },
        {
            "name": "非酋",
            "artist": "薛黛霏",
            "id": 489506275
        },
        {
            "name": "带你去旅行",
            "artist": "校长",
            "id": 496870798
        },
        {
            "name": "All I Have Is Love",
            "artist": "Stevie Hoang",
            "id": 1940368
        },
        {
            "name": "BAE BAE",
            "artist": "BIGBANG",
            "id": 445844852
        },
        {
            "name": "桃花朵朵开",
            "artist": "阿牛",
            "id": 60008
        },
        {
            "name": "Break Your Heart",
            "artist": "Taio Cruz",
            "id": 21925462
        },
        {
            "name": "Laxed (Siren Beat)",
            "artist": "Jawsh 685",
            "id": 1445228560
        },
        {
            "name": "나만 바라봐",
            "artist": "TAEYANG",
            "id": 22845915
        },
        {
            "name": "稻香",
            "artist": "周杰伦",
            "id": 5235486
        },
        {
            "name": "你在我的爱情里",
            "artist": "杜德伟",
            "id": 479029364
        },
        {
            "name": "DAN DAN 心魅かれてく",
            "artist": "FIELD OF VIEW",
            "id": 724991
        },
        {
            "name": "Hedwig's Theme (From \"Harry Potter and the Philosopher's Stone\")",
            "artist": "Christoph Eschenbach",
            "id": 483024749
        },
        {
            "name": "Chúng Ta Không Thuộc Về Nhau",
            "artist": "Sơn Tùng M-TP",
            "id": 431363022
        },
        {
            "name": "Wake Me Up (Radio Edit)",
            "artist": "Avicii",
            "id": 27962673
        },
        {
            "name": "Mila Jo Tu（翻自 Bharatt - Saurabh） ",
            "artist": "MustangFord",
            "id": 1368894776
        },
        {
            "name": "Teenage Life (Radio Edit)",
            "artist": "Daz Sampson",
            "id": 862651906
        },
        {
            "name": "你笑起来真好看",
            "artist": "李昕融",
            "id": 1368934278
        },
        {
            "name": "我们的天空",
            "artist": "黄艺明",
            "id": 26348100
        },
        {
            "name": "Không Phải Dạng Vừa Đâu",
            "artist": "Sơn Tùng M-TP",
            "id": 38019383
        },
        {
            "name": "答案",
            "artist": "杨坤",
            "id": 28232019
        },
        {
            "name": "Way Back Home（治愈版）（翻自 SHAUN） ",
            "artist": "Leon不太冷",
            "id": 1327979350
        },
        {
            "name": "杨千嬅-野孩子抖音（啊游ii remix）",
            "artist": "游一",
            "id": 1385757429
        },
        {
            "name": "17岁",
            "artist": "刘德华",
            "id": 1306459970
        },
        {
            "name": "Earth Song",
            "artist": "Michael Jackson",
            "id": 30148097
        },
        {
            "name": "爱的故事.上集",
            "artist": "孙耀威",
            "id": 28914470
        },
        {
            "name": "需要人陪",
            "artist": "王力宏",
            "id": 33497051
        },
        {
            "name": "Blue",
            "artist": "BIGBANG",
            "id": 22673334
        },
        {
            "name": "那些你很冒险的梦",
            "artist": "林俊杰",
            "id": 108138
        },
        {
            "name": "Rude",
            "artist": "Magic",
            "id": 29008895
        },
        {
            "name": "CROOKED",
            "artist": "G-DRAGON",
            "id": 28029471
        },
        {
            "name": "All Falls Down",
            "artist": "Alan Walker",
            "id": 1333159925
        },
        {
            "name": "One Day",
            "artist": "Matisyahu",
            "id": 5041604
        },
        {
            "name": "Reality (Christmas Mix)",
            "artist": "Christmas",
            "id": 399341158
        },
        {
            "name": "想你的365天",
            "artist": "李玟",
            "id": 25640030
        },
        {
            "name": "断点",
            "artist": "张敬轩",
            "id": 189094
        },
        {
            "name": "烟火里的尘埃",
            "artist": "华晨宇",
            "id": 29004400
        },
        {
            "name": "偏爱",
            "artist": "张芸京",
            "id": 86369
        },
        {
            "name": "MELANCHOLY",
            "artist": "White Cherry",
            "id": 1297742167
        },
        {
            "name": "The Cure",
            "artist": "Lady Gaga",
            "id": 472045959
        },
        {
            "name": "들어와줄래",
            "artist": "MIND U",
            "id": 540333375
        },
        {
            "name": "姐姐微信来了（DJ版）",
            "artist": "肖琴",
            "id": 1415446154
        },
        {
            "name": "How You Make Me Feel",
            "artist": "Various Artists",
            "id": 32619054
        },
        {
            "name": "芒种",
            "artist": "音阙诗听",
            "id": 1369798757
        },
        {
            "name": "Honey (和你)",
            "artist": "张艺兴",
            "id": 1371720096
        },
        {
            "name": "等你下课 (with 杨瑞代)",
            "artist": "周杰伦",
            "id": 531051217
        },
        {
            "name": "小清新",
            "artist": "朱主爱",
            "id": 516358523
        },
        {
            "name": "夜空中最亮的星",
            "artist": "逃跑计划",
            "id": 25706282
        },
        {
            "name": "你的答案",
            "artist": "阿冗",
            "id": 1400256289
        },
        {
            "name": "孤单北半球",
            "artist": "欧得洋",
            "id": 138793
        },
        {
            "name": "喜欢",
            "artist": "阿肆",
            "id": 526464145
        },
        {
            "name": "Send It (feat. Rich Homie Quan)",
            "artist": "Austin Mahone",
            "id": 426291544
        },
        {
            "name": "Champagne Ocean",
            "artist": "Ehrling",
            "id": 436147067
        },
        {
            "name": "清新的小女孩 (For Ma) [缅甸抖音曲]",
            "artist": "July Tun",
            "id": 1379464883
        },
        {
            "name": "Where Is the Love",
            "artist": "Josh Vietti",
            "id": 28828076
        },
        {
            "name": "Lunisolar",
            "artist": "SHAUN",
            "id": 509792932
        },
        {
            "name": "秋天的童话",
            "artist": "张杰",
            "id": 191015
        },
        {
            "name": "甜甜的",
            "artist": "周杰伦",
            "id": 185820
        },
        {
            "name": "明天过后",
            "artist": "张杰",
            "id": 191248
        },
        {
            "name": "晴天",
            "artist": "周杰伦",
            "id": 186016
        },
        {
            "name": "A Luv Song（翻自 Josh Vietti）",
            "artist": "林墨泉",
            "id": 552944117
        },
        {
            "name": "来自天堂的魔鬼",
            "artist": "G.E.M.邓紫棋",
            "id": 36270426
        },
        {
            "name": "阿姑看母鸡 (Rindu Semalam) [抖音加速版] {Cover ：Titi Kamal}",
            "artist": "DJ小四",
            "id": 1413505126
        },
        {
            "name": "别怕我伤心",
            "artist": "张信哲",
            "id": 25643373
        },
        {
            "name": "翅膀",
            "artist": "林俊杰",
            "id": 108958
        },
        {
            "name": "Tu Jo Mila",
            "artist": "A Tong",
            "id": 35778201
        },
        {
            "name": "舒伯特玫瑰",
            "artist": "蓝心羽",
            "id": 1329719293
        },
        {
            "name": "Dheevara",
            "artist": "M.M. Keeravani",
            "id": 33035954
        },
        {
            "name": "潘玮柏 - 我想更懂你(Prod. by The Blazo)",
            "artist": "蔡燏Blazo",
            "id": 455088112
        },
        {
            "name": "小情歌",
            "artist": "苏打绿",
            "id": 375328
        },
        {
            "name": "围墙",
            "artist": "李玖哲",
            "id": 109218
        },
        {
            "name": "Shape Of You",
            "artist": "J.Fla",
            "id": 554725973
        },
        {
            "name": "信仰",
            "artist": "张信哲",
            "id": 186271
        },
        {
            "name": "Way Back Home (Sam Feldt Edit)",
            "artist": "SHAUN",
            "id": 1334246005
        },
        {
            "name": "空城",
            "artist": "杨坤",
            "id": 176093
        },
        {
            "name": "不再联系",
            "artist": "夏天Alex",
            "id": 175072
        },
        {
            "name": "brave heart",
            "artist": "宮崎歩",
            "id": 29816860
        },
        {
            "name": "我愿意平凡的陪在你身旁",
            "artist": "王七七",
            "id": 1351551838
        },
        {
            "name": "你，有没有过",
            "artist": "林俊杰",
            "id": 33346396
        },
        {
            "name": "飞云之下",
            "artist": "韩红",
            "id": 554242032
        },
        {
            "name": "Vacation (feat. Veronica)",
            "artist": "Damon Empero",
            "id": 1301447681
        },
        {
            "name": "Butter-Fly",
            "artist": "和田光司",
            "id": 28850505
        },
        {
            "name": "爱如潮水",
            "artist": "张信哲",
            "id": 186345
        },
        {
            "name": "We Are the World (Demo)",
            "artist": "Michael Jackson",
            "id": 27505451
        },
        {
            "name": "豆浆油条",
            "artist": "林俊杰",
            "id": 108910
        },
        {
            "name": "LOSER",
            "artist": "BIGBANG",
            "id": 31789317
        },
        {
            "name": "告白气球",
            "artist": "周杰伦",
            "id": 418603077
        },
        {
            "name": "PLANET",
            "artist": "ラムジ",
            "id": 812400
        },
        {
            "name": "The Last of the Mohicans (街头艺人演奏版)",
            "artist": "Alexandro Querevalú",
            "id": 399341112
        },
        {
            "name": "冬眠",
            "artist": "司南",
            "id": 1398663411
        },
        {
            "name": "最特别的存在",
            "artist": "周渝民",
            "id": 191924
        },
        {
            "name": "学猫叫",
            "artist": "小潘潘（潘柚彤）",
            "id": 1360833175
        },
        {
            "name": "当你孤单你会想起谁",
            "artist": "张栋梁",
            "id": 191819
        },
        {
            "name": "情非得已",
            "artist": "庾澄庆",
            "id": 176999
        },
        {
            "name": "有何不可",
            "artist": "许嵩",
            "id": 167876
        },
        {
            "name": "推开世界的门",
            "artist": "杨乃文",
            "id": 441120217
        },
        {
            "name": "死性不改",
            "artist": "Boy'z",
            "id": 344959
        },
        {
            "name": "Staring at You",
            "artist": "Diane Birch",
            "id": 27863779
        },
        {
            "name": "No More Cryin'",
            "artist": "李玖哲",
            "id": 109136
        },
        {
            "name": "Solo",
            "artist": "Iyaz",
            "id": 18355702
        },
        {
            "name": "Sing Me to Sleep",
            "artist": "Alan Walker",
            "id": 415792222
        },
        {
            "name": "Price Tag",
            "artist": "Fréro Delavega",
            "id": 28844472
        },
        {
            "name": "僕らの手には何もないけど、",
            "artist": "RAM WIRE",
            "id": 33599551
        },
        {
            "name": "One For Da Money",
            "artist": "Overground",
            "id": 21343559
        },
        {
            "name": "你不懂我的明白",
            "artist": "李玖哲",
            "id": 109179
        },
        {
            "name": "On a Slow Boat to China",
            "artist": "Luke Thompson",
            "id": 27591140
        },
        {
            "name": "LOVE Theme from TIGA <M-2>",
            "artist": "矢野立美",
            "id": 4968365
        },
        {
            "name": "简单爱",
            "artist": "周杰伦",
            "id": 421563776
        },
        {
            "name": "I Don't Like It, I Love It (feat. Robin Thicke & Verdine White)",
            "artist": "Flo Rida",
            "id": 31234342
        },
        {
            "name": "幻听",
            "artist": "许嵩",
            "id": 167655
        },
        {
            "name": "红蔷薇白玫瑰",
            "artist": "G.E.M.邓紫棋",
            "id": 420513158
        },
        {
            "name": "海绵宝宝",
            "artist": "回音哥",
            "id": 102154
        },
        {
            "name": "Gone.",
            "artist": "Bei Maejor",
            "id": 27481762
        },
        {
            "name": "Heal the World",
            "artist": "Michael Jackson",
            "id": 21177726
        },
        {
            "name": "出山",
            "artist": "花粥",
            "id": 1313354324
        },
        {
            "name": "Clsr (Aash Mehta Flip)",
            "artist": "The Chainsmokers",
            "id": 427142481
        },
        {
            "name": "Broken Angel",
            "artist": "Arash",
            "id": 26677654
        },
        {
            "name": "Before You Break My Heart",
            "artist": "Stevie Hoang",
            "id": 1940312
        },
        {
            "name": "爱就一个字",
            "artist": "张信哲",
            "id": 186326
        },
        {
            "name": "Who",
            "artist": "Kenny Lattimore",
            "id": 18916956
        },
        {
            "name": "Wake Me Up",
            "artist": "Avicii",
            "id": 27713920
        },
        {
            "name": "豆浆油条（Cover 林俊杰）",
            "artist": "胖胖胖",
            "id": 493692014
        },
        {
            "name": "追光者（Cover 岑宁儿）",
            "artist": "胖胖胖",
            "id": 492299696
        },
        {
            "name": "做你的天",
            "artist": "李玖哲",
            "id": 109199
        },
        {
            "name": "只想说声爱你",
            "artist": "白小白",
            "id": 506092944
        },
        {
            "name": "再遇见",
            "artist": "苏打绿",
            "id": 27678693
        },
        {
            "name": "一笑倾城",
            "artist": "汪苏泷",
            "id": 426852063
        },
        {
            "name": "You Are Not Alone (Radio Edit)",
            "artist": "Michael Jackson",
            "id": 1698320
        },
        {
            "name": "太早",
            "artist": "刘允乐",
            "id": 126946
        },
        {
            "name": "Try Everything",
            "artist": "Shakira",
            "id": 405485737
        },
        {
            "name": "Try Everything",
            "artist": "Home Free",
            "id": 411214053
        },
        {
            "name": "That Girl",
            "artist": "Olly Murs",
            "id": 440208476
        },
        {
            "name": "Summer Air",
            "artist": "ItaloBrothers",
            "id": 432780721
        },
        {
            "name": "全部都是你",
            "artist": "DP龙猪",
            "id": 465920905
        },
        {
            "name": "情人",
            "artist": "杜德伟",
            "id": 78266
        },
        {
            "name": "情话微甜",
            "artist": "王圣锋",
            "id": 509506034
        },
        {
            "name": "Người Ấy",
            "artist": "Trịnh Thăng Bình",
            "id": 36586980
        },
        {
            "name": "Mai Loves LOVEMOS!",
            "artist": "矢野立美",
            "id": 28606384
        },
        {
            "name": "I Really Like You",
            "artist": "Anthem Lights",
            "id": 32574252
        },
        {
            "name": "光年之外",
            "artist": "G.E.M.邓紫棋",
            "id": 449818741
        },
        {
            "name": "多幸运",
            "artist": "韩安旭",
            "id": 35847037
        },
        {
            "name": "遠き呼び声の彼方へ <M-41,M-62A>",
            "artist": "矢野立美",
            "id": 4968374
        },
        {
            "name": "GOOD NIGHT",
            "artist": "Lil Ghost小鬼",
            "id": 542690276
        },
        {
            "name": "追光者",
            "artist": "汪苏泷",
            "id": 1297742771
        },
        {
            "name": "Good Day",
            "artist": "Lucky Stroke",
            "id": 28493605
        },
        {
            "name": "你若成风",
            "artist": "许嵩",
            "id": 5255987
        },
        {
            "name": "FLY-飞",
            "artist": "ANU",
            "id": 479422828
        },
        {
            "name": "短发",
            "artist": "lámpo",
            "id": 1293951568
        },
        {
            "name": "当你",
            "artist": "王心凌",
            "id": 297805
        },
        {
            "name": "当你",
            "artist": "林俊杰",
            "id": 108251
        },
        {
            "name": "Luis Fonsi / Daddy Yankee / Justin Bieber - 比伯版Despacito OF 360° rotating(ZiHanDaDa Remixes)",
            "artist": "ZiHanDaDa",
            "id": 511775854
        },
        {
            "name": "Can't Stop The Feeling (SAXITY Remix)",
            "artist": "Saxity",
            "id": 415793249
        },
        {
            "name": "Booty Music",
            "artist": "Deep Side",
            "id": 2526625
        },
        {
            "name": "爱一点",
            "artist": "王力宏",
            "id": 27698606
        },
        {
            "name": "爱一点",
            "artist": "莫艳琳",
            "id": 276035
        },
        {
            "name": "Lemon Tree",
            "artist": "Fool's Garden",
            "id": 27180681
        },
        {
            "name": "ICU",
            "artist": "张根硕",
            "id": 26145674
        },
        {
            "name": "男孩别哭",
            "artist": "海龟先生",
            "id": 25731320
        },
        {
            "name": "Em Của Ngày Hôm Qua",
            "artist": "Sơn Tùng M-TP",
            "id": 38673467
        },
        {
            "name": "刚好遇见你",
            "artist": "李玉刚",
            "id": 439915614
        },
        {
            "name": "Âm Thầm Bên Em",
            "artist": "Sơn Tùng M-TP",
            "id": 38019361
        },
        {
            "name": "不可思议",
            "artist": "李治廷",
            "id": 27876109
        },
        {
            "name": "爱的就是你",
            "artist": "刘佳",
            "id": 132975
        },
        {
            "name": "Như Ngày Hôm Qua",
            "artist": "Sơn Tùng M-TP",
            "id": 431363023
        },
        {
            "name": "Save Your Heart",
            "artist": "Remady",
            "id": 5092058
        },
        {
            "name": "Hey Pippi Langstrumpf (Extended Party Mix)",
            "artist": "Tekknoheimer",
            "id": 408250687
        },
        {
            "name": "好想好想",
            "artist": "李昊沄",
            "id": 1393762918
        },
        {
            "name": "消愁",
            "artist": "毛不易",
            "id": 569200213
        },
        {
            "name": "我的秘密",
            "artist": "G.E.M.邓紫棋",
            "id": 233974
        }
    ]
}