{
    "playlist_info": {
        "name": "[怀旧]8090经典电视剧原声带",
        "trackcount": 99,
        "playcount": 645122,
        "creator": "捉到一只民谣狗",
        "createDate": "2017-05-30",
        "heat": 290.0
    },
    "songs": [
        {
            "name": "风吹草动，风云飞扬",
            "artist": "周思贤",
            "id": 201871
        },
        {
            "name": "永远永远 (原声版)",
            "artist": "李翊君",
            "id": 4877753
        },
        {
            "name": "狂风卷奔云飙",
            "artist": "黄国俊",
            "id": 4877755
        },
        {
            "name": "你的第一",
            "artist": "霍建华",
            "id": 4875519
        },
        {
            "name": "世间始终你好",
            "artist": "罗文",
            "id": 112705
        },
        {
            "name": "铁血丹心",
            "artist": "罗文",
            "id": 112678
        },
        {
            "name": "绝世绝招",
            "artist": "张智霖",
            "id": 28853351
        },
        {
            "name": "一笑中",
            "artist": "高正洋",
            "id": 92148
        },
        {
            "name": "追梦人",
            "artist": "凤飞飞",
            "id": 231412
        },
        {
            "name": "雪中情",
            "artist": "杨庆煌",
            "id": 28785688
        },
        {
            "name": "雨蝶",
            "artist": "李翊君",
            "id": 258235
        },
        {
            "name": "当 (Live)",
            "artist": "动力火车",
            "id": 28427776
        },
        {
            "name": "转弯",
            "artist": "吴奇隆",
            "id": 156329
        },
        {
            "name": "花悦续颜",
            "artist": "贾卿卿",
            "id": 35416164
        },
        {
            "name": "女儿情",
            "artist": "李玲玉",
            "id": 29775440
        },
        {
            "name": "笑傲江湖",
            "artist": "刘欢",
            "id": 195913
        },
        {
            "name": "侠客行",
            "artist": "虞霞",
            "id": 28700552
        },
        {
            "name": "江湖",
            "artist": "刘铁营",
            "id": 28678044
        },
        {
            "name": "好久不见",
            "artist": "李小龙",
            "id": 28678042
        },
        {
            "name": "千年泪",
            "artist": "杜岩",
            "id": 224582
        },
        {
            "name": "爱到死心塌地",
            "artist": "董璇",
            "id": 27937582
        },
        {
            "name": "我不是神仙",
            "artist": "尹相杰",
            "id": 29544111
        },
        {
            "name": "黄种人",
            "artist": "谢霆锋",
            "id": 168324
        },
        {
            "name": "人生恍如梦",
            "artist": "谭晶",
            "id": 29544101
        },
        {
            "name": "我的全部",
            "artist": "庞龙",
            "id": 28959201
        },
        {
            "name": "太孤单",
            "artist": "陈冠蒲",
            "id": 69838
        },
        {
            "name": "逆水寒",
            "artist": "霍永刚",
            "id": 33599517
        },
        {
            "name": "少年真情",
            "artist": "孙浩",
            "id": 27908207
        },
        {
            "name": "水月洞天之灵镜传奇主题曲",
            "artist": "群星",
            "id": 27890961
        },
        {
            "name": "幸福相守",
            "artist": "孙楠",
            "id": 145548
        },
        {
            "name": "倩女幽魂",
            "artist": "陈晓东",
            "id": 66457
        },
        {
            "name": "红苹果乐园",
            "artist": "Sync Pad",
            "id": 185178
        },
        {
            "name": "无尽的爱",
            "artist": "尤雅",
            "id": 321037
        },
        {
            "name": "如来神掌",
            "artist": "张学友",
            "id": 190426
        },
        {
            "name": "就让你走",
            "artist": "陈冠蒲",
            "id": 69819
        },
        {
            "name": "太多",
            "artist": "陈冠蒲",
            "id": 69827
        },
        {
            "name": "守业更比创业难",
            "artist": "景岗山",
            "id": 27906955
        },
        {
            "name": "你要的爱",
            "artist": "戴佩妮",
            "id": 223994
        },
        {
            "name": "情非得已",
            "artist": "庾澄庆",
            "id": 176999
        },
        {
            "name": "流星雨",
            "artist": "F4",
            "id": 354455
        },
        {
            "name": "叹红尘",
            "artist": "姚婷",
            "id": 29023453
        },
        {
            "name": "Eastern Adventure",
            "artist": "Ben Lasker",
            "id": 29999121
        },
        {
            "name": "杨门女将之女儿当自强",
            "artist": "麦振鸿",
            "id": 34614539
        },
        {
            "name": "向世界宣告",
            "artist": "林雨婷",
            "id": 271003
        },
        {
            "name": "无愧于心",
            "artist": "孙楠",
            "id": 4878241
        },
        {
            "name": "只要有你",
            "artist": "那英",
            "id": 4878242
        },
        {
            "name": "长缨在手",
            "artist": "吴彤",
            "id": 27927405
        },
        {
            "name": "一个人生活",
            "artist": "林凡",
            "id": 257524
        },
        {
            "name": "明明深爱着你",
            "artist": "李克勤",
            "id": 28640060
        },
        {
            "name": "少年梦",
            "artist": "张卫健",
            "id": 189485
        },
        {
            "name": "心平歌",
            "artist": "卞留念",
            "id": 34614559
        },
        {
            "name": "你快回来",
            "artist": "孙楠",
            "id": 145650
        },
        {
            "name": "真爱",
            "artist": "183Club",
            "id": 4875036
        },
        {
            "name": "迷魂计",
            "artist": "183Club",
            "id": 4875026
        },
        {
            "name": "大宅门主题歌",
            "artist": "胡晓晴",
            "id": 195990
        },
        {
            "name": "是否爱过我",
            "artist": "孙楠",
            "id": 145566
        },
        {
            "name": "让梦冬眠",
            "artist": "孙楠",
            "id": 145572
        },
        {
            "name": "半生缘",
            "artist": "黎明",
            "id": 113754
        },
        {
            "name": "深海",
            "artist": "亚洲爱乐合唱团",
            "id": 27890941
        },
        {
            "name": "渡情",
            "artist": "左宏元",
            "id": 201487
        },
        {
            "name": "头顶一片天",
            "artist": "马浚伟",
            "id": 135858
        },
        {
            "name": "快乐至上",
            "artist": "林志颖",
            "id": 114097
        },
        {
            "name": "好春光",
            "artist": "吴彤",
            "id": 27562927
        },
        {
            "name": "天下英雄(《楚汉传奇》主题曲)",
            "artist": "韩磊",
            "id": 25703064
        },
        {
            "name": "每一生都等你",
            "artist": "陈洁仪",
            "id": 210774
        },
        {
            "name": "封神 (电视版本)",
            "artist": "胡伟立",
            "id": 34002433
        },
        {
            "name": "向天再借五百年",
            "artist": "韩磊",
            "id": 93666
        },
        {
            "name": "铁齿铜牙纪晓岚",
            "artist": "戴娆",
            "id": 224326
        },
        {
            "name": "生生世世爱",
            "artist": "吴雨霏",
            "id": 86357
        },
        {
            "name": "此生不换",
            "artist": "青鸟飞鱼",
            "id": 86363
        },
        {
            "name": "偏爱",
            "artist": "张芸京",
            "id": 328076
        },
        {
            "name": "御剑江湖",
            "artist": "骆集益",
            "id": 28786809
        },
        {
            "name": "孤独不苦",
            "artist": "张卫健",
            "id": 189435
        },
        {
            "name": "虚虚实实",
            "artist": "张卫健",
            "id": 189433
        },
        {
            "name": "酒干倘卖无",
            "artist": "苏芮",
            "id": 288218
        },
        {
            "name": "至情至圣",
            "artist": "张卫健",
            "id": 189429
        },
        {
            "name": "因为爱情",
            "artist": "陈奕迅",
            "id": 64317
        },
        {
            "name": "等你爱我",
            "artist": "陈明",
            "id": 168116
        },
        {
            "name": "红色石头",
            "artist": "李智楠",
            "id": 135728
        },
        {
            "name": "我欲成仙",
            "artist": "刘欢",
            "id": 145982
        },
        {
            "name": "相思",
            "artist": "毛阿敏",
            "id": 276294
        },
        {
            "name": "少年真英雄",
            "artist": "张正言",
            "id": 28959215
        },
        {
            "name": "烟雨唱扬州",
            "artist": "李殊",
            "id": 34986705
        },
        {
            "name": "巧解姻缘天作合",
            "artist": "陈倩倩",
            "id": 34986703
        },
        {
            "name": "让她降落",
            "artist": "何璐",
            "id": 242603
        },
        {
            "name": "逍遥游",
            "artist": "吴佳明",
            "id": 166070
        },
        {
            "name": "纵横江湖",
            "artist": "洪勇",
            "id": 32922491
        },
        {
            "name": "小小女子半边天",
            "artist": "李乐诗",
            "id": 266071
        },
        {
            "name": "清官谣",
            "artist": "谢东",
            "id": 5269050
        },
        {
            "name": "喜欢你",
            "artist": "曹颖",
            "id": 27904044
        },
        {
            "name": "啦啦啦",
            "artist": "群星",
            "id": 34766826
        },
        {
            "name": "人间情多",
            "artist": "李殊",
            "id": 265038
        },
        {
            "name": "不求名来名自扬",
            "artist": "阿里郎",
            "id": 27908105
        },
        {
            "name": "飘摇",
            "artist": "王子鸣",
            "id": 29431239
        },
        {
            "name": "开心就好",
            "artist": "王子鸣",
            "id": 31209826
        },
        {
            "name": "真有你的",
            "artist": "群星",
            "id": 28987688
        },
        {
            "name": "商人计",
            "artist": "群星",
            "id": 28987687
        },
        {
            "name": "一花两果",
            "artist": "张卫健",
            "id": 189423
        },
        {
            "name": "至尊红颜",
            "artist": "张克帆",
            "id": 29544311
        }
    ]
}