{
    "playlist_info": {
        "name": "[日系]nico唱见与沉醉清新的男声",
        "trackcount": 173,
        "playcount": 257286,
        "creator": "Miorosayo",
        "createDate": "2014-10-26",
        "heat": 81.0
    },
    "songs": [
        {
            "name": "コンプリケイション -still struggle version-",
            "artist": "ROOKiEZ is PUNK'D",
            "id": 811721
        },
        {
            "name": "クローバー",
            "artist": "菅田将暉",
            "id": 1376756260
        },
        {
            "name": "me＋you",
            "artist": "平井 大",
            "id": 1380113676
        },
        {
            "name": "君の代わり",
            "artist": "back number",
            "id": 698951
        },
        {
            "name": "*tear*(Acoustic Arrange)",
            "artist": "DATEKEN",
            "id": 487527288
        },
        {
            "name": "だんだん早くなる",
            "artist": "そらる",
            "id": 33166514
        },
        {
            "name": "たばこ",
            "artist": "じろ",
            "id": 428095925
        },
        {
            "name": "*tear*",
            "artist": "コニー",
            "id": 28458019
        },
        {
            "name": "風のとおり道",
            "artist": "ふぁがじー",
            "id": 34341536
        },
        {
            "name": "ユメマカセ",
            "artist": "SOIL & \"PIMP\" SESSIONS",
            "id": 495218067
        },
        {
            "name": "繰り返し一粒",
            "artist": "ロー生ライト",
            "id": 409149543
        },
        {
            "name": "ピロートーク",
            "artist": "ちょまいよ",
            "id": 408328050
        },
        {
            "name": "僕が死のうと思ったのは",
            "artist": "amazarashi",
            "id": 468882552
        },
        {
            "name": "いかないで piano.ver",
            "artist": "ふぁがじー",
            "id": 33004704
        },
        {
            "name": "人として",
            "artist": "SUPER BEAVER",
            "id": 416011188
        },
        {
            "name": "ハッピーエンド",
            "artist": "back number",
            "id": 441116300
        },
        {
            "name": "Brave",
            "artist": "ナオト・インティライミ",
            "id": 483925
        },
        {
            "name": "STAY",
            "artist": "GOT7",
            "id": 41654099
        },
        {
            "name": "エヴリ",
            "artist": "Suck a Stew Dry",
            "id": 33599018
        },
        {
            "name": "不器用な情景",
            "artist": "SPANK PAGE",
            "id": 22711281
        },
        {
            "name": "春色グラフィティー",
            "artist": "WEAVER",
            "id": 28461736
        },
        {
            "name": "ハルカヒカリ",
            "artist": "ラックライフ",
            "id": 28797079
        },
        {
            "name": "こころがわり",
            "artist": "MAGIC OF LiFE",
            "id": 27811633
        },
        {
            "name": "LA･LA･LA LOVE SONG",
            "artist": "久保田利伸",
            "id": 446297
        },
        {
            "name": "太陽",
            "artist": "ファンキー加藤",
            "id": 28959108
        },
        {
            "name": "さよなら大好きな人",
            "artist": "スピッツ",
            "id": 816448
        },
        {
            "name": "俯瞰show",
            "artist": "BIGMAMA",
            "id": 26501306
        },
        {
            "name": "ナツノカゼ御来光 (ver.Phantasm)",
            "artist": "まふまふ",
            "id": 408140845
        },
        {
            "name": "アサガオの散る頃に",
            "artist": "ウォルピスカーター",
            "id": 34078903
        },
        {
            "name": "東京",
            "artist": "wacci",
            "id": 28196300
        },
        {
            "name": "僕の外側",
            "artist": "luz",
            "id": 36492376
        },
        {
            "name": "ルミリー",
            "artist": "ゲスの極み乙女",
            "id": 31545335
        },
        {
            "name": "僕にできること",
            "artist": "HOW MERRY MARRY",
            "id": 28661198
        },
        {
            "name": "それがあなたの幸せとしても",
            "artist": "上北健",
            "id": 29379816
        },
        {
            "name": "オノマトペメガネ",
            "artist": "ササノマリイ",
            "id": 29582961
        },
        {
            "name": "Flowerwall",
            "artist": "米津玄師",
            "id": 30064004
        },
        {
            "name": "ヤキモチ",
            "artist": "高橋優",
            "id": 28885472
        },
        {
            "name": "歩こう",
            "artist": "秀吉",
            "id": 744243
        },
        {
            "name": "バイバイ",
            "artist": "少年T-佐香智久",
            "id": 26830754
        },
        {
            "name": "大丈夫",
            "artist": "wacci",
            "id": 33715202
        },
        {
            "name": "人生多别离",
            "artist": "ゆう十",
            "id": 33024045
        },
        {
            "name": "天ノ弱",
            "artist": "天月-あまつき-",
            "id": 403690
        },
        {
            "name": "Love Letter",
            "artist": "MY FIRST STORY",
            "id": 28819410
        },
        {
            "name": "おちゃめ机能 [acoustic ver.]",
            "artist": "海斗",
            "id": 858080
        },
        {
            "name": "夏令时记录 (Acoustic ver.)",
            "artist": "まふまふ",
            "id": 29800265
        },
        {
            "name": "麻烦鬼",
            "artist": "天月-あまつき-",
            "id": 29984252
        },
        {
            "name": "小夜子",
            "artist": "伊東歌詞太郎",
            "id": 28466066
        },
        {
            "name": "Adventure",
            "artist": "[Alexandros]",
            "id": 28719736
        },
        {
            "name": "ジェンガ",
            "artist": "すぃ",
            "id": 28566446
        },
        {
            "name": "夏の終わり、恋の始まり",
            "artist": "味子",
            "id": 29019094
        },
        {
            "name": "初恋の絵本-another story- (まらしぃ REMIX)",
            "artist": "HoneyWorks",
            "id": 26096331
        },
        {
            "name": "東京不太熱",
            "artist": "ゆう十",
            "id": 32196725
        },
        {
            "name": "ここにしか咲かない花",
            "artist": "コブクロ",
            "id": 757219
        },
        {
            "name": "glow",
            "artist": "keeno",
            "id": 856722
        },
        {
            "name": "HEAVEN",
            "artist": "伊東歌詞太郎",
            "id": 28524467
        },
        {
            "name": "CORE PRIDE",
            "artist": "UVERworld",
            "id": 860842
        },
        {
            "name": "L.O.L.",
            "artist": "松下優也",
            "id": 26089260
        },
        {
            "name": "祈り ～涙の軌道",
            "artist": "Mr.Children",
            "id": 776942
        },
        {
            "name": "Gift",
            "artist": "cleanero",
            "id": 405365
        },
        {
            "name": "2月のセプテンバー",
            "artist": "GOOD ON THE REEL",
            "id": 22637430
        },
        {
            "name": "きみにとどけ",
            "artist": "タニザワトモフミ",
            "id": 528047
        },
        {
            "name": "全部好き。",
            "artist": "遊助",
            "id": 399298
        },
        {
            "name": "PLANET",
            "artist": "ラムジ",
            "id": 812400
        },
        {
            "name": "SORA",
            "artist": "蒼井翔太",
            "id": 722910
        },
        {
            "name": "Independence",
            "artist": "宮野真守",
            "id": 26494602
        },
        {
            "name": "天使と悪魔",
            "artist": "Sekai no Owari",
            "id": 829066
        },
        {
            "name": "スターチス",
            "artist": "蛇足",
            "id": 435978
        },
        {
            "name": "今年の桜 (Graduation Remix)",
            "artist": "flumpool",
            "id": 724343
        },
        {
            "name": "大切なものは君以外に见当たらなくて",
            "artist": "flumpool",
            "id": 26608339
        },
        {
            "name": "探し物",
            "artist": "MAGIC OF LiFE",
            "id": 714434
        },
        {
            "name": "Voice",
            "artist": "Pay money To my Pain",
            "id": 27969909
        },
        {
            "name": "爆弾の作り方",
            "artist": "amazarashi",
            "id": 687807
        },
        {
            "name": "卒業の唄 ~アリガトウは何度も言わせて~",
            "artist": "GReeeeN",
            "id": 28253257
        },
        {
            "name": "サイノウサンプラー",
            "artist": "koyori",
            "id": 28566497
        },
        {
            "name": "指轮",
            "artist": "ELLEGARDEN",
            "id": 22692203
        },
        {
            "name": "Little Traveler",
            "artist": "clear",
            "id": 22797495
        },
        {
            "name": "Calc.",
            "artist": "ジミーサムP",
            "id": 29498678
        },
        {
            "name": "最大公約数",
            "artist": "RADWIMPS",
            "id": 28483039
        },
        {
            "name": "春風",
            "artist": "flumpool",
            "id": 22678864
        },
        {
            "name": "ピアノ・レッスン",
            "artist": "ちびた",
            "id": 730677
        },
        {
            "name": "Lonely Rain",
            "artist": "松下優也",
            "id": 471007
        },
        {
            "name": "いかないで",
            "artist": "まふまふ",
            "id": 29728121
        },
        {
            "name": "HANABI",
            "artist": "Mr.Children",
            "id": 777203
        },
        {
            "name": "残像",
            "artist": "flumpool",
            "id": 724332
        },
        {
            "name": "ふれあうだけで　～Always with you～",
            "artist": "三浦大知",
            "id": 29713014
        },
        {
            "name": "明日晴れるかな",
            "artist": "桑田佳祐",
            "id": 26144177
        },
        {
            "name": "アイネクライネ",
            "artist": "米津玄師",
            "id": 28445990
        },
        {
            "name": "You",
            "artist": "天月-あまつき-",
            "id": 28189792
        },
        {
            "name": "雪しずり",
            "artist": "DEEP",
            "id": 28274514
        },
        {
            "name": "3月9日",
            "artist": "レミオロメン",
            "id": 805204
        },
        {
            "name": "全力少年",
            "artist": "スキマスイッチ",
            "id": 819636
        },
        {
            "name": "卒業の歌、友達の歌。",
            "artist": "19",
            "id": 22798313
        },
        {
            "name": "C.h.a.o.s.m.y.t.h.",
            "artist": "ONE OK ROCK",
            "id": 794035
        },
        {
            "name": "空も飛べるはず",
            "artist": "スピッツ",
            "id": 818186
        },
        {
            "name": "桜川",
            "artist": "MAGIC OF LiFE",
            "id": 22770884
        },
        {
            "name": "カンタレラ~grace edition~",
            "artist": "nero",
            "id": 27090345
        },
        {
            "name": "神のまにまに",
            "artist": "伊東歌詞太郎",
            "id": 29283339
        },
        {
            "name": "桜坂",
            "artist": "福山雅治",
            "id": 419759
        },
        {
            "name": "Dragon Night",
            "artist": "Sekai no Owari",
            "id": 29535824
        },
        {
            "name": "愛唄",
            "artist": "GReeeeN",
            "id": 733365
        },
        {
            "name": "第三惑星交響曲",
            "artist": "石崎ひゅーい",
            "id": 26429609
        },
        {
            "name": "僕は君に恋をする",
            "artist": "平井堅",
            "id": 422453
        },
        {
            "name": "Headlight",
            "artist": "MONKEY MAJIK",
            "id": 776782
        },
        {
            "name": "from Y to Y",
            "artist": "櫻井",
            "id": 859653
        },
        {
            "name": "絶望と希望のシーソーゲーム",
            "artist": "Suck a Stew Dry",
            "id": 30953548
        },
        {
            "name": "シザースタンド",
            "artist": "RADWIMPS",
            "id": 26212124
        },
        {
            "name": "My Friend",
            "artist": "SPYAIR",
            "id": 22682066
        },
        {
            "name": "Rock, Scissors, Paper",
            "artist": "ONE OK ROCK",
            "id": 794088
        },
        {
            "name": "アイロニ",
            "artist": "4円",
            "id": 26447698
        },
        {
            "name": "ゲッタバンバン",
            "artist": "少年T-佐香智久",
            "id": 31352166
        },
        {
            "name": "Star Rabbit",
            "artist": "天月-あまつき-",
            "id": 28912935
        },
        {
            "name": "ゲッタバンバン アニメサイズver.",
            "artist": "少年T-佐香智久",
            "id": 31168848
        },
        {
            "name": "Be As One",
            "artist": "w-inds.",
            "id": 28449074
        },
        {
            "name": "上弦の月",
            "artist": "amu",
            "id": 28182385
        },
        {
            "name": "ほんの少しのさよなら",
            "artist": "koyori",
            "id": 858445
        },
        {
            "name": "PONPONPON",
            "artist": "しゅーず",
            "id": 28739573
        },
        {
            "name": "からくりピエロ",
            "artist": "Gero",
            "id": 29023434
        },
        {
            "name": "空想フォレスト",
            "artist": "伊東歌詞太郎",
            "id": 28524471
        },
        {
            "name": "Whiter Than Snow",
            "artist": "りぶ",
            "id": 28190637
        },
        {
            "name": "Just Be Friends -Piano Ver.-",
            "artist": "halyosy",
            "id": 28468997
        },
        {
            "name": "アイロニ",
            "artist": "天月-あまつき-",
            "id": 28189790
        },
        {
            "name": "奏",
            "artist": "スキマスイッチ",
            "id": 28409128
        },
        {
            "name": "いーあるふぁんくらぶ",
            "artist": "みきとP",
            "id": 26380391
        },
        {
            "name": "キラメキ-公生とかをりの演奏ver.-",
            "artist": "wacci",
            "id": 29769437
        },
        {
            "name": "キラメキ",
            "artist": "wacci",
            "id": 29709915
        },
        {
            "name": "恋の寿命(TV Ver.)",
            "artist": "Galileo Galilei",
            "id": 30474580
        },
        {
            "name": "かなしみのなみにおぼれる",
            "artist": "まふまふ",
            "id": 28308663
        },
        {
            "name": "Ah Yeah!!",
            "artist": "スキマスイッチ",
            "id": 28836138
        },
        {
            "name": "幼なじみはπスラッシャー",
            "artist": "un:c",
            "id": 28468240
        },
        {
            "name": "Masked *****",
            "artist": "しゅーあいす",
            "id": 29012014
        },
        {
            "name": "大都会",
            "artist": "九州男",
            "id": 453388
        },
        {
            "name": "CANDY CANDY",
            "artist": "しゅーず",
            "id": 28739556
        },
        {
            "name": "リモコン",
            "artist": "kradness",
            "id": 28096458
        },
        {
            "name": "Tummy",
            "artist": "RADWIMPS",
            "id": 28095564
        },
        {
            "name": "Es~dirty aspiration~",
            "artist": "けったろ",
            "id": 859815
        },
        {
            "name": "文学少年の憂鬱",
            "artist": "4円",
            "id": 26447696
        },
        {
            "name": "カイコ",
            "artist": "RADWIMPS",
            "id": 29366679
        },
        {
            "name": "上弦の月",
            "artist": "nero project",
            "id": 27501142
        },
        {
            "name": "想像フォレスト",
            "artist": "りぶ",
            "id": 22693477
        },
        {
            "name": "星空に愿いを込めて",
            "artist": "新社会人",
            "id": 860255
        },
        {
            "name": "フルール",
            "artist": "近藤晃央",
            "id": 26562529
        },
        {
            "name": "HIRUNO HOSHI",
            "artist": "illion",
            "id": 26116354
        },
        {
            "name": "Answer",
            "artist": "FLOW",
            "id": 725172
        },
        {
            "name": "ﾊｲ!問題作",
            "artist": "UVERworld",
            "id": 22642809
        },
        {
            "name": "花火",
            "artist": "三代目 J SOUL BROTHERS from EXILE TRIBE",
            "id": 26109186
        },
        {
            "name": "今、このとき。",
            "artist": "ひいらぎ",
            "id": 28661200
        },
        {
            "name": "流れ星~Shooting Start~",
            "artist": "HOME MADE 家族",
            "id": 27668238
        },
        {
            "name": "Alice",
            "artist": "古川本舗",
            "id": 859810
        },
        {
            "name": "サリシノハラ",
            "artist": "りぶ",
            "id": 27588352
        },
        {
            "name": "虹",
            "artist": "Aqua Timez",
            "id": 678278
        },
        {
            "name": "宙船(そらふね)",
            "artist": "TOKIO",
            "id": 838903
        },
        {
            "name": "あの日タイムマシン",
            "artist": "LONG SHOT PARTY",
            "id": 28661196
        },
        {
            "name": "ずっと",
            "artist": "少年T-佐香智久",
            "id": 532469
        },
        {
            "name": "心做し",
            "artist": "蛇足",
            "id": 28211095
        },
        {
            "name": "春夏秋冬",
            "artist": "Hilcrhyme",
            "id": 743304
        },
        {
            "name": "幻の命",
            "artist": "Sekai no Owari",
            "id": 22814479
        },
        {
            "name": "KOI NO UTA",
            "artist": "藤原啓治",
            "id": 28854063
        },
        {
            "name": "明日、僕は君に会いに行く。",
            "artist": "ワカバ",
            "id": 863974
        },
        {
            "name": "君と出会うまでのストーリー",
            "artist": "KG",
            "id": 29758408
        },
        {
            "name": "コンプリケイション",
            "artist": "ROOKiEZ is PUNK'D",
            "id": 811995
        },
        {
            "name": "NO RAIN NO RAINBOW",
            "artist": "HOME MADE 家族",
            "id": 28190154
        },
        {
            "name": "修羅",
            "artist": "DOES",
            "id": 22658200
        },
        {
            "name": "Message",
            "artist": "ナオト・インティライミ",
            "id": 483837
        },
        {
            "name": "Take Your Way",
            "artist": "livetune",
            "id": 26484122
        },
        {
            "name": "RAINBOW GIRL(REMIX)",
            "artist": "Gero",
            "id": 28629053
        },
        {
            "name": "\"あのヒーローと\" 僕らについて",
            "artist": "メレンゲ",
            "id": 28577558
        },
        {
            "name": "BRAND NEW WORLD",
            "artist": "D-51",
            "id": 22683547
        },
        {
            "name": "The Biggest Dreamer",
            "artist": "和田光司",
            "id": 536817
        },
        {
            "name": "コンプリケイション",
            "artist": "ROOKiEZ is PUNK'D",
            "id": 22768525
        },
        {
            "name": "Daisy",
            "artist": "STEREO DIVE FOUNDATION",
            "id": 28018269
        },
        {
            "name": "Break up!",
            "artist": "宮崎歩",
            "id": 4940928
        },
        {
            "name": "Just Be Friends -piano ver.-",
            "artist": "Gero",
            "id": 859973
        },
        {
            "name": "英雄",
            "artist": "doa",
            "id": 713131
        }
    ]
}