{
    "playlist_info": {
        "name": "[纯音乐]适合学习聆听的歌曲",
        "trackcount": 164,
        "playcount": 5126,
        "creator": "此账号已注销诶",
        "createDate": "2020-03-10",
        "heat": 4.0
    },
    "songs": [
        {
            "name": "Wish For You",
            "artist": "逆时针向",
            "id": 572296319
        },
        {
            "name": "命",
            "artist": "石田勝範",
            "id": 4881805
        },
        {
            "name": "雨 因你而下，于你而止",
            "artist": "Seto",
            "id": 1377807992
        },
        {
            "name": "《夜色钢琴曲》梦的翅膀",
            "artist": "赵海洋",
            "id": 31134611
        },
        {
            "name": "不要在分开后對我說其实你很好",
            "artist": "Aismu",
            "id": 1927448523
        },
        {
            "name": "夏·烟火",
            "artist": "LIKPIA",
            "id": 539428072
        },
        {
            "name": "别念",
            "artist": "Funton",
            "id": 552560922
        },
        {
            "name": "晚霞",
            "artist": "Kryust",
            "id": 1460003986
        },
        {
            "name": "山海皆可平",
            "artist": "CMJ",
            "id": 1377053293
        },
        {
            "name": "仲夏夜之梦",
            "artist": "九月橙",
            "id": 517239065
        },
        {
            "name": "水边的阿狄丽娜",
            "artist": "Richard Clayderman",
            "id": 34341358
        },
        {
            "name": "自卑到骨子里的人可以拥有光吗",
            "artist": "MisssszDy",
            "id": 1423800162
        },
        {
            "name": "盛夏与蝉鸣",
            "artist": "Hea2t",
            "id": 557850882
        },
        {
            "name": "Sunny Day(温暖阳光洒落在你的窗前)",
            "artist": "LakeCity",
            "id": 1484537845
        },
        {
            "name": "你会和夏天一起来我身边吧",
            "artist": "予我春夏",
            "id": 1463952396
        },
        {
            "name": "When I see the light at that Time",
            "artist": "Snigellin",
            "id": 510309106
        },
        {
            "name": "和煦的糖果风",
            "artist": "Candy_Wind",
            "id": 439142564
        },
        {
            "name": "City",
            "artist": "羽肿",
            "id": 451319227
        },
        {
            "name": "晴天的周末在去学校补课的路上遇见了喜欢的人",
            "artist": "AniFace",
            "id": 477310237
        },
        {
            "name": "白色",
            "artist": "灰澈",
            "id": 494992638
        },
        {
            "name": "樱花草-文武贝钢琴版",
            "artist": "文武贝",
            "id": 502958223
        },
        {
            "name": "这一秒只想在爱里沉溺（治愈《恋愛の資格》日语念白-溯 (Reverse).feat",
            "artist": "Leon不太冷",
            "id": 1383715787
        },
        {
            "name": "晴天",
            "artist": "邱有句",
            "id": 1889233176
        },
        {
            "name": "拾忆（唯美钢琴版）（翻自 赵世聪） ",
            "artist": "李好",
            "id": 1310361916
        },
        {
            "name": "山野万里，你是我藏在微风中的欢喜",
            "artist": "Hea2t",
            "id": 1820074977
        },
        {
            "name": "撒野【钢琴纯音乐】",
            "artist": "欧林东东",
            "id": 1467181646
        },
        {
            "name": "时间煮雨（钢琴）",
            "artist": "杨章隐",
            "id": 1293825852
        },
        {
            "name": "送别（钢琴版）",
            "artist": "再见本垒打",
            "id": 864388818
        },
        {
            "name": "Moon and You",
            "artist": "Kryust",
            "id": 1452083740
        },
        {
            "name": "Counter Attack（钢琴版）",
            "artist": "ILLBlAUER",
            "id": 1989336467
        },
        {
            "name": "《夜色钢琴曲》最美的夜晚",
            "artist": "赵海洋",
            "id": 31134637
        },
        {
            "name": "nop",
            "artist": "陈越龙",
            "id": 1427725543
        },
        {
            "name": "如果时光可以倒流 （Live）",
            "artist": "美 梦 领 取 屋",
            "id": 2039295463
        },
        {
            "name": "别说反话 别冷冰冰",
            "artist": "会心疼我嘛",
            "id": 1902022099
        },
        {
            "name": "春",
            "artist": "卢明俊",
            "id": 468998937
        },
        {
            "name": "Adagio for Summer Wind",
            "artist": "Key Sounds Label",
            "id": 760037
        },
        {
            "name": "灯火不完美",
            "artist": "smile丶轩",
            "id": 1313474211
        },
        {
            "name": "星の下での邂逅",
            "artist": "赵大鼾",
            "id": 1911427204
        },
        {
            "name": "羽化成拥抱你的姿态（demo）",
            "artist": "聆北夜落",
            "id": 1810420193
        },
        {
            "name": "星河不可及",
            "artist": "CMJ",
            "id": 1409136605
        },
        {
            "name": "坠入星河(Fall in star river)",
            "artist": "dylanf",
            "id": 1969412546
        },
        {
            "name": "Moony",
            "artist": "羽肿",
            "id": 1336487436
        },
        {
            "name": "微风拂过你的脸",
            "artist": "Hea2t",
            "id": 1302972298
        },
        {
            "name": "Starry Sky(满天星河)",
            "artist": "dylanf",
            "id": 1812282112
        },
        {
            "name": "Snowy Moon",
            "artist": "彭柏德",
            "id": 1820396740
        },
        {
            "name": "愿我如星君如月",
            "artist": "七结音",
            "id": 1438607152
        },
        {
            "name": "星辰坠入梦里",
            "artist": "Hea2t",
            "id": 1432435619
        },
        {
            "name": "Touch the starlight",
            "artist": "Funton",
            "id": 1337350239
        },
        {
            "name": "Late summer",
            "artist": "IYP-UK",
            "id": 1385897410
        },
        {
            "name": "三葉のテーマ",
            "artist": "RADWIMPS",
            "id": 426881500
        },
        {
            "name": "いつも何度でも",
            "artist": "宗次郎",
            "id": 480353
        },
        {
            "name": "【钢琴】千与千寻 always with me（Cover 久石让）",
            "artist": "昼夜",
            "id": 430787670
        },
        {
            "name": "【钢琴】樱花草（Cover Sweety）",
            "artist": "昼夜",
            "id": 443291218
        },
        {
            "name": "天空之城",
            "artist": "dylanf",
            "id": 864711417
        },
        {
            "name": "Kiss The Rain",
            "artist": "Yiruma",
            "id": 28411989
        },
        {
            "name": "卡农（经典钢琴版）",
            "artist": "dylanf",
            "id": 478507889
        },
        {
            "name": "梦中的婚礼",
            "artist": "Richard Clayderman",
            "id": 34341360
        },
        {
            "name": "月半小夜曲",
            "artist": "Lawrence",
            "id": 127777
        },
        {
            "name": "被遗忘的89键(钢琴曲)",
            "artist": "张宇桦",
            "id": 28160235
        },
        {
            "name": "云村的告别",
            "artist": "邱有句",
            "id": 523863496
        },
        {
            "name": "半夏",
            "artist": "十指流玉",
            "id": 475584898
        },
        {
            "name": "hometown",
            "artist": "mamomo",
            "id": 33469292
        },
        {
            "name": "温柔的好天气总是和你一样，止不住的让人心动",
            "artist": "Hea2t",
            "id": 1426087185
        },
        {
            "name": "溯（钢琴版）",
            "artist": "柳轻颂",
            "id": 1433584979
        },
        {
            "name": "银河赴约",
            "artist": "网易云音乐校园",
            "id": 1453907054
        },
        {
            "name": "星夜",
            "artist": "CMJ",
            "id": 1487756298
        },
        {
            "name": "The Way I Still Love You（抒情版）（翻自 Reynard Silva）",
            "artist": "L-Yiruma",
            "id": 1462956212
        },
        {
            "name": "拎着星星去找你",
            "artist": "Hea2t",
            "id": 1812281737
        },
        {
            "name": "Windy Hill",
            "artist": "羽肿",
            "id": 427606780
        },
        {
            "name": "Intro (feat. Rook1e)",
            "artist": "barnes blvd.",
            "id": 557584800
        },
        {
            "name": "纯纯的夏天",
            "artist": "LIKPIA",
            "id": 519870772
        },
        {
            "name": "春语",
            "artist": "钱晨航",
            "id": 546167846
        },
        {
            "name": "葬花",
            "artist": "THT",
            "id": 503426999
        },
        {
            "name": "春之行",
            "artist": "灰澈",
            "id": 547780876
        },
        {
            "name": "云村的风",
            "artist": "邱有句",
            "id": 520849195
        },
        {
            "name": "Sakura",
            "artist": "CMJ",
            "id": 1370022201
        },
        {
            "name": "樱花雨",
            "artist": "傅许",
            "id": 409649727
        },
        {
            "name": "Ephemeral Memories",
            "artist": "MoreanP",
            "id": 554308724
        },
        {
            "name": "樱花的幻想",
            "artist": "Otanmine",
            "id": 1331691854
        },
        {
            "name": "星茶会",
            "artist": "灰澈",
            "id": 492390949
        },
        {
            "name": "日暮里",
            "artist": "JINBAO",
            "id": 1351183637
        },
        {
            "name": "时光记忆",
            "artist": "傅许",
            "id": 511040995
        },
        {
            "name": "懵懂",
            "artist": "Hea2t",
            "id": 1321464406
        },
        {
            "name": "满目星河",
            "artist": "CMJ",
            "id": 1399869906
        },
        {
            "name": "为霜",
            "artist": "羽肿",
            "id": 535517304
        },
        {
            "name": "浮生皆纵 恍如一梦",
            "artist": "白鸿",
            "id": 1417465877
        },
        {
            "name": "ハレハレヤ（翻自 Flower） ",
            "artist": "Sou",
            "id": 1344433793
        },
        {
            "name": "夏の喚く",
            "artist": "邱有句",
            "id": 434871406
        },
        {
            "name": "花火が瞬く夜に",
            "artist": "羽肿",
            "id": 434902428
        },
        {
            "name": "Welcome to New York（欢迎来到纽约）",
            "artist": "Mark T",
            "id": 545996241
        },
        {
            "name": "Love Is Gone（钢琴版）（翻自 SLANDER）",
            "artist": "柳轻颂",
            "id": 1458236782
        },
        {
            "name": "In the Wind",
            "artist": "July",
            "id": 26127163
        },
        {
            "name": "Please Come Back",
            "artist": "Zeraphym 六翼使徒",
            "id": 38018122
        },
        {
            "name": "柠檬汽水",
            "artist": "钱晨航",
            "id": 479374667
        },
        {
            "name": "初夏的夜晚",
            "artist": "Hea2t",
            "id": 561876887
        },
        {
            "name": "云村的时光",
            "artist": "邱有句",
            "id": 552935325
        },
        {
            "name": "羽毛",
            "artist": "刘捷",
            "id": 437752156
        },
        {
            "name": "有可能的夜晚 - 周安钢琴版",
            "artist": "周安",
            "id": 1364780564
        },
        {
            "name": "夏野与暗恋",
            "artist": "闫东炜",
            "id": 421934070
        },
        {
            "name": "Keep Going - 继续前行",
            "artist": "ChakYoun9",
            "id": 499966974
        },
        {
            "name": "送给极品钢琴的小伙伴",
            "artist": "smile丶轩",
            "id": 1297268579
        },
        {
            "name": "My Memory ~“冬のソナタ”より",
            "artist": "広橋真紀子",
            "id": 578064
        },
        {
            "name": "拓郎とアズ",
            "artist": "渡辺俊幸",
            "id": 537616
        },
        {
            "name": "Always With Me",
            "artist": "木村弓",
            "id": 5267808
        },
        {
            "name": "Reality",
            "artist": "Lost Frequencies",
            "id": 32835377
        },
        {
            "name": "风中的蒲公英(钢琴曲)",
            "artist": "张宇桦",
            "id": 28160231
        },
        {
            "name": "沉醉于风中",
            "artist": "S.E.N.S.",
            "id": 817880
        },
        {
            "name": "过往繁星",
            "artist": "傅许",
            "id": 1438825825
        },
        {
            "name": "像海鸟等待天空放晴",
            "artist": "初相见",
            "id": 1438179042
        },
        {
            "name": "那些天都在等你回信",
            "artist": "初相见",
            "id": 1438025298
        },
        {
            "name": "You",
            "artist": "Approaching Nirvana",
            "id": 3932159
        },
        {
            "name": "Farewell（Piano Solo）",
            "artist": "十指流玉",
            "id": 491365293
        },
        {
            "name": "The truth that you leave",
            "artist": "Pianoboy高至豪",
            "id": 139774
        },
        {
            "name": "A Little Story",
            "artist": "Valentin",
            "id": 857896
        },
        {
            "name": "山海不可平",
            "artist": "CMJ",
            "id": 1352045760
        },
        {
            "name": "四月樱花",
            "artist": "dylanf",
            "id": 1355079681
        },
        {
            "name": "想带你漫不经心的逛",
            "artist": "陈嘉俊是这个嘉",
            "id": 1362958940
        },
        {
            "name": "生为冰山，就该淡淡地爱海流、爱风",
            "artist": "迟遲",
            "id": 1335994511
        },
        {
            "name": "よかったね",
            "artist": "神前暁",
            "id": 461798
        },
        {
            "name": "Love home",
            "artist": "夏小舟",
            "id": 404459321
        },
        {
            "name": "简单与秋夜",
            "artist": "闫东炜",
            "id": 428391249
        },
        {
            "name": "《夜色钢琴曲》等你的季节",
            "artist": "赵海洋",
            "id": 31081015
        },
        {
            "name": "In The Fall Of My Heart（Cover 《请回答1988》）",
            "artist": "白金",
            "id": 520055579
        },
        {
            "name": "白夜",
            "artist": "AniFace",
            "id": 1433434882
        },
        {
            "name": "Where are you",
            "artist": "AniFace",
            "id": 453843751
        },
        {
            "name": "大鱼 钢琴版",
            "artist": "昼夜",
            "id": 414706265
        },
        {
            "name": "Eutopia",
            "artist": "Yooh",
            "id": 29129889
        },
        {
            "name": "The promise",
            "artist": "Secret Garden",
            "id": 21725725
        },
        {
            "name": "夕",
            "artist": "CMJ",
            "id": 1423993282
        },
        {
            "name": "˙Ꙫ˙",
            "artist": "士多啤梨",
            "id": 1426831625
        },
        {
            "name": "Illusionary Daytime",
            "artist": "Shirfine",
            "id": 28907016
        },
        {
            "name": "Sleepless Starlight",
            "artist": "羽肿",
            "id": 444003269
        },
        {
            "name": "寂静之空",
            "artist": "傅许",
            "id": 461074907
        },
        {
            "name": "The World Is Asleep",
            "artist": "Svanur岛菌",
            "id": 471986831
        },
        {
            "name": "花 が とぶ 飛ぶ",
            "artist": "邱有句",
            "id": 421885589
        },
        {
            "name": "Summer Fantasy~",
            "artist": "傅许",
            "id": 476625725
        },
        {
            "name": "《瞬间的永恒》夜色钢琴曲",
            "artist": "赵海洋",
            "id": 31134621
        },
        {
            "name": "我好想你",
            "artist": "陈戈",
            "id": 428390694
        },
        {
            "name": "我在那一角落患过伤风(钢琴版)",
            "artist": "群星",
            "id": 28406526
        },
        {
            "name": "Time To Love",
            "artist": "October",
            "id": 28912659
        },
        {
            "name": "The Right Path",
            "artist": "Thomas Greenberg",
            "id": 2061452
        },
        {
            "name": "安静的午后",
            "artist": "Pianoboy高至豪",
            "id": 139730
        },
        {
            "name": "雨空 - after -",
            "artist": "α·Pav",
            "id": 1363971832
        },
        {
            "name": "The rain",
            "artist": "Vsun",
            "id": 493950499
        },
        {
            "name": "オセンチな歩美",
            "artist": "大野克夫",
            "id": 28188231
        },
        {
            "name": "unjust life",
            "artist": "ANANT-GARDE EYES",
            "id": 471942
        },
        {
            "name": "Rain after Summer",
            "artist": "羽肿",
            "id": 430685732
        },
        {
            "name": "Fade国风古典(Dodie Remix)",
            "artist": "dodie",
            "id": 411259676
        },
        {
            "name": "花梦旅人",
            "artist": "世间满樱花",
            "id": 427017519
        },
        {
            "name": "晚星",
            "artist": "逆时针向",
            "id": 1319520140
        },
        {
            "name": "Guardiania for Shadowcat",
            "artist": "JUSF周存",
            "id": 430685535
        },
        {
            "name": "无名曲",
            "artist": "洛仃洋",
            "id": 534002552
        },
        {
            "name": "Rainy Blue (蓝色阴雨)",
            "artist": "饭碗的彼岸",
            "id": 1341912654
        },
        {
            "name": "Victory",
            "artist": "Two Steps From Hell",
            "id": 31654455
        },
        {
            "name": "风的诗",
            "artist": "CMJ",
            "id": 1336575654
        },
        {
            "name": "Melancholy Galaxy",
            "artist": "CMJ",
            "id": 1427515199
        },
        {
            "name": "星空",
            "artist": "文武贝",
            "id": 433107499
        },
        {
            "name": "花和你",
            "artist": "CMJ",
            "id": 1356157853
        },
        {
            "name": "故梦(琵琶版)",
            "artist": "千年破晓",
            "id": 29401808
        },
        {
            "name": "Rainy Dumplings",
            "artist": "饭碗的彼岸",
            "id": 572182643
        },
        {
            "name": "所念皆星河",
            "artist": "CMJ",
            "id": 1384026889
        },
        {
            "name": "Raining Night",
            "artist": "月海花千野",
            "id": 1423232262
        },
        {
            "name": "夏に花が散る",
            "artist": "羽肿",
            "id": 490687121
        },
        {
            "name": "天空之城（钢琴版）（Cover 久石让）",
            "artist": "iw ix",
            "id": 103027
        }
    ]
}