{
    "playlist_info": {
        "name": "[让你陶醉到窒息•抒情•细腻]",
        "trackcount": 27,
        "playcount": 1016251,
        "creator": "Anita58",
        "createDate": "2014-03-29",
        "heat": 300.0
    },
    "songs": [
        {
            "name": "How Do I Live?",
            "artist": "Sam Levine",
            "id": 22228278
        },
        {
            "name": "Killing Me Softly With His Song",
            "artist": "Sam Levine",
            "id": 22586116
        },
        {
            "name": "Against All Odds 2006 (Take A Look At Me Now) (Cinema Sax Album Version)",
            "artist": "Sam Levine",
            "id": 22585962
        },
        {
            "name": "Against All Odds(Take A Look At Me Now)",
            "artist": "Sam Levine",
            "id": 1991321
        },
        {
            "name": "Careless Whisper",
            "artist": "Sam Levine",
            "id": 19059807
        },
        {
            "name": "I Will Always Love You",
            "artist": "Sam Levine",
            "id": 1991304
        },
        {
            "name": "Can You Feel The Love Tonight",
            "artist": "Sam Levine",
            "id": 1991326
        },
        {
            "name": "Un-break My Heart",
            "artist": "Sam Levine",
            "id": 1991309
        },
        {
            "name": "Tears Of Joy",
            "artist": "Sam Levine",
            "id": 1991299
        },
        {
            "name": "How Do I Live",
            "artist": "Sam Levine",
            "id": 1991317
        },
        {
            "name": "Looking Through Your Eyes",
            "artist": "Sam Levine",
            "id": 1991314
        },
        {
            "name": "Every Time I Close My Eyes",
            "artist": "Sam Levine",
            "id": 22586121
        },
        {
            "name": "The Greatest Love of All",
            "artist": "Sam Levine",
            "id": 1991354
        },
        {
            "name": "Circle of Life",
            "artist": "Sam Levine",
            "id": 1991370
        },
        {
            "name": "Can You Feel The Love Tonight? (Cinema Sax Album Version)",
            "artist": "Sam Levine",
            "id": 22585957
        },
        {
            "name": "I Finally Found Someone (Cinema Sax Album Version)",
            "artist": "Sam Levine",
            "id": 22585956
        },
        {
            "name": "The Prayer",
            "artist": "Sam Levine",
            "id": 1991375
        },
        {
            "name": "Bridge Over Troubled Water",
            "artist": "Sam Levine",
            "id": 1991383
        },
        {
            "name": "Have I Told You Lately That I Love You (Great Sax Album Version)",
            "artist": "Sam Levine",
            "id": 22586129
        },
        {
            "name": "Shower the People",
            "artist": "Sam Levine",
            "id": 1991368
        },
        {
            "name": "I Will Always Love You",
            "artist": "Sam Levine",
            "id": 22228277
        },
        {
            "name": "Stand By Me (R&B Oldies: Heart And Soul Album Version)",
            "artist": "Sam Levine",
            "id": 22376706
        },
        {
            "name": "The Look (Great Sax Album Version)",
            "artist": "Sam Levine",
            "id": 22586132
        },
        {
            "name": "Blessed Be Your Name (Karaoke Version)",
            "artist": "Sam Levine",
            "id": 22442826
        },
        {
            "name": "Room With A View",
            "artist": "Sam Levine",
            "id": 19059811
        },
        {
            "name": "Baby, Baby (Great Sax Album Version)",
            "artist": "Sam Levine",
            "id": 22586127
        },
        {
            "name": "I Believe I Can Fly (Cinema Sax Album Version)",
            "artist": "Sam Levine",
            "id": 22585963
        }
    ]
}