{
    "playlist_info": {
        "name": "Acappella(阿卡贝拉、无伴奏合唱)精选",
        "trackcount": 53,
        "playcount": 28394,
        "creator": "音乐不停歇zbj298",
        "createDate": "2016-01-05",
        "heat": 10.0
    },
    "songs": [
        {
            "name": "Another You (Snow Mountain Mix)",
            "artist": "Naturally 7",
            "id": 1483902271
        },
        {
            "name": "Big bad world",
            "artist": "The Real Group",
            "id": 3597649
        },
        {
            "name": "王妃",
            "artist": "MICappella",
            "id": 26333991
        },
        {
            "name": "Ideal",
            "artist": "Maybebop",
            "id": 27552067
        },
        {
            "name": "Cheerleader",
            "artist": "Pentatonix",
            "id": 34072695
        },
        {
            "name": "Sweet Dreams (Are Made Of This)",
            "artist": "Club for Five",
            "id": 17113539
        },
        {
            "name": "Yellow",
            "artist": "Calculasian",
            "id": 432430753
        },
        {
            "name": "Lady Madonna",
            "artist": "Rajaton",
            "id": 18644447
        },
        {
            "name": "Marvin Gaye",
            "artist": "Straight No Chaser",
            "id": 34928069
        },
        {
            "name": "아빨 닮아서 무뚝뚝해요",
            "artist": "EXIT",
            "id": 26359287
        },
        {
            "name": "Man in the Mirror",
            "artist": "The Idea of North",
            "id": 4387786
        },
        {
            "name": "Do It",
            "artist": "The Flying Pickets",
            "id": 5184813
        },
        {
            "name": "Don't Worry Be Happy",
            "artist": "Bobby McFerrin",
            "id": 1086086
        },
        {
            "name": "Windmills Of Your Mind",
            "artist": "Take 6",
            "id": 19522965
        },
        {
            "name": "vulai qa nirangran",
            "artist": "欧开合唱团",
            "id": 26562926
        },
        {
            "name": "Shambala",
            "artist": "Rockapella",
            "id": 20242612
        },
        {
            "name": "Let There Be Love",
            "artist": "Acappella",
            "id": 3910560
        },
        {
            "name": "Todo Cambió",
            "artist": "Nota",
            "id": 4222091
        },
        {
            "name": "Teenage Dream & Just The Way You Are",
            "artist": "Mike Tompkins",
            "id": 1776020
        },
        {
            "name": "It's Sand, Man!",
            "artist": "The Swingle Singers",
            "id": 4346473
        },
        {
            "name": "You Can't Hurry Love",
            "artist": "baSix",
            "id": 3984991
        },
        {
            "name": "Last Night of the Kings",
            "artist": "Van Canto",
            "id": 19727214
        },
        {
            "name": "I'll Be There For You",
            "artist": "神秘失控人声乐团",
            "id": 378876
        },
        {
            "name": "Our Story",
            "artist": "Tension",
            "id": 382217
        },
        {
            "name": "Clair",
            "artist": "The Singers Unlimited",
            "id": 30070360
        },
        {
            "name": "행복한 상상(A Cappella)",
            "artist": "D.I.A",
            "id": 5372449
        },
        {
            "name": "Wake Me Up",
            "artist": "Home Free",
            "id": 28258573
        },
        {
            "name": "levan Polkka (leva's Polka)",
            "artist": "Loituma",
            "id": 20085496
        },
        {
            "name": "Hotel California",
            "artist": "Vocal Sampling",
            "id": 19691101
        },
        {
            "name": "All You Need Is Love",
            "artist": "The House Jacks",
            "id": 27115661
        },
        {
            "name": "Yesterday",
            "artist": "Jeremy Jackman",
            "id": 4342727
        },
        {
            "name": "Let's Stay Together",
            "artist": "Committed",
            "id": 17139218
        },
        {
            "name": "The Boxer",
            "artist": "The King's Singers",
            "id": 4342911
        },
        {
            "name": "No Pain, No Gain",
            "artist": "The Nylons",
            "id": 21815743
        },
        {
            "name": "It's So Hard to Say Goodbye to Yesterday",
            "artist": "Boyz II Men",
            "id": 3954658
        },
        {
            "name": "She's Out Of My Life",
            "artist": "98º",
            "id": 4443932
        },
        {
            "name": "明天我要嫁给你",
            "artist": "aka a cappella",
            "id": 343458
        },
        {
            "name": "undecidable",
            "artist": "Point Five",
            "id": 22738680
        },
        {
            "name": "分分钟需要你",
            "artist": "姬声雅士",
            "id": 361625
        },
        {
            "name": "爱要坦荡荡",
            "artist": "伯村清唱团",
            "id": 29979897
        },
        {
            "name": "Slow Me Down (Album Version)",
            "artist": "Emmy Rossum",
            "id": 2584831
        },
        {
            "name": "小朋友假日里去郊游",
            "artist": "AKKA人声俱乐部",
            "id": 432464231
        },
        {
            "name": "Resound——《默》",
            "artist": "Resound人声乐团",
            "id": 416384707
        },
        {
            "name": "拥抱奇迹",
            "artist": "燃点人声乐团",
            "id": 425065787
        },
        {
            "name": "Immortals",
            "artist": "Vocal Booth人声乐团",
            "id": 407764601
        },
        {
            "name": "亲爱的去旅行",
            "artist": "New Vorld人声乐团",
            "id": 41642583
        },
        {
            "name": "Faith（翻自  Stevie Wonder/ Ariana Grande）",
            "artist": "阿卡主义人声乐团",
            "id": 461221765
        },
        {
            "name": "Conqueror",
            "artist": "三十八度六人声乐团",
            "id": 430053179
        },
        {
            "name": "贝加尔湖畔",
            "artist": "Paca人声乐团",
            "id": 405167389
        },
        {
            "name": "游夏",
            "artist": "寻声人声乐团",
            "id": 562592294
        },
        {
            "name": "How Great Thou Art",
            "artist": "Tiffany Coburn",
            "id": 1326024074
        },
        {
            "name": "Lonesome Road (Acapella)",
            "artist": "Tim Storms",
            "id": 1350775580
        },
        {
            "name": "Lollipop (From \"Pitch Perfect 2\" Soundtrack)",
            "artist": "The Treblemakers",
            "id": 32019018
        }
    ]
}