{
    "playlist_info": {
        "name": "BEYOND 1991 生命接触演唱会",
        "trackcount": 19,
        "playcount": 229276,
        "creator": "Beyond_KG",
        "createDate": "2019-08-11",
        "heat": 161.0
    },
    "songs": [
        {
            "name": "俾面派对(Live)",
            "artist": "Beyond",
            "id": 347557
        },
        {
            "name": "高温派对(Live)",
            "artist": "Beyond",
            "id": 347560
        },
        {
            "name": "我早应该习惯(Live)",
            "artist": "Beyond",
            "id": 347562
        },
        {
            "name": "午夜怨曲(Live)",
            "artist": "Beyond",
            "id": 347564
        },
        {
            "name": "是错也再不分(Live)",
            "artist": "Beyond",
            "id": 347565
        },
        {
            "name": "愿我能(Live)",
            "artist": "Beyond",
            "id": 347567
        },
        {
            "name": "真的爱你(Live)",
            "artist": "Beyond",
            "id": 347566
        },
        {
            "name": "谁伴我闯荡(Live)",
            "artist": "Beyond",
            "id": 347568
        },
        {
            "name": "灰色轨迹(Live)",
            "artist": "Beyond",
            "id": 347570
        },
        {
            "name": "冷雨夜(Live)",
            "artist": "Beyond",
            "id": 347572
        },
        {
            "name": "完全的拥有(Live)",
            "artist": "Beyond",
            "id": 347574
        },
        {
            "name": "喜欢你(Live)",
            "artist": "Beyond",
            "id": 347576
        },
        {
            "name": "月光光(Live)",
            "artist": "Beyond",
            "id": 347578
        },
        {
            "name": "旧日的足迹(Live)",
            "artist": "Beyond",
            "id": 347580
        },
        {
            "name": "大地(Live)",
            "artist": "Beyond",
            "id": 347582
        },
        {
            "name": "不再犹豫(Live)",
            "artist": "Beyond",
            "id": 347583
        },
        {
            "name": "Amani (Live)",
            "artist": "Beyond",
            "id": 347585
        },
        {
            "name": "金属狂人(Live)",
            "artist": "Beyond",
            "id": 347587
        },
        {
            "name": "再见理想(Live)",
            "artist": "Beyond",
            "id": 347589
        },
        {
            "name": "光辉岁月(Live)",
            "artist": "Beyond",
            "id": 347591
        }
    ]
}