{
    "playlist_info": {
        "name": "Carnival | 嘉年华 舞池节奏狂欢",
        "trackcount": 60,
        "playcount": 437642,
        "creator": "云音乐电音星球",
        "createDate": "2022-08-16",
        "heat": 1382.0
    },
    "songs": [
        {
            "name": "Ni de Coña (Stoltenhoff Remix)",
            "artist": "Wiwek",
            "id": 1307129628
        },
        {
            "name": "Pull Up",
            "artist": "ACRAZE",
            "id": 548635041
        },
        {
            "name": "Techno",
            "artist": "Yellow Claw",
            "id": 28850815
        },
        {
            "name": "Tell Me",
            "artist": "Rawtek",
            "id": 1356445377
        },
        {
            "name": "Wraith",
            "artist": "YOOKiE",
            "id": 1345672300
        },
        {
            "name": "Fuji Opener",
            "artist": "Skrillex",
            "id": 1378370978
        },
        {
            "name": "Beast Mode",
            "artist": "Kura",
            "id": 1370255068
        },
        {
            "name": "More Fiyah!",
            "artist": "Vivanco",
            "id": 1314198023
        },
        {
            "name": "Home",
            "artist": "Cesqeaux",
            "id": 1318265336
        },
        {
            "name": "OMG Dynasty",
            "artist": "Yellow Claw",
            "id": 862100825
        },
        {
            "name": "Nazca",
            "artist": "SPEKTRUM",
            "id": 479938109
        },
        {
            "name": "Haunted (Extended Mix)",
            "artist": "Dave Mak",
            "id": 1347618282
        },
        {
            "name": "Max Overload",
            "artist": "Stoutty",
            "id": 552663255
        },
        {
            "name": "Drum Rasta",
            "artist": "Beatz Freq & Krischvn",
            "id": 547411242
        },
        {
            "name": "Dich (feat. Lakke Musky)",
            "artist": "Donald Bucks",
            "id": 1320384692
        },
        {
            "name": "Make It Hot",
            "artist": "Zorro",
            "id": 1840260199
        },
        {
            "name": "Alarm (Original Mix)",
            "artist": "Donny",
            "id": 1325831454
        },
        {
            "name": "Whip It",
            "artist": "LiL TExAS",
            "id": 538638957
        },
        {
            "name": "Rush Hour",
            "artist": "Juyen Sebulba",
            "id": 1376826960
        },
        {
            "name": "Pega Pega",
            "artist": "Freebot",
            "id": 1347227934
        },
        {
            "name": "INDA CLUB",
            "artist": "LUKAV",
            "id": 1403062078
        },
        {
            "name": "Snakes (Eva Shaw & Luca Rezza Remix)",
            "artist": "DB Bantino",
            "id": 1347837173
        },
        {
            "name": "Let Me Know",
            "artist": "Ben Ambergen",
            "id": 1348712868
        },
        {
            "name": "Jump (Original Mix)",
            "artist": "Mister cheli",
            "id": 1452492936
        },
        {
            "name": "DALE",
            "artist": "M3B",
            "id": 1347229910
        },
        {
            "name": "Invincible Sprint",
            "artist": "BlackSamurai.T",
            "id": 1462899102
        },
        {
            "name": "A Different Way (Aazar Remix)",
            "artist": "Aazar",
            "id": 511921875
        },
        {
            "name": "POWER",
            "artist": "SAYMYNAME",
            "id": 1879770800
        },
        {
            "name": "DANGA",
            "artist": "Purofuego",
            "id": 1347229909
        },
        {
            "name": "Murda Sound",
            "artist": "Garvanin",
            "id": 514405403
        },
        {
            "name": "Drop It",
            "artist": "SAYMYNAME",
            "id": 509728827
        },
        {
            "name": "Know Bout",
            "artist": "Noise Cans",
            "id": 1353655217
        },
        {
            "name": "Jungle Friends",
            "artist": "Didier",
            "id": 522741973
        },
        {
            "name": "Rumba",
            "artist": "VESK GREEN 青菜",
            "id": 520629813
        },
        {
            "name": "Frakatán",
            "artist": "Los Dutis",
            "id": 462575843
        },
        {
            "name": "Chu Chu Clap",
            "artist": "Boaz Van de Beatz",
            "id": 516654116
        },
        {
            "name": "The Hardest",
            "artist": "LNY TNZ",
            "id": 518895666
        },
        {
            "name": "Love Is Dead (LNY TNZ Remix)",
            "artist": "4B",
            "id": 865287965
        },
        {
            "name": "Geisha",
            "artist": "LNY TNZ",
            "id": 865861079
        },
        {
            "name": "All That I Need",
            "artist": "Borgeous",
            "id": 563249986
        },
        {
            "name": "Terror Squad(Bro Safari & Ricky Remedy Remix)",
            "artist": "Zomboy",
            "id": 32196420
        },
        {
            "name": "Double Dribble",
            "artist": "Wiwek",
            "id": 456952562
        },
        {
            "name": "Rock You",
            "artist": "Excision",
            "id": 29163477
        },
        {
            "name": "It's Time (feat. Bruce Buffer)",
            "artist": "Steve Aoki",
            "id": 550138093
        },
        {
            "name": "Tremor (Sullivan King & Riot Ten Bootleg)",
            "artist": "Sullivan King",
            "id": 474567628
        },
        {
            "name": "Run Away (Valentino Khan Remix)",
            "artist": "Valentino Khan",
            "id": 412902548
        },
        {
            "name": "Time For The Techno",
            "artist": "Carnage",
            "id": 507134034
        },
        {
            "name": "City On Lockdown (Crisis Era Remix)",
            "artist": "Yellow Claw",
            "id": 504206174
        },
        {
            "name": "Ravage",
            "artist": "Aazar",
            "id": 444524118
        },
        {
            "name": "Kali",
            "artist": "Wyko",
            "id": 1443002060
        },
        {
            "name": "Fumando",
            "artist": "Tekraw",
            "id": 458496688
        },
        {
            "name": "Valentino Khan - Lunchbox (Tolein Bootleg Remix)（Tolein remix）",
            "artist": "Tolein",
            "id": 512558259
        },
        {
            "name": "Hero",
            "artist": "Pegboard Nerds",
            "id": 28636040
        },
        {
            "name": "Whistle Wars (YULTRON Remix)",
            "artist": "YULTRON",
            "id": 493752341
        },
        {
            "name": "After All(LAXX Remix)",
            "artist": "SLANDER",
            "id": 448706016
        },
        {
            "name": "Saria's Turn Up(Original Mix)",
            "artist": "GTA",
            "id": 36094212
        },
        {
            "name": "Lean On (Dillon Francis & Jauz Remix)",
            "artist": "Major Lazer",
            "id": 415792244
        },
        {
            "name": "Just Dance",
            "artist": "Pegboard Nerds",
            "id": 522510719
        },
        {
            "name": "El Sonidito (Steve Aoki & Reid Stefan Remix)",
            "artist": "Steve Aoki",
            "id": 37202106
        },
        {
            "name": "Last Fight",
            "artist": "Bassjackers",
            "id": 530995524
        }
    ]
}