{
    "playlist_info": {
        "name": "Chill Trap",
        "trackcount": 284,
        "playcount": 515170,
        "creator": "DiveBoi",
        "createDate": "2016-01-18",
        "heat": 189.0
    },
    "songs": [
        {
            "name": "Clear Waters",
            "artist": "TroyBoi",
            "id": 1811853698
        },
        {
            "name": "PASS OUT",
            "artist": "POOTY",
            "id": 1886516382
        },
        {
            "name": "7.21",
            "artist": "THE SHINING",
            "id": 1473777336
        },
        {
            "name": "Colors",
            "artist": "IAMNOBODI",
            "id": 1462090279
        },
        {
            "name": "Meangirl Ft. Res",
            "artist": "Sonia Calico",
            "id": 416388807
        },
        {
            "name": "Wave 299",
            "artist": "L*o*J",
            "id": 1454617523
        },
        {
            "name": "Overjoyed",
            "artist": "LAKEY INSPIRED",
            "id": 1348527401
        },
        {
            "name": "West Coast ****",
            "artist": "EZRA",
            "id": 404783920
        },
        {
            "name": "Nostalgia",
            "artist": "Audiobot",
            "id": 1440416518
        },
        {
            "name": "Jacq (featuring Melanie Faye)",
            "artist": "IAMNOBODI",
            "id": 1435984602
        },
        {
            "name": "Grow (featuring Sir & Iman Europe)",
            "artist": "IAMNOBODI",
            "id": 1435984607
        },
        {
            "name": "Shrine",
            "artist": "alex martian",
            "id": 1353626793
        },
        {
            "name": "The End",
            "artist": "Yugi Boi",
            "id": 522529470
        },
        {
            "name": "Forget us",
            "artist": "Dilip",
            "id": 1346989557
        },
        {
            "name": "Ballin'",
            "artist": "Dilip",
            "id": 1411750860
        },
        {
            "name": "Might As Well",
            "artist": "Roshima",
            "id": 484730094
        },
        {
            "name": "jazz ting",
            "artist": "Otxhello",
            "id": 1367387978
        },
        {
            "name": "Phases",
            "artist": "ANH",
            "id": 526099027
        },
        {
            "name": "hold up",
            "artist": "Yugi Boi",
            "id": 446508060
        },
        {
            "name": "valley",
            "artist": "Dilip",
            "id": 409646214
        },
        {
            "name": "Rosalind",
            "artist": "Jon Casey",
            "id": 1365639164
        },
        {
            "name": "baby u are toxic",
            "artist": "文艺复兴音乐学院",
            "id": 1441636956
        },
        {
            "name": "Be Alright",
            "artist": "Audiobot",
            "id": 1407076679
        },
        {
            "name": "Cry Nomore (Audiobot Flip)",
            "artist": "Audiobot",
            "id": 411928659
        },
        {
            "name": "Im Here",
            "artist": "Audiobot",
            "id": 483378453
        },
        {
            "name": "alone at the bar",
            "artist": "Audiobot",
            "id": 410654246
        },
        {
            "name": "1994",
            "artist": "Audiobot",
            "id": 410654242
        },
        {
            "name": "eat u alive",
            "artist": "Marian Hill",
            "id": 1427047388
        },
        {
            "name": "Birthday T3-21",
            "artist": "TYRX",
            "id": 1432720824
        },
        {
            "name": "Foreplay",
            "artist": "Jalen Santoy",
            "id": 491757685
        },
        {
            "name": "听听",
            "artist": "幸福小区",
            "id": 1391258937
        },
        {
            "name": "SIA",
            "artist": "PTReX",
            "id": 1351794838
        },
        {
            "name": "Paris In The Rain (Hye Sung Remix)",
            "artist": "HYE SUNG",
            "id": 1313102152
        },
        {
            "name": "Loved Forever",
            "artist": "Rickyxsan",
            "id": 1336866865
        },
        {
            "name": "Find",
            "artist": "Slushii",
            "id": 1333360448
        },
        {
            "name": "Frustrated",
            "artist": "TroyBoi",
            "id": 1321546976
        },
        {
            "name": "thoughts of you",
            "artist": "Vbnd",
            "id": 482636134
        },
        {
            "name": "dolce & gabbana",
            "artist": "loveboi",
            "id": 484730037
        },
        {
            "name": "Candy",
            "artist": "MORE // NIGHT",
            "id": 428375169
        },
        {
            "name": "November (feat. Marsix)",
            "artist": "VISUDY",
            "id": 520601903
        },
        {
            "name": "Dash Dash",
            "artist": "Badrapper",
            "id": 428350258
        },
        {
            "name": "Drifting Apart",
            "artist": "Ocular",
            "id": 480575105
        },
        {
            "name": "Take Your Time!",
            "artist": "Madnap",
            "id": 1303028419
        },
        {
            "name": "Alive (feat. Matt Burton)",
            "artist": "Croosh",
            "id": 471968020
        },
        {
            "name": "That's Nothing",
            "artist": "LinFeng",
            "id": 416388804
        },
        {
            "name": "Producer",
            "artist": "Herzeloyde",
            "id": 463197776
        },
        {
            "name": "Jet Lag",
            "artist": "Ivy Lab",
            "id": 563563561
        },
        {
            "name": "Area Codes",
            "artist": "J-Louis",
            "id": 36871695
        },
        {
            "name": "春 光 乍 泄",
            "artist": "NO.788",
            "id": 571740740
        },
        {
            "name": "let's be honest baby",
            "artist": "whoosh",
            "id": 493283516
        },
        {
            "name": "CRINE",
            "artist": "EZRA",
            "id": 36509916
        },
        {
            "name": "getsohighwithme",
            "artist": "xander.",
            "id": 442605317
        },
        {
            "name": "Baddies",
            "artist": "Ashton McCreight",
            "id": 425299005
        },
        {
            "name": "Open Up",
            "artist": "Ship Wrek",
            "id": 552405854
        },
        {
            "name": "Myrrh",
            "artist": "Coubo",
            "id": 436305474
        },
        {
            "name": "Real Life",
            "artist": "Gill Chang",
            "id": 507532195
        },
        {
            "name": "Bird Scat",
            "artist": "Seiho",
            "id": 463001755
        },
        {
            "name": "_xcusememiss",
            "artist": "big wave ²",
            "id": 481859320
        },
        {
            "name": "all yours (hubrex redo)",
            "artist": "jacobnothubrex.",
            "id": 447279513
        },
        {
            "name": "Tonic Water",
            "artist": "Moglii",
            "id": 469410762
        },
        {
            "name": "SYRUP",
            "artist": "Tea",
            "id": 399953133
        },
        {
            "name": "Hotline Bling",
            "artist": "SRNO",
            "id": 409060768
        },
        {
            "name": "Alone",
            "artist": "Lege 伝説",
            "id": 435288205
        },
        {
            "name": "Glamorous",
            "artist": "nilas",
            "id": 482636978
        },
        {
            "name": "Paprika",
            "artist": "Gill Chang",
            "id": 518094129
        },
        {
            "name": "Gravity (Robotaki Remix)",
            "artist": "Jai Wolf",
            "id": 518894606
        },
        {
            "name": "Girl You No (Original Mix)",
            "artist": "Denis Phenomen",
            "id": 505807372
        },
        {
            "name": "Real Life",
            "artist": "Gill Chang",
            "id": 505665222
        },
        {
            "name": "take me back",
            "artist": "Sam Gellaitry",
            "id": 504265984
        },
        {
            "name": "want u 2",
            "artist": "Sam Gellaitry",
            "id": 504265986
        },
        {
            "name": "@myemail",
            "artist": "Sam Gellaitry",
            "id": 504265985
        },
        {
            "name": "pyrotechnic",
            "artist": "Sam Gellaitry",
            "id": 504264954
        },
        {
            "name": "Tadow",
            "artist": "FKJ",
            "id": 481876106
        },
        {
            "name": "ONE TWO",
            "artist": "Cavalier",
            "id": 415793059
        },
        {
            "name": "Flirt",
            "artist": "Cavalier",
            "id": 425280088
        },
        {
            "name": "Before U Go",
            "artist": "Cavalier",
            "id": 417250221
        },
        {
            "name": "Allure",
            "artist": "Cavalier",
            "id": 422094345
        },
        {
            "name": "UNIVERSE",
            "artist": "Cavalier",
            "id": 426852709
        },
        {
            "name": "Commas",
            "artist": "Cavalier",
            "id": 417250225
        },
        {
            "name": "melee / falling",
            "artist": "Cavalier",
            "id": 423997772
        },
        {
            "name": "Marlena",
            "artist": "Howie Lee",
            "id": 30064464
        },
        {
            "name": "Fall From Here (Jarreau Vandal Remix)",
            "artist": "Nick Brewer",
            "id": 31053260
        },
        {
            "name": "ㅤㅤ",
            "artist": "KΛGWΣ",
            "id": 493735090
        },
        {
            "name": "It's You",
            "artist": "Kartell",
            "id": 29456352
        },
        {
            "name": "I’ll Be There",
            "artist": "Slushii",
            "id": 495218261
        },
        {
            "name": "F8",
            "artist": "DELAY.",
            "id": 494645631
        },
        {
            "name": "The Dofflin (Wave Racer Remix)",
            "artist": "Cosmo's Midnight",
            "id": 27892015
        },
        {
            "name": "I Know (Nick Pacoli Remix)",
            "artist": "Nick Pacoli",
            "id": 411315657
        },
        {
            "name": "Over U",
            "artist": "LIOHN",
            "id": 456175026
        },
        {
            "name": "Heartbreak Hill",
            "artist": "rodyhaidar",
            "id": 478029296
        },
        {
            "name": "Rushing - Pt. I",
            "artist": "Jerry Folk",
            "id": 486188068
        },
        {
            "name": "Make It Last",
            "artist": "Krs.",
            "id": 41650817
        },
        {
            "name": "wanna be down?",
            "artist": "Krs.",
            "id": 438801691
        },
        {
            "name": "I Want To Know (Krs. Remix)",
            "artist": "Krs.",
            "id": 41650828
        },
        {
            "name": "How It Is",
            "artist": "Krs.",
            "id": 417247170
        },
        {
            "name": "don't need u",
            "artist": "Krs.",
            "id": 438803706
        },
        {
            "name": "Here & Now (esta. Remix)",
            "artist": "ESTA.",
            "id": 440208054
        },
        {
            "name": "Bellyache (Marian Hill Remix)",
            "artist": "Billie Eilish",
            "id": 475255006
        },
        {
            "name": "Saucin' On You",
            "artist": "Ness",
            "id": 406072801
        },
        {
            "name": "Undercover (WeAreTreo Remix)",
            "artist": "WeAreTreo",
            "id": 460628507
        },
        {
            "name": "cherish",
            "artist": "Sam Gellaitry",
            "id": 408522466
        },
        {
            "name": "Be With U",
            "artist": "Tajan",
            "id": 415793866
        },
        {
            "name": "Girlfriend",
            "artist": "Tajan",
            "id": 415793865
        },
        {
            "name": "Immaculate",
            "artist": "eugene cam",
            "id": 469065560
        },
        {
            "name": "Away",
            "artist": "Alex Lustig",
            "id": 465921939
        },
        {
            "name": "Lotta Feelings",
            "artist": "Jam Aunni",
            "id": 462516430
        },
        {
            "name": "I Write Songs About You All The Time",
            "artist": "WEVLTH",
            "id": 417833904
        },
        {
            "name": "Moon and Back (JordanXL Remix)",
            "artist": "曲婉婷",
            "id": 464373019
        },
        {
            "name": "Anymore",
            "artist": "Ella Mai",
            "id": 461457156
        },
        {
            "name": "Shut Up And Groove",
            "artist": "Masego",
            "id": 407889689
        },
        {
            "name": "Without.Her",
            "artist": "Skye Chai",
            "id": 411213274
        },
        {
            "name": "Don't Want You",
            "artist": "Ella Mai",
            "id": 419594457
        },
        {
            "name": "Complicated",
            "artist": "Nicolina",
            "id": 453185922
        },
        {
            "name": "One Last Time (813 Remix)",
            "artist": "813",
            "id": 35755104
        },
        {
            "name": "Don't (Thrdeye Re-Work)",
            "artist": "Thrdeye",
            "id": 405597723
        },
        {
            "name": "Escape From Escapism",
            "artist": "NtrlTaste",
            "id": 451113380
        },
        {
            "name": "Smacked",
            "artist": "DVRX",
            "id": 447926735
        },
        {
            "name": "TUCSON",
            "artist": "healy",
            "id": 448742203
        },
        {
            "name": "3 3 3",
            "artist": "thekidmarkus",
            "id": 452351842
        },
        {
            "name": "be your girl.",
            "artist": "Whereisalex",
            "id": 451126660
        },
        {
            "name": "thank u",
            "artist": "solace",
            "id": 444267509
        },
        {
            "name": "Fresh Out The Shower",
            "artist": "Penthouse Penthouse",
            "id": 35403349
        },
        {
            "name": "If You Let Me",
            "artist": "Sinead Harnett",
            "id": 423314076
        },
        {
            "name": "Unfaithful",
            "artist": "NtrlTaste",
            "id": 412175361
        },
        {
            "name": "Hotline Bling",
            "artist": "SRNO",
            "id": 402073638
        },
        {
            "name": "hope",
            "artist": "Tim Legend",
            "id": 404783968
        },
        {
            "name": "Love",
            "artist": "Tilka",
            "id": 422464008
        },
        {
            "name": "lost (in a metaphorical sense)",
            "artist": "Vbnd",
            "id": 416552255
        },
        {
            "name": "WhateverUNeed (ft. JBird)",
            "artist": "ESTA.",
            "id": 28045418
        },
        {
            "name": "Syrup",
            "artist": "TEA",
            "id": 444269754
        },
        {
            "name": "Azul",
            "artist": "Lux|Beats",
            "id": 442315418
        },
        {
            "name": "a digital love",
            "artist": "Whereisalex",
            "id": 442867412
        },
        {
            "name": "Paris (AKAY Remix)",
            "artist": "SONN",
            "id": 442869370
        },
        {
            "name": "Lies",
            "artist": "Audiobot",
            "id": 417833738
        },
        {
            "name": "Hipster Girl",
            "artist": "SPZRKT",
            "id": 32320089
        },
        {
            "name": "Amor Rocinha",
            "artist": "Sango",
            "id": 28477638
        },
        {
            "name": "Bela",
            "artist": "Sango",
            "id": 38494858
        },
        {
            "name": "Agorinha",
            "artist": "Sango",
            "id": 38494856
        },
        {
            "name": "Maluco",
            "artist": "Sango",
            "id": 28477635
        },
        {
            "name": "Middle of Things, Beautiful Wife (feat. Xavier Omär)",
            "artist": "Sango",
            "id": 27503000
        },
        {
            "name": "Pull Up",
            "artist": "Bnjmn",
            "id": 407889707
        },
        {
            "name": "All The Time (prod. by j.robb)",
            "artist": "VADA",
            "id": 426850504
        },
        {
            "name": "Heart Attack (Snakehips Remix)",
            "artist": "Snakehips",
            "id": 33111826
        },
        {
            "name": "Mudança",
            "artist": "Jarreau Vandal",
            "id": 38494869
        },
        {
            "name": "One of Them",
            "artist": "Eric Bellinger",
            "id": 429769550
        },
        {
            "name": "NEXT UP",
            "artist": "Cavalier",
            "id": 437859734
        },
        {
            "name": "Smoke Signals (Electric Mantis Remix)",
            "artist": "Hotel Garuda",
            "id": 412175205
        },
        {
            "name": "Misa",
            "artist": "Dehku",
            "id": 410802694
        },
        {
            "name": "Oohwee",
            "artist": "Mila J",
            "id": 417908197
        },
        {
            "name": "Glock in my whip",
            "artist": "6-6-6",
            "id": 418603719
        },
        {
            "name": "Fine",
            "artist": "VADA",
            "id": 415793037
        },
        {
            "name": "Say It",
            "artist": "Deverano",
            "id": 419596948
        },
        {
            "name": "Afternoon [Prod. Medasin]",
            "artist": "Deverano",
            "id": 419596954
        },
        {
            "name": "glacier",
            "artist": "Sam Gellaitry",
            "id": 425684888
        },
        {
            "name": "Childhood",
            "artist": "Sam Gellaitry",
            "id": 425684893
        },
        {
            "name": "Love Is Blind (Sam Gellaitry Remix)",
            "artist": "Sam Gellaitry",
            "id": 405372756
        },
        {
            "name": "The Seems",
            "artist": "Sam Gellaitry",
            "id": 29344799
        },
        {
            "name": "To Earth and Back",
            "artist": "Sam Gellaitry",
            "id": 410628258
        },
        {
            "name": "Destiny's Child",
            "artist": "Jacquees",
            "id": 28341413
        },
        {
            "name": "Come Thru",
            "artist": "Jacquees",
            "id": 28341416
        },
        {
            "name": "Zaddy",
            "artist": "Ty Dolla $ign",
            "id": 427614519
        },
        {
            "name": "Chill",
            "artist": "Trey Songz",
            "id": 32174291
        },
        {
            "name": "Down for You (feat. BJ The Chicago Kid)",
            "artist": "Kehlani",
            "id": 31421436
        },
        {
            "name": "You Got What You Wanted",
            "artist": "Haley Smalls",
            "id": 431357458
        },
        {
            "name": "Habits",
            "artist": "Rare",
            "id": 433018873
        },
        {
            "name": "Watch",
            "artist": "Curtis Williams",
            "id": 425137431
        },
        {
            "name": "Kettle Gong",
            "artist": "Cubs",
            "id": 432506478
        },
        {
            "name": "First day of winter",
            "artist": "Jorgen Odegard",
            "id": 33579249
        },
        {
            "name": "Touch",
            "artist": "Pia Mia",
            "id": 36019994
        },
        {
            "name": "On My Mind",
            "artist": "Pia Mia",
            "id": 28152760
        },
        {
            "name": "Give It All Up",
            "artist": "SRNO",
            "id": 407002486
        },
        {
            "name": "Sideways",
            "artist": "TastyTreat",
            "id": 426026427
        },
        {
            "name": "Sunroof",
            "artist": "WESTSIDE BOOGIE",
            "id": 430041081
        },
        {
            "name": "Right Here",
            "artist": "Thomas White & Timbah",
            "id": 33314359
        },
        {
            "name": "Summer Love",
            "artist": "Tim Legend",
            "id": 411921934
        },
        {
            "name": "Gellaitry Groove",
            "artist": "swindail",
            "id": 41650978
        },
        {
            "name": "hold tight (rework)",
            "artist": "Tim Legend",
            "id": 404784938
        },
        {
            "name": "Lo Perdona",
            "artist": "Justin Quiles",
            "id": 420154843
        },
        {
            "name": "Hotline Bling (Spanish Remix)",
            "artist": "Justin Quiles",
            "id": 399354154
        },
        {
            "name": "Insomnia",
            "artist": "Vbnd",
            "id": 422977746
        },
        {
            "name": "Rushing",
            "artist": "lauren cruz",
            "id": 419254105
        },
        {
            "name": "Decisions",
            "artist": "Finding Hope",
            "id": 411921347
        },
        {
            "name": "1021",
            "artist": "Audiobot",
            "id": 414586061
        },
        {
            "name": "essex (Surface EP out soon)",
            "artist": "su na",
            "id": 412911101
        },
        {
            "name": "Book Of Us",
            "artist": "Said The Sky",
            "id": 32574611
        },
        {
            "name": "Til The Morning (Snakehips Remix)",
            "artist": "Snakehips",
            "id": 33111902
        },
        {
            "name": "Staring at the Sunset (feat. EZRA)",
            "artist": "Cavalier",
            "id": 413812650
        },
        {
            "name": "Lights Out",
            "artist": "Haley Smalls",
            "id": 410628906
        },
        {
            "name": "Hotline Bling/ How Deep Is Your Love (Sickick Version!!)",
            "artist": "Sickick",
            "id": 407450359
        },
        {
            "name": "Sorry (Ekali Remix)",
            "artist": "Ekali",
            "id": 409647615
        },
        {
            "name": "No One (Kayge Calypso & DUNN Remix)",
            "artist": "Kayge Calypso",
            "id": 402073093
        },
        {
            "name": "Unload",
            "artist": "Choys",
            "id": 411315355
        },
        {
            "name": "waiting on you",
            "artist": "Tim Legend",
            "id": 404783960
        },
        {
            "name": "Gold",
            "artist": "Cabu",
            "id": 407889892
        },
        {
            "name": "Your Bed",
            "artist": "Kev",
            "id": 403711207
        },
        {
            "name": "Kenshin",
            "artist": "Kuro 黒",
            "id": 409302228
        },
        {
            "name": "What You Want",
            "artist": "Three Dog",
            "id": 409302229
        },
        {
            "name": "Inside Out",
            "artist": "JEA",
            "id": 405597612
        },
        {
            "name": "Glade",
            "artist": "JEA",
            "id": 409302230
        },
        {
            "name": "Nevermind",
            "artist": "Chiefs",
            "id": 28074021
        },
        {
            "name": "That's The Way I Like It",
            "artist": "Chiefs",
            "id": 36783964
        },
        {
            "name": "Float",
            "artist": "Chiefs",
            "id": 34169370
        },
        {
            "name": "Lost & Found",
            "artist": "Cresce",
            "id": 41644660
        },
        {
            "name": "Say It",
            "artist": "Cresce",
            "id": 41644656
        },
        {
            "name": "Attraction",
            "artist": "Cresce",
            "id": 41644659
        },
        {
            "name": "Japaneasy",
            "artist": "MORE // NIGHT",
            "id": 404784315
        },
        {
            "name": "Work (Ape Drums Ting)",
            "artist": "Ape Drums",
            "id": 408522987
        },
        {
            "name": "Drowning",
            "artist": "WRLD",
            "id": 407126989
        },
        {
            "name": "Dream Dance",
            "artist": "KRANE",
            "id": 32405163
        },
        {
            "name": "Toro",
            "artist": "KRANE",
            "id": 32405041
        },
        {
            "name": "Coffee",
            "artist": "SubtomiK",
            "id": 408332713
        },
        {
            "name": "Syrup",
            "artist": "Stwo",
            "id": 27930214
        },
        {
            "name": "Drive Slow Homie Pt II (1)",
            "artist": "Ta-Ku",
            "id": 28105352
        },
        {
            "name": "My Beyoncé",
            "artist": "Dej Loaf",
            "id": 38846171
        },
        {
            "name": "Computa Love",
            "artist": "B. Bravo",
            "id": 24467939
        },
        {
            "name": "Ikarus",
            "artist": "LADI6",
            "id": 27602417
        },
        {
            "name": "eh",
            "artist": "Graves",
            "id": 406907033
        },
        {
            "name": "Oh, Brooklyn",
            "artist": "mr. carmack",
            "id": 28877873
        },
        {
            "name": "Want My Love (TastyTreat x BLACK MONDAY Remix)",
            "artist": "TastyTreat",
            "id": 34167133
        },
        {
            "name": "Be Your Girl",
            "artist": "Cavalier",
            "id": 404746025
        },
        {
            "name": "Changes (Prod. by Stanislav Avanesov)",
            "artist": "WAVE17",
            "id": 404744137
        },
        {
            "name": "€gomind (Bruno Mars Vocal Flip)",
            "artist": "Choys",
            "id": 404783011
        },
        {
            "name": "LOVE U",
            "artist": "MISOGI",
            "id": 404184219
        },
        {
            "name": "Make You Love Me",
            "artist": "Giraffage",
            "id": 405079317
        },
        {
            "name": "You Got Me",
            "artist": "Kruisemode",
            "id": 28601724
        },
        {
            "name": "The Buzz",
            "artist": "Hermitude",
            "id": 32165733
        },
        {
            "name": "Feel Good Inc. (Swindail Remix)",
            "artist": "swindail",
            "id": 41650979
        },
        {
            "name": "Lover's Charm",
            "artist": "Sorrow",
            "id": 28361356
        },
        {
            "name": "Without You",
            "artist": "Caius",
            "id": 41672687
        },
        {
            "name": "BB Don't Cry",
            "artist": "Sango",
            "id": 33791232
        },
        {
            "name": "TRY",
            "artist": "SRNO",
            "id": 402070665
        },
        {
            "name": "Cryin",
            "artist": "Stwo",
            "id": 26605333
        },
        {
            "name": "Own​.​me",
            "artist": "Telescope Thieves",
            "id": 41672720
        },
        {
            "name": "Quadron",
            "artist": "ESTA.",
            "id": 26365068
        },
        {
            "name": "RockWithU",
            "artist": "ESTA.",
            "id": 26365067
        },
        {
            "name": "Relax Yo",
            "artist": "MORE // NIGHT",
            "id": 404783302
        },
        {
            "name": "Yourtouchisthefuel",
            "artist": "Rossylo",
            "id": 404543936
        },
        {
            "name": "I'm On One",
            "artist": "PRXZM",
            "id": 404543268
        },
        {
            "name": "On My Way",
            "artist": "KRANE",
            "id": 404543601
        },
        {
            "name": "Dat Girl",
            "artist": "WYLN",
            "id": 404184631
        },
        {
            "name": "Birds on the Moon",
            "artist": "Egyptian Art",
            "id": 404184214
        },
        {
            "name": "For You",
            "artist": "Medasin",
            "id": 41667975
        },
        {
            "name": "Heaven Sent",
            "artist": "J-Louis",
            "id": 36871596
        },
        {
            "name": "J-Louis x Pyrmdplaza",
            "artist": "J-Louis",
            "id": 36871666
        },
        {
            "name": "Unfaith (1)",
            "artist": "Ekali",
            "id": 41667974
        },
        {
            "name": "On My Own",
            "artist": "TroyBoi",
            "id": 33856647
        },
        {
            "name": "Goodnight",
            "artist": "Cosmo's Midnight",
            "id": 33367118
        },
        {
            "name": "Chasing Time (Feki Remix)",
            "artist": "Feki",
            "id": 34892482
        },
        {
            "name": "Meridian",
            "artist": "su na",
            "id": 33984675
        },
        {
            "name": "How About Now (Jeftuz Remix)",
            "artist": "Drake",
            "id": 41636431
        },
        {
            "name": "Y2K",
            "artist": "LIZ",
            "id": 28299637
        },
        {
            "name": "The Rain (StéLouse  Edition)",
            "artist": "StayLoose",
            "id": 34057028
        },
        {
            "name": "Keep Being You",
            "artist": "Isyana Sarasvati",
            "id": 35845177
        },
        {
            "name": "Wake Up Call",
            "artist": "CMC$",
            "id": 32803826
        },
        {
            "name": "You're the Best (Fono Remix)",
            "artist": "Wet",
            "id": 35676724
        },
        {
            "name": "Bubble Bath Dreams",
            "artist": "IAMNOBODI",
            "id": 27708107
        },
        {
            "name": "Maputo Dance",
            "artist": "IAMNOBODI",
            "id": 28247288
        },
        {
            "name": "Frozen [Prod. IAMNOBODI]",
            "artist": "Little Simz",
            "id": 32477958
        },
        {
            "name": "For Real (IAMNOBODI RMX)",
            "artist": "Amel Larrieux",
            "id": 27866381
        },
        {
            "name": "Beautiful",
            "artist": "Fwdslxsh",
            "id": 33987429
        },
        {
            "name": "Hamārā",
            "artist": "Whispa",
            "id": 39224582
        },
        {
            "name": "Down For You",
            "artist": "Ta-Ku",
            "id": 33020786
        },
        {
            "name": "Give It Up",
            "artist": "Nude",
            "id": 35847570
        },
        {
            "name": "Fill Me In (Duncan Gerow)",
            "artist": "Craig David",
            "id": 41636433
        },
        {
            "name": "Booty Shorts",
            "artist": "Penthouse Penthouse",
            "id": 35470514
        },
        {
            "name": "Conspicuous",
            "artist": "Penthouse Penthouse",
            "id": 35470493
        },
        {
            "name": "Please Pick Up The Phone",
            "artist": "Penthouse Penthouse",
            "id": 35403355
        },
        {
            "name": "Stilettos",
            "artist": "Penthouse Penthouse",
            "id": 35403359
        },
        {
            "name": "Untitled",
            "artist": "Penthouse Penthouse",
            "id": 35403353
        },
        {
            "name": "69' Camaro",
            "artist": "Penthouse Penthouse",
            "id": 35403343
        },
        {
            "name": "When It Rains",
            "artist": "Penthouse Penthouse",
            "id": 32046505
        },
        {
            "name": "Private Jet",
            "artist": "Penthouse Penthouse",
            "id": 32046503
        },
        {
            "name": "Got It Fine (Phazz Remix)",
            "artist": "Phazz",
            "id": 36089599
        },
        {
            "name": "I Wanna Be Down (esta remix)",
            "artist": "ESTA.",
            "id": 29774101
        },
        {
            "name": "Make a Move - Branchez Remix",
            "artist": "Sweater Beats",
            "id": 26364019
        },
        {
            "name": "My All [2 U]",
            "artist": "Tajan",
            "id": 32358788
        },
        {
            "name": "Waiting",
            "artist": "FKJ",
            "id": 28845398
        },
        {
            "name": "hugs",
            "artist": "Kuma",
            "id": 30284972
        },
        {
            "name": "hold tight",
            "artist": "Break",
            "id": 33735860
        },
        {
            "name": "Thinkin' Bout You (Ryan Hemsworth Bootleg)",
            "artist": "Frank Ocean",
            "id": 27010441
        },
        {
            "name": "Weight In Gold",
            "artist": "Gallant",
            "id": 33051438
        },
        {
            "name": "No Other Way",
            "artist": "Snakehips",
            "id": 28950091
        },
        {
            "name": "closure",
            "artist": "gnash",
            "id": 399953124
        },
        {
            "name": "Swimming Pool",
            "artist": "Yuma X",
            "id": 39324664
        }
    ]
}