{
    "playlist_info": {
        "name": "Deep House｜迷之性感中的深邃律动",
        "trackcount": 72,
        "playcount": 2827972,
        "creator": "-电音迷弟",
        "createDate": "2017-12-20",
        "heat": 1402.0
    },
    "songs": [
        {
            "name": "Like You!",
            "artist": "Danny Shark",
            "id": 1372851456
        },
        {
            "name": "Lush Life",
            "artist": "NALYRO",
            "id": 1841908846
        },
        {
            "name": "Morze",
            "artist": "Slider & Magnit",
            "id": 1369658060
        },
        {
            "name": "Cover It Up",
            "artist": "Robert Cristian",
            "id": 1368482632
        },
        {
            "name": "Color (Ilkan Gunuc & Osman Altun Remix)",
            "artist": "Ogün Dalka",
            "id": 1403685144
        },
        {
            "name": "Ke Cap Gap Ba Gia",
            "artist": "DJMuchY",
            "id": 1473560238
        },
        {
            "name": "Secrets",
            "artist": "Regard",
            "id": 1438613692
        },
        {
            "name": "Larg",
            "artist": "Elgit Doda",
            "id": 1393789519
        },
        {
            "name": "Romance",
            "artist": "Bayza",
            "id": 1390291265
        },
        {
            "name": "Ride It (Regard Remix)",
            "artist": "Regard",
            "id": 497616880
        },
        {
            "name": "Be With Me",
            "artist": "Pascal Letoublon",
            "id": 513738981
        },
        {
            "name": "Плакала (Alex Shik & Dobrynin Remix)",
            "artist": "Alex Shik",
            "id": 1338060349
        },
        {
            "name": "I Know You (Anton Ishutin Remix)",
            "artist": "Gosha",
            "id": 538795835
        },
        {
            "name": "Maybe (Deepjack & Mr. Nu Radio Edit)",
            "artist": "Jay Sean",
            "id": 402073582
        },
        {
            "name": "Superstar (Dirty Rush & Gregor Es Remix)",
            "artist": "Mandee",
            "id": 472219715
        },
        {
            "name": "Prisionera (Rino Aqua & MD DJ Remix Radio)",
            "artist": "Otilia",
            "id": 531842654
        },
        {
            "name": "Around My Dreams (Pink Noisy Remix)",
            "artist": "Nick Alexiou",
            "id": 571974404
        },
        {
            "name": "Harlot (Vijay & Sofia Zlatko Remix)",
            "artist": "Vijay & Sofia Zlatko",
            "id": 36668153
        },
        {
            "name": "Andalusia (Filatov & Karas Remix)",
            "artist": "Antoine Chambe",
            "id": 447925185
        },
        {
            "name": "Dancer In The Dark (Original Mix)",
            "artist": "GRABOTE",
            "id": 1334059163
        },
        {
            "name": "Leave the lights on (Stoto remix)",
            "artist": "Meiko",
            "id": 33291727
        },
        {
            "name": "RSAC-NBA（NUANHAO / MINGYANG remix）",
            "artist": "NUANHAO",
            "id": 1385929681
        },
        {
            "name": "Da Da Da (Remix by Mikis)",
            "artist": "Tanir",
            "id": 1398843537
        },
        {
            "name": "Friendships",
            "artist": "Pascal Letoublon",
            "id": 505449407
        },
        {
            "name": "Waking up the Neighbors",
            "artist": "Croatia Squad",
            "id": 443292138
        },
        {
            "name": "We Don't Need No Sleep",
            "artist": "Croatia Squad",
            "id": 435552610
        },
        {
            "name": "Hit Me (Original Mix)",
            "artist": "Lika Morgan",
            "id": 403710248
        },
        {
            "name": "Dynamite (Dub Mix)",
            "artist": "Suprafive",
            "id": 1302171641
        },
        {
            "name": "Take Me to Infinity (Radio Edit)",
            "artist": "Consoul Trainin",
            "id": 431855270
        },
        {
            "name": "Make You Hustle",
            "artist": "Croatia Squad",
            "id": 475073477
        },
        {
            "name": "Sweet Sensation",
            "artist": "Mose N",
            "id": 1331996746
        },
        {
            "name": "Feel The Rush",
            "artist": "EDX",
            "id": 477332816
        },
        {
            "name": "Say My Name",
            "artist": "DJ Dark",
            "id": 1346894772
        },
        {
            "name": "Set Me Free",
            "artist": "Max Oazo",
            "id": 1311826934
        },
        {
            "name": "Dependent",
            "artist": "еяхат музыка",
            "id": 543927569
        },
        {
            "name": "Fiery Sky",
            "artist": "Jarico",
            "id": 1325896666
        },
        {
            "name": "BOOM",
            "artist": "Tiësto",
            "id": 474581010
        },
        {
            "name": "Erhu",
            "artist": "DJ Dark",
            "id": 1341503728
        },
        {
            "name": "Creep",
            "artist": "Gamper & Dadoni",
            "id": 485612576
        },
        {
            "name": "Faded",
            "artist": "ZHU",
            "id": 28436980
        },
        {
            "name": "Mad Love",
            "artist": "Ferreck Dawn",
            "id": 427542261
        },
        {
            "name": "On The Top",
            "artist": "LIZOT",
            "id": 440208814
        },
        {
            "name": "See It Again",
            "artist": "Loud Luxury",
            "id": 447076645
        },
        {
            "name": "High On You",
            "artist": "EDX",
            "id": 427542256
        },
        {
            "name": "All In My Head",
            "artist": "Nadia Ali",
            "id": 34923725
        },
        {
            "name": "Give Me Wings",
            "artist": "Jerome",
            "id": 32640251
        },
        {
            "name": "Shiva (Radio Edit)",
            "artist": "MD DJ",
            "id": 558148812
        },
        {
            "name": "Toms (Radio Edit)",
            "artist": "OMR",
            "id": 34033274
        },
        {
            "name": "Wa Wa (Radio Edit)",
            "artist": "Sam Collins",
            "id": 458238658
        },
        {
            "name": "Champagne Ocean",
            "artist": "Ehrling",
            "id": 436147067
        },
        {
            "name": "Missing (feat. Mingue)",
            "artist": "EDX",
            "id": 400690202
        },
        {
            "name": "Bei Dir Bin Ich Schön",
            "artist": "2raumwohnung",
            "id": 28421219
        },
        {
            "name": "Heaven (Kiso Remix)",
            "artist": "Kiso",
            "id": 406346559
        },
        {
            "name": "Nëntori (Bess Remix)",
            "artist": "Bess",
            "id": 463001636
        },
        {
            "name": "Don't You Worry Child (Charming Horses Remix)",
            "artist": "Beth",
            "id": 36664902
        },
        {
            "name": "Pretty Little White Lies",
            "artist": "LIZOT",
            "id": 511920252
        },
        {
            "name": "Bad Boys Cry (Original Mix)",
            "artist": "Mark Lower",
            "id": 26259203
        },
        {
            "name": "Play Bad (Sander W. Remix)",
            "artist": "Sander W.",
            "id": 416552639
        },
        {
            "name": "Mhm Mhm (Sebastien Remix)",
            "artist": "Manuel Riva",
            "id": 459062906
        },
        {
            "name": "You Might Be (GoldFish Remix)",
            "artist": "Goldfish",
            "id": 488953797
        },
        {
            "name": "Tell Me Who (Deeperise Remix)",
            "artist": "Deeperise",
            "id": 486837540
        },
        {
            "name": "Tokyo Drift (Deep House Cover)",
            "artist": "AnimeVibe",
            "id": 865592685
        },
        {
            "name": "Wildest Dreams (Extended Mix)",
            "artist": "Vijay & Sofia Zlatko",
            "id": 403136279
        },
        {
            "name": "Nentori (Dj Dark & MD Dj Remix)",
            "artist": "Arilena Ara",
            "id": 491955101
        },
        {
            "name": "If Your Girl Only Knew (Liva-K Edit)",
            "artist": "Liva K",
            "id": 35448742
        },
        {
            "name": "Coco Jamboo (Calippo Remix Edit)",
            "artist": "Angelika Vee",
            "id": 481535757
        },
        {
            "name": "Catchfire (Sun Sun Sun) (EDX’s Miami Sunset Remix)",
            "artist": "Spada",
            "id": 39443927
        },
        {
            "name": "If Your Girl Only Knew (2018 Brazilian Summer Remix)",
            "artist": "Boehm",
            "id": 528270567
        },
        {
            "name": "This Girl",
            "artist": "Kungs",
            "id": 404276447
        },
        {
            "name": "Seven Nation Army (Ben Callahan Remix)",
            "artist": "Ben Callahan",
            "id": 519943217
        },
        {
            "name": "My Love (Dmitriy Rs & DJ Cheeful Remix)",
            "artist": "East Clubbers",
            "id": 486837237
        },
        {
            "name": "Something Just Like This (DJ Asher Remix Cover)",
            "artist": "DJ Asher",
            "id": 504017347
        }
    ]
}