{
    "playlist_info": {
        "name": "EMO纯音乐（纯享版）",
        "trackcount": 135,
        "playcount": 607461,
        "creator": "_被钓过的男高中生_",
        "createDate": "2019-03-18",
        "heat": 388.0
    },
    "songs": [
        {
            "name": "窗外暴雨再狂澜 淋不湿屋内的你 (slowed)",
            "artist": "给猫讲故事",
            "id": 1994057212
        },
        {
            "name": "我 想 慢 点 长 大（live）",
            "artist": "给猫讲故事",
            "id": 1993525055
        },
        {
            "name": "我希望__________",
            "artist": "HOPERUI",
            "id": 1969841968
        },
        {
            "name": "只是回忆加了分 （0.8x）",
            "artist": "给猫讲故事",
            "id": 2031796212
        },
        {
            "name": "如果时光可以倒流 （Live）",
            "artist": "美 梦 领 取 屋",
            "id": 2039295463
        },
        {
            "name": "Shootout (Slowed + Reverb)",
            "artist": "Izzamuzzic",
            "id": 1960767193
        },
        {
            "name": "Counter Attack（钢琴版）",
            "artist": "ILLBlAUER",
            "id": 1989336467
        },
        {
            "name": "交界（0.9）",
            "artist": "鱼",
            "id": 1987257474
        },
        {
            "name": "Letting Go纯音(1.1x)",
            "artist": "Tucci",
            "id": 2047820134
        },
        {
            "name": "反正你也不会听",
            "artist": "Chifoov",
            "id": 571828086
        },
        {
            "name": "无法停留的爱",
            "artist": "baifm",
            "id": 1979618737
        },
        {
            "name": "Shadow of the Sun",
            "artist": "离の离",
            "id": 1949606307
        },
        {
            "name": "Reaction",
            "artist": "sAr",
            "id": 25731431
        },
        {
            "name": "写在风中的信（吉他版）",
            "artist": "Jazzzcz",
            "id": 2026783884
        },
        {
            "name": "我好想你(原版间奏）",
            "artist": "Benn",
            "id": 1948254457
        },
        {
            "name": "该释怀了 (DJ版)",
            "artist": "依邦妮",
            "id": 2003336381
        },
        {
            "name": "先忘记模样还是声音",
            "artist": "尹小美",
            "id": 1994543172
        },
        {
            "name": "【FREE】lucky",
            "artist": "Salder4cash",
            "id": 1392600538
        },
        {
            "name": "起风了（间奏加长版）",
            "artist": "弎江",
            "id": 1946803091
        },
        {
            "name": "周潇齐的意难平V3",
            "artist": "Dj文宇宇",
            "id": 2001950405
        },
        {
            "name": "回忆观影券(Acoustic)",
            "artist": "淺茶",
            "id": 1897356046
        },
        {
            "name": "写在风中的信（emo钢琴慢版）",
            "artist": "咩咩年",
            "id": 2000726265
        },
        {
            "name": "Быть рядом.",
            "artist": "MΣ$†ΛMN ΣKCПØNΛ†",
            "id": 477823086
        },
        {
            "name": "盛夏光年（伴奏）（live in the sky版）",
            "artist": "五月天",
            "id": 1898907962
        },
        {
            "name": "Hidden Path",
            "artist": "Sleep Dealer",
            "id": 28164935
        },
        {
            "name": "lost my pieces",
            "artist": "kyuu",
            "id": 1307478622
        },
        {
            "name": "Born a Stranger（slow）",
            "artist": "Lerge",
            "id": 455634241
        },
        {
            "name": "デート2 (1n Cover)",
            "artist": "1n",
            "id": 435305771
        },
        {
            "name": "Autumn Leaf (slowed down version)",
            "artist": "Ares",
            "id": 1965045103
        },
        {
            "name": "路小雨 | Lu Xiao Yu (from \"Secret\")",
            "artist": "Michael Tai",
            "id": 1439739102
        },
        {
            "name": "Starry Sky",
            "artist": "Pam_dinosaur",
            "id": 1413571582
        },
        {
            "name": "Experience",
            "artist": "Ludovico Einaudi",
            "id": 26484066
        },
        {
            "name": "写在风中的信",
            "artist": "L",
            "id": 1949491431
        },
        {
            "name": "一天一天（钢琴纯音乐）（Haru Haru）",
            "artist": "桑子",
            "id": 1803629076
        },
        {
            "name": "《从你的全世界路过》插曲扒带",
            "artist": "ULY",
            "id": 436667409
        },
        {
            "name": "368复机",
            "artist": "河海生云",
            "id": 1909747070
        },
        {
            "name": "過 期（重庆森林）",
            "artist": "除了晚上都困",
            "id": 1846115106
        },
        {
            "name": "苏清-人讲的话就像刀刃",
            "artist": "苏清",
            "id": 1970516763
        },
        {
            "name": "愛",
            "artist": "Xero",
            "id": 863489597
        },
        {
            "name": "Track in Time (Piano Version)",
            "artist": "Dennis Kuo",
            "id": 1811909303
        },
        {
            "name": "你的婚礼",
            "artist": "欣恩的en",
            "id": 1929995196
        },
        {
            "name": "默0.9x",
            "artist": "3illk",
            "id": 1945522541
        },
        {
            "name": "Night Crusing (But Slowed) (prod 牛尾憲輔)",
            "artist": "Alexanbra",
            "id": 1937226721
        },
        {
            "name": "Glass",
            "artist": "nekoi",
            "id": 1384541499
        },
        {
            "name": "Melodic Minor",
            "artist": "xxxCr3",
            "id": 1879965690
        },
        {
            "name": "S",
            "artist": "MyT1aN",
            "id": 1457040727
        },
        {
            "name": "Eines Tages (Martelli Remix Instrumental)",
            "artist": "Azad",
            "id": 1396408685
        },
        {
            "name": "Lost my pieces(M-45)",
            "artist": "橋本由香利",
            "id": 583253
        },
        {
            "name": "Dance For Me Wallis",
            "artist": "Abel Korzeniowski",
            "id": 16336966
        },
        {
            "name": "纯英文版One Last Time（Remix）",
            "artist": "Jay Chou",
            "id": 1857119000
        },
        {
            "name": "Angel",
            "artist": "尹美莱",
            "id": 29777545
        },
        {
            "name": "写在风中的信",
            "artist": "鲸鱼",
            "id": 1925500681
        },
        {
            "name": "【FREE】 lucky (broken)",
            "artist": "小zouzou",
            "id": 1918109773
        },
        {
            "name": "❀",
            "artist": "nevva",
            "id": 521935820
        },
        {
            "name": "In The Shadow Of THe Sun(0.85×）",
            "artist": "WaN",
            "id": 1920658259
        },
        {
            "name": "바람에 쓰는 편지",
            "artist": "July",
            "id": 5308003
        },
        {
            "name": "Experience",
            "artist": "Ludovico Einaudi",
            "id": 402172797
        },
        {
            "name": "The truth that you leave",
            "artist": "Pianoboy高至豪",
            "id": 139774
        },
        {
            "name": "病变(纯音乐)",
            "artist": "南辰Music",
            "id": 1831795705
        },
        {
            "name": "♡B l u e ℉",
            "artist": "bbbluelee",
            "id": 1373776041
        },
        {
            "name": "Revolutions",
            "artist": "Capo Productions",
            "id": 4010799
        },
        {
            "name": "luv u 2",
            "artist": "Seto",
            "id": 1411258523
        },
        {
            "name": "Lonely Day",
            "artist": "Jurrivh",
            "id": 546723298
        },
        {
            "name": "Lightscape - Recollection",
            "artist": "7 K boss",
            "id": 1859707176
        },
        {
            "name": "ǝɔuɐɹʇuǝ uɐ ƃuᴉʞɐɯ (combination lock & ʎpoqou)",
            "artist": "ʎpoqou",
            "id": 431259949
        },
        {
            "name": "无感",
            "artist": "王朝",
            "id": 1357839856
        },
        {
            "name": "2PM-Tik Tok（鹿Nero / 马思远Music / Vol8a remix）",
            "artist": "Killer",
            "id": 1497228119
        },
        {
            "name": "Улетали птицами гордыми",
            "artist": "NUANHAO",
            "id": 1377164042
        },
        {
            "name": "Autumn Leaf",
            "artist": "re:plus",
            "id": 26111937
        },
        {
            "name": "Hanabi",
            "artist": "Sharman Rock",
            "id": 28578763
        },
        {
            "name": "Bleibst in meinem Kopf",
            "artist": "Vsel",
            "id": 1497360131
        },
        {
            "name": "Shattered Time",
            "artist": "安约翰AJC",
            "id": 513564524
        },
        {
            "name": "满舒克/jony j - lost （instrumental） 扒带作品",
            "artist": "DBRT",
            "id": 525796229
        },
        {
            "name": "ＷＡＩＴＩＮＧ",
            "artist": "TRA$H",
            "id": 517565384
        },
        {
            "name": "Memories",
            "artist": "TRA$H",
            "id": 517566417
        },
        {
            "name": "无仙",
            "artist": "Candy_Wind",
            "id": 556673324
        },
        {
            "name": "一天一天（钢琴版）（翻自 Various Artists）",
            "artist": "柳轻颂",
            "id": 1449463159
        },
        {
            "name": "鱼Jazzguitar/Lucky",
            "artist": "辛辛君",
            "id": 1486536477
        },
        {
            "name": "Ns-Hometown (伤感旋律版)（Bater official remix）",
            "artist": "Bater official",
            "id": 1806115147
        },
        {
            "name": "Love Is Gone（钢琴版）（翻自 SLANDER）",
            "artist": "柳轻颂",
            "id": 1458236782
        },
        {
            "name": "The Way I Still Love You",
            "artist": "ALisa",
            "id": 1474400749
        },
        {
            "name": "Exil",
            "artist": "Hiboky",
            "id": 1367381077
        },
        {
            "name": "Katie Sky-Monsters（DryJo remix）",
            "artist": "DryJo",
            "id": 1367996541
        },
        {
            "name": "I'll Be Waiting...",
            "artist": "Pearl",
            "id": 404184492
        },
        {
            "name": "Thomas Greenberg-The Right Path（成成同鞋 remix）",
            "artist": "青椒",
            "id": 1466551886
        },
        {
            "name": "Feint-My Sunset（Lauren Chen remix）",
            "artist": "Lauren Chen",
            "id": 1454382683
        },
        {
            "name": "星河不可及",
            "artist": "CMJ",
            "id": 1409136605
        },
        {
            "name": "陷入纯情（纯音乐）",
            "artist": "我也不太了解她",
            "id": 1470656079
        },
        {
            "name": "Cornfield Chase (Piano-Cello Version)",
            "artist": "Michael Forster",
            "id": 538802149
        },
        {
            "name": "Collapsing World",
            "artist": "Lightscape",
            "id": 38018486
        },
        {
            "name": "The Garden of Escapism",
            "artist": "Miro",
            "id": 35497894
        },
        {
            "name": "Memories",
            "artist": "Sappheiros",
            "id": 407002778
        },
        {
            "name": "Lost My Pieces (jayhmez redux)",
            "artist": "Jayhmez",
            "id": 1391871684
        },
        {
            "name": "This Place Is a Shelter",
            "artist": "Ólafur Arnalds",
            "id": 16139397
        },
        {
            "name": "May I see U again-I love you 3000 times（翻自 MT1990） ",
            "artist": "MappleZS",
            "id": 1386495856
        },
        {
            "name": "The Last String",
            "artist": "Jacoo",
            "id": 29544534
        },
        {
            "name": "when we...",
            "artist": "silky soap",
            "id": 475072607
        },
        {
            "name": "所念皆星河",
            "artist": "CMJ",
            "id": 1384026889
        },
        {
            "name": "κ",
            "artist": "α·Pav",
            "id": 139227
        },
        {
            "name": "NUMB",
            "artist": "XXXTENTACION",
            "id": 545350938
        },
        {
            "name": "向日葵（翻自 V.A.） ",
            "artist": "MappleZS",
            "id": 1390371164
        },
        {
            "name": "Can We Kiss Forever（翻自 Kina） ",
            "artist": "aEZi",
            "id": 1392956510
        },
        {
            "name": "pure imagination",
            "artist": "Rook1e",
            "id": 494858498
        },
        {
            "name": "Past Lives",
            "artist": "Slushii",
            "id": 1384482575
        },
        {
            "name": "MELANCHOLY",
            "artist": "White Cherry",
            "id": 1297742167
        },
        {
            "name": "哀と悲",
            "artist": "六三四",
            "id": 784553
        },
        {
            "name": "Need feelings",
            "artist": "blind.scream",
            "id": 486837325
        },
        {
            "name": "I Never Did",
            "artist": "Dyslm",
            "id": 1357788380
        },
        {
            "name": "Having Lived",
            "artist": "Kan R. Gao",
            "id": 1645100
        },
        {
            "name": "∌",
            "artist": "go missing",
            "id": 1374616292
        },
        {
            "name": "For River - Piano (Johnny's Version)",
            "artist": "Kan R. Gao",
            "id": 1645112
        },
        {
            "name": "幻丧 (Extended)",
            "artist": "文三的Jz",
            "id": 1317460408
        },
        {
            "name": "η",
            "artist": "α·Pav",
            "id": 29137871
        },
        {
            "name": "ζ",
            "artist": "α·Pav",
            "id": 29137872
        },
        {
            "name": "WALLS",
            "artist": "sapientdream",
            "id": 571338636
        },
        {
            "name": "You",
            "artist": "Approaching Nirvana",
            "id": 3932159
        },
        {
            "name": "Born a Stranger",
            "artist": "Kan R. Gao",
            "id": 1645108
        },
        {
            "name": "Asphyxia(Piano Ver)",
            "artist": "逆时针向",
            "id": 527957820
        },
        {
            "name": "Ø",
            "artist": "the tumbled sea",
            "id": 4346235
        },
        {
            "name": "The Wind Wings",
            "artist": "Goldmund",
            "id": 5064939
        },
        {
            "name": "A Minute For The End",
            "artist": "Endless Melancholy",
            "id": 4064255
        },
        {
            "name": "nagashi",
            "artist": "idealism",
            "id": 504264247
        },
        {
            "name": "ᐇ",
            "artist": "Seto",
            "id": 1334363758
        },
        {
            "name": "Yeminler Ediyorum",
            "artist": "Rido",
            "id": 464009811
        },
        {
            "name": "Can We Kiss Forever?",
            "artist": "Kina",
            "id": 1306507078
        },
        {
            "name": "Sad Romance (Violin ver.)",
            "artist": "V.A.",
            "id": 5413713
        },
        {
            "name": "Last Reunion (Epicmusicvn Series)",
            "artist": "Peter Roe",
            "id": 32102855
        },
        {
            "name": "断线",
            "artist": "Shang",
            "id": 496370620
        },
        {
            "name": "Illusionary Daytime",
            "artist": "Shirfine",
            "id": 28907016
        },
        {
            "name": "get you the moon",
            "artist": "Kina",
            "id": 549309101
        },
        {
            "name": "May I See U Again",
            "artist": "MT1990",
            "id": 547105576
        },
        {
            "name": "失意",
            "artist": "高梨康治",
            "id": 531990
        },
        {
            "name": "The Right Path",
            "artist": "Thomas Greenberg",
            "id": 2061452
        },
        {
            "name": "Someone that Couldn't Give (feat. Shiloh)",
            "artist": "X.X",
            "id": 536643438
        },
        {
            "name": "火影 - 宁次之死",
            "artist": "向晚丶",
            "id": 474990486
        }
    ]
}