{
    "playlist_info": {
        "name": "Future Bass • 怦然心动的沁心旋律",
        "trackcount": 121,
        "playcount": 13890338,
        "creator": "烈雨",
        "createDate": "2017-02-23",
        "heat": 5994.0
    },
    "songs": [
        {
            "name": "Fool (feat. Bloom)",
            "artist": "Ekali",
            "id": 2032032948
        },
        {
            "name": "Stay",
            "artist": "Waysen",
            "id": 1981527514
        },
        {
            "name": "Alive (Remix)",
            "artist": "Maxxxxxx",
            "id": 1971747704
        },
        {
            "name": "3分钟",
            "artist": "Waysen",
            "id": 1944610843
        },
        {
            "name": "Light (Crankdat Re-Crank)",
            "artist": "Crankdat",
            "id": 456175701
        },
        {
            "name": "Symphony (feat. Lockey)",
            "artist": "Bronx Wang",
            "id": 1873402038
        },
        {
            "name": "Elation",
            "artist": "uyXn1",
            "id": 1889522342
        },
        {
            "name": "Heavenly Side",
            "artist": "ILLENIUM",
            "id": 1857326892
        },
        {
            "name": "First Time",
            "artist": "ILLENIUM",
            "id": 1825948812
        },
        {
            "name": "Polaris",
            "artist": "Asia D",
            "id": 1824513851
        },
        {
            "name": "RyAL-All I know（Champer remix）",
            "artist": "Bronx Wang",
            "id": 1824058027
        },
        {
            "name": "Bye Bye",
            "artist": "Gryffin",
            "id": 1329907913
        },
        {
            "name": "Good Love",
            "artist": "Galavant",
            "id": 479422834
        },
        {
            "name": "I CAN'T FIND YOU",
            "artist": "Hoaprox",
            "id": 1313102253
        },
        {
            "name": "Drunk",
            "artist": "Marky Style",
            "id": 524310204
        },
        {
            "name": "“Fall Silent”",
            "artist": "Game Tape",
            "id": 1498957758
        },
        {
            "name": "Fly",
            "artist": "Fransis Derelle",
            "id": 421423449
        },
        {
            "name": "夏",
            "artist": "Choco田卓彤",
            "id": 1449988570
        },
        {
            "name": "High+Dry",
            "artist": "Gnoka",
            "id": 1432357778
        },
        {
            "name": "RL Grime-I Wanna Know（NABI Bootleg)（NABI remix）",
            "artist": "NABI",
            "id": 1378097224
        },
        {
            "name": "Glory",
            "artist": "Flowless",
            "id": 1416597640
        },
        {
            "name": "4038",
            "artist": "JuggShots_RADI8",
            "id": 1406885246
        },
        {
            "name": "Yasmine's Anthem (Habibi Daddy)",
            "artist": "Remat",
            "id": 1400341835
        },
        {
            "name": "You Are The Love Of My Life",
            "artist": "LvJam",
            "id": 1338302590
        },
        {
            "name": "Dancing in the dark",
            "artist": "Keer Chen",
            "id": 1405350266
        },
        {
            "name": "Follow You",
            "artist": "黑糖Blacksugar",
            "id": 1393048618
        },
        {
            "name": "戒不掉的你",
            "artist": "Psyke (赛克）",
            "id": 1344162201
        },
        {
            "name": "你",
            "artist": "Keer Chen",
            "id": 1302703352
        },
        {
            "name": "Alive",
            "artist": "Flowless",
            "id": 1400625817
        },
        {
            "name": "lotus",
            "artist": "2k7",
            "id": 1371447543
        },
        {
            "name": "Cosmos",
            "artist": "Flowless",
            "id": 1388254236
        },
        {
            "name": "Rewind",
            "artist": "Flowless",
            "id": 1381583310
        },
        {
            "name": "Coming Down",
            "artist": "Flowless",
            "id": 1397990088
        },
        {
            "name": "我想抓住那一道光",
            "artist": "Deephug",
            "id": 1385472242
        },
        {
            "name": "摘星(Original Mix)",
            "artist": "✘",
            "id": 1379023911
        },
        {
            "name": "Falling For You 为你坠落",
            "artist": "沈宇帆FF",
            "id": 1369271931
        },
        {
            "name": "FEVER 333-燃烧（prod.by Flu）（Young Flu remix）",
            "artist": "Young Flu",
            "id": 1370945878
        },
        {
            "name": "Vision",
            "artist": "JuggShots_RADI8",
            "id": 1369618793
        },
        {
            "name": "Ember Island-creep（Slim Fey remix）",
            "artist": "Slim Fey",
            "id": 1354221816
        },
        {
            "name": "Do You Still Feel? (feat. MAX)",
            "artist": "Rain Man",
            "id": 485964287
        },
        {
            "name": "Start over again",
            "artist": "Rebel Bandit",
            "id": 1352924272
        },
        {
            "name": "Once",
            "artist": "HUAOH",
            "id": 1347767074
        },
        {
            "name": "It Was Me",
            "artist": "Madison Mars",
            "id": 473742949
        },
        {
            "name": "That Is Me",
            "artist": "Vapestor",
            "id": 1337495544
        },
        {
            "name": "Everybody Hates Me",
            "artist": "The Chainsmokers",
            "id": 544247523
        },
        {
            "name": "Future Bass (Lieyu Mashup)",
            "artist": "烈雨",
            "id": 1332766452
        },
        {
            "name": "We Won't Leave You",
            "artist": "Steve Void",
            "id": 495542297
        },
        {
            "name": "The In Between",
            "artist": "Elephante",
            "id": 548999213
        },
        {
            "name": "Sleeping Alone",
            "artist": "VAVO",
            "id": 1302066464
        },
        {
            "name": "Heart Of Steel",
            "artist": "Raiden",
            "id": 453185842
        },
        {
            "name": "Cold as Stone",
            "artist": "Kaskade",
            "id": 544247597
        },
        {
            "name": "Hold Onto Me",
            "artist": "Aash Mehta",
            "id": 463268858
        },
        {
            "name": "Without You",
            "artist": "SLANDER",
            "id": 509530400
        },
        {
            "name": "Rebel",
            "artist": "Lady Bee",
            "id": 469243020
        },
        {
            "name": "Crime",
            "artist": "Grey",
            "id": 504492138
        },
        {
            "name": "Fall",
            "artist": "D!avolo",
            "id": 461518895
        },
        {
            "name": "Hilo",
            "artist": "Graves",
            "id": 476323574
        },
        {
            "name": "Stay",
            "artist": "Zedd",
            "id": 461518855
        },
        {
            "name": "Light",
            "artist": "San Holo",
            "id": 442315372
        },
        {
            "name": "Lieyu",
            "artist": "烈雨",
            "id": 520665017
        },
        {
            "name": "Close",
            "artist": "Conro",
            "id": 491295344
        },
        {
            "name": "Home",
            "artist": "Hechmann",
            "id": 484614182
        },
        {
            "name": "Home",
            "artist": "Dash Berlin",
            "id": 507794596
        },
        {
            "name": "Roses",
            "artist": "The Chainsmokers",
            "id": 32639368
        },
        {
            "name": "Stable",
            "artist": "Breathe Carolina",
            "id": 427542019
        },
        {
            "name": "Future",
            "artist": "Transviolet",
            "id": 428599678
        },
        {
            "name": "Lost It",
            "artist": "Virtual Riot",
            "id": 494389011
        },
        {
            "name": "Better",
            "artist": "Mija",
            "id": 413834238
        },
        {
            "name": "Closer",
            "artist": "The Chainsmokers",
            "id": 423228325
        },
        {
            "name": "Vanish (feat. KARRA)",
            "artist": "Breathe Carolina",
            "id": 427542077
        },
        {
            "name": "Unique",
            "artist": "Headhunterz",
            "id": 423228334
        },
        {
            "name": "Restart",
            "artist": "Subtact",
            "id": 33111628
        },
        {
            "name": "Restore",
            "artist": "Julian Calor",
            "id": 456175117
        },
        {
            "name": "Jiangsu",
            "artist": "烈雨",
            "id": 478043967
        },
        {
            "name": "So Long",
            "artist": "Slushii",
            "id": 423227301
        },
        {
            "name": "Take Off (feat. Paul Rey)",
            "artist": "Meric Again",
            "id": 425298754
        },
        {
            "name": "Painkiller",
            "artist": "Jesper Jenset",
            "id": 473829254
        },
        {
            "name": "Gravitate",
            "artist": "SCRVP",
            "id": 507795659
        },
        {
            "name": "Everyday",
            "artist": "Virtual Riot",
            "id": 493285629
        },
        {
            "name": "Twinbow",
            "artist": "Slushii",
            "id": 466126524
        },
        {
            "name": "Run Away",
            "artist": "Diamond Pistols",
            "id": 427542483
        },
        {
            "name": "Feel Good",
            "artist": "Gryffin",
            "id": 462997848
        },
        {
            "name": "Up & Away",
            "artist": "JPB",
            "id": 461519007
        },
        {
            "name": "Lost in You",
            "artist": "Quintino",
            "id": 470771024
        },
        {
            "name": "Adventures",
            "artist": "Hyper Potions",
            "id": 32823566
        },
        {
            "name": "I Missed You",
            "artist": "冷炫忱Curtis Cold",
            "id": 454966421
        },
        {
            "name": "All We Know",
            "artist": "The Chainsmokers",
            "id": 432698441
        },
        {
            "name": "Complicated",
            "artist": "Dimitri Vegas & Like Mike",
            "id": 493283657
        },
        {
            "name": "Fill With Love",
            "artist": "YESEO",
            "id": 426850895
        },
        {
            "name": "Born To Lose",
            "artist": "no sleep",
            "id": 430208382
        },
        {
            "name": "To Be The One",
            "artist": "Bassjackers",
            "id": 427542098
        },
        {
            "name": "You're The One",
            "artist": "Matthew Steeper",
            "id": 427542524
        },
        {
            "name": "Chasing Colors",
            "artist": "Marshmello",
            "id": 461519782
        },
        {
            "name": "Out Of The Dark",
            "artist": "RBYN",
            "id": 471968412
        },
        {
            "name": "Sooner Or Later",
            "artist": "Aaron Carter",
            "id": 454730079
        },
        {
            "name": "Not Going Home",
            "artist": "DVBBS",
            "id": 427542371
        },
        {
            "name": "Like You Love Me",
            "artist": "Conro",
            "id": 487375325
        },
        {
            "name": "What You Do To Me (feat. Oly)",
            "artist": "Not Your Dope",
            "id": 460044008
        },
        {
            "name": "Middle Of The Night",
            "artist": "The Vamps",
            "id": 474932968
        },
        {
            "name": "Vessel",
            "artist": "Ship Wrek",
            "id": 472137797
        },
        {
            "name": "Scared to Be Lonely",
            "artist": "Martin Garrix",
            "id": 456175020
        },
        {
            "name": "For You(Original Mix)",
            "artist": "XL.",
            "id": 467990486
        },
        {
            "name": "Colors (Audien Remix)",
            "artist": "Halsey",
            "id": 409020985
        },
        {
            "name": "Lullaby (feat. BISHØP) [CMC$ Remix]",
            "artist": "Firebeatz",
            "id": 420069164
        },
        {
            "name": "You (Evan Berg Remix)",
            "artist": "Lost Kings",
            "id": 412327136
        },
        {
            "name": "Is It Over (Original Mix)",
            "artist": "Disco Fries",
            "id": 433681384
        },
        {
            "name": "City Lights",
            "artist": "Conro",
            "id": 409430078
        },
        {
            "name": "Falling Down (Night Mix)",
            "artist": "Arty",
            "id": 461858723
        },
        {
            "name": "Something Just Like This",
            "artist": "The Chainsmokers",
            "id": 461347998
        },
        {
            "name": "TRNDSTTR (Lucian Remix)",
            "artist": "Black Coast",
            "id": 32102752
        },
        {
            "name": "LA LA LAND (Extended Mix)",
            "artist": "DVBBS",
            "id": 407889392
        },
        {
            "name": "Heavy (feat. Kiiara) [Nicky Romero Remix]",
            "artist": "Linkin Park",
            "id": 473742953
        },
        {
            "name": "All I See (Kicks N Licks Remix)",
            "artist": "Kicks N Licks",
            "id": 421160521
        },
        {
            "name": "Wake Up Alone (Triarchy Remix)",
            "artist": "Triarchy",
            "id": 484311703
        },
        {
            "name": "Damaged Goods (feat. Wild Fox)",
            "artist": "Rozay黄柔柔",
            "id": 499320684
        },
        {
            "name": "Where Are Ü Now (LIONE Remix)",
            "artist": "LIONE",
            "id": 36308727
        },
        {
            "name": "I Still Wait For You (it's different & D!avolo Remix)",
            "artist": "it's different",
            "id": 474791825
        },
        {
            "name": "Mrs Potato Head (Omar Varela Remix)",
            "artist": "Omar Varela",
            "id": 462686259
        },
        {
            "name": "Let Me Love You (Nolan van Lith Remix)",
            "artist": "Nolan Van Lith",
            "id": 424477804
        },
        {
            "name": "I Don't Wanna Live Forever",
            "artist": "Kiso",
            "id": 446875978
        },
        {
            "name": "Love Shouldn't Be So Hard (Extended Mix)",
            "artist": "CARTA",
            "id": 479223106
        }
    ]
}