{
    "playlist_info": {
        "name": "HIFIVE超燃 | 享受节奏的冲击吧",
        "trackcount": 29,
        "playcount": 0,
        "creator": "嗨翻屋音乐",
        "createDate": "2023-06-21",
        "heat": 0.0
    },
    "songs": [
        {
            "name": "U",
            "artist": "Slowes",
            "id": 484311502
        },
        {
            "name": "Night Time",
            "artist": "The fin.",
            "id": 29775865
        },
        {
            "name": "Second Date",
            "artist": "Josh Fudge",
            "id": 1466242403
        },
        {
            "name": "Overflowing",
            "artist": "WAV",
            "id": 1418690935
        },
        {
            "name": "Beauty Fades",
            "artist": "Alex Siegel",
            "id": 1443015350
        },
        {
            "name": "Pale Blue",
            "artist": "The fin.",
            "id": 487598158
        },
        {
            "name": "Falling Down",
            "artist": "Wild Cards",
            "id": 515454649
        },
        {
            "name": "Whale (鲸)",
            "artist": "Jannik",
            "id": 1424880425
        },
        {
            "name": "Daylight",
            "artist": "Seredris",
            "id": 1372188635
        },
        {
            "name": "Sea Of Problems",
            "artist": "Glichery",
            "id": 2025457557
        },
        {
            "name": "WAVESTAR",
            "artist": "Santo Beats",
            "id": 2005927398
        },
        {
            "name": "Say Goodbye",
            "artist": "QuuVee",
            "id": 2045298920
        },
        {
            "name": "帕 瓦（Power）",
            "artist": "XXXW1",
            "id": 2036067592
        },
        {
            "name": "Pulse Train (Marc Houle Remix)",
            "artist": "Nicolas Bougaïeff",
            "id": 28796595
        },
        {
            "name": "DIGITAL DYSTOPIA",
            "artist": "sillicium",
            "id": 2044414743
        },
        {
            "name": "LIFE",
            "artist": "Oxid Playa",
            "id": 2039834374
        },
        {
            "name": "Adele - Easy On Me (LEIER Remix）",
            "artist": "LEIER",
            "id": 1897992761
        },
        {
            "name": "Night Ride",
            "artist": "FindMyName",
            "id": 1996755326
        },
        {
            "name": "Recollection",
            "artist": "Sx1nxwy",
            "id": 2013879373
        },
        {
            "name": "Peroxide",
            "artist": "Simone Tavazzi",
            "id": 1915444305
        },
        {
            "name": "Mirage",
            "artist": "Jaëss",
            "id": 1909758749
        },
        {
            "name": "Show Me Your Back",
            "artist": "FindMyName",
            "id": 1959605260
        },
        {
            "name": "Sub Zero",
            "artist": "Elo Method",
            "id": 424477834
        },
        {
            "name": "Skeleton",
            "artist": "Krooze & Sickjaxx",
            "id": 2038383908
        },
        {
            "name": "Let Me Feel (Radio Edit)",
            "artist": "Nicky Romero",
            "id": 30569913
        },
        {
            "name": "Heal",
            "artist": "Jan Amit",
            "id": 1326727609
        },
        {
            "name": "O.D on You",
            "artist": "Violet Days",
            "id": 440464543
        },
        {
            "name": "Brokedown Love",
            "artist": "Sunglasses Kid",
            "id": 1942648986
        },
        {
            "name": "Forget Me Not",
            "artist": "Clockvice",
            "id": 400690423
        }
    ]
}