{
    "playlist_info": {
        "name": "MAYDAY五月天2023北京演唱会报备歌单",
        "trackcount": 58,
        "playcount": 128136,
        "creator": "热心网友咚咚咚",
        "createDate": "2023-04-23",
        "heat": 1923.0
    },
    "songs": [
        {
            "name": "如烟 (Live)",
            "artist": "五月天",
            "id": 385757
        },
        {
            "name": "轧车",
            "artist": "五月天",
            "id": 386934
        },
        {
            "name": "勇敢",
            "artist": "五月天",
            "id": 426881143
        },
        {
            "name": "倔强 (Live)",
            "artist": "五月天",
            "id": 1478395349
        },
        {
            "name": "爱情的模样 (Live)",
            "artist": "五月天",
            "id": 1478394736
        },
        {
            "name": "最重要的小事",
            "artist": "五月天",
            "id": 385905
        },
        {
            "name": "后来的我们",
            "artist": "五月天",
            "id": 422104138
        },
        {
            "name": "2012",
            "artist": "五月天",
            "id": 2033081952
        },
        {
            "name": "人生海海 (Life Live)",
            "artist": "五月天",
            "id": 1367144284
        },
        {
            "name": "仓颉",
            "artist": "五月天",
            "id": 22197008
        },
        {
            "name": "叫我第一名",
            "artist": "五月天",
            "id": 386857
        },
        {
            "name": "伤心的人别听慢歌(贯彻快乐)",
            "artist": "五月天",
            "id": 28181107
        },
        {
            "name": "温柔",
            "artist": "五月天",
            "id": 386538
        },
        {
            "name": "玫瑰少年",
            "artist": "五月天",
            "id": 1383023894
        },
        {
            "name": "孙悟空",
            "artist": "五月天",
            "id": 386173
        },
        {
            "name": "离开地球表面",
            "artist": "五月天",
            "id": 385821
        },
        {
            "name": "OAOA (现在就是永远)",
            "artist": "五月天",
            "id": 22197014
        },
        {
            "name": "出头天",
            "artist": "五月天",
            "id": 385793
        },
        {
            "name": "永远的永远",
            "artist": "五月天",
            "id": 386709
        },
        {
            "name": "我心中尚未崩坏的地方",
            "artist": "五月天",
            "id": 385795
        },
        {
            "name": "诺亚方舟",
            "artist": "五月天",
            "id": 22197011
        },
        {
            "name": "星空",
            "artist": "五月天",
            "id": 385556
        },
        {
            "name": "如果我们不曾相遇",
            "artist": "五月天",
            "id": 417953659
        },
        {
            "name": "拥抱",
            "artist": "五月天",
            "id": 386542
        },
        {
            "name": "你的神曲",
            "artist": "五月天",
            "id": 1994447009
        },
        {
            "name": "疯狂世界 #MaydayBlue20th",
            "artist": "五月天",
            "id": 1382563816
        },
        {
            "name": "知足",
            "artist": "五月天",
            "id": 385965
        },
        {
            "name": "因为你 所以我",
            "artist": "五月天",
            "id": 1806926690
        },
        {
            "name": "派对动物",
            "artist": "五月天",
            "id": 417953658
        },
        {
            "name": "彩虹",
            "artist": "五月天",
            "id": 386545
        },
        {
            "name": "最好的一天",
            "artist": "五月天",
            "id": 422104165
        },
        {
            "name": "忘词",
            "artist": "五月天",
            "id": 385913
        },
        {
            "name": "让我照顾你",
            "artist": "五月天",
            "id": 386181
        },
        {
            "name": "盛夏光年",
            "artist": "五月天",
            "id": 28181110
        },
        {
            "name": "步步",
            "artist": "五月天",
            "id": 28181103
        },
        {
            "name": "超人",
            "artist": "五月天",
            "id": 386191
        },
        {
            "name": "一颗苹果",
            "artist": "五月天",
            "id": 386691
        },
        {
            "name": "天使",
            "artist": "五月天",
            "id": 385891
        },
        {
            "name": "笑忘歌",
            "artist": "五月天",
            "id": 22198025
        },
        {
            "name": "垃圾车",
            "artist": "五月天",
            "id": 386177
        },
        {
            "name": "志明与春娇",
            "artist": "五月天",
            "id": 386936
        },
        {
            "name": "顽固",
            "artist": "五月天",
            "id": 422104166
        },
        {
            "name": "听不到",
            "artist": "五月天",
            "id": 385976
        },
        {
            "name": "好好 (想把你写成一首歌)",
            "artist": "五月天",
            "id": 422094253
        },
        {
            "name": "为你写下这首情歌",
            "artist": "五月天",
            "id": 2008202858
        },
        {
            "name": "三个傻瓜",
            "artist": "五月天",
            "id": 385558
        },
        {
            "name": "终结孤单",
            "artist": "五月天",
            "id": 385981
        },
        {
            "name": "你不是真正的快乐",
            "artist": "五月天",
            "id": 385787
        },
        {
            "name": "憨人",
            "artist": "五月天",
            "id": 386021
        },
        {
            "name": "第二人生",
            "artist": "五月天",
            "id": 22197010
        },
        {
            "name": "一千个世纪",
            "artist": "五月天",
            "id": 385925
        },
        {
            "name": "洋葱",
            "artist": "五月天",
            "id": 28181109
        },
        {
            "name": "我不愿让你一个人",
            "artist": "五月天",
            "id": 385554
        },
        {
            "name": "恋爱ing",
            "artist": "五月天",
            "id": 385973
        },
        {
            "name": "夜访吸血鬼",
            "artist": "五月天",
            "id": 22198018
        },
        {
            "name": "干杯",
            "artist": "五月天",
            "id": 22197007
        },
        {
            "name": "突然好想你",
            "artist": "五月天",
            "id": 385781
        },
        {
            "name": "生命有一种绝对",
            "artist": "五月天",
            "id": 386479
        }
    ]
}