{
    "playlist_info": {
        "name": "New Age代表作品精选",
        "trackcount": 388,
        "playcount": 60167,
        "creator": "活腻了的西红柿先生",
        "createDate": "2014-11-05",
        "heat": 19.0
    },
    "songs": [
        {
            "name": "Anywhere Is (2009 Remaster)",
            "artist": "Enya",
            "id": 17645740
        },
        {
            "name": "Fiesta",
            "artist": "喜多郎",
            "id": 443449
        },
        {
            "name": "Down to the Moon",
            "artist": "Andreas Vollenweider",
            "id": 1012393
        },
        {
            "name": "Fourth Movement: Presto",
            "artist": "Yusef Lateef",
            "id": 20783581
        },
        {
            "name": "The Firewalker",
            "artist": "Shadowfax",
            "id": 3438399
        },
        {
            "name": "The Feeling Begins (2002 Digital Remaster)",
            "artist": "Peter Gabriel",
            "id": 18005540
        },
        {
            "name": "Blue Moon",
            "artist": "Mark Isham",
            "id": 3041093
        },
        {
            "name": "Conjuring the Number 7",
            "artist": "Mannheim Steamroller",
            "id": 3111235
        },
        {
            "name": "Shepherd Moons (2009 Remaster)",
            "artist": "Enya",
            "id": 17645951
        },
        {
            "name": "Oak Theme/Todo Mundo",
            "artist": "Paul Winter",
            "id": 1853925
        },
        {
            "name": "Three Pieces from \"The Snowman\": Walking in the Air",
            "artist": "George Winston",
            "id": 17953759
        },
        {
            "name": "Of This Land (Remastered in 2004)",
            "artist": "Clannad",
            "id": 17107281
        },
        {
            "name": "Only Time",
            "artist": "Enya",
            "id": 17645823
        },
        {
            "name": "Windows On The World",
            "artist": "Eric Tingstad And Nancy Rumbel",
            "id": 4364198
        },
        {
            "name": "Don't Know Why",
            "artist": "Pat Metheny",
            "id": 21406364
        },
        {
            "name": "The Impending Death Of The Virgin Spirit",
            "artist": "Will Ackerman",
            "id": 19736063
        },
        {
            "name": "Sun Singer",
            "artist": "Paul Winter Consort",
            "id": 1853341
        },
        {
            "name": "Peace Time",
            "artist": "Jack DeJohnette",
            "id": 1519205
        },
        {
            "name": "Music of a Desire",
            "artist": "David Darling",
            "id": 29732077
        },
        {
            "name": "Yangjin (Words of Wish Fulfillment)",
            "artist": "Paul Winter",
            "id": 29724594
        },
        {
            "name": "My Hope Is You",
            "artist": "Omar Akram",
            "id": 1817353
        },
        {
            "name": "Secrets from the Deep",
            "artist": "Laura Sullivan",
            "id": 29732035
        },
        {
            "name": "アフロディーテ",
            "artist": "S.E.N.S.",
            "id": 819664
        },
        {
            "name": "Only Time",
            "artist": "Gerald Wirth",
            "id": 4415956
        },
        {
            "name": "Moment of Peace",
            "artist": "Gregorian",
            "id": 18102631
        },
        {
            "name": "Hey Jude",
            "artist": "Auscultate",
            "id": 4084941
        },
        {
            "name": "Agnus Dei",
            "artist": "Liam O'kane",
            "id": 16682564
        },
        {
            "name": "Auld Lang Syne",
            "artist": "Gregorian",
            "id": 4084424
        },
        {
            "name": "When a child is born",
            "artist": "Libera",
            "id": 4295260
        },
        {
            "name": "Forever Young",
            "artist": "Gregorian",
            "id": 4083902
        },
        {
            "name": "Over The Rainbow",
            "artist": "Angelis",
            "id": 16460725
        },
        {
            "name": "Voyage Voyage",
            "artist": "Gregorian",
            "id": 4083867
        },
        {
            "name": "The Lord's Prayer",
            "artist": "Anthony Way",
            "id": 1064842
        },
        {
            "name": "Return To Innocence (Radio Edit)",
            "artist": "Enigma",
            "id": 1298508
        },
        {
            "name": "Cradle Song",
            "artist": "Anthony Way",
            "id": 1064882
        },
        {
            "name": "Goodbye Milky Way",
            "artist": "Enigma",
            "id": 22608559
        },
        {
            "name": "Air on the G string, BWV 1068",
            "artist": "Boys Air Choir",
            "id": 3956449
        },
        {
            "name": "里山",
            "artist": "羽毛田丈史",
            "id": 423226
        },
        {
            "name": "Alamuhan. Uyghur folk song",
            "artist": "Vienna Boys' Choir",
            "id": 4415544
        },
        {
            "name": "MMX (The Social Song)",
            "artist": "Enigma",
            "id": 1297160
        },
        {
            "name": "O For The Wings Of A Dove [From\"Hear My Prayer\"]",
            "artist": "Boys Air Choir",
            "id": 16816133
        },
        {
            "name": "Rosen Aus Dem Suden (Roses From The South) Waltz, Op.388",
            "artist": "Vienna Boys' Choir",
            "id": 4416948
        },
        {
            "name": "Canon In D",
            "artist": "George Davidson",
            "id": 17933809
        },
        {
            "name": "Stay with Me",
            "artist": "Ian Tilley",
            "id": 16682550
        },
        {
            "name": "Amazing Grace",
            "artist": "Gregorian",
            "id": 4084377
        },
        {
            "name": "The lovers",
            "artist": "Forever Slave",
            "id": 17809786
        },
        {
            "name": "Conquest of Paradise (2013 Best of Edit)",
            "artist": "Vangelis",
            "id": 27507358
        },
        {
            "name": "「蟲師」のテーマ",
            "artist": "増田俊郎",
            "id": 469843
        },
        {
            "name": "Merry Christmas Mr. Lawrence",
            "artist": "坂本龍一",
            "id": 4899152
        },
        {
            "name": "Love Theme From Spartacus #Piano",
            "artist": "INO hidefumi",
            "id": 434956
        },
        {
            "name": "Menina",
            "artist": "Chimp Beams",
            "id": 26328684
        },
        {
            "name": "Ozora Crystal",
            "artist": "Michita",
            "id": 27532964
        },
        {
            "name": "Bird of Liberty",
            "artist": "Prisma",
            "id": 495363
        },
        {
            "name": "The Right Path",
            "artist": "Thomas Greenberg",
            "id": 2061452
        },
        {
            "name": "Elizabeth",
            "artist": "Ashram",
            "id": 16494144
        },
        {
            "name": "The Legend of Ashitaka Theme [End Credit]",
            "artist": "久石譲",
            "id": 444229
        },
        {
            "name": "Cold Pray",
            "artist": "5mg",
            "id": 357014
        },
        {
            "name": "プレインエイジア",
            "artist": "五条下位",
            "id": 831214
        },
        {
            "name": "白夜~True Light(Piano Solo)",
            "artist": "Shunn",
            "id": 4990883
        },
        {
            "name": "Letter",
            "artist": "iris",
            "id": 26620638
        },
        {
            "name": "夏祭り、夢花火。",
            "artist": "妹尾武",
            "id": 28411784
        },
        {
            "name": "勿念他归",
            "artist": "V.A.",
            "id": 28253999
        },
        {
            "name": "いつも何度でも(千と千尋の神隠し)",
            "artist": "AUN J-CLASSIC ORCHESTRA",
            "id": 683867
        },
        {
            "name": "天空之城（Cover 久石让）",
            "artist": "黄家伟",
            "id": 95694
        },
        {
            "name": "鳥の詩 ~",
            "artist": "水月陵",
            "id": 761323
        },
        {
            "name": "鸟の诗",
            "artist": "TAMUSIC",
            "id": 849893
        },
        {
            "name": "Lotus",
            "artist": "Secret Garden",
            "id": 21725711
        },
        {
            "name": "Nocturne",
            "artist": "Secret Garden",
            "id": 4278301
        },
        {
            "name": "Anticipation",
            "artist": "Secret Garden",
            "id": 4278218
        },
        {
            "name": "You Raise Me Up",
            "artist": "Secret Garden",
            "id": 4278314
        },
        {
            "name": "Going home",
            "artist": "Kenny G",
            "id": 5264840
        },
        {
            "name": "梁祝",
            "artist": "小提琴",
            "id": 5241803
        },
        {
            "name": "高山流水",
            "artist": "项斯华",
            "id": 310250
        },
        {
            "name": "君をのせて",
            "artist": "高嶋ちさ子",
            "id": 663033
        },
        {
            "name": "いのちの名前 ~ジブリ・メドレー~",
            "artist": "DJ SLY",
            "id": 4900975
        },
        {
            "name": "夢 - Yume",
            "artist": "Hallo",
            "id": 26094220
        },
        {
            "name": "となりのトトロ　：となりのトトロ",
            "artist": "心花~kokohana~",
            "id": 28711818
        },
        {
            "name": "遇见(钢琴弹奏)",
            "artist": "刘思伟",
            "id": 4874896
        },
        {
            "name": "雨中漫步",
            "artist": "风潮音乐",
            "id": 5254127
        },
        {
            "name": "宁月",
            "artist": "贾鹏芳",
            "id": 25842978
        },
        {
            "name": "茜雲",
            "artist": "遠TONE音",
            "id": 25700103
        },
        {
            "name": "Sakura",
            "artist": "和平之月",
            "id": 25700054
        },
        {
            "name": "雪",
            "artist": "山下力哉",
            "id": 25918417
        },
        {
            "name": "落葉",
            "artist": "和平之月",
            "id": 25727479
        },
        {
            "name": "雪花",
            "artist": "城之内ミサ",
            "id": 25918424
        },
        {
            "name": "Memories",
            "artist": "DEPAPEPE",
            "id": 26214168
        },
        {
            "name": "風見鶏",
            "artist": "DEPAPEPE",
            "id": 22688487
        },
        {
            "name": "Wedding Bell",
            "artist": "DEPAPEPE",
            "id": 22688493
        },
        {
            "name": "Merry Christmas Mr. Lawrence",
            "artist": "Rin'",
            "id": 22817103
        },
        {
            "name": "サクラ サクラ (Instrumental With 尺八・三味线)",
            "artist": "Rin'",
            "id": 803892
        },
        {
            "name": "GENJI",
            "artist": "Rin'",
            "id": 22817062
        },
        {
            "name": "Sakitama~幸魂~",
            "artist": "Rin'",
            "id": 804019
        },
        {
            "name": "Fly",
            "artist": "Ludovico Einaudi",
            "id": 1648614
        },
        {
            "name": "Nuvole Bianche",
            "artist": "Ludovico Einaudi",
            "id": 28465109
        },
        {
            "name": "In Un'Altra Vita",
            "artist": "Ludovico Einaudi",
            "id": 20952200
        },
        {
            "name": "The Wind Forest",
            "artist": "久石譲",
            "id": 441430
        },
        {
            "name": "Aqua",
            "artist": "経田康子",
            "id": 25861633
        },
        {
            "name": "Always With Me",
            "artist": "木村弓",
            "id": 5267808
        },
        {
            "name": "Innocent",
            "artist": "久石譲",
            "id": 22656524
        },
        {
            "name": "My Home Town",
            "artist": "押尾コータロー",
            "id": 22822513
        },
        {
            "name": "時の薫り",
            "artist": "西村由紀江",
            "id": 668928
        },
        {
            "name": "もう少し あと少し…",
            "artist": "羽田裕美",
            "id": 22782404
        },
        {
            "name": "Variations on the Kanon by Pachelbel",
            "artist": "George Winston",
            "id": 17953856
        },
        {
            "name": "Fairytale",
            "artist": "Secret Garden",
            "id": 21725726
        },
        {
            "name": "Frozen In Time",
            "artist": "Secret Garden",
            "id": 4278217
        },
        {
            "name": "千本桜",
            "artist": "まらしぃ",
            "id": 26093260
        },
        {
            "name": "Windancer",
            "artist": "Secret Garden",
            "id": 4278389
        },
        {
            "name": "Elegie",
            "artist": "Secret Garden",
            "id": 21725728
        },
        {
            "name": "Make A Wish",
            "artist": "Secret Garden",
            "id": 4278214
        },
        {
            "name": "Steps",
            "artist": "Secret Garden",
            "id": 4278513
        },
        {
            "name": "Poeme",
            "artist": "Secret Garden",
            "id": 4278355
        },
        {
            "name": "Papillon",
            "artist": "Secret Garden",
            "id": 21725952
        },
        {
            "name": "Sleepsong",
            "artist": "Secret Garden",
            "id": 21725710
        },
        {
            "name": "Talking with Wind",
            "artist": "Edelis",
            "id": 17557790
        },
        {
            "name": "夜的钢琴曲5(吉它版)",
            "artist": "石进",
            "id": 26524336
        },
        {
            "name": "复刻回忆",
            "artist": "Pianoboy高至豪",
            "id": 139707
        },
        {
            "name": "Serenade In Autumn",
            "artist": "Daydream",
            "id": 5331851
        },
        {
            "name": "Stepping On The Rainy Street",
            "artist": "Daydream",
            "id": 5331930
        },
        {
            "name": "River Flows In You",
            "artist": "Yiruma",
            "id": 5312840
        },
        {
            "name": "ALONE ON THE WAY",
            "artist": "Pianoboy高至豪",
            "id": 139718
        },
        {
            "name": "安静的午后",
            "artist": "Pianoboy高至豪",
            "id": 139730
        },
        {
            "name": "The promise",
            "artist": "Secret Garden",
            "id": 21725725
        },
        {
            "name": "帰らざる日々",
            "artist": "久石譲",
            "id": 444862
        },
        {
            "name": "KIDS RETURN (From \"Kids Return\" Original Soundtrack)",
            "artist": "久石譲",
            "id": 443956
        },
        {
            "name": "Innocent",
            "artist": "久石譲",
            "id": 441425
        },
        {
            "name": "故乡的原风景",
            "artist": "宗次郎",
            "id": 393685
        },
        {
            "name": "鸟之诗",
            "artist": "Pianoboy高至豪",
            "id": 29572733
        },
        {
            "name": "Annabelle",
            "artist": "Pianoboy高至豪",
            "id": 139755
        },
        {
            "name": "夏影",
            "artist": "麻枝准",
            "id": 28151024
        },
        {
            "name": "時代を越える想い2",
            "artist": "和田薫",
            "id": 539330
        },
        {
            "name": "偲芳歌 (Piano Solo)",
            "artist": "梁邦彦",
            "id": 1871800
        },
        {
            "name": "M01",
            "artist": "梶浦由記",
            "id": 591797
        },
        {
            "name": "II quiet romance (杀人考察(前))",
            "artist": "梶浦由記",
            "id": 590475
        },
        {
            "name": "あいぞめ piano version",
            "artist": "高梨康治",
            "id": 532802
        },
        {
            "name": "you",
            "artist": "M.Graveyard",
            "id": 786262
        },
        {
            "name": "Pearl White Story",
            "artist": "S.E.N.S.",
            "id": 816667
        },
        {
            "name": "zero hour",
            "artist": "梶浦由記",
            "id": 28242604
        },
        {
            "name": "I SAY YES(wedding version)",
            "artist": "光宗信吉",
            "id": 28191063
        },
        {
            "name": "想いの寄り方は不均一",
            "artist": "加藤達也",
            "id": 441736
        },
        {
            "name": "Departure -Piano+Acoustic Guitar Version-",
            "artist": "朝倉紀行",
            "id": 405778
        },
        {
            "name": "孤独な巡礼",
            "artist": "川井憲次",
            "id": 448065
        },
        {
            "name": "想い出は遠くの日々",
            "artist": "天門",
            "id": 528284
        },
        {
            "name": "四つ葉のクローバー",
            "artist": "林有三",
            "id": 463718
        },
        {
            "name": "Tassel",
            "artist": "Cymophane",
            "id": 357126
        },
        {
            "name": "合唱 君をのせて",
            "artist": "久石譲",
            "id": 442746
        },
        {
            "name": "あの日の川へ",
            "artist": "久石譲",
            "id": 443873
        },
        {
            "name": "風の谷のナウシカ",
            "artist": "細野晴臣",
            "id": 443499
        },
        {
            "name": "海上の星たち",
            "artist": "植地雅哉",
            "id": 536714
        },
        {
            "name": "Continue The Voyage",
            "artist": "tsunenori a.k.a Marukabis",
            "id": 524678
        },
        {
            "name": "Nature's Path",
            "artist": "Dan Gibson",
            "id": 1220787
        },
        {
            "name": "빛바랜 사랑, 가슴 한켠",
            "artist": "방과후",
            "id": 5300010
        },
        {
            "name": "Mariage d'amour",
            "artist": "Richard Clayderman",
            "id": 5038302
        },
        {
            "name": "A Comme Amour",
            "artist": "Richard Clayderman",
            "id": 1873732
        },
        {
            "name": "碎月雨中奏",
            "artist": "iw ix",
            "id": 103035
        },
        {
            "name": "Smooth Criminal",
            "artist": "David Garrett",
            "id": 17241222
        },
        {
            "name": "Memories of an Ancient City",
            "artist": "恩田直幸",
            "id": 4916058
        },
        {
            "name": "Summer",
            "artist": "久石譲",
            "id": 443242
        },
        {
            "name": "The Sun Also Rises",
            "artist": "久石譲",
            "id": 441722
        },
        {
            "name": "天空の城ラピュタ",
            "artist": "久石譲",
            "id": 442682
        },
        {
            "name": "Departures -memory- (From \"Departures\" Soundtrack)",
            "artist": "久石譲",
            "id": 441359
        },
        {
            "name": "月光の雲海",
            "artist": "久石譲",
            "id": 442760
        },
        {
            "name": "Merry-Go-Round",
            "artist": "久石譲",
            "id": 442454
        },
        {
            "name": "あの日の川",
            "artist": "久石譲",
            "id": 443823
        },
        {
            "name": "Gentle",
            "artist": "Isaac Shepard",
            "id": 19934751
        },
        {
            "name": "Isara",
            "artist": "Eluveitie",
            "id": 17666104
        },
        {
            "name": "Down By The Sally Gardens",
            "artist": "Joanie Madden",
            "id": 5222768
        },
        {
            "name": "Canon Rock",
            "artist": "JerryC",
            "id": 105682
        },
        {
            "name": "Serenade",
            "artist": "Jim Brickman",
            "id": 18582391
        },
        {
            "name": "Mi Pequena Estrella (Little Star)",
            "artist": "Solas",
            "id": 19179457
        },
        {
            "name": "Righteous Path",
            "artist": "Blazo",
            "id": 698458
        },
        {
            "name": "从夏天开始到夏天结束",
            "artist": "Instrumental",
            "id": 392918
        },
        {
            "name": "바람에 쓰는 편지",
            "artist": "July",
            "id": 5308003
        },
        {
            "name": "一人静",
            "artist": "姫神",
            "id": 25917069
        },
        {
            "name": "Highlander",
            "artist": "久石譲",
            "id": 22656365
        },
        {
            "name": "Luv(sic) Pt.6 (Uyama Hiroto Re",
            "artist": "Nujabes & Shing02",
            "id": 26328725
        },
        {
            "name": "Night Sky",
            "artist": "恩田直幸",
            "id": 1791441
        },
        {
            "name": "ヨスガノソラ メインテーマ -遠い空へ-",
            "artist": "市川淳",
            "id": 477913
        },
        {
            "name": "ヨスガノソラ メインテーマ -記憶-",
            "artist": "市川淳",
            "id": 477931
        },
        {
            "name": "铁道之旅",
            "artist": "萤火虫",
            "id": 391092
        },
        {
            "name": "Somewhere",
            "artist": "July",
            "id": 5307932
        },
        {
            "name": "In Love",
            "artist": "July",
            "id": 26127161
        },
        {
            "name": "潮鳴り",
            "artist": "折戸伸治",
            "id": 22707008
        },
        {
            "name": "Childhood Memory",
            "artist": "Ethno Music Project",
            "id": 3949481
        },
        {
            "name": "逆动·平行时空",
            "artist": "V.K克",
            "id": 27552115
        },
        {
            "name": "花水月",
            "artist": "V.K克",
            "id": 155827
        },
        {
            "name": "琴之翼",
            "artist": "V.K克",
            "id": 155795
        },
        {
            "name": "镜夜",
            "artist": "V.K克",
            "id": 155847
        },
        {
            "name": "canon in d",
            "artist": "Brian Crain",
            "id": 1091088
        },
        {
            "name": "After the Rain",
            "artist": "Kevin Kern",
            "id": 5208206
        },
        {
            "name": "拥有Masbfca (广告配乐完整版)",
            "artist": "几米",
            "id": 103301
        },
        {
            "name": "Moon River",
            "artist": "Beegie Adair",
            "id": 27190176
        },
        {
            "name": "River Flows In You",
            "artist": "Various Artists",
            "id": 5112348
        },
        {
            "name": "Letting Go",
            "artist": "Isaac Shepard",
            "id": 19934752
        },
        {
            "name": "絲綢之路",
            "artist": "喜多郎",
            "id": 444200
        },
        {
            "name": "一首简单的歌",
            "artist": "何真真",
            "id": 238897
        },
        {
            "name": "敦煌",
            "artist": "闫月",
            "id": 319348
        },
        {
            "name": "Felicity",
            "artist": "Isaac Shepard",
            "id": 19934757
        },
        {
            "name": "River Flows In You",
            "artist": "Yiruma",
            "id": 22830017
        },
        {
            "name": "贝壳里的心事(夏)",
            "artist": "群星",
            "id": 5264491
        },
        {
            "name": "Adagio",
            "artist": "Secret Garden",
            "id": 4278344
        },
        {
            "name": "My Soul",
            "artist": "July",
            "id": 5308028
        },
        {
            "name": "菊花台(杰伦钢琴演奏版)",
            "artist": "周杰伦",
            "id": 185874
        },
        {
            "name": "ウルティアとグレイ",
            "artist": "高梨康治",
            "id": 31108520
        },
        {
            "name": "奇迹の山 (Kisekino Yama)",
            "artist": "岸部眞明",
            "id": 441552
        },
        {
            "name": "且听风吟",
            "artist": "群星",
            "id": 28949746
        },
        {
            "name": "桜花抄",
            "artist": "天門",
            "id": 528283
        },
        {
            "name": "希望",
            "artist": "吉川慶",
            "id": 542989
        },
        {
            "name": "Childhood Memory",
            "artist": "Bandari",
            "id": 3951150
        },
        {
            "name": "Kaos",
            "artist": "V.A.",
            "id": 26160409
        },
        {
            "name": "Lost Without You",
            "artist": "Josh Vietti",
            "id": 1606099
        },
        {
            "name": "いつも何度でも",
            "artist": "木村弓",
            "id": 443492
        },
        {
            "name": "めぐる季節",
            "artist": "久石譲",
            "id": 443521
        },
        {
            "name": "風のとおり道",
            "artist": "杉並児童合唱団",
            "id": 25727281
        },
        {
            "name": "Before Dawn",
            "artist": "Isaac Shepard",
            "id": 19934763
        },
        {
            "name": "月光(变奏版)",
            "artist": "魏小涵",
            "id": 4873202
        },
        {
            "name": "here to stay",
            "artist": "鷺巣詩郎",
            "id": 504326
        },
        {
            "name": "Ariel",
            "artist": "Cipher Prime",
            "id": 4015169
        },
        {
            "name": "Barachie",
            "artist": "Cipher Prime",
            "id": 4015164
        },
        {
            "name": "The Impending Death of the Virgin Spirit",
            "artist": "Will Ackerman",
            "id": 19736109
        },
        {
            "name": "Celestial Soda Pop / Ray Lynch",
            "artist": "Ray Lynch",
            "id": 18713210
        },
        {
            "name": "The Sword and the Rose",
            "artist": "Runestone",
            "id": 18609092
        },
        {
            "name": "The Sound of Hope",
            "artist": "Australis",
            "id": 3918513
        },
        {
            "name": "Zorba the Buddha and Me",
            "artist": "Ayman",
            "id": 2177699
        },
        {
            "name": "Фантазия №2 (Аллилуйя)",
            "artist": "Amure",
            "id": 27984546
        },
        {
            "name": "The Sound of Silence",
            "artist": "Pat Metheny",
            "id": 21406307
        },
        {
            "name": "Shadow Dancer",
            "artist": "Spencer Brewer",
            "id": 25381616
        },
        {
            "name": "I Will Find You",
            "artist": "Clannad",
            "id": 2313965
        },
        {
            "name": "Oracle",
            "artist": "Michael Hedges",
            "id": 21102240
        },
        {
            "name": "Moonrise at Bell Rock",
            "artist": "Ancient Brotherhood",
            "id": 2127377
        },
        {
            "name": "Quiet Observer",
            "artist": "Andreas Vollenweider",
            "id": 1012398
        },
        {
            "name": "El Momento",
            "artist": "Jens Gad",
            "id": 2788952
        },
        {
            "name": "Children Of The Earth",
            "artist": "Ayur",
            "id": 27816601
        },
        {
            "name": "The Soong Sisters",
            "artist": "Bandari",
            "id": 3951043
        },
        {
            "name": "The Rain (From \"Kikujiro\" Soundtrack)",
            "artist": "久石譲",
            "id": 444312
        },
        {
            "name": "The Promise",
            "artist": "Secret Garden",
            "id": 4278327
        },
        {
            "name": "True Love",
            "artist": "邵容",
            "id": 289337
        },
        {
            "name": "宋家皇朝",
            "artist": "喜多郎",
            "id": 443380
        },
        {
            "name": "Partus",
            "artist": "sToa",
            "id": 19136497
        },
        {
            "name": "Cast Away",
            "artist": "Capo Productions",
            "id": 16846090
        },
        {
            "name": "Children Of The Earth(Ness's Original Re-Edit)",
            "artist": "Ayur",
            "id": 4900861
        },
        {
            "name": "Croatian Rhapsody",
            "artist": "Maksim",
            "id": 1696373
        },
        {
            "name": "Intro",
            "artist": "Dreamtale",
            "id": 4017240
        },
        {
            "name": "远方的寂静",
            "artist": "林海",
            "id": 110118
        },
        {
            "name": "カノン",
            "artist": "押尾コータロー",
            "id": 22822547
        },
        {
            "name": "風の詩",
            "artist": "押尾コータロー",
            "id": 22822602
        },
        {
            "name": "步伐",
            "artist": "群星",
            "id": 5248998
        },
        {
            "name": "生命的奥秘",
            "artist": "群星",
            "id": 5248997
        },
        {
            "name": "In Existence",
            "artist": "Beautiful World",
            "id": 16554776
        },
        {
            "name": "After the Fleadh / Running through the Woods with Keetu",
            "artist": "Paul Winter",
            "id": 1853499
        },
        {
            "name": "Hollow Hills",
            "artist": "Paul Winter",
            "id": 1853489
        },
        {
            "name": "Alone",
            "artist": "Kenny G",
            "id": 18940320
        },
        {
            "name": "春歌",
            "artist": "何训田",
            "id": 93948
        },
        {
            "name": "Sweet Lullaby",
            "artist": "Deep Forest",
            "id": 2418220
        },
        {
            "name": "Woodland Night",
            "artist": "Ethno Music Project",
            "id": 3949498
        },
        {
            "name": "The Mummers' Dance",
            "artist": "Loreena McKennitt",
            "id": 2923189
        },
        {
            "name": "Flowing with the Tea",
            "artist": "Karunesh",
            "id": 18941306
        },
        {
            "name": "Confluence",
            "artist": "Matthew Lien",
            "id": 1696762
        },
        {
            "name": "Island Collage",
            "artist": "Matthew Lien",
            "id": 1696653
        },
        {
            "name": "Road to Doneghal",
            "artist": "Nigel Holton",
            "id": 1802679
        },
        {
            "name": "Endless Horizon",
            "artist": "Bandari",
            "id": 3951739
        },
        {
            "name": "Y'a maldonne",
            "artist": "Mano Solo",
            "id": 21233357
        },
        {
            "name": "Veni Redemptor Gentium",
            "artist": "Paul Schwartz",
            "id": 1826636
        },
        {
            "name": "I Miss You",
            "artist": "Daydream",
            "id": 5331922
        },
        {
            "name": "Highlands",
            "artist": "Darby Devon",
            "id": 17298695
        },
        {
            "name": "The Eyes Of Truth",
            "artist": "Enigma",
            "id": 17570530
        },
        {
            "name": "Encore une Fois",
            "artist": "Hélène Ségara",
            "id": 19932017
        },
        {
            "name": "Je m'appelle Hélène",
            "artist": "Hélène Rolles",
            "id": 2700056
        },
        {
            "name": "Inshallah",
            "artist": "Karunesh",
            "id": 18941418
        },
        {
            "name": "Bantry Girls Lament",
            "artist": "Joanie Madden",
            "id": 18782913
        },
        {
            "name": "Ginkgo Tree",
            "artist": "Ginkgo Garden",
            "id": 17975825
        },
        {
            "name": "Waves of Time",
            "artist": "Nigel Holton",
            "id": 1802681
        },
        {
            "name": "Dazzled by the Light",
            "artist": "Karunesh",
            "id": 18941377
        },
        {
            "name": "Turning",
            "artist": "Bandari",
            "id": 3951629
        },
        {
            "name": "Dream Catcher",
            "artist": "Bandari",
            "id": 3951227
        },
        {
            "name": "With an Orchid",
            "artist": "Yanni",
            "id": 20744788
        },
        {
            "name": "Indescribable Night",
            "artist": "Kate St. John",
            "id": 1615865
        },
        {
            "name": "孤芳自赏",
            "artist": "刘星",
            "id": 119622
        },
        {
            "name": "On'on Mweng",
            "artist": "Oliver Shanti",
            "id": 1808899
        },
        {
            "name": "Nothing else matters",
            "artist": "The Angels of Venice",
            "id": 4369357
        },
        {
            "name": "琵琶语",
            "artist": "林海",
            "id": 27698844
        },
        {
            "name": "May It Be",
            "artist": "Enya",
            "id": 2530225
        },
        {
            "name": "Love's First Smile",
            "artist": "Kevin Kern",
            "id": 18927558
        },
        {
            "name": "If I Could Tell You",
            "artist": "Yanni",
            "id": 20744792
        },
        {
            "name": "Goodbye",
            "artist": "Sophie Zelmani",
            "id": 21698740
        },
        {
            "name": "The Frozen World",
            "artist": "Emilie Simon",
            "id": 17531110
        },
        {
            "name": "Dance Of An Echo",
            "artist": "Daniel Roeth",
            "id": 1287710
        },
        {
            "name": "Nuclear",
            "artist": "Mike Oldfield",
            "id": 28287061
        },
        {
            "name": "Nightingale",
            "artist": "Yanni",
            "id": 20744782
        },
        {
            "name": "Return To Innocence",
            "artist": "Enigma",
            "id": 17570531
        },
        {
            "name": "Conquest of Paradise",
            "artist": "Vangelis",
            "id": 2070502
        },
        {
            "name": "That Place in Your Heart",
            "artist": "Ronan Hardiman",
            "id": 21510438
        },
        {
            "name": "Bressanone",
            "artist": "Matthew Lien",
            "id": 1696822
        },
        {
            "name": "Calling Wisdom",
            "artist": "Karunesh",
            "id": 18941302
        },
        {
            "name": "The Mass",
            "artist": "Era",
            "id": 17538867
        },
        {
            "name": "Sweet Lullaby",
            "artist": "Deep Forest",
            "id": 2418414
        },
        {
            "name": "Entering Twin Falls",
            "artist": "Nicholas Gunn",
            "id": 17446939
        },
        {
            "name": "Forest Hymn",
            "artist": "Bill Douglas",
            "id": 2283006
        },
        {
            "name": "Invocation",
            "artist": "Medwyn Goodall",
            "id": 21105668
        },
        {
            "name": "Sun Circle",
            "artist": "Ah Nee Mah",
            "id": 3894284
        },
        {
            "name": "Highlands",
            "artist": "Darby Devon",
            "id": 5207970
        },
        {
            "name": "The Day I Lost My Love",
            "artist": "Ron Korb",
            "id": 1876518
        },
        {
            "name": "Perido a Tiempo 忘却时间",
            "artist": "Tony O'Connor",
            "id": 3596946
        },
        {
            "name": "Through the Sky",
            "artist": "Edelis",
            "id": 17557788
        },
        {
            "name": "Legacy",
            "artist": "Ryan Farish",
            "id": 1878854
        },
        {
            "name": "Treasure",
            "artist": "Amethystium",
            "id": 16500365
        },
        {
            "name": "My Prayer",
            "artist": "Mars Lasar",
            "id": 3036702
        },
        {
            "name": "Variations On The Canon By Pachelbel",
            "artist": "George Winston",
            "id": 1374416
        },
        {
            "name": "Through the Arbor",
            "artist": "Kevin Kern",
            "id": 1614370
        },
        {
            "name": "Only Time",
            "artist": "Enya",
            "id": 2530213
        },
        {
            "name": "The Immigrant",
            "artist": "Joanie Madden",
            "id": 18782894
        },
        {
            "name": "Reflections",
            "artist": "Tim Janis",
            "id": 21772530
        },
        {
            "name": "The Journey",
            "artist": "Gary Remal Malkin",
            "id": 17990080
        },
        {
            "name": "Adiemus",
            "artist": "Adiemus",
            "id": 5196172
        },
        {
            "name": "Tayta Huaman D.R.",
            "artist": "Alborada Del Inka",
            "id": 3934796
        },
        {
            "name": "Song from a Secret Garden",
            "artist": "Secret Garden",
            "id": 4278298
        },
        {
            "name": "Whispers of Rain",
            "artist": "Dan Gibson",
            "id": 1220993
        },
        {
            "name": "Sea of Dreams",
            "artist": "2002",
            "id": 5159200
        },
        {
            "name": "Dancing in the Moonlight",
            "artist": "Colors of the Land",
            "id": 4006059
        },
        {
            "name": "The Treasure",
            "artist": "Bernward Koch",
            "id": 1091289
        },
        {
            "name": "Midnight Affair",
            "artist": "Tom Barabas",
            "id": 3571704
        },
        {
            "name": "Le Bonheur Triste",
            "artist": "Rob Lansberg",
            "id": 1932429
        },
        {
            "name": "The Eternal City",
            "artist": "Paul Heinerman",
            "id": 17959267
        },
        {
            "name": "Shimmering Star",
            "artist": "Omar Akram",
            "id": 17691347
        },
        {
            "name": "Una Mattina",
            "artist": "Ludovico Einaudi",
            "id": 1648647
        },
        {
            "name": "dolmen ridge",
            "artist": "Gnomusy",
            "id": 1417019
        },
        {
            "name": "Inspire",
            "artist": "Capo Productions",
            "id": 16846091
        },
        {
            "name": "It Is Time",
            "artist": "Painless Destiny",
            "id": 27598108
        },
        {
            "name": "Rhythm of the Tides",
            "artist": "Gandalf",
            "id": 5194082
        },
        {
            "name": "Awakening",
            "artist": "Liquid Mind",
            "id": 1691005
        },
        {
            "name": "Silence Between the Raindrops",
            "artist": "Greg Maroney",
            "id": 1419328
        },
        {
            "name": "Blue Waters",
            "artist": "Ernesto Cortazar",
            "id": 1313425
        },
        {
            "name": "Song for Rome",
            "artist": "Brian Crain",
            "id": 1091154
        },
        {
            "name": "She",
            "artist": "Arsen Barsamyan",
            "id": 1070454
        },
        {
            "name": "Voice in the Eyes",
            "artist": "Luigi Rubino",
            "id": 16411248
        },
        {
            "name": "Antiquus",
            "artist": "David Wahler",
            "id": 1286169
        },
        {
            "name": "Dance of the Moon and Stars",
            "artist": "John Adorney",
            "id": 1590883
        },
        {
            "name": "Moonrise over Orcas",
            "artist": "Michael Gettel",
            "id": 1755056
        },
        {
            "name": "The Orchestral Point of No Return",
            "artist": "Roger Subirana",
            "id": 28661551
        },
        {
            "name": "Nara (Theme to Cold Case)",
            "artist": "E.S. Posthumus",
            "id": 1303708
        },
        {
            "name": "Veloma",
            "artist": "Fabrizio Paterlini",
            "id": 1370001
        },
        {
            "name": "In Autumn the Leaves Came to Our House",
            "artist": "Fariborz Lachini",
            "id": 17746129
        },
        {
            "name": "Il Mostro",
            "artist": "Ashram",
            "id": 16494139
        },
        {
            "name": "Sky Kisses Earth",
            "artist": "Prem Joshua",
            "id": 1855072
        },
        {
            "name": "Forever after",
            "artist": "The Angels of Venice",
            "id": 4369372
        },
        {
            "name": "Sad Angel",
            "artist": "Igor Krutoy",
            "id": 1472386
        },
        {
            "name": "Ragnar?k",
            "artist": "Al Conti",
            "id": 1064527
        },
        {
            "name": "Ljósið",
            "artist": "Ólafur Arnalds",
            "id": 1807771
        },
        {
            "name": "Connie's Butterfly",
            "artist": "Shardad Rohani",
            "id": 3545374
        },
        {
            "name": "Lost in Paradise",
            "artist": "David Lanz",
            "id": 1231917
        },
        {
            "name": "Psyche",
            "artist": "Chris Spheeris",
            "id": 1144367
        },
        {
            "name": "Painful Love",
            "artist": "Øystein Sevåg",
            "id": 3857812
        },
        {
            "name": "Moola Mantra",
            "artist": "Terry Oldfield",
            "id": 19277603
        },
        {
            "name": "Dammerschein",
            "artist": "Deuter",
            "id": 17304433
        },
        {
            "name": "Abstract Moments",
            "artist": "Avens",
            "id": 16280589
        },
        {
            "name": "Flying Condor",
            "artist": "Cusco",
            "id": 2320367
        },
        {
            "name": "Serenade",
            "artist": "Jim Brickman",
            "id": 18582321
        },
        {
            "name": "Heaven - Helpful Friends",
            "artist": "Sangit Om",
            "id": 19074479
        },
        {
            "name": "A Good Heart",
            "artist": "Marc Enfroy",
            "id": 1728557
        },
        {
            "name": "Michael Meets Mozart - 1 Piano, 2 Guys, 100 Cello Tracks",
            "artist": "Jon Schmidt",
            "id": 1491163
        },
        {
            "name": "Fatih Askina",
            "artist": "Can Atilla",
            "id": 1166234
        },
        {
            "name": "Flying over the Canyons",
            "artist": "Frederic Delarue",
            "id": 1355529
        },
        {
            "name": "Matsuri",
            "artist": "喜多郎",
            "id": 18881532
        },
        {
            "name": "Palace Memories",
            "artist": "S.E.N.S.",
            "id": 816495
        },
        {
            "name": "千年の祈り",
            "artist": "姫神",
            "id": 26178041
        },
        {
            "name": "Summer (From \"Kikujiro\" Soundtrack)",
            "artist": "久石譲",
            "id": 444292
        },
        {
            "name": "故郷の原风景",
            "artist": "宗次郎",
            "id": 480916
        },
        {
            "name": "往事",
            "artist": "平远",
            "id": 141224
        },
        {
            "name": "曲阜孔儒风",
            "artist": "李志辉",
            "id": 131235
        },
        {
            "name": "尘鼓",
            "artist": "何训田",
            "id": 93943
        },
        {
            "name": "森林狂想曲",
            "artist": "吴金黛",
            "id": 299234
        },
        {
            "name": "空",
            "artist": "邓伟标",
            "id": 78030
        },
        {
            "name": "闲云孤鹤",
            "artist": "刘星",
            "id": 119547
        },
        {
            "name": "一声佛号一声心",
            "artist": "王俊雄",
            "id": 159399
        },
        {
            "name": "Bamboo Dance",
            "artist": "邵容",
            "id": 289334
        },
        {
            "name": "摆渡人之歌",
            "artist": "范宗沛",
            "id": 81891
        },
        {
            "name": "睡蓮",
            "artist": "贾鹏芳",
            "id": 103847
        },
        {
            "name": "神田川",
            "artist": "贾鹏新",
            "id": 106023
        },
        {
            "name": "风の誓い",
            "artist": "梁邦彦",
            "id": 1872367
        },
        {
            "name": "送别",
            "artist": "王三溥",
            "id": 156261
        },
        {
            "name": "風の住む街",
            "artist": "磯村由紀子",
            "id": 586299
        },
        {
            "name": "手纸",
            "artist": "西村由紀江",
            "id": 669238
        },
        {
            "name": "Tears",
            "artist": "Daydream",
            "id": 5331915
        },
        {
            "name": "Kiss The Rain",
            "artist": "Yiruma",
            "id": 5312668
        },
        {
            "name": "如诗般 宁静(钢琴长版)",
            "artist": "黄永灿",
            "id": 96676
        },
        {
            "name": "古都随想曲(原曲羽獍弦歌)",
            "artist": "屠颖",
            "id": 153702
        },
        {
            "name": "山居岁月",
            "artist": "萤火虫",
            "id": 391105
        },
        {
            "name": "玛奇朵飘浮",
            "artist": "王雁盟",
            "id": 156155
        },
        {
            "name": "微笑的弧度",
            "artist": "何真真",
            "id": 238901
        }
    ]
}