{
    "playlist_info": {
        "name": "Noise Pop丨迷幻噪音摇滚",
        "trackcount": 66,
        "playcount": 1148643,
        "creator": "Noise-x",
        "createDate": "2019-05-14",
        "heat": 762.0
    },
    "songs": [
        {
            "name": "Just Like Honey",
            "artist": "The Jesus and Mary Chain",
            "id": 21965464
        },
        {
            "name": "Curse the Night",
            "artist": "The Raveonettes",
            "id": 21965613
        },
        {
            "name": "Pure Blue",
            "artist": "SPLASHH",
            "id": 34920195
        },
        {
            "name": "24FPSummer",
            "artist": "动物园钉子户",
            "id": 549361780
        },
        {
            "name": "Don't Take My Sunshine Away",
            "artist": "Sparklehorse",
            "id": 19163440
        },
        {
            "name": "1995",
            "artist": "The Radio Dept.",
            "id": 19288294
        },
        {
            "name": "Always Together With You (The Bridge Song)",
            "artist": "Spiritualized",
            "id": 28868577
        },
        {
            "name": "Here Comes Alice",
            "artist": "The Jesus and Mary Chain",
            "id": 21965561
        },
        {
            "name": "Dawning",
            "artist": "Tamaryn",
            "id": 19513149
        },
        {
            "name": "Beat The Devil's Tattoo",
            "artist": "Black Rebel Motorcycle Club",
            "id": 16835619
        },
        {
            "name": "Mountains",
            "artist": "Sparklehorse",
            "id": 19163447
        },
        {
            "name": "All I Wanna Do",
            "artist": "SPLASHH",
            "id": 26410830
        },
        {
            "name": "when you sleep",
            "artist": "My Bloody Valentine",
            "id": 4174137
        },
        {
            "name": "Run",
            "artist": "AWOLNATION",
            "id": 30870514
        },
        {
            "name": "汽泡",
            "artist": "热键被杀手",
            "id": 1368246882
        },
        {
            "name": "sometimes",
            "artist": "My Bloody Valentine",
            "id": 4174151
        },
        {
            "name": "Fast Food",
            "artist": "The Raveonettes",
            "id": 473602893
        },
        {
            "name": "Bumper",
            "artist": "Cults",
            "id": 17151482
        },
        {
            "name": "Linger",
            "artist": "Stomp Talk Modstone",
            "id": 1811477636
        },
        {
            "name": "Go Outside",
            "artist": "Cults",
            "id": 17151474
        },
        {
            "name": "Love Burns",
            "artist": "Black Rebel Motorcycle Club",
            "id": 22254410
        },
        {
            "name": "Headspins",
            "artist": "SPLASHH",
            "id": 26410829
        },
        {
            "name": "Leaves Me Cold",
            "artist": "Lush",
            "id": 21041676
        },
        {
            "name": "Dreams Burn Down (2001 Remaster)",
            "artist": "Ride",
            "id": 18835520
        },
        {
            "name": "Last Night's Haze",
            "artist": "Star Horse",
            "id": 27756582
        },
        {
            "name": "You Are The One",
            "artist": "A Place to Bury Strangers",
            "id": 27889592
        },
        {
            "name": "Star Sail",
            "artist": "The Verve",
            "id": 22567400
        },
        {
            "name": "Sugarcube",
            "artist": "Yo La Tengo",
            "id": 20787069
        },
        {
            "name": "Conscience Killer",
            "artist": "Black Rebel Motorcycle Club",
            "id": 5039348
        },
        {
            "name": "Nowhere Near",
            "artist": "Yo La Tengo",
            "id": 20787187
        },
        {
            "name": "Nothing Left to Say",
            "artist": "Skywave",
            "id": 4293660
        },
        {
            "name": "Rifles",
            "artist": "Black Rebel Motorcycle Club",
            "id": 16835594
        },
        {
            "name": "Howl",
            "artist": "Black Rebel Motorcycle Club",
            "id": 16835522
        },
        {
            "name": "Valley Kids",
            "artist": "The Yours",
            "id": 29485954
        },
        {
            "name": "Never Say Goodbye",
            "artist": "My Bloody Valentine",
            "id": 4174218
        },
        {
            "name": "Band Aid Covers the Bullet Hole",
            "artist": "Scarling",
            "id": 3423613
        },
        {
            "name": "War in Heaven",
            "artist": "The Raveonettes",
            "id": 531313604
        },
        {
            "name": "Angie",
            "artist": "shame",
            "id": 530057830
        },
        {
            "name": "Space Oddity",
            "artist": "The Flaming Lips",
            "id": 410629620
        },
        {
            "name": "Star Power",
            "artist": "Sonic Youth",
            "id": 4280404
        },
        {
            "name": "Rainmaker",
            "artist": "Sparklehorse",
            "id": 22601943
        },
        {
            "name": "You Made Me Realise",
            "artist": "My Bloody Valentine",
            "id": 4174261
        },
        {
            "name": "动物园警铃大作",
            "artist": "动物园钉子户",
            "id": 549361857
        },
        {
            "name": "i only said",
            "artist": "My Bloody Valentine",
            "id": 4174142
        },
        {
            "name": "Shadows",
            "artist": "The KVB",
            "id": 26444457
        },
        {
            "name": "Black Car",
            "artist": "Black Tambourine",
            "id": 3967297
        },
        {
            "name": "The Dazzled",
            "artist": "Crystal Stilts",
            "id": 17122486
        },
        {
            "name": "Cherry Chapstick",
            "artist": "Yo La Tengo",
            "id": 20787118
        },
        {
            "name": "Endlessly",
            "artist": "Nothing",
            "id": 28253966
        },
        {
            "name": "Sowing Seeds",
            "artist": "The Jesus and Mary Chain",
            "id": 21965474
        },
        {
            "name": "Dayzed",
            "artist": "The KVB",
            "id": 26444458
        },
        {
            "name": "Shadow of a Doubt",
            "artist": "Sonic Youth",
            "id": 4280400
        },
        {
            "name": "Endless",
            "artist": "The KVB",
            "id": 28009107
        },
        {
            "name": "Tears On Fresh Fruit",
            "artist": "Sparklehorse",
            "id": 22601945
        },
        {
            "name": "Over and Over",
            "artist": "Skywave",
            "id": 4293664
        },
        {
            "name": "I Want You",
            "artist": "Spiritualized",
            "id": 27332623
        },
        {
            "name": "The Wall",
            "artist": "Yuck",
            "id": 19902625
        },
        {
            "name": "Ava Adore",
            "artist": "The Smashing Pumpkins",
            "id": 21969654
        },
        {
            "name": "Demon To Lean On",
            "artist": "Wavves",
            "id": 26250149
        },
        {
            "name": "Daphne Descends",
            "artist": "The Smashing Pumpkins",
            "id": 21969656
        },
        {
            "name": "Hammering The Cramps",
            "artist": "Sparklehorse",
            "id": 27154071
        },
        {
            "name": "Slide Away",
            "artist": "The Verve",
            "id": 4333692
        },
        {
            "name": "For Ex-Lovers Only",
            "artist": "Black Tambourine",
            "id": 3967294
        },
        {
            "name": "Pastoral",
            "artist": "The Jesus Lizard",
            "id": 2023827
        },
        {
            "name": "The Model",
            "artist": "Big Black",
            "id": 19565910
        },
        {
            "name": "The Lord's Favorite",
            "artist": "Iceage",
            "id": 29423249
        }
    ]
}