{
    "playlist_info": {
        "name": "N种风格~摇滚日团劲旅优选",
        "trackcount": 787,
        "playcount": 134780,
        "creator": "洛茶丹玛斯",
        "createDate": "2015-01-25",
        "heat": 43.0
    },
    "songs": [
        {
            "name": "Pretender",
            "artist": "Official髭男dism",
            "id": 1365924378
        },
        {
            "name": "TATTOO",
            "artist": "Official髭男dism",
            "id": 2040882585
        },
        {
            "name": "Paradox",
            "artist": "Survive Said The Prophet",
            "id": 2031870107
        },
        {
            "name": "Mad World (Japanese Version)",
            "artist": "ONE OK ROCK",
            "id": 1979487623
        },
        {
            "name": "絆ノ奇跡",
            "artist": "MAN WITH A MISSION",
            "id": 2033848662
        },
        {
            "name": "火炎",
            "artist": "女王蜂",
            "id": 1341323866
        },
        {
            "name": "HALF",
            "artist": "女王蜂",
            "id": 553543182
        },
        {
            "name": "夢見るレディオ",
            "artist": "UNIDOTS",
            "id": 1811126456
        },
        {
            "name": "Catch me, if you can",
            "artist": "UNIDOTS",
            "id": 1811129843
        },
        {
            "name": "あなたのなかの忘れた海",
            "artist": "People In The Box",
            "id": 1915699566
        },
        {
            "name": "聖者たち",
            "artist": "People In The Box",
            "id": 520242178
        },
        {
            "name": "溺れた魚",
            "artist": "UNIDOTS",
            "id": 1811129844
        },
        {
            "name": "ウェザーリポート",
            "artist": "ASIAN KUNG-FU GENERATION",
            "id": 2017242674
        },
        {
            "name": "アフターダーク",
            "artist": "ASIAN KUNG-FU GENERATION",
            "id": 4952984
        },
        {
            "name": "Dororo",
            "artist": "ASIAN KUNG-FU GENERATION",
            "id": 1360594305
        },
        {
            "name": "Neon",
            "artist": "ONE OK ROCK",
            "id": 1979487621
        },
        {
            "name": "SUMMER DAZE 2021",
            "artist": "RADWIMPS",
            "id": 1890718289
        },
        {
            "name": "犬じゃらし",
            "artist": "RADWIMPS",
            "id": 1890714543
        },
        {
            "name": "匿名希望",
            "artist": "RADWIMPS",
            "id": 1890718232
        },
        {
            "name": "SHIWAKUCHA feat.Awich",
            "artist": "RADWIMPS",
            "id": 1890714518
        },
        {
            "name": "海馬",
            "artist": "RADWIMPS",
            "id": 1890714516
        },
        {
            "name": "午前4时のレイン",
            "artist": "SPANK PAGE",
            "id": 22711282
        },
        {
            "name": "不器用な情景",
            "artist": "SPANK PAGE",
            "id": 22711281
        },
        {
            "name": "Gravity (feat. Satoshi Fujihara) [OFFICIAL HIGE DANDISM]",
            "artist": "ONE OK ROCK",
            "id": 1979487625
        },
        {
            "name": "残機",
            "artist": "ずっと真夜中でいいのに。",
            "id": 1990571322
        },
        {
            "name": "綺羅キラー",
            "artist": "ずっと真夜中でいいのに。",
            "id": 2007052448
        },
        {
            "name": "怪物",
            "artist": "YOASOBI",
            "id": 1803908863
        },
        {
            "name": "群青",
            "artist": "YOASOBI",
            "id": 1472480890
        },
        {
            "name": "秒針を噛む",
            "artist": "ずっと真夜中でいいのに。",
            "id": 1306163092
        },
        {
            "name": "first death",
            "artist": "TK from 凛として時雨",
            "id": 1998380093
        },
        {
            "name": "Before I Go",
            "artist": "coldrain",
            "id": 1961068569
        },
        {
            "name": "Help Me Help You",
            "artist": "coldrain",
            "id": 1961077660
        },
        {
            "name": "Don't Speak",
            "artist": "coldrain",
            "id": 1961077663
        },
        {
            "name": "Boys And Girls",
            "artist": "coldrain",
            "id": 1961077662
        },
        {
            "name": "危険すぎる",
            "artist": "椎名林檎",
            "id": 27969166
        },
        {
            "name": "秘密",
            "artist": "東京事変",
            "id": 26260327
        },
        {
            "name": "茎",
            "artist": "椎名林檎",
            "id": 22719313
        },
        {
            "name": "蒼の鳴る夜の隙間で",
            "artist": "SCANDAL",
            "id": 1915026046
        },
        {
            "name": "Your Tears are Mine",
            "artist": "ONE OK ROCK",
            "id": 1979487624
        },
        {
            "name": "Prove (Japanese Version)",
            "artist": "ONE OK ROCK",
            "id": 1979487774
        },
        {
            "name": "So Far Gone",
            "artist": "ONE OK ROCK",
            "id": 1979487773
        },
        {
            "name": "Fathers",
            "artist": "SiM",
            "id": 1456141818
        },
        {
            "name": "Let Me Let You Go",
            "artist": "ONE OK ROCK",
            "id": 1975966160
        },
        {
            "name": "Prayer X (Acoustic)",
            "artist": "King Gnu",
            "id": 1311090112
        },
        {
            "name": "Flash!!!",
            "artist": "King Gnu",
            "id": 1317457133
        },
        {
            "name": "ロウラヴ",
            "artist": "King Gnu",
            "id": 515601717
        },
        {
            "name": "McDonald Romance",
            "artist": "King Gnu",
            "id": 496543721
        },
        {
            "name": "あなたは蜃気楼",
            "artist": "King Gnu",
            "id": 515601714
        },
        {
            "name": "記念撮影",
            "artist": "BUMP OF CHICKEN",
            "id": 488267633
        },
        {
            "name": "飛行艇",
            "artist": "King Gnu",
            "id": 1382838382
        },
        {
            "name": "Prayer X",
            "artist": "King Gnu",
            "id": 1299557936
        },
        {
            "name": "三文小説",
            "artist": "King Gnu",
            "id": 1486810810
        },
        {
            "name": "声",
            "artist": "AliA",
            "id": 1349892110
        },
        {
            "name": "PARADOX",
            "artist": "MY FIRST STORY",
            "id": 1915867833
        },
        {
            "name": "廻廻奇譚",
            "artist": "MY FIRST STORY",
            "id": 1861416984
        },
        {
            "name": "The Sound Of Breath",
            "artist": "SiM",
            "id": 522617178
        },
        {
            "name": "Rosso & Dry",
            "artist": "SiM",
            "id": 27903335
        },
        {
            "name": "Renegades",
            "artist": "ONE OK ROCK",
            "id": 1837072264
        },
        {
            "name": "ギャンブル",
            "artist": "椎名林檎",
            "id": 22645576
        },
        {
            "name": "夕立旅立ち",
            "artist": "amazarashi",
            "id": 1425914530
        },
        {
            "name": "とどめを刺して",
            "artist": "amazarashi",
            "id": 1425914529
        },
        {
            "name": "拒否オロジー",
            "artist": "amazarashi",
            "id": 1425918177
        },
        {
            "name": "love is blind",
            "artist": "椎名林檎",
            "id": 642439
        },
        {
            "name": "赤の同盟",
            "artist": "東京事変",
            "id": 1470316366
        },
        {
            "name": "遭難",
            "artist": "東京事変",
            "id": 26260350
        },
        {
            "name": "マスクチルドレン",
            "artist": "amazarashi",
            "id": 1425918181
        },
        {
            "name": "月曜日",
            "artist": "amazarashi",
            "id": 1425918179
        },
        {
            "name": "さよならごっこ",
            "artist": "amazarashi",
            "id": 1425918178
        },
        {
            "name": "帰ってこいよ",
            "artist": "amazarashi",
            "id": 1425914531
        },
        {
            "name": "未来になれなかったあの夜に",
            "artist": "amazarashi",
            "id": 1404531387
        },
        {
            "name": "Who's WhoFO",
            "artist": "凛として時雨",
            "id": 536624412
        },
        {
            "name": "Tornado Minority",
            "artist": "凛として時雨",
            "id": 536623430
        },
        {
            "name": "Serial Number Of Turbo",
            "artist": "凛として時雨",
            "id": 536570448
        },
        {
            "name": "ten to ten",
            "artist": "凛として時雨",
            "id": 536622398
        },
        {
            "name": "EneMe",
            "artist": "凛として時雨",
            "id": 536624413
        },
        {
            "name": "DIE meets HARD",
            "artist": "凛として時雨",
            "id": 536623431
        },
        {
            "name": "白い花",
            "artist": "ZONE",
            "id": 22817173
        },
        {
            "name": "ゼロ",
            "artist": "BUMP OF CHICKEN",
            "id": 693744
        },
        {
            "name": "続・くだらない呗",
            "artist": "BUMP OF CHICKEN",
            "id": 694349
        },
        {
            "name": "三人のおじさん(Secret track)",
            "artist": "BUMP OF CHICKEN",
            "id": 693867
        },
        {
            "name": "天体観測",
            "artist": "BUMP OF CHICKEN",
            "id": 27614150
        },
        {
            "name": "Hello,world!",
            "artist": "BUMP OF CHICKEN",
            "id": 31311449
        },
        {
            "name": "#5",
            "artist": "凛として時雨",
            "id": 536623432
        },
        {
            "name": "3 A.M.",
            "artist": "Survive Said The Prophet",
            "id": 1416398998
        },
        {
            "name": "03:01",
            "artist": "Survive Said The Prophet",
            "id": 1416398999
        },
        {
            "name": "Never; Saying Never",
            "artist": "Survive Said The Prophet",
            "id": 1416400971
        },
        {
            "name": "red",
            "artist": "Survive Said The Prophet",
            "id": 1416398997
        },
        {
            "name": "Hero",
            "artist": "Survive Said The Prophet",
            "id": 1416400970
        },
        {
            "name": "Heroine",
            "artist": "Survive Said The Prophet",
            "id": 1416398996
        },
        {
            "name": "Last Dance Lullaby",
            "artist": "Survive Said The Prophet",
            "id": 1416398995
        },
        {
            "name": "散歩中〜ゲリラ豪雨〜",
            "artist": "MY FIRST STORY",
            "id": 1458766245
        },
        {
            "name": "ぼくはげんき",
            "artist": "MY FIRST STORY",
            "id": 1458767190
        },
        {
            "name": "O.F.T",
            "artist": "凛として時雨",
            "id": 22724051
        },
        {
            "name": "FALL OUT",
            "artist": "LUNA SEA",
            "id": 866684
        },
        {
            "name": "TRUE BLUE",
            "artist": "LUNA SEA",
            "id": 866681
        },
        {
            "name": "gravity",
            "artist": "LUNA SEA",
            "id": 866122
        },
        {
            "name": "I for You",
            "artist": "LUNA SEA",
            "id": 27663665
        },
        {
            "name": "THE BEYOND",
            "artist": "LUNA SEA",
            "id": 1410355356
        },
        {
            "name": "ROSIER",
            "artist": "LUNA SEA",
            "id": 22666777
        },
        {
            "name": "The Storyteller",
            "artist": "MY FIRST STORY",
            "id": 494642788
        },
        {
            "name": "Headlight",
            "artist": "MONKEY MAJIK",
            "id": 776782
        },
        {
            "name": "留学生",
            "artist": "MONKEY MAJIK",
            "id": 1349283609
        },
        {
            "name": "Light The Light",
            "artist": "RADWIMPS",
            "id": 1430652542
        },
        {
            "name": "mib126",
            "artist": "凛として時雨",
            "id": 22724024
        },
        {
            "name": "Revolution",
            "artist": "coldrain",
            "id": 1386495795
        },
        {
            "name": "STAY THE COURSE",
            "artist": "coldrain",
            "id": 1386495794
        },
        {
            "name": "BREATHE",
            "artist": "coldrain",
            "id": 1386496664
        },
        {
            "name": "SPEAK",
            "artist": "coldrain",
            "id": 1386496661
        },
        {
            "name": "COEXIST",
            "artist": "coldrain",
            "id": 1386495791
        },
        {
            "name": "MAYDAY",
            "artist": "coldrain",
            "id": 1386496659
        },
        {
            "name": "INSOMNIA",
            "artist": "coldrain",
            "id": 1386496663
        },
        {
            "name": "JANUARY 1ST",
            "artist": "coldrain",
            "id": 1382666426
        },
        {
            "name": "THE SIDE EFFECTS",
            "artist": "coldrain",
            "id": 1386496662
        },
        {
            "name": "SEE YOU",
            "artist": "coldrain",
            "id": 1386496660
        },
        {
            "name": "命にふさわしい",
            "artist": "amazarashi",
            "id": 461347610
        },
        {
            "name": "空っぽの空に潰される",
            "artist": "amazarashi",
            "id": 32046764
        },
        {
            "name": "空に歌えば",
            "artist": "amazarashi",
            "id": 501220631
        },
        {
            "name": "隅田川",
            "artist": "amazarashi",
            "id": 32046765
        },
        {
            "name": "REVIVER",
            "artist": "MY FIRST STORY",
            "id": 494642787
        },
        {
            "name": "ターボチャージャーON",
            "artist": "凛として時雨",
            "id": 22724055
        },
        {
            "name": "white out",
            "artist": "TK from 凛として時雨",
            "id": 432506958
        },
        {
            "name": "Make Up Syndrome",
            "artist": "凛として時雨",
            "id": 31081076
        },
        {
            "name": "Illusion Is Mine",
            "artist": "凛として時雨",
            "id": 22724015
        },
        {
            "name": "moment A rhythm",
            "artist": "凛として時雨",
            "id": 769764
        },
        {
            "name": "Telecastic fake show",
            "artist": "凛として時雨",
            "id": 769769
        },
        {
            "name": "夕景の記憶",
            "artist": "凛として時雨",
            "id": 22724034
        },
        {
            "name": "24REVERSE",
            "artist": "凛として時雨",
            "id": 769773
        },
        {
            "name": "1/fの感触",
            "artist": "凛として時雨",
            "id": 22724033
        },
        {
            "name": "赤い誘惑",
            "artist": "凛として時雨",
            "id": 22724036
        },
        {
            "name": "am3:45",
            "artist": "凛として時雨",
            "id": 22724038
        },
        {
            "name": "knife vacation",
            "artist": "凛として時雨",
            "id": 22724039
        },
        {
            "name": "TK in the 夕景",
            "artist": "凛として時雨",
            "id": 769894
        },
        {
            "name": "nakano kill you",
            "artist": "凛として時雨",
            "id": 22724041
        },
        {
            "name": "Ling",
            "artist": "凛として時雨",
            "id": 769869
        },
        {
            "name": "Sergio Echigo",
            "artist": "凛として時雨",
            "id": 22724045
        },
        {
            "name": "秋の気配のアルペジオ",
            "artist": "凛として時雨",
            "id": 22724042
        },
        {
            "name": "Abnormalize",
            "artist": "凛として時雨",
            "id": 31081074
        },
        {
            "name": "Like There Is Tomorrow",
            "artist": "TK from 凛として時雨",
            "id": 405079760
        },
        {
            "name": "white silence",
            "artist": "TK from 凛として時雨",
            "id": 769696
        },
        {
            "name": "Ear + F",
            "artist": "TK from 凛として時雨",
            "id": 405079759
        },
        {
            "name": "fourth",
            "artist": "TK from 凛として時雨",
            "id": 769684
        },
        {
            "name": "Signal",
            "artist": "TK from 凛として時雨",
            "id": 432506956
        },
        {
            "name": "white silence (album version)",
            "artist": "TK from 凛として時雨",
            "id": 769672
        },
        {
            "name": "contrast",
            "artist": "TK from 凛として時雨",
            "id": 29017059
        },
        {
            "name": "水面",
            "artist": "Hello Sleepwalkers",
            "id": 407485454
        },
        {
            "name": "M.A.D",
            "artist": "MY FIRST STORY",
            "id": 1318880105
        },
        {
            "name": "失踪FLAME",
            "artist": "MY FIRST STORY",
            "id": 1375665062
        },
        {
            "name": "Calling you",
            "artist": "MY FIRST STORY",
            "id": 1375657882
        },
        {
            "name": "MUKANJYO",
            "artist": "Survive Said The Prophet",
            "id": 1381794832
        },
        {
            "name": "生きて",
            "artist": "Aqua Timez",
            "id": 35847111
        },
        {
            "name": "Never; Saying Never",
            "artist": "Survive Said The Prophet",
            "id": 1363653428
        },
        {
            "name": "3 a.m.",
            "artist": "Survive Said The Prophet",
            "id": 1363655268
        },
        {
            "name": "Last Dance Lullaby (Japanese Version)",
            "artist": "Survive Said The Prophet",
            "id": 1370963362
        },
        {
            "name": "小さな掌 (Live)",
            "artist": "Aqua Timez",
            "id": 1360679261
        },
        {
            "name": "等身大のラブソング (Live)",
            "artist": "Aqua Timez",
            "id": 1360674606
        },
        {
            "name": "歩み (Live)",
            "artist": "Aqua Timez",
            "id": 1360674604
        },
        {
            "name": "千の夜をこえて (Live)",
            "artist": "Aqua Timez",
            "id": 1360679258
        },
        {
            "name": "生きて (Live)",
            "artist": "Aqua Timez",
            "id": 1360674602
        },
        {
            "name": "Velonica (Live)",
            "artist": "Aqua Timez",
            "id": 1360679257
        },
        {
            "name": "ALONES (Live)",
            "artist": "Aqua Timez",
            "id": 1360679256
        },
        {
            "name": "MASK (Live)",
            "artist": "Aqua Timez",
            "id": 1360674601
        },
        {
            "name": "Let It Die",
            "artist": "Survive Said The Prophet",
            "id": 433681875
        },
        {
            "name": "Follow",
            "artist": "Survive Said The Prophet",
            "id": 433019000
        },
        {
            "name": "Spectrum",
            "artist": "Survive Said The Prophet",
            "id": 433018998
        },
        {
            "name": "Bandaid",
            "artist": "Survive Said The Prophet",
            "id": 433018996
        },
        {
            "name": "たられば",
            "artist": "amazarashi",
            "id": 523251545
        },
        {
            "name": "Heroine",
            "artist": "Survive Said The Prophet",
            "id": 1354208943
        },
        {
            "name": "Bridges",
            "artist": "Survive Said The Prophet",
            "id": 1354208944
        },
        {
            "name": "Chain",
            "artist": "BACK-ON",
            "id": 695536
        },
        {
            "name": "NEW WORLD",
            "artist": "BACK-ON",
            "id": 22773366
        },
        {
            "name": "Misty rain",
            "artist": "BACK-ON",
            "id": 536622626
        },
        {
            "name": "Laugh now",
            "artist": "BACK-ON",
            "id": 536623641
        },
        {
            "name": "流れ星",
            "artist": "BACK-ON",
            "id": 695254
        },
        {
            "name": "where is the future?",
            "artist": "BACK-ON",
            "id": 695326
        },
        {
            "name": "twenty four/ 7",
            "artist": "BACK-ON",
            "id": 22773364
        },
        {
            "name": "黑色小丑 ~Clown~",
            "artist": "BACK-ON",
            "id": 1311345799
        },
        {
            "name": "憧憬~DOUKEI~",
            "artist": "BACK-ON",
            "id": 29753664
        },
        {
            "name": "Wannabe",
            "artist": "BACK-ON",
            "id": 1349232552
        },
        {
            "name": "Clown",
            "artist": "BACK-ON",
            "id": 536624628
        },
        {
            "name": "Mirrors",
            "artist": "BACK-ON",
            "id": 461080073
        },
        {
            "name": "リザレクション",
            "artist": "BACK-ON",
            "id": 32192753
        },
        {
            "name": "flyaway",
            "artist": "BACK-ON",
            "id": 695321
        },
        {
            "name": "手紙",
            "artist": "BACK-ON",
            "id": 509530319
        },
        {
            "name": "Carry on",
            "artist": "BACK-ON",
            "id": 536623640
        },
        {
            "name": "wimp",
            "artist": "BACK-ON",
            "id": 28302403
        },
        {
            "name": "セルリアン",
            "artist": "BACK-ON",
            "id": 460628798
        },
        {
            "name": "ニブンノイチ",
            "artist": "BACK-ON",
            "id": 27969246
        },
        {
            "name": "STRIKE BACK",
            "artist": "BACK-ON",
            "id": 28885177
        },
        {
            "name": "INFINITY",
            "artist": "BACK-ON",
            "id": 27969248
        },
        {
            "name": "Wild Thing",
            "artist": "BACK-ON",
            "id": 1349233288
        },
        {
            "name": "名前",
            "artist": "amazarashi",
            "id": 34014854
        },
        {
            "name": "光、再考",
            "artist": "amazarashi",
            "id": 687835
        },
        {
            "name": "ひろ",
            "artist": "amazarashi",
            "id": 29709810
        },
        {
            "name": "それを言葉という",
            "artist": "amazarashi",
            "id": 1345525214
        },
        {
            "name": "リビングデッド",
            "artist": "amazarashi",
            "id": 1322354990
        },
        {
            "name": "さよならごっこ",
            "artist": "amazarashi",
            "id": 1343276979
        },
        {
            "name": "REVOLUTION",
            "artist": "coldrain",
            "id": 1333316684
        },
        {
            "name": "Last Kiss",
            "artist": "MY FIRST STORY",
            "id": 1318879099
        },
        {
            "name": "Unforgettable",
            "artist": "ONE OK ROCK",
            "id": 1345651136
        },
        {
            "name": "In The Stars",
            "artist": "ONE OK ROCK",
            "id": 1345652051
        },
        {
            "name": "Worst In Me",
            "artist": "ONE OK ROCK",
            "id": 1345652050
        },
        {
            "name": "ミカヅキ-Hiro(MY FIRST STORY)Vo ver.-",
            "artist": "森内寛樹",
            "id": 1331300870
        },
        {
            "name": "ACCIDENT",
            "artist": "MY FIRST STORY",
            "id": 1318894069
        },
        {
            "name": "With You",
            "artist": "MY FIRST STORY",
            "id": 1318894072
        },
        {
            "name": "THE STORY（ACOUSTIC）",
            "artist": "coldrain",
            "id": 425684102
        },
        {
            "name": "OUT OF MY HANDS ~REVIVAL~",
            "artist": "Pay money To my Pain",
            "id": 799341
        },
        {
            "name": "Until you wake up",
            "artist": "The BONEZ",
            "id": 1308819703
        },
        {
            "name": "[  ]",
            "artist": "Survive Said The Prophet",
            "id": 498331835
        },
        {
            "name": "T R A N S l a t e d",
            "artist": "Survive Said The Prophet",
            "id": 1311732312
        },
        {
            "name": "found & lost",
            "artist": "Survive Said The Prophet",
            "id": 1311731586
        },
        {
            "name": "LOST & FOUND",
            "artist": "Survive Said The Prophet",
            "id": 1334615354
        },
        {
            "name": "To Whom",
            "artist": "Supper Moment",
            "id": 1332964504
        },
        {
            "name": "RED",
            "artist": "Survive Said The Prophet",
            "id": 1334615353
        },
        {
            "name": "UPLIFTED",
            "artist": "Survive Said The Prophet",
            "id": 1311732314
        },
        {
            "name": "NE:ONE",
            "artist": "Survive Said The Prophet",
            "id": 1311731587
        },
        {
            "name": "s t i l l b e l i e v e",
            "artist": "Survive Said The Prophet",
            "id": 1311731589
        },
        {
            "name": "Listening",
            "artist": "Survive Said The Prophet",
            "id": 498331836
        },
        {
            "name": "Wabi",
            "artist": "Survive Said The Prophet",
            "id": 498331829
        },
        {
            "name": "Sabi",
            "artist": "Survive Said The Prophet",
            "id": 498331837
        },
        {
            "name": "Lost in Time",
            "artist": "Survive Said The Prophet",
            "id": 498331830
        },
        {
            "name": "When I",
            "artist": "Survive Said The Prophet",
            "id": 498331831
        },
        {
            "name": "Network System",
            "artist": "Survive Said The Prophet",
            "id": 498331832
        },
        {
            "name": "Again",
            "artist": "Survive Said The Prophet",
            "id": 498331833
        },
        {
            "name": "Conscious",
            "artist": "Survive Said The Prophet",
            "id": 498331834
        },
        {
            "name": "S P I N E",
            "artist": "Survive Said The Prophet",
            "id": 1311731584
        },
        {
            "name": "The Happy Song",
            "artist": "Survive Said The Prophet",
            "id": 1311731588
        },
        {
            "name": "NEVER EVER ENDER",
            "artist": "RADWIMPS",
            "id": 1328909530
        },
        {
            "name": "静かの海",
            "artist": "Plastic Tree",
            "id": 543987348
        },
        {
            "name": "いろつき",
            "artist": "Plastic Tree",
            "id": 543987347
        },
        {
            "name": "雨中遊泳",
            "artist": "Plastic Tree",
            "id": 543987345
        },
        {
            "name": "遠国",
            "artist": "Plastic Tree",
            "id": 543987342
        },
        {
            "name": "ray of light",
            "artist": "MONKEY MAJIK",
            "id": 546730071
        },
        {
            "name": "40 days",
            "artist": "MONKEY MAJIK",
            "id": 546724071
        },
        {
            "name": "Tokyo lights",
            "artist": "MONKEY MAJIK",
            "id": 546730068
        },
        {
            "name": "灯火",
            "artist": "Plastic Tree",
            "id": 1296539275
        },
        {
            "name": "インサイドアウト",
            "artist": "Plastic Tree",
            "id": 1296539274
        },
        {
            "name": "光",
            "artist": "RADWIMPS",
            "id": 441120290
        },
        {
            "name": "洗脳",
            "artist": "RADWIMPS",
            "id": 477331362
        },
        {
            "name": "カタルシスト",
            "artist": "RADWIMPS",
            "id": 570088235
        },
        {
            "name": "声(Billboard Live OSAKA 2017.08.21)",
            "artist": "SCANDAL",
            "id": 864100002
        },
        {
            "name": "テイクミーアウト",
            "artist": "SCANDAL",
            "id": 422104061
        },
        {
            "name": "Ring",
            "artist": "Another Story",
            "id": 33638367
        },
        {
            "name": "Closer",
            "artist": "Another Story",
            "id": 28585091
        },
        {
            "name": "The greatest plan",
            "artist": "Another Story",
            "id": 28585090
        },
        {
            "name": "Beautiful world",
            "artist": "Another Story",
            "id": 28585089
        },
        {
            "name": "From me to you",
            "artist": "Another Story",
            "id": 28585086
        },
        {
            "name": "Masquerade",
            "artist": "Another Story",
            "id": 28585085
        },
        {
            "name": "Happy Deathday",
            "artist": "Another Story",
            "id": 28585083
        },
        {
            "name": "Storyteller",
            "artist": "Another Story",
            "id": 27866692
        },
        {
            "name": "End Of Story",
            "artist": "Another Story",
            "id": 27866690
        },
        {
            "name": "Dying Breed",
            "artist": "Another Story",
            "id": 27866689
        },
        {
            "name": "Underworld",
            "artist": "Another Story",
            "id": 27866687
        },
        {
            "name": "Gone",
            "artist": "Another Story",
            "id": 1297743285
        },
        {
            "name": "System",
            "artist": "Another Story",
            "id": 1297742293
        },
        {
            "name": "The greatest plan",
            "artist": "Another Story",
            "id": 1297742294
        },
        {
            "name": "Inside Of Me",
            "artist": "coldrain",
            "id": 22787659
        },
        {
            "name": "The Future",
            "artist": "coldrain",
            "id": 22787658
        },
        {
            "name": "Stuck",
            "artist": "coldrain",
            "id": 22787672
        },
        {
            "name": "Survive",
            "artist": "coldrain",
            "id": 22787685
        },
        {
            "name": "Counterfeits & Lies",
            "artist": "coldrain",
            "id": 22787681
        },
        {
            "name": "Just Tonight",
            "artist": "coldrain",
            "id": 22787682
        },
        {
            "name": "Final Destination",
            "artist": "coldrain",
            "id": 22787679
        },
        {
            "name": "Someday",
            "artist": "coldrain",
            "id": 22787678
        },
        {
            "name": "I know",
            "artist": "coldrain",
            "id": 35845407
        },
        {
            "name": "Confession",
            "artist": "coldrain",
            "id": 22787671
        },
        {
            "name": "HOUSE OF CARDS",
            "artist": "coldrain",
            "id": 28691637
        },
        {
            "name": "MARCH ON",
            "artist": "coldrain",
            "id": 28691636
        },
        {
            "name": "YOU LIE",
            "artist": "coldrain",
            "id": 28691634
        },
        {
            "name": "Born to Bleed",
            "artist": "coldrain",
            "id": 427416089
        },
        {
            "name": "Wrong",
            "artist": "coldrain",
            "id": 427373161
        },
        {
            "name": "Believe",
            "artist": "coldrain",
            "id": 35845404
        },
        {
            "name": "Time to go",
            "artist": "coldrain",
            "id": 35845403
        },
        {
            "name": "Come awake",
            "artist": "coldrain",
            "id": 35845406
        },
        {
            "name": "僕が死のうと思ったのは",
            "artist": "amazarashi",
            "id": 1294924716
        },
        {
            "name": "僕が死のうと思ったのは",
            "artist": "amazarashi",
            "id": 405612712
        },
        {
            "name": "Aurora",
            "artist": "The BONEZ",
            "id": 28252583
        },
        {
            "name": "Relieve",
            "artist": "Pay money To my Pain",
            "id": 22762277
        },
        {
            "name": "Hello Monster",
            "artist": "The BONEZ",
            "id": 31165591
        },
        {
            "name": "Escargot",
            "artist": "The BONEZ",
            "id": 31165589
        },
        {
            "name": "Out of my hands",
            "artist": "Pay money To my Pain",
            "id": 799385
        },
        {
            "name": "Anxiety",
            "artist": "Pay money To my Pain",
            "id": 799393
        },
        {
            "name": "Close the door",
            "artist": "Pay money To my Pain",
            "id": 799389
        },
        {
            "name": "Reflection",
            "artist": "Pay money To my Pain",
            "id": 22762299
        },
        {
            "name": "Unforgettable Past",
            "artist": "Pay money To my Pain",
            "id": 22762302
        },
        {
            "name": "Paralyzed Ocean",
            "artist": "Pay money To my Pain",
            "id": 22762306
        },
        {
            "name": "Train",
            "artist": "Pay money To my Pain",
            "id": 22762300
        },
        {
            "name": "Mountain Top",
            "artist": "RADWIMPS",
            "id": 525241394
        },
        {
            "name": "スピードと摩擦",
            "artist": "amazarashi",
            "id": 33781004
        },
        {
            "name": "14歳",
            "artist": "amazarashi",
            "id": 22728975
        },
        {
            "name": "真っ白な世界",
            "artist": "amazarashi",
            "id": 22728992
        },
        {
            "name": "爆弾の作り方",
            "artist": "amazarashi",
            "id": 687807
        },
        {
            "name": "古いSF映画",
            "artist": "amazarashi",
            "id": 32046769
        },
        {
            "name": "光、再考",
            "artist": "amazarashi",
            "id": 32046762
        },
        {
            "name": "無題",
            "artist": "amazarashi",
            "id": 32046766
        },
        {
            "name": "空っぽの空に潰される",
            "artist": "amazarashi",
            "id": 22728969
        },
        {
            "name": "千年幸福論",
            "artist": "amazarashi",
            "id": 22728974
        },
        {
            "name": "風に流離い",
            "artist": "amazarashi",
            "id": 26209407
        },
        {
            "name": "ENVY",
            "artist": "coldrain",
            "id": 497463544
        },
        {
            "name": "The Puzzle",
            "artist": "MY FIRST STORY",
            "id": 420513451
        },
        {
            "name": "Do I Have To Bleed Again",
            "artist": "MONOEYES",
            "id": 33527023
        },
        {
            "name": "Like We've Never Lost",
            "artist": "MONOEYES",
            "id": 33527017
        },
        {
            "name": "Cold Reaction",
            "artist": "MONOEYES",
            "id": 33527016
        },
        {
            "name": "Wish It Was Snowing Out",
            "artist": "MONOEYES",
            "id": 33527026
        },
        {
            "name": "Get Me Down",
            "artist": "MONOEYES",
            "id": 33527024
        },
        {
            "name": "WE ARE GO (album ver.)",
            "artist": "UVERworld",
            "id": 494645884
        },
        {
            "name": "ほんの少し",
            "artist": "UVERworld",
            "id": 494645883
        },
        {
            "name": "PRAYING RUN",
            "artist": "UVERworld",
            "id": 494642927
        },
        {
            "name": "SHOUT LOVE",
            "artist": "UVERworld",
            "id": 494642922
        },
        {
            "name": "シリウス",
            "artist": "UVERworld",
            "id": 494645879
        },
        {
            "name": "Q.E.D.",
            "artist": "UVERworld",
            "id": 494642921
        },
        {
            "name": "DECIDED",
            "artist": "UVERworld",
            "id": 489970205
        },
        {
            "name": "YAH YAH YAH",
            "artist": "Hello Sleepwalkers",
            "id": 461518609
        },
        {
            "name": "DNAの階段",
            "artist": "Hello Sleepwalkers",
            "id": 461518610
        },
        {
            "name": "日食",
            "artist": "Hello Sleepwalkers",
            "id": 461519553
        },
        {
            "name": "新世界",
            "artist": "Hello Sleepwalkers",
            "id": 461519550
        },
        {
            "name": "FEED THE FIRE",
            "artist": "coldrain",
            "id": 507783583
        },
        {
            "name": "20/20",
            "artist": "ONE OK ROCK",
            "id": 453185038
        },
        {
            "name": "Bon Voyage",
            "artist": "ONE OK ROCK",
            "id": 453176146
        },
        {
            "name": "One Way Ticket",
            "artist": "ONE OK ROCK",
            "id": 453185041
        },
        {
            "name": "Take what you want",
            "artist": "ONE OK ROCK",
            "id": 453176147
        },
        {
            "name": "We're Just Waiting 4 You",
            "artist": "MY FIRST STORY",
            "id": 462523292
        },
        {
            "name": "By My Side",
            "artist": "TAKA",
            "id": 448917953
        },
        {
            "name": "Hard to Love",
            "artist": "ONE OK ROCK",
            "id": 441102543
        },
        {
            "name": "Lost in Tonight",
            "artist": "ONE OK ROCK",
            "id": 453176144
        },
        {
            "name": "We are",
            "artist": "ONE OK ROCK",
            "id": 453176141
        },
        {
            "name": "Start Again",
            "artist": "ONE OK ROCK",
            "id": 453185043
        },
        {
            "name": "なんでもないや (movie ver.)",
            "artist": "RADWIMPS",
            "id": 426881506
        },
        {
            "name": "Taking Off",
            "artist": "ONE OK ROCK",
            "id": 430297299
        },
        {
            "name": "THIS IS HOW WE ROCK",
            "artist": "SPYAIR",
            "id": 420922273
        },
        {
            "name": "U＆I",
            "artist": "SPYAIR",
            "id": 22682058
        },
        {
            "name": "U＆I (Live at NHK Hall 2016.3.10)",
            "artist": "SPYAIR",
            "id": 420922275
        },
        {
            "name": "JUST ONE LIFE (Live at NHK Hall 2016.3.10)",
            "artist": "SPYAIR",
            "id": 420922274
        },
        {
            "name": "Home",
            "artist": "MY FIRST STORY",
            "id": 420513452
        },
        {
            "name": "One Light",
            "artist": "MY FIRST STORY",
            "id": 420500536
        },
        {
            "name": "Tomorrowland",
            "artist": "MY FIRST STORY",
            "id": 420500539
        },
        {
            "name": "Smash Out!!",
            "artist": "MY FIRST STORY",
            "id": 420513446
        },
        {
            "name": "\"Boom\"",
            "artist": "MY FIRST STORY",
            "id": 420500538
        },
        {
            "name": "Runaway",
            "artist": "coldrain",
            "id": 35847074
        },
        {
            "name": "The Story",
            "artist": "coldrain",
            "id": 35847073
        },
        {
            "name": "The Story (Acoustic)",
            "artist": "coldrain",
            "id": 427373170
        },
        {
            "name": "Gone",
            "artist": "coldrain",
            "id": 35847072
        },
        {
            "name": "Pretty Little Liar",
            "artist": "coldrain",
            "id": 35848064
        },
        {
            "name": "Whole",
            "artist": "coldrain",
            "id": 35848063
        },
        {
            "name": "Gone (Acoustic)",
            "artist": "coldrain",
            "id": 427373173
        },
        {
            "name": "Miss you",
            "artist": "coldrain",
            "id": 22787676
        },
        {
            "name": "夢灯籠",
            "artist": "RADWIMPS",
            "id": 426881480
        },
        {
            "name": "’I’ Novel",
            "artist": "RADWIMPS",
            "id": 35288796
        },
        {
            "name": "Hard To Love",
            "artist": "ONE OK ROCK",
            "id": 420500041
        },
        {
            "name": "Tree Rings",
            "artist": "the HIATUS",
            "id": 420220012
        },
        {
            "name": "Radio",
            "artist": "the HIATUS",
            "id": 419682009
        },
        {
            "name": "Catch You Later",
            "artist": "the HIATUS",
            "id": 420220010
        },
        {
            "name": "Clone",
            "artist": "the HIATUS",
            "id": 419682005
        },
        {
            "name": "ちいさなほのお",
            "artist": "SCANDAL",
            "id": 405079791
        },
        {
            "name": "Sisters",
            "artist": "SCANDAL",
            "id": 405079789
        },
        {
            "name": "HARUKAZE",
            "artist": "SCANDAL",
            "id": 819914
        },
        {
            "name": "*~アスタリスク~",
            "artist": "SCANDAL",
            "id": 819921
        },
        {
            "name": "ALONES",
            "artist": "SCANDAL",
            "id": 819919
        },
        {
            "name": "現状ディストラクション",
            "artist": "SPYAIR",
            "id": 27552839
        },
        {
            "name": "サクラミツツキ",
            "artist": "SPYAIR",
            "id": 27552840
        },
        {
            "name": "虹",
            "artist": "SPYAIR",
            "id": 27552846
        },
        {
            "name": "Winding Road",
            "artist": "SPYAIR",
            "id": 27552841
        },
        {
            "name": "OVERLOAD",
            "artist": "SPYAIR",
            "id": 27501106
        },
        {
            "name": "雨上がりに咲く花",
            "artist": "SPYAIR",
            "id": 27552845
        },
        {
            "name": "感情ディスコード（LIVE ver.）",
            "artist": "SPYAIR",
            "id": 830764
        },
        {
            "name": "Radio",
            "artist": "SPYAIR",
            "id": 27969146
        },
        {
            "name": "雨音子",
            "artist": "RADWIMPS",
            "id": 22810671
        },
        {
            "name": "魔法の言葉-English version-",
            "artist": "MONKEY MAJIK",
            "id": 26127508
        },
        {
            "name": "レトリック",
            "artist": "Hello Sleepwalkers",
            "id": 407485453
        },
        {
            "name": "神話崩壊",
            "artist": "Hello Sleepwalkers",
            "id": 407485456
        },
        {
            "name": "Cakes And Ale And Everlasting Laugh",
            "artist": "ELLEGARDEN",
            "id": 718282
        },
        {
            "name": "Fire Cracker",
            "artist": "ELLEGARDEN",
            "id": 22692144
        },
        {
            "name": "Stereoman",
            "artist": "ELLEGARDEN",
            "id": 26098974
        },
        {
            "name": "Space Sonic",
            "artist": "ELLEGARDEN",
            "id": 22692141
        },
        {
            "name": "Good Morning Kids",
            "artist": "ELLEGARDEN",
            "id": 22692175
        },
        {
            "name": "BBQ Riot Song",
            "artist": "ELLEGARDEN",
            "id": 22692166
        },
        {
            "name": "Surfrider Association",
            "artist": "ELLEGARDEN",
            "id": 22692185
        },
        {
            "name": "Winter",
            "artist": "ELLEGARDEN",
            "id": 22692149
        },
        {
            "name": "Jamie",
            "artist": "ELLEGARDEN",
            "id": 22692193
        },
        {
            "name": "Cuomo",
            "artist": "ELLEGARDEN",
            "id": 22692182
        },
        {
            "name": "Always coming back",
            "artist": "ONE OK ROCK",
            "id": 406096733
        },
        {
            "name": "Thread & Needle",
            "artist": "The BONEZ",
            "id": 28252579
        },
        {
            "name": "GOOD LUCK MY WAY",
            "artist": "L'Arc〜en〜Ciel",
            "id": 28726598
        },
        {
            "name": "STAY AWAY (Live)",
            "artist": "L'Arc〜en〜Ciel",
            "id": 28726976
        },
        {
            "name": "あなたのために",
            "artist": "L'Arc〜en〜Ciel",
            "id": 28726461
        },
        {
            "name": "winter fall",
            "artist": "L'Arc〜en〜Ciel",
            "id": 22695815
        },
        {
            "name": "NEXUS 4",
            "artist": "L'Arc〜en〜Ciel",
            "id": 26772468
        },
        {
            "name": "虹 (Live)",
            "artist": "L'Arc〜en〜Ciel",
            "id": 28727041
        },
        {
            "name": "あなた (Live)",
            "artist": "L'Arc〜en〜Ciel",
            "id": 28727036
        },
        {
            "name": "GOOD LUCK MY WAY (hydeless Version)",
            "artist": "L'Arc〜en〜Ciel",
            "id": 28726600
        },
        {
            "name": "瞳の住人 (hydeless version)",
            "artist": "L'Arc〜en〜Ciel",
            "id": 28239940
        },
        {
            "name": "HONEY -L'Acoustic version-",
            "artist": "L'Arc〜en〜Ciel",
            "id": 40157528
        },
        {
            "name": "HONEY",
            "artist": "L'Arc〜en〜Ciel",
            "id": 22695796
        },
        {
            "name": "●静物",
            "artist": "Plastic Tree",
            "id": 40188190
        },
        {
            "name": "float",
            "artist": "Plastic Tree",
            "id": 40188185
        },
        {
            "name": "インソムニアブルース",
            "artist": "Plastic Tree",
            "id": 40188184
        },
        {
            "name": "フラスコ",
            "artist": "Plastic Tree",
            "id": 40188180
        },
        {
            "name": "剥製",
            "artist": "Plastic Tree",
            "id": 40188189
        },
        {
            "name": "記号として",
            "artist": "RADWIMPS",
            "id": 37720041
        },
        {
            "name": "Sun forever",
            "artist": "The BONEZ",
            "id": 28252588
        },
        {
            "name": "Memory",
            "artist": "The BONEZ",
            "id": 31165588
        },
        {
            "name": "Place of Fire (Beginning mix)",
            "artist": "The BONEZ",
            "id": 31165587
        },
        {
            "name": "Illumination",
            "artist": "Pay money To my Pain",
            "id": 27969907
        },
        {
            "name": "Voice",
            "artist": "Pay money To my Pain",
            "id": 27969909
        },
        {
            "name": "Sisters (Instrumental)",
            "artist": "SCANDAL",
            "id": 34528585
        },
        {
            "name": "LOVE ME DO",
            "artist": "SCANDAL",
            "id": 405079782
        },
        {
            "name": "证言",
            "artist": "シド",
            "id": 22643648
        },
        {
            "name": "落園",
            "artist": "シド",
            "id": 22643631
        },
        {
            "name": "hug",
            "artist": "シド",
            "id": 28240496
        },
        {
            "name": "乱舞のメロディ (ALBUM Mix)",
            "artist": "シド",
            "id": 22643615
        },
        {
            "name": "ANNIVERSARY",
            "artist": "シド",
            "id": 27927517
        },
        {
            "name": "Stuck in the middle",
            "artist": "ONE OK ROCK",
            "id": 30590162
        },
        {
            "name": "Heartache",
            "artist": "ONE OK ROCK",
            "id": 34928122
        },
        {
            "name": "Cry Out",
            "artist": "ONE OK ROCK",
            "id": 34532193
        },
        {
            "name": "Decision (feat. Tyler Carter)",
            "artist": "ONE OK ROCK",
            "id": 34928124
        },
        {
            "name": "Last Dance",
            "artist": "ONE OK ROCK",
            "id": 34928342
        },
        {
            "name": "Karasu (Live TOUR in YOKOHAMA ARENA)",
            "artist": "ONE OK ROCK",
            "id": 22668842
        },
        {
            "name": "Et cetera (Live TOUR in YOKOHAMA ARENA)",
            "artist": "ONE OK ROCK",
            "id": 22668847
        },
        {
            "name": "Pierce (Live TOUR in YOKOHAMA ARENA)",
            "artist": "ONE OK ROCK",
            "id": 22668840
        },
        {
            "name": "Wherever you are (Live TOUR in YOKOHAMA ARENA)",
            "artist": "ONE OK ROCK",
            "id": 22668844
        },
        {
            "name": "イマジネーション (Live at FUJI-Q HIGHLAND 2015.8.8)",
            "artist": "SPYAIR",
            "id": 35779410
        },
        {
            "name": "Stand by me",
            "artist": "SPYAIR",
            "id": 36921855
        },
        {
            "name": "アイム・ア・ビリーバー",
            "artist": "SPYAIR",
            "id": 36921850
        },
        {
            "name": "JUST LIKE THIS 2015",
            "artist": "SPYAIR",
            "id": 33223392
        },
        {
            "name": "Rock'n Roll",
            "artist": "SPYAIR",
            "id": 830691
        },
        {
            "name": "Supersonic",
            "artist": "SPYAIR",
            "id": 27552844
        },
        {
            "name": "THE OVER",
            "artist": "UVERworld",
            "id": 25860556
        },
        {
            "name": "CORE PRIDE",
            "artist": "UVERworld",
            "id": 860842
        },
        {
            "name": "MONDO PIECE",
            "artist": "UVERworld",
            "id": 860873
        },
        {
            "name": "~流れ・空虚・THIS WORD~",
            "artist": "UVERworld",
            "id": 22642870
        },
        {
            "name": "GOLD",
            "artist": "UVERworld",
            "id": 861011
        },
        {
            "name": "Don’t Think.Feel",
            "artist": "UVERworld",
            "id": 25860552
        },
        {
            "name": "7th Trigger",
            "artist": "UVERworld",
            "id": 860717
        },
        {
            "name": "浮世CROSSING",
            "artist": "UVERworld",
            "id": 861349
        },
        {
            "name": "LIFEsize",
            "artist": "UVERworld",
            "id": 22642880
        },
        {
            "name": "earthy world",
            "artist": "UVERworld",
            "id": 22642848
        },
        {
            "name": "7日目の決意",
            "artist": "UVERworld",
            "id": 28680350
        },
        {
            "name": "白昼夢",
            "artist": "UVERworld",
            "id": 22642805
        },
        {
            "name": "言わなくても伝わる あれは少し嘘だ",
            "artist": "UVERworld",
            "id": 32235719
        },
        {
            "name": "哀しみはきっと",
            "artist": "UVERworld",
            "id": 861099
        },
        {
            "name": "クオリア",
            "artist": "UVERworld",
            "id": 860917
        },
        {
            "name": "KINJITO",
            "artist": "UVERworld",
            "id": 860742
        },
        {
            "name": "Born Slippy",
            "artist": "UVERworld",
            "id": 28754759
        },
        {
            "name": "僕の言葉ではない これは僕達の言葉",
            "artist": "UVERworld",
            "id": 32235718
        },
        {
            "name": "儚くも永久のカナシ",
            "artist": "UVERworld",
            "id": 861221
        },
        {
            "name": "激動",
            "artist": "UVERworld",
            "id": 861264
        },
        {
            "name": "Wizard CLUB",
            "artist": "UVERworld",
            "id": 28754760
        },
        {
            "name": "UNKNOWN ORCHESTRA",
            "artist": "UVERworld",
            "id": 861384
        },
        {
            "name": "体温",
            "artist": "UVERworld",
            "id": 861223
        },
        {
            "name": "D-tecnoLife",
            "artist": "UVERworld",
            "id": 4969763
        },
        {
            "name": "Colors of the Heart",
            "artist": "UVERworld",
            "id": 861455
        },
        {
            "name": "a LOVELY TONE",
            "artist": "UVERworld",
            "id": 27583521
        },
        {
            "name": "在るべき形",
            "artist": "UVERworld",
            "id": 28754762
        },
        {
            "name": "0 choir",
            "artist": "UVERworld",
            "id": 28754763
        },
        {
            "name": "YURA YURA",
            "artist": "UVERworld",
            "id": 22642851
        },
        {
            "name": "endscape",
            "artist": "UVERworld",
            "id": 861380
        },
        {
            "name": "REVERSI",
            "artist": "UVERworld",
            "id": 26127982
        },
        {
            "name": "IMPACT mixed by Dave Schiffman",
            "artist": "UVERworld",
            "id": 32477028
        },
        {
            "name": "君の好きなうた (Acoustic Version)",
            "artist": "UVERworld",
            "id": 22642881
        },
        {
            "name": "The Beginning",
            "artist": "ONE OK ROCK",
            "id": 27090429
        },
        {
            "name": "NO SCARED",
            "artist": "ONE OK ROCK",
            "id": 794031
        },
        {
            "name": "Re:make",
            "artist": "ONE OK ROCK",
            "id": 794080
        },
        {
            "name": "Liar",
            "artist": "ONE OK ROCK",
            "id": 794131
        },
        {
            "name": "完全感覚Dreamer",
            "artist": "ONE OK ROCK",
            "id": 794118
        },
        {
            "name": "アンサイズニア",
            "artist": "ONE OK ROCK",
            "id": 794027
        },
        {
            "name": "Nobody’s home",
            "artist": "ONE OK ROCK",
            "id": 794141
        },
        {
            "name": "the same as...",
            "artist": "ONE OK ROCK",
            "id": 27090438
        },
        {
            "name": "未完成交響曲",
            "artist": "ONE OK ROCK",
            "id": 794139
        },
        {
            "name": "Suddenly",
            "artist": "ONE OK ROCK",
            "id": 30590155
        },
        {
            "name": "Memories",
            "artist": "ONE OK ROCK",
            "id": 30590156
        },
        {
            "name": "Decision",
            "artist": "ONE OK ROCK",
            "id": 30590159
        },
        {
            "name": "(you can do) everything",
            "artist": "ONE OK ROCK",
            "id": 794259
        },
        {
            "name": "キミシダイ列車",
            "artist": "ONE OK ROCK",
            "id": 794062
        },
        {
            "name": "Cry out",
            "artist": "ONE OK ROCK",
            "id": 30051940
        },
        {
            "name": "Mighty Long Fall",
            "artist": "ONE OK ROCK",
            "id": 30590157
        },
        {
            "name": "欠落オートメーション",
            "artist": "ONE OK ROCK",
            "id": 26095966
        },
        {
            "name": "混雑コミュニケーション",
            "artist": "ONE OK ROCK",
            "id": 794119
        },
        {
            "name": "Rock, Scissors, Paper",
            "artist": "ONE OK ROCK",
            "id": 794088
        },
        {
            "name": "Nothing Helps",
            "artist": "ONE OK ROCK",
            "id": 27090431
        },
        {
            "name": "Deeper Deeper",
            "artist": "ONE OK ROCK",
            "id": 27090435
        },
        {
            "name": "Ending Story??",
            "artist": "ONE OK ROCK",
            "id": 27090427
        },
        {
            "name": "Clock Strikes",
            "artist": "ONE OK ROCK",
            "id": 26121811
        },
        {
            "name": "Riot!!!",
            "artist": "ONE OK ROCK",
            "id": 794136
        },
        {
            "name": "Never Let This Go",
            "artist": "ONE OK ROCK",
            "id": 794117
        },
        {
            "name": "不可逆リプレイス",
            "artist": "MY FIRST STORY",
            "id": 29436956
        },
        {
            "name": "Second Limit",
            "artist": "MY FIRST STORY",
            "id": 22789428
        },
        {
            "name": "Black Rail",
            "artist": "MY FIRST STORY",
            "id": 29709670
        },
        {
            "name": "Lose Your Mind",
            "artist": "MY FIRST STORY",
            "id": 26126088
        },
        {
            "name": "最終回STORY",
            "artist": "MY FIRST STORY",
            "id": 27171506
        },
        {
            "name": "モノクロエフェクター",
            "artist": "MY FIRST STORY",
            "id": 29709675
        },
        {
            "name": "失踪FLAME",
            "artist": "MY FIRST STORY",
            "id": 33728701
        },
        {
            "name": "ALONE",
            "artist": "MY FIRST STORY",
            "id": 33728700
        },
        {
            "name": "Drive me",
            "artist": "MY FIRST STORY",
            "id": 29709672
        },
        {
            "name": "Calling You",
            "artist": "MY FIRST STORY",
            "id": 22789429
        },
        {
            "name": "monologue",
            "artist": "MY FIRST STORY",
            "id": 29709667
        },
        {
            "name": "虚言NEUROSE",
            "artist": "MY FIRST STORY",
            "id": 29709668
        },
        {
            "name": "Preservation",
            "artist": "MY FIRST STORY",
            "id": 26126084
        },
        {
            "name": "The Reason",
            "artist": "MY FIRST STORY",
            "id": 26126085
        },
        {
            "name": "Institution",
            "artist": "MY FIRST STORY",
            "id": 22789433
        },
        {
            "name": "Bullet Radio",
            "artist": "MY FIRST STORY",
            "id": 22789435
        },
        {
            "name": "Someday",
            "artist": "MY FIRST STORY",
            "id": 29709679
        },
        {
            "name": "Love Letter",
            "artist": "MY FIRST STORY",
            "id": 28819410
        },
        {
            "name": "Still",
            "artist": "MY FIRST STORY",
            "id": 22789430
        },
        {
            "name": "「花」-0714-",
            "artist": "MY FIRST STORY",
            "id": 27171508
        },
        {
            "name": "If I Am...",
            "artist": "MY FIRST STORY",
            "id": 29709674
        },
        {
            "name": "CHiLD -error-",
            "artist": "MY FIRST STORY",
            "id": 29709681
        },
        {
            "name": "21 Miles",
            "artist": "MY FIRST STORY",
            "id": 33728702
        },
        {
            "name": "We Are Never Ever Getting Back Together(Taylor Swift Cover)",
            "artist": "MY FIRST STORY",
            "id": 29436957
        },
        {
            "name": "Silence Word",
            "artist": "MY FIRST STORY",
            "id": 26126089
        },
        {
            "name": "Gift",
            "artist": "MY FIRST STORY",
            "id": 26126087
        },
        {
            "name": "The Story is My Life",
            "artist": "MY FIRST STORY",
            "id": 26126086
        },
        {
            "name": "Deserve!!",
            "artist": "MY FIRST STORY",
            "id": 26126091
        },
        {
            "name": "Take It Back!!",
            "artist": "MY FIRST STORY",
            "id": 22789432
        },
        {
            "name": "Awake",
            "artist": "MY FIRST STORY",
            "id": 22789431
        },
        {
            "name": "Warning",
            "artist": "MY FIRST STORY",
            "id": 22789434
        },
        {
            "name": "EXPERIENCE",
            "artist": "MY FIRST STORY",
            "id": 27171507
        },
        {
            "name": "最大公約数",
            "artist": "RADWIMPS",
            "id": 28483039
        },
        {
            "name": "ブリキ",
            "artist": "RADWIMPS",
            "id": 28000572
        },
        {
            "name": "ブレス",
            "artist": "RADWIMPS",
            "id": 28095561
        },
        {
            "name": "カイコ",
            "artist": "RADWIMPS",
            "id": 29366679
        },
        {
            "name": "05410-(ん)",
            "artist": "RADWIMPS",
            "id": 22810688
        },
        {
            "name": "DADA [dadadadaVer.]",
            "artist": "RADWIMPS",
            "id": 803855
        },
        {
            "name": "おしゃかしゃま",
            "artist": "RADWIMPS",
            "id": 22810670
        },
        {
            "name": "25コ目の染色体",
            "artist": "RADWIMPS",
            "id": 804024
        },
        {
            "name": "G行為",
            "artist": "RADWIMPS",
            "id": 803872
        },
        {
            "name": "救世主",
            "artist": "RADWIMPS",
            "id": 803882
        },
        {
            "name": "夕霧",
            "artist": "RADWIMPS",
            "id": 28095558
        },
        {
            "name": "君と羊と青",
            "artist": "RADWIMPS",
            "id": 803857
        },
        {
            "name": "透明人間18号",
            "artist": "RADWIMPS",
            "id": 803856
        },
        {
            "name": "億万笑者",
            "artist": "RADWIMPS",
            "id": 803879
        },
        {
            "name": "リユニオン",
            "artist": "RADWIMPS",
            "id": 28095555
        },
        {
            "name": "だいだらぼっち",
            "artist": "RADWIMPS",
            "id": 803858
        },
        {
            "name": "有心論",
            "artist": "RADWIMPS",
            "id": 803988
        },
        {
            "name": "ふたりごと",
            "artist": "RADWIMPS",
            "id": 803994
        },
        {
            "name": "夢番地",
            "artist": "RADWIMPS",
            "id": 22810676
        },
        {
            "name": "狭心症",
            "artist": "RADWIMPS",
            "id": 26141549
        },
        {
            "name": "スロウ",
            "artist": "Plastic Tree",
            "id": 30951315
        },
        {
            "name": "“雪蛍”",
            "artist": "Plastic Tree",
            "id": 798299
        },
        {
            "name": "真っ赤な糸",
            "artist": "Plastic Tree",
            "id": 798135
        },
        {
            "name": "スピカ",
            "artist": "Plastic Tree",
            "id": 798160
        },
        {
            "name": "雪月花",
            "artist": "Plastic Tree",
            "id": 22648732
        },
        {
            "name": "Thirteenth Friday",
            "artist": "Plastic Tree",
            "id": 22648728
        },
        {
            "name": "1999",
            "artist": "Plastic Tree",
            "id": 797666
        },
        {
            "name": "记忆行き",
            "artist": "Plastic Tree",
            "id": 797893
        },
        {
            "name": "バラノイァ",
            "artist": "Plastic Tree",
            "id": 798433
        },
        {
            "name": "春咲センチメンタル",
            "artist": "Plastic Tree",
            "id": 798482
        },
        {
            "name": "くちづけ",
            "artist": "Plastic Tree",
            "id": 26085753
        },
        {
            "name": "マイム",
            "artist": "Plastic Tree",
            "id": 29124158
        },
        {
            "name": "みらいいろ",
            "artist": "Plastic Tree",
            "id": 797458
        },
        {
            "name": "不纯物",
            "artist": "Plastic Tree",
            "id": 798082
        },
        {
            "name": "Rusty Nail",
            "artist": "X JAPAN",
            "id": 28578988
        },
        {
            "name": "红",
            "artist": "X JAPAN",
            "id": 865245
        },
        {
            "name": "Jade",
            "artist": "X JAPAN",
            "id": 865044
        },
        {
            "name": "ENDLESS RAIN",
            "artist": "X JAPAN",
            "id": 865251
        },
        {
            "name": "Without You (LIVE VERSION)",
            "artist": "X JAPAN",
            "id": 28578993
        },
        {
            "name": "Crucify My Love",
            "artist": "X JAPAN",
            "id": 866179
        },
        {
            "name": "Silent Jealousy",
            "artist": "X JAPAN",
            "id": 865249
        },
        {
            "name": "Say Anything",
            "artist": "X JAPAN",
            "id": 865265
        },
        {
            "name": "I.V.",
            "artist": "X JAPAN",
            "id": 865057
        },
        {
            "name": "ART OF LIFE",
            "artist": "X JAPAN",
            "id": 28578994
        },
        {
            "name": "WEEK END",
            "artist": "X JAPAN",
            "id": 866416
        },
        {
            "name": "THE LAST SONG",
            "artist": "X JAPAN",
            "id": 865680
        },
        {
            "name": "Longing",
            "artist": "X JAPAN",
            "id": 865833
        },
        {
            "name": "白い花　<acoustic ver.>",
            "artist": "ZONE",
            "id": 22817198
        },
        {
            "name": "卒業",
            "artist": "ZONE",
            "id": 22817194
        },
        {
            "name": "secret base ~君がくれたもの~",
            "artist": "ZONE",
            "id": 22817139
        },
        {
            "name": "secret base 〜君がくれたもの〜 Piano Ver.",
            "artist": "ZONE",
            "id": 22817222
        },
        {
            "name": "恋々・・・",
            "artist": "ZONE",
            "id": 22817175
        },
        {
            "name": "約束 ~August.10years later~",
            "artist": "ZONE",
            "id": 22817142
        },
        {
            "name": "一雫",
            "artist": "ZONE",
            "id": 22817179
        },
        {
            "name": "一雫",
            "artist": "ZONE",
            "id": 22817213
        },
        {
            "name": "夢ノカケラ・・・",
            "artist": "ZONE",
            "id": 22817180
        },
        {
            "name": "SCANDAL BABY",
            "artist": "SCANDAL",
            "id": 22827139
        },
        {
            "name": "会いたい",
            "artist": "SCANDAL",
            "id": 820174
        },
        {
            "name": "Pride",
            "artist": "SCANDAL",
            "id": 22827150
        },
        {
            "name": "会わないつもりの、元気でね",
            "artist": "SCANDAL",
            "id": 26402621
        },
        {
            "name": "Departure",
            "artist": "SCANDAL",
            "id": 28432542
        },
        {
            "name": "瞬間センチメンタル",
            "artist": "SCANDAL",
            "id": 22827132
        },
        {
            "name": "ハルカ",
            "artist": "SCANDAL",
            "id": 22827142
        },
        {
            "name": "Emotion",
            "artist": "SCANDAL",
            "id": 25845404
        },
        {
            "name": "夜明けの流星群",
            "artist": "SCANDAL",
            "id": 28815491
        },
        {
            "name": "SAKURAグッバイ",
            "artist": "SCANDAL",
            "id": 22827131
        },
        {
            "name": "LOVE SURVIVE",
            "artist": "SCANDAL",
            "id": 22827151
        },
        {
            "name": "OVER DRIVE",
            "artist": "SCANDAL",
            "id": 27800115
        },
        {
            "name": "少女Ｓ",
            "artist": "SCANDAL",
            "id": 22827124
        },
        {
            "name": "スイッチ",
            "artist": "SCANDAL",
            "id": 22827130
        },
        {
            "name": "secret base〜君がくれたもの〜",
            "artist": "SCANDAL",
            "id": 820072
        },
        {
            "name": "EVERYBODY SAY YEAH",
            "artist": "SCANDAL",
            "id": 22827133
        },
        {
            "name": "打ち上げ花火",
            "artist": "SCANDAL",
            "id": 27800116
        },
        {
            "name": "8月",
            "artist": "SCANDAL",
            "id": 27800120
        },
        {
            "name": "夢見るつばさ",
            "artist": "SCANDAL",
            "id": 820333
        },
        {
            "name": "恋の果実",
            "artist": "SCANDAL",
            "id": 22827159
        },
        {
            "name": "CUTE!",
            "artist": "SCANDAL",
            "id": 25845406
        },
        {
            "name": "Wherever you are",
            "artist": "ONE OK ROCK",
            "id": 794134
        },
        {
            "name": "Heartache",
            "artist": "ONE OK ROCK",
            "id": 30064088
        },
        {
            "name": "カサブタ",
            "artist": "ONE OK ROCK",
            "id": 26110707
        },
        {
            "name": "エトセトラ",
            "artist": "ONE OK ROCK",
            "id": 794279
        },
        {
            "name": "カゲロウ",
            "artist": "ONE OK ROCK",
            "id": 794267
        },
        {
            "name": "C.h.a.o.s.m.y.t.h.",
            "artist": "ONE OK ROCK",
            "id": 794035
        },
        {
            "name": "Yes I am",
            "artist": "ONE OK ROCK",
            "id": 794121
        },
        {
            "name": "Notes'n'Words",
            "artist": "ONE OK ROCK",
            "id": 26095965
        },
        {
            "name": "Be the light",
            "artist": "ONE OK ROCK",
            "id": 27090430
        },
        {
            "name": "My sweet baby",
            "artist": "ONE OK ROCK",
            "id": 794205
        },
        {
            "name": "Living Dolls",
            "artist": "ONE OK ROCK",
            "id": 794197
        },
        {
            "name": "Pierce",
            "artist": "ONE OK ROCK",
            "id": 794053
        },
        {
            "name": "All Mine",
            "artist": "ONE OK ROCK",
            "id": 27090433
        },
        {
            "name": "To Feel The Fire",
            "artist": "ONE OK ROCK",
            "id": 794106
        },
        {
            "name": "Smiling down",
            "artist": "ONE OK ROCK",
            "id": 27090434
        },
        {
            "name": "A new one for all,All for the new one",
            "artist": "ONE OK ROCK",
            "id": 794282
        },
        {
            "name": "Fast Forward",
            "artist": "MONKEY MAJIK",
            "id": 776926
        },
        {
            "name": "SAKURA",
            "artist": "MONKEY MAJIK",
            "id": 777041
        },
        {
            "name": "If",
            "artist": "MONKEY MAJIK",
            "id": 27853611
        },
        {
            "name": "アイシテル",
            "artist": "MONKEY MAJIK",
            "id": 777089
        },
        {
            "name": "SAKURA ～acoustic～",
            "artist": "MONKEY MAJIK",
            "id": 22706590
        },
        {
            "name": "夏の情事",
            "artist": "MONKEY MAJIK",
            "id": 28786976
        },
        {
            "name": "光朝",
            "artist": "MONKEY MAJIK",
            "id": 777261
        },
        {
            "name": "HERO",
            "artist": "MONKEY MAJIK",
            "id": 776767
        },
        {
            "name": "空はまるで",
            "artist": "MONKEY MAJIK",
            "id": 777254
        },
        {
            "name": "because you are you",
            "artist": "Aqua Timez",
            "id": 22748489
        },
        {
            "name": "GRAVITY 0",
            "artist": "Aqua Timez",
            "id": 678099
        },
        {
            "name": "百年の樹",
            "artist": "Aqua Timez",
            "id": 22748503
        },
        {
            "name": "真夜中のオーケストラ",
            "artist": "Aqua Timez",
            "id": 678088
        },
        {
            "name": "一瞬の塵",
            "artist": "Aqua Timez",
            "id": 22748525
        },
        {
            "name": "向日葵",
            "artist": "Aqua Timez",
            "id": 22748585
        },
        {
            "name": "小さな掌",
            "artist": "Aqua Timez",
            "id": 22748513
        },
        {
            "name": "最後まで(Album ver.)",
            "artist": "Aqua Timez",
            "id": 22748496
        },
        {
            "name": "銀河鉄道の夜",
            "artist": "Aqua Timez",
            "id": 22748507
        },
        {
            "name": "空に近い街",
            "artist": "Aqua Timez",
            "id": 678113
        },
        {
            "name": "ALONES",
            "artist": "Aqua Timez",
            "id": 4952981
        },
        {
            "name": "MASK",
            "artist": "Aqua Timez",
            "id": 678037
        },
        {
            "name": "Velonica",
            "artist": "Aqua Timez",
            "id": 678246
        },
        {
            "name": "ヒナユメ",
            "artist": "Aqua Timez",
            "id": 29010088
        },
        {
            "name": "ポケットの中の宇宙",
            "artist": "Aqua Timez",
            "id": 678104
        },
        {
            "name": "しおり",
            "artist": "Aqua Timez",
            "id": 678373
        },
        {
            "name": "アダムの覚悟",
            "artist": "Aqua Timez",
            "id": 29010086
        },
        {
            "name": "絵はがきの春",
            "artist": "Aqua Timez",
            "id": 678108
        },
        {
            "name": "風に吹かれて",
            "artist": "Aqua Timez",
            "id": 678090
        },
        {
            "name": "秋の下で",
            "artist": "Aqua Timez",
            "id": 22748526
        },
        {
            "name": "決意の朝に",
            "artist": "Aqua Timez",
            "id": 678449
        },
        {
            "name": "エデン",
            "artist": "Aqua Timez",
            "id": 28633196
        },
        {
            "name": "じぶんROCK",
            "artist": "ONE OK ROCK",
            "id": 794127
        },
        {
            "name": "皆無",
            "artist": "ONE OK ROCK",
            "id": 794192
        },
        {
            "name": "Mr.現代Speaker",
            "artist": "ONE OK ROCK",
            "id": 794039
        },
        {
            "name": "Let's take it someday",
            "artist": "ONE OK ROCK",
            "id": 794058
        },
        {
            "name": "世間知らずの宇宙飛行士",
            "artist": "ONE OK ROCK",
            "id": 794043
        },
        {
            "name": "恋ノアイボウ心ノクピド",
            "artist": "ONE OK ROCK",
            "id": 794184
        },
        {
            "name": "夜にしか咲かない満月",
            "artist": "ONE OK ROCK",
            "id": 794260
        },
        {
            "name": "アダルトスーツ",
            "artist": "ONE OK ROCK",
            "id": 794137
        },
        {
            "name": "Viva Violent Fellow ~美しきモッシュピット~",
            "artist": "ONE OK ROCK",
            "id": 794212
        },
        {
            "name": "カラス",
            "artist": "ONE OK ROCK",
            "id": 794299
        },
        {
            "name": "内秘心書",
            "artist": "ONE OK ROCK",
            "id": 794252
        },
        {
            "name": "CONVINCING",
            "artist": "ONE OK ROCK",
            "id": 794202
        },
        {
            "name": "JUST",
            "artist": "ONE OK ROCK",
            "id": 794215
        },
        {
            "name": "Keep it real",
            "artist": "ONE OK ROCK",
            "id": 22668927
        },
        {
            "name": "Home",
            "artist": "Pay money To my Pain",
            "id": 26123040
        },
        {
            "name": "Drive",
            "artist": "Pay money To my Pain",
            "id": 22762279
        },
        {
            "name": "Weight of my pride",
            "artist": "Pay money To my Pain",
            "id": 22762283
        },
        {
            "name": "Rain",
            "artist": "Pay money To my Pain",
            "id": 27969908
        },
        {
            "name": "PICTURES",
            "artist": "Pay money To my Pain",
            "id": 799335
        },
        {
            "name": "From here to somewhere",
            "artist": "Pay money To my Pain",
            "id": 26123039
        },
        {
            "name": "BUTTERFLY SOARS",
            "artist": "Pay money To my Pain",
            "id": 799338
        },
        {
            "name": "Another day comes",
            "artist": "Pay money To my Pain",
            "id": 26123041
        },
        {
            "name": "Innocent in a silent room",
            "artist": "Pay money To my Pain",
            "id": 27969906
        },
        {
            "name": "Sweetest vengeance",
            "artist": "Pay money To my Pain",
            "id": 26123036
        },
        {
            "name": "Invisible night～murderer～",
            "artist": "Pay money To my Pain",
            "id": 27969904
        },
        {
            "name": "Last wine",
            "artist": "Pay money To my Pain",
            "id": 27969899
        },
        {
            "name": "God drive",
            "artist": "Pay money To my Pain",
            "id": 27969903
        },
        {
            "name": "Respect for the dead man",
            "artist": "Pay money To my Pain",
            "id": 27969902
        },
        {
            "name": "Resurrection",
            "artist": "Pay money To my Pain",
            "id": 27969905
        },
        {
            "name": "Same as you are",
            "artist": "Pay money To my Pain",
            "id": 26123047
        },
        {
            "name": "In the blink of an eye",
            "artist": "Pay money To my Pain",
            "id": 22762282
        },
        {
            "name": "Deprogrammer",
            "artist": "Pay money To my Pain",
            "id": 22762276
        },
        {
            "name": "dilemma",
            "artist": "Pay money To my Pain",
            "id": 22762285
        },
        {
            "name": "THE REVELATION",
            "artist": "coldrain",
            "id": 26219713
        },
        {
            "name": "No Escape",
            "artist": "coldrain",
            "id": 22787660
        },
        {
            "name": "CARRY ON",
            "artist": "coldrain",
            "id": 26219721
        },
        {
            "name": "Die tomorrow",
            "artist": "coldrain",
            "id": 22787673
        },
        {
            "name": "We're not alone",
            "artist": "coldrain",
            "id": 22787674
        },
        {
            "name": "AWARE AND AWAKE",
            "artist": "coldrain",
            "id": 28691632
        },
        {
            "name": "The youth",
            "artist": "coldrain",
            "id": 22787675
        },
        {
            "name": "Deja vu",
            "artist": "coldrain",
            "id": 22787688
        },
        {
            "name": "8 AM",
            "artist": "coldrain",
            "id": 22787689
        },
        {
            "name": "Ghost In The Rain",
            "artist": "the HIATUS",
            "id": 22794174
        },
        {
            "name": "Horse Riding",
            "artist": "the HIATUS",
            "id": 27538044
        },
        {
            "name": "Something Ever After",
            "artist": "the HIATUS",
            "id": 28375378
        },
        {
            "name": "Tales Of Sorrow Street",
            "artist": "the HIATUS",
            "id": 28375384
        },
        {
            "name": "Deerhounds",
            "artist": "the HIATUS",
            "id": 22794149
        },
        {
            "name": "The Brainwasher",
            "artist": "the HIATUS",
            "id": 841883
        },
        {
            "name": "Bittersweet / Hatching Mayflies",
            "artist": "the HIATUS",
            "id": 841880
        },
        {
            "name": "My Own Worst Enemy",
            "artist": "the HIATUS",
            "id": 22794159
        },
        {
            "name": "Lone Train Running",
            "artist": "the HIATUS",
            "id": 22794175
        },
        {
            "name": "On Your Way Home",
            "artist": "the HIATUS",
            "id": 22794158
        },
        {
            "name": "ユニコーン",
            "artist": "the HIATUS",
            "id": 22794178
        },
        {
            "name": "紺碧の夜に",
            "artist": "the HIATUS",
            "id": 22794173
        },
        {
            "name": "Twisted Maple Trees",
            "artist": "the HIATUS",
            "id": 22794170
        },
        {
            "name": "堕天",
            "artist": "the HIATUS",
            "id": 22794171
        },
        {
            "name": "Insomnia",
            "artist": "the HIATUS",
            "id": 841947
        },
        {
            "name": "The Autumn Song",
            "artist": "ELLEGARDEN",
            "id": 718256
        },
        {
            "name": "Supernova",
            "artist": "ELLEGARDEN",
            "id": 22692127
        },
        {
            "name": "Missing",
            "artist": "ELLEGARDEN",
            "id": 718254
        },
        {
            "name": "I Hate It",
            "artist": "ELLEGARDEN",
            "id": 22692163
        },
        {
            "name": "モンスター",
            "artist": "ELLEGARDEN",
            "id": 22692162
        },
        {
            "name": "Can You Feel Like I Do",
            "artist": "ELLEGARDEN",
            "id": 22692197
        },
        {
            "name": "Sliding Door",
            "artist": "ELLEGARDEN",
            "id": 22692205
        },
        {
            "name": "Middle Of Nowhere",
            "artist": "ELLEGARDEN",
            "id": 22692204
        },
        {
            "name": "Make A Wish",
            "artist": "ELLEGARDEN",
            "id": 22692133
        },
        {
            "name": "高架線",
            "artist": "ELLEGARDEN",
            "id": 22692145
        },
        {
            "name": "Marry Me",
            "artist": "ELLEGARDEN",
            "id": 22692137
        },
        {
            "name": "Alternative Plans",
            "artist": "ELLEGARDEN",
            "id": 22692155
        },
        {
            "name": "金星",
            "artist": "ELLEGARDEN",
            "id": 22692129
        },
        {
            "name": "A Thousand Smiles",
            "artist": "ELLEGARDEN",
            "id": 718259
        },
        {
            "name": "Red Hot",
            "artist": "ELLEGARDEN",
            "id": 22692157
        },
        {
            "name": "サンタクロース",
            "artist": "ELLEGARDEN",
            "id": 22692196
        },
        {
            "name": "虹",
            "artist": "ELLEGARDEN",
            "id": 22692142
        },
        {
            "name": "Lonesome",
            "artist": "ELLEGARDEN",
            "id": 22692195
        },
        {
            "name": "指轮",
            "artist": "ELLEGARDEN",
            "id": 22692203
        },
        {
            "name": "風の日",
            "artist": "ELLEGARDEN",
            "id": 22692126
        },
        {
            "name": "花",
            "artist": "ELLEGARDEN",
            "id": 22692206
        },
        {
            "name": "Salamander",
            "artist": "ELLEGARDEN",
            "id": 718238
        },
        {
            "name": "レイン",
            "artist": "シド",
            "id": 28272061
        },
        {
            "name": "嘘",
            "artist": "シド",
            "id": 752544
        },
        {
            "name": "乱舞のメロディ",
            "artist": "シド",
            "id": 4915585
        },
        {
            "name": "走馬灯",
            "artist": "シド",
            "id": 27667115
        },
        {
            "name": "光",
            "artist": "シド",
            "id": 22643635
        },
        {
            "name": "sleep",
            "artist": "シド",
            "id": 752440
        },
        {
            "name": "御手纸",
            "artist": "シド",
            "id": 752844
        },
        {
            "name": "紫阳花",
            "artist": "シド",
            "id": 752993
        },
        {
            "name": "日傘",
            "artist": "シド",
            "id": 752547
        },
        {
            "name": "私は雨",
            "artist": "シド",
            "id": 27523667
        },
        {
            "name": "夏恋",
            "artist": "シド",
            "id": 752746
        },
        {
            "name": "ドラマ",
            "artist": "シド",
            "id": 28272065
        },
        {
            "name": "V.I.P",
            "artist": "シド",
            "id": 26381083
        },
        {
            "name": "モノクロのキス",
            "artist": "シド",
            "id": 752595
        },
        {
            "name": "花葬",
            "artist": "L'Arc〜en〜Ciel",
            "id": 771117
        },
        {
            "name": "虹 (Album Version)",
            "artist": "L'Arc〜en〜Ciel",
            "id": 22695724
        },
        {
            "name": "砂時計",
            "artist": "L'Arc〜en〜Ciel",
            "id": 770946
        },
        {
            "name": "flower",
            "artist": "L'Arc〜en〜Ciel",
            "id": 22695885
        },
        {
            "name": "雪の足跡",
            "artist": "L'Arc〜en〜Ciel",
            "id": 770960
        },
        {
            "name": "MY HEART DRAWS A DREAM",
            "artist": "L'Arc〜en〜Ciel",
            "id": 22695737
        },
        {
            "name": "READY STEADY GO",
            "artist": "L'Arc〜en〜Ciel",
            "id": 28272049
        },
        {
            "name": "Driver's High",
            "artist": "L'Arc〜en〜Ciel",
            "id": 22695852
        },
        {
            "name": "叙情詩",
            "artist": "L'Arc〜en〜Ciel",
            "id": 22695729
        },
        {
            "name": "BLESS",
            "artist": "L'Arc〜en〜Ciel",
            "id": 28406412
        },
        {
            "name": "CHASE",
            "artist": "L'Arc〜en〜Ciel",
            "id": 28406414
        },
        {
            "name": "X X X",
            "artist": "L'Arc〜en〜Ciel",
            "id": 26808070
        },
        {
            "name": "Ray of Sunlight",
            "artist": "Hello Sleepwalkers",
            "id": 29579688
        },
        {
            "name": "百鬼夜行",
            "artist": "Hello Sleepwalkers",
            "id": 29579683
        },
        {
            "name": "午夜の待ち合わせ",
            "artist": "Hello Sleepwalkers",
            "id": 28234419
        },
        {
            "name": "猿は木から何処へ落ちる",
            "artist": "Hello Sleepwalkers",
            "id": 28253765
        },
        {
            "name": "21",
            "artist": "Hello Sleepwalkers",
            "id": 747710
        },
        {
            "name": "五次元少女リア",
            "artist": "Hello Sleepwalkers",
            "id": 22638889
        },
        {
            "name": "天地創造",
            "artist": "Hello Sleepwalkers",
            "id": 28267669
        },
        {
            "name": "円盤飛来",
            "artist": "Hello Sleepwalkers",
            "id": 747706
        },
        {
            "name": "環状遊泳",
            "artist": "Hello Sleepwalkers",
            "id": 22638890
        },
        {
            "name": "惑星Ｑのランドマーク",
            "artist": "Hello Sleepwalkers",
            "id": 22638892
        },
        {
            "name": "月面歩行",
            "artist": "Hello Sleepwalkers",
            "id": 22638888
        },
        {
            "name": "ミッドナイトにグッドナイト",
            "artist": "Hello Sleepwalkers",
            "id": 22638886
        },
        {
            "name": "23",
            "artist": "Hello Sleepwalkers",
            "id": 28267670
        },
        {
            "name": "Bloody Mary",
            "artist": "Hello Sleepwalkers",
            "id": 28267666
        },
        {
            "name": "サムライハート(Some Like It Hot!!)",
            "artist": "SPYAIR",
            "id": 830775
        },
        {
            "name": "My World",
            "artist": "SPYAIR",
            "id": 830705
        },
        {
            "name": "STRONG",
            "artist": "SPYAIR",
            "id": 22682067
        },
        {
            "name": "イマジネーション",
            "artist": "SPYAIR",
            "id": 29762015
        },
        {
            "name": "あの頃、僕らは同じ未来を",
            "artist": "SPYAIR",
            "id": 29762034
        },
        {
            "name": "LINK IT ALL",
            "artist": "SPYAIR",
            "id": 830780
        },
        {
            "name": "LIAR",
            "artist": "SPYAIR",
            "id": 29762033
        },
        {
            "name": "Little Summer",
            "artist": "SPYAIR",
            "id": 22682061
        },
        {
            "name": "BEAUTIFUL DAYS",
            "artist": "SPYAIR",
            "id": 830758
        },
        {
            "name": "0 GAME",
            "artist": "SPYAIR",
            "id": 830688
        },
        {
            "name": "JUST ONE LIFE",
            "artist": "SPYAIR",
            "id": 27969145
        },
        {
            "name": "GLORY",
            "artist": "SPYAIR",
            "id": 29482673
        },
        {
            "name": "My Friend",
            "artist": "SPYAIR",
            "id": 22682066
        },
        {
            "name": "69",
            "artist": "ONE OK ROCK",
            "id": 27090437
        },
        {
            "name": "Onion!",
            "artist": "ONE OK ROCK",
            "id": 27090428
        },
        {
            "name": "Juvenile",
            "artist": "ONE OK ROCK",
            "id": 27090432
        },
        {
            "name": "Take me to the top",
            "artist": "ONE OK ROCK",
            "id": 30590154
        },
        {
            "name": "One by One",
            "artist": "ONE OK ROCK",
            "id": 30590160
        },
        {
            "name": "LOST AND FOUND",
            "artist": "ONE OK ROCK",
            "id": 794025
        },
        {
            "name": "20 years old",
            "artist": "ONE OK ROCK",
            "id": 794195
        },
        {
            "name": "必然メーカー",
            "artist": "ONE OK ROCK",
            "id": 22668905
        },
        {
            "name": "燦さん星",
            "artist": "ONE OK ROCK",
            "id": 22668911
        },
        {
            "name": "光芒",
            "artist": "ONE OK ROCK",
            "id": 22668912
        },
        {
            "name": "ケムリ",
            "artist": "ONE OK ROCK",
            "id": 794273
        },
        {
            "name": "努努-ゆめゆめ-",
            "artist": "ONE OK ROCK",
            "id": 794263
        },
        {
            "name": "You've Broken My Heart",
            "artist": "ONE OK ROCK",
            "id": 22668929
        },
        {
            "name": "欲望に満ちた青年団",
            "artist": "ONE OK ROCK",
            "id": 794276
        },
        {
            "name": "Fight the night",
            "artist": "ONE OK ROCK",
            "id": 30590163
        },
        {
            "name": "Good Goodbye",
            "artist": "ONE OK ROCK",
            "id": 30590161
        }
    ]
}