{
    "playlist_info": {
        "name": "PartyTime 烧烤活动背景音乐",
        "trackcount": 89,
        "playcount": 273036,
        "creator": "-7MIRACLE-",
        "createDate": "2017-11-05",
        "heat": 132.0
    },
    "songs": [
        {
            "name": "눈누난나 (Live)",
            "artist": "Jessi",
            "id": 1805527509
        },
        {
            "name": "눈누난나(NUNU NANA)(Live)",
            "artist": "Jessi",
            "id": 1472877722
        },
        {
            "name": "是你",
            "artist": "梦然",
            "id": 1966162185
        },
        {
            "name": "骁",
            "artist": "井胧",
            "id": 1860864828
        },
        {
            "name": "漠河舞厅",
            "artist": "柳爽",
            "id": 1430319727
        },
        {
            "name": "Kill The Game",
            "artist": "Round_2",
            "id": 1340535891
        },
        {
            "name": "Hozier-Take Me To Church（seo.rt remix）",
            "artist": "seo.rt",
            "id": 1861548450
        },
        {
            "name": "Why Baby Why",
            "artist": "MyKey",
            "id": 509531185
        },
        {
            "name": "我管你",
            "artist": "华晨宇",
            "id": 32619105
        },
        {
            "name": "Tuesday (Original Mix)",
            "artist": "Burak Yeter",
            "id": 506726178
        },
        {
            "name": "Waste of Time",
            "artist": "CLNGR",
            "id": 1462696751
        },
        {
            "name": "漂向北方",
            "artist": "文慧如",
            "id": 493623378
        },
        {
            "name": "Mulan",
            "artist": "刘柏辛Lexie",
            "id": 1317420283
        },
        {
            "name": "失恋",
            "artist": "草蜢",
            "id": 349079
        },
        {
            "name": "Bud Like You",
            "artist": "AJR",
            "id": 487454620
        },
        {
            "name": "Kill This Love",
            "artist": "BLACKPINK",
            "id": 1482114642
        },
        {
            "name": "Maria (COVER by SAESONG)",
            "artist": "새송",
            "id": 1484120348
        },
        {
            "name": "Bang!",
            "artist": "AJR",
            "id": 1418877315
        },
        {
            "name": "Downtown Baby",
            "artist": "BLOO",
            "id": 522631308
        },
        {
            "name": "Fractures",
            "artist": "ILLENIUM",
            "id": 507585220
        },
        {
            "name": "Sold Out",
            "artist": "Hawk Nelson",
            "id": 31010566
        },
        {
            "name": "Slow Down",
            "artist": "Madnap",
            "id": 1356658022
        },
        {
            "name": "잘나가서 그래",
            "artist": "泫雅",
            "id": 34072520
        },
        {
            "name": "I don't wanna see u anymore",
            "artist": "NINEONE#赵馨玥",
            "id": 528326686
        },
        {
            "name": "Wrap Me In Plastic",
            "artist": "CHROMANCE",
            "id": 1383205688
        },
        {
            "name": "把孤独当做晚餐",
            "artist": "井胧",
            "id": 1379456709
        },
        {
            "name": "Last Dance",
            "artist": "伍佰 & China Blue",
            "id": 157276
        },
        {
            "name": "你的酒馆对我打了烊",
            "artist": "陈雪凝",
            "id": 1341964346
        },
        {
            "name": "一曲相思 ",
            "artist": "半阳",
            "id": 1313558186
        },
        {
            "name": "Uh-Oh",
            "artist": "(G)I-DLE",
            "id": 1374217593
        },
        {
            "name": "Wannabe",
            "artist": "Why Mona",
            "id": 501220770
        },
        {
            "name": "达拉崩吧 (Live)",
            "artist": "周深",
            "id": 1434062381
        },
        {
            "name": "MAZE",
            "artist": "(G)I-DLE",
            "id": 556203086
        },
        {
            "name": "句号",
            "artist": "G.E.M.邓紫棋",
            "id": 1405283464
        },
        {
            "name": "All Falls Down",
            "artist": "Alan Walker",
            "id": 515453363
        },
        {
            "name": "SOLO (BLACKPINK ARENA TOUR 2018 \"SPECIAL FINAL IN KYOCERA DOME OSAKA\")",
            "artist": "JENNIE",
            "id": 1352975734
        },
        {
            "name": "Dance Monkey",
            "artist": "Tones and I",
            "id": 1364343491
        },
        {
            "name": "Señorita",
            "artist": "Shawn Mendes",
            "id": 1373168742
        },
        {
            "name": "Solo",
            "artist": "Clean Bandit",
            "id": 557704117
        },
        {
            "name": "放个大招给你看",
            "artist": "永彬Ryan.B",
            "id": 1374086946
        },
        {
            "name": "Despacito",
            "artist": "Luis Fonsi",
            "id": 452613551
        },
        {
            "name": "Cheap Thrills",
            "artist": "Sia",
            "id": 39224884
        },
        {
            "name": "Run Free",
            "artist": "Deep Chills",
            "id": 500410102
        },
        {
            "name": "差不多姑娘 (Live)",
            "artist": "G.E.M.邓紫棋",
            "id": 1378898254
        },
        {
            "name": "Cheerleader",
            "artist": "Omi",
            "id": 30569182
        },
        {
            "name": "Never Ever",
            "artist": "GOT7",
            "id": 464674441
        },
        {
            "name": "DDU-DU DDU-DU",
            "artist": "BLACKPINK",
            "id": 1325896374
        },
        {
            "name": "Heartbeat",
            "artist": "Rival",
            "id": 566435601
        },
        {
            "name": "Oops",
            "artist": "Little Mix",
            "id": 441491080
        },
        {
            "name": "East of Eden",
            "artist": "Zella Day",
            "id": 29009655
        },
        {
            "name": "가시나",
            "artist": "宣美",
            "id": 500410198
        },
        {
            "name": "WHISTLE",
            "artist": "BLACKPINK",
            "id": 1325898350
        },
        {
            "name": "Havana",
            "artist": "Camila Cabello",
            "id": 494865824
        },
        {
            "name": "目不转睛",
            "artist": "王以太",
            "id": 546279760
        },
        {
            "name": "可不可以给我你的微信？(原版)",
            "artist": "MOONBOI",
            "id": 1314549485
        },
        {
            "name": "뿜뿜",
            "artist": "MOMOLAND",
            "id": 526904859
        },
        {
            "name": "Cheap Thrills",
            "artist": "Sia",
            "id": 403711269
        },
        {
            "name": "Cold Ain't For Me",
            "artist": "Oceans",
            "id": 427322513
        },
        {
            "name": "Seve",
            "artist": "Tez Cadey",
            "id": 30394891
        },
        {
            "name": "Timber",
            "artist": "Pitbull",
            "id": 28174944
        },
        {
            "name": "Fiction",
            "artist": "Beast",
            "id": 25638967
        },
        {
            "name": "단발머리 (Short Hair)",
            "artist": "AOA",
            "id": 28686798
        },
        {
            "name": "I NEED U",
            "artist": "BTS (防弹少年团)",
            "id": 411315791
        },
        {
            "name": "Burning Up (FIRE)",
            "artist": "BTS (防弹少年团)",
            "id": 411315797
        },
        {
            "name": "Here's To Never Growing Up",
            "artist": "Avril Lavigne",
            "id": 26145391
        },
        {
            "name": "表白",
            "artist": "萧亚轩",
            "id": 307081
        },
        {
            "name": "浮夸",
            "artist": "陈奕迅",
            "id": 64886
        },
        {
            "name": "快乐崇拜",
            "artist": "潘玮柏",
            "id": 139808
        },
        {
            "name": "To Be Free",
            "artist": "华晨宇",
            "id": 422463501
        },
        {
            "name": "造物者",
            "artist": "华晨宇",
            "id": 419250437
        },
        {
            "name": "我管你 (真我版)",
            "artist": "华晨宇",
            "id": 461811728
        },
        {
            "name": "异类",
            "artist": "华晨宇",
            "id": 33190545
        },
        {
            "name": "삐딱하게 (Crooked)",
            "artist": "G-DRAGON",
            "id": 27694132
        },
        {
            "name": "뱅뱅뱅 (BANG BANG BANG)",
            "artist": "BIGBANG",
            "id": 32408002
        },
        {
            "name": "La La La",
            "artist": "BIGBANG",
            "id": 22673581
        },
        {
            "name": "Worth It",
            "artist": "Fifth Harmony",
            "id": 33529927
        },
        {
            "name": "CHEER UP",
            "artist": "TWICE",
            "id": 410801515
        },
        {
            "name": "Stitches",
            "artist": "Shawn Mendes",
            "id": 31090820
        },
        {
            "name": "Superhero",
            "artist": "Jesper Jenset",
            "id": 32507050
        },
        {
            "name": "Pretty Girl (Cheat Codes X CADE Remix)",
            "artist": "Cheat Codes",
            "id": 465920775
        },
        {
            "name": "Wicked Wonderland",
            "artist": "Tungevaag",
            "id": 28852581
        },
        {
            "name": "Lights",
            "artist": "Ellie Goulding",
            "id": 17654232
        },
        {
            "name": "Cake By The Ocean",
            "artist": "DNCE",
            "id": 34722449
        },
        {
            "name": "This Is the Life",
            "artist": "Angie Miller",
            "id": 29732659
        },
        {
            "name": "Danger",
            "artist": "BTS (防弹少年团)",
            "id": 28959188
        },
        {
            "name": "Roar",
            "artist": "Katy Perry",
            "id": 27566922
        },
        {
            "name": "Shape of You",
            "artist": "Ed Sheeran",
            "id": 451703096
        },
        {
            "name": "My Friend",
            "artist": "SPYAIR",
            "id": 22682066
        },
        {
            "name": "Panama",
            "artist": "Matteo",
            "id": 34229976
        }
    ]
}