{
    "playlist_info": {
        "name": "Peppa Pig | 小猪佩奇欢乐儿歌",
        "trackcount": 64,
        "playcount": 914842,
        "creator": "云音乐儿歌专区",
        "createDate": "2018-10-30",
        "heat": 537.0
    },
    "songs": [
        {
            "name": "Recycling",
            "artist": "Peppa Pig",
            "id": 1822674695
        },
        {
            "name": "Bing Bong Champion",
            "artist": "Peppa Pig",
            "id": 1844614557
        },
        {
            "name": "Peppa's Adventures",
            "artist": "Peppa Pig",
            "id": 1851900525
        },
        {
            "name": "小猪佩奇拜年歌",
            "artist": "小猪佩奇",
            "id": 1809900682
        },
        {
            "name": "Recycling! Recycling!",
            "artist": "The Pig Family",
            "id": 1462343689
        },
        {
            "name": "North Star, North Star",
            "artist": "The Pig Family",
            "id": 1458745154
        },
        {
            "name": "Train Song",
            "artist": "The Pig Family",
            "id": 1458741978
        },
        {
            "name": "Recycling Song",
            "artist": "The Pig Family",
            "id": 1458745157
        },
        {
            "name": "Rainbow Song",
            "artist": "The Pig Family",
            "id": 1458745158
        },
        {
            "name": "Seaside Holiday",
            "artist": "The Pig Family",
            "id": 1458745159
        },
        {
            "name": "O Jolly Pirates",
            "artist": "The Pig Family",
            "id": 1458745160
        },
        {
            "name": "Granpa's Little Train",
            "artist": "The Pig Family",
            "id": 1458741980
        },
        {
            "name": "Merry Joyful Greetings",
            "artist": "The Pig Family",
            "id": 1458745161
        },
        {
            "name": "Christmas Tree Song",
            "artist": "The Pig Family",
            "id": 1458745162
        },
        {
            "name": "Counting from One to Ten",
            "artist": "The Pig Family",
            "id": 1462342855
        },
        {
            "name": "Miss Polly Had a Dolly",
            "artist": "The Pig Family",
            "id": 1458745155
        },
        {
            "name": "Bing Bong (Italian Song)",
            "artist": "The Pig Family",
            "id": 1458725513
        },
        {
            "name": "Christmas Tree Song",
            "artist": "The Pig Family",
            "id": 1422320131
        },
        {
            "name": "Train Song",
            "artist": "The Pig Family",
            "id": 1422320124
        },
        {
            "name": "Recycling Song",
            "artist": "The Pig Family",
            "id": 1422319375
        },
        {
            "name": "The Wheels on the Bus",
            "artist": "The Pig Family",
            "id": 1458745153
        },
        {
            "name": "Birdy Birdy, Woof Woof",
            "artist": "The Pig Family",
            "id": 1458741979
        },
        {
            "name": "Bing Bong Song",
            "artist": "The Pig Family",
            "id": 1458745152
        },
        {
            "name": "O Jolly Pirates",
            "artist": "The Pig Family",
            "id": 1422320126
        },
        {
            "name": "Merry Joyful Greetings",
            "artist": "The Pig Family",
            "id": 1422319372
        },
        {
            "name": "Counting Song",
            "artist": "The Pig Family",
            "id": 1458745156
        },
        {
            "name": "Train Song",
            "artist": "The Pig Family",
            "id": 1422319373
        },
        {
            "name": "Bing Bong Song",
            "artist": "The Pig Family",
            "id": 1422320121
        },
        {
            "name": "Birdy Birdy Woof Woof",
            "artist": "Peppa Pig",
            "id": 1810556549
        },
        {
            "name": "小猪佩奇欢乐PARTY歌",
            "artist": "Peppa Pig",
            "id": 1447921154
        },
        {
            "name": "小猪佩奇好习惯之歌Peppa Pig Good Habit Song",
            "artist": "Peppa Pig",
            "id": 1428592380
        },
        {
            "name": "小猪佩奇咚咚锵过年歌PEPPA PIG Chinese New Year",
            "artist": "Peppa Pig",
            "id": 1408861931
        },
        {
            "name": "Bing Bong Christmas",
            "artist": "Peppa Pig",
            "id": 1399843996
        },
        {
            "name": "It's Peppa Pig",
            "artist": "Peppa Pig",
            "id": 1368494927
        },
        {
            "name": "Bing Bong Zoo",
            "artist": "Peppa Pig",
            "id": 1368494928
        },
        {
            "name": "Let's Get Ready!",
            "artist": "Peppa Pig",
            "id": 1368494929
        },
        {
            "name": "Expert Daddy Pig",
            "artist": "Peppa Pig",
            "id": 1368495347
        },
        {
            "name": "Rainbow, Rainbow",
            "artist": "Peppa Pig",
            "id": 1368494930
        },
        {
            "name": "Super Potato's Theme",
            "artist": "Peppa Pig",
            "id": 1368495348
        },
        {
            "name": "Peppa And Friends",
            "artist": "Peppa Pig",
            "id": 1368494931
        },
        {
            "name": "The Class Of Madame Gazelle",
            "artist": "Peppa Pig",
            "id": 1368495349
        },
        {
            "name": "Festival Fun!",
            "artist": "Peppa Pig",
            "id": 1368494932
        },
        {
            "name": "Jumping In Muddy Puddles",
            "artist": "Peppa Pig",
            "id": 1368495351
        },
        {
            "name": "Holidays!",
            "artist": "Peppa Pig",
            "id": 1368495352
        },
        {
            "name": "Traffic",
            "artist": "Peppa Pig",
            "id": 1368495353
        },
        {
            "name": "Balloon Ride",
            "artist": "Peppa Pig",
            "id": 1368495354
        },
        {
            "name": "Busy Miss Rabbit",
            "artist": "Peppa Pig",
            "id": 1368495355
        },
        {
            "name": "Peppa Party Time",
            "artist": "Peppa Pig",
            "id": 1368495356
        },
        {
            "name": "Peppa's Lullaby",
            "artist": "Peppa Pig",
            "id": 1368494934
        },
        {
            "name": "Peppa Pig (Opening Theme)",
            "artist": "MARTY",
            "id": 518088873
        },
        {
            "name": "The Bing Bong Song",
            "artist": "MARTY",
            "id": 518088874
        },
        {
            "name": "The Recycling Song",
            "artist": "MARTY",
            "id": 518088875
        },
        {
            "name": "Granpa's Little Train Song",
            "artist": "MARTY",
            "id": 518088876
        },
        {
            "name": "North Star Song",
            "artist": "MARTY",
            "id": 518088877
        },
        {
            "name": "Birdy Birdy, Woof Woof",
            "artist": "MARTY",
            "id": 518088878
        },
        {
            "name": "Christmas Tree Song",
            "artist": "MARTY",
            "id": 518088879
        },
        {
            "name": "Rainbow Song",
            "artist": "MARTY",
            "id": 518088880
        },
        {
            "name": "The Wheels on the Bus",
            "artist": "MARTY",
            "id": 518088881
        },
        {
            "name": "The Counting Song",
            "artist": "MARTY",
            "id": 518088882
        },
        {
            "name": "Merry Joyful Greetings",
            "artist": "MARTY",
            "id": 518088883
        },
        {
            "name": "Seaside Holiday",
            "artist": "MARTY",
            "id": 518088884
        },
        {
            "name": "Jolly Pirates",
            "artist": "MARTY",
            "id": 518088885
        },
        {
            "name": "The Train Song",
            "artist": "MARTY",
            "id": 518088886
        },
        {
            "name": "Miss Polly Had a Doll",
            "artist": "MARTY",
            "id": 518088887
        }
    ]
}