{
    "playlist_info": {
        "name": "rapper们的高甜情话你听过吗？",
        "trackcount": 98,
        "playcount": 2174802,
        "creator": "Andy_Yuee",
        "createDate": "2021-12-31",
        "heat": 3990.0
    },
    "songs": [
        {
            "name": "坦白",
            "artist": "KnowKnow",
            "id": 1903349476
        },
        {
            "name": "想到你",
            "artist": "朴宰范",
            "id": 1939898238
        },
        {
            "name": "维他命 (Vitamin)",
            "artist": "Andy Yue",
            "id": 1902516136
        },
        {
            "name": "red lips（被我蒙对）",
            "artist": "沙一汀EL",
            "id": 1456659704
        },
        {
            "name": "Best Friend 好朋友",
            "artist": "YTH Chopie",
            "id": 1499989691
        },
        {
            "name": "饼干",
            "artist": "Andy Yue",
            "id": 1948286768
        },
        {
            "name": "就现在",
            "artist": "ljz329",
            "id": 1941062013
        },
        {
            "name": "Luv Me",
            "artist": "Andy Yue",
            "id": 1983726676
        },
        {
            "name": "123",
            "artist": "SSr",
            "id": 2002753297
        },
        {
            "name": "底牌",
            "artist": "Capper",
            "id": 2055808604
        },
        {
            "name": "狂恋",
            "artist": "GALI",
            "id": 1983464993
        },
        {
            "name": "Secret",
            "artist": "Andy Yue",
            "id": 2010536946
        },
        {
            "name": "高乐高",
            "artist": "CashTrippy",
            "id": 2028898313
        },
        {
            "name": "Don't Stop 别停下",
            "artist": "Andy Yue",
            "id": 1925461220
        },
        {
            "name": "后街男孩",
            "artist": "YTH FrFrBans",
            "id": 1955958008
        },
        {
            "name": "3hree2wo1ne",
            "artist": "YTH Chopie",
            "id": 1902241068
        },
        {
            "name": "迷宫",
            "artist": "step.jad依加",
            "id": 2033897126
        },
        {
            "name": "纵容",
            "artist": "Capper",
            "id": 1819970423
        },
        {
            "name": "MISTAKE",
            "artist": "TOYOKI",
            "id": 2021543605
        },
        {
            "name": "LuvisDrug",
            "artist": "CashTrippy",
            "id": 1967273681
        },
        {
            "name": "Don't Go Back Tonight",
            "artist": "Tizzy T",
            "id": 2043112316
        },
        {
            "name": "母老虎",
            "artist": "Ty.",
            "id": 543988605
        },
        {
            "name": "YOU",
            "artist": "thomeboydontkill",
            "id": 2008986078
        },
        {
            "name": "她说",
            "artist": "Andy Yue",
            "id": 1912410186
        },
        {
            "name": "我不应该爱上你",
            "artist": "Tphunk",
            "id": 1898194975
        },
        {
            "name": "声音",
            "artist": "YOUNG",
            "id": 2031085185
        },
        {
            "name": "Bubble Summer",
            "artist": "step.jad依加",
            "id": 2051505971
        },
        {
            "name": "靶心挂在嘴角",
            "artist": "罗言",
            "id": 1918575362
        },
        {
            "name": "迷雾（Prod.VITALS)",
            "artist": "RICHNOMADIC",
            "id": 1486661901
        },
        {
            "name": "How do u feel (feat.JaJo)",
            "artist": "Andy Yue",
            "id": 1952518602
        },
        {
            "name": "冠军情歌 (feat. 罗言)",
            "artist": "马思唯",
            "id": 2036171787
        },
        {
            "name": "别怕变老",
            "artist": "王以太",
            "id": 1876179147
        },
        {
            "name": "不得不撒 (LIVE版)",
            "artist": "KEY.L刘聪",
            "id": 1968156067
        },
        {
            "name": "1 AM",
            "artist": "thomeboydontkill",
            "id": 2013290415
        },
        {
            "name": "周周",
            "artist": "CJ 周密",
            "id": 1965648349
        },
        {
            "name": "红",
            "artist": "罗言",
            "id": 1918576268
        },
        {
            "name": "我心中有些事",
            "artist": "弹壳Danko",
            "id": 1988034342
        },
        {
            "name": "Pull Up",
            "artist": "MC HotDog 热狗",
            "id": 1938019211
        },
        {
            "name": "街头爱",
            "artist": "KIV",
            "id": 1958727888
        },
        {
            "name": "危险体验",
            "artist": "TOYOKI",
            "id": 1909081601
        },
        {
            "name": "碎碎念",
            "artist": "那奇沃夫",
            "id": 1950306317
        },
        {
            "name": "我们打着光脚在风车下跑，手上的狗尾巴草摇啊摇",
            "artist": "等一下就回家",
            "id": 1838505400
        },
        {
            "name": "曲甲的小随笔",
            "artist": "曲甲",
            "id": 1880912570
        },
        {
            "name": "八月一日加减法",
            "artist": "罗言",
            "id": 1949940826
        },
        {
            "name": "葡萄",
            "artist": "Andy Yue",
            "id": 1846105548
        },
        {
            "name": "COCO",
            "artist": "Aioz",
            "id": 1436076578
        },
        {
            "name": "蝴蝶",
            "artist": "Cas14",
            "id": 1863450031
        },
        {
            "name": "陪着你走",
            "artist": "Gibb-Z",
            "id": 497034035
        },
        {
            "name": "红桃Q",
            "artist": "Andy Yue",
            "id": 1495380716
        },
        {
            "name": "闹剧",
            "artist": "LeeyOn李昂",
            "id": 1959434329
        },
        {
            "name": "走心小卖家",
            "artist": "张雪飞",
            "id": 493784861
        },
        {
            "name": "留在身边",
            "artist": "NaCho",
            "id": 1463741292
        },
        {
            "name": "校园恋爱物语",
            "artist": "Swang多雷",
            "id": 1898211448
        },
        {
            "name": "半糖少冰",
            "artist": "Andy Yue",
            "id": 1387616019
        },
        {
            "name": "橙汁",
            "artist": "Ice Paper",
            "id": 1321931465
        },
        {
            "name": "飞船失事",
            "artist": "Tizzy T",
            "id": 1950525423
        },
        {
            "name": "心动",
            "artist": "kKzk赵珂",
            "id": 1892591022
        },
        {
            "name": "3 A.M.",
            "artist": "Andy Yue",
            "id": 1841042177
        },
        {
            "name": "No care（Prod by Rick1y）",
            "artist": "Young-light",
            "id": 1901875324
        },
        {
            "name": "摇滚星星ROCKSTAR",
            "artist": "99TODATOP",
            "id": 1862606175
        },
        {
            "name": "winter",
            "artist": "小田同学",
            "id": 1404754395
        },
        {
            "name": "不会说谎的恰恰 (Live)",
            "artist": "马思唯",
            "id": 1830686586
        },
        {
            "name": "陷阱（Trap）",
            "artist": "Andy Yue",
            "id": 1895628769
        },
        {
            "name": "隔离期",
            "artist": "Flash",
            "id": 1430365053
        },
        {
            "name": "厦日限定（Prod.By97Virus）",
            "artist": "谢瓜仁",
            "id": 1846794089
        },
        {
            "name": "丛林 (Jungle)",
            "artist": "Andy Yue",
            "id": 1915297641
        },
        {
            "name": "Summer Holiday",
            "artist": "小田同学",
            "id": 1371508436
        },
        {
            "name": "带你环游世界",
            "artist": "前男友",
            "id": 557583113
        },
        {
            "name": "W!th U",
            "artist": "幺丸forluv",
            "id": 1380825950
        },
        {
            "name": "起床后就想起你",
            "artist": "曲甲",
            "id": 1815387597
        },
        {
            "name": "拥抱分你一半",
            "artist": "蒙太奇Whisky",
            "id": 1418665781
        },
        {
            "name": "环游",
            "artist": "Andy Yue",
            "id": 1473791453
        },
        {
            "name": "未接来电",
            "artist": "Andy Yue",
            "id": 1817826880
        },
        {
            "name": "不会说谎的眼睛 (Feat. DP龙猪)",
            "artist": "马思唯",
            "id": 1818844744
        },
        {
            "name": "提拉米苏",
            "artist": "新乐尘符",
            "id": 1393616255
        },
        {
            "name": "Missin U",
            "artist": "杨胖雨",
            "id": 1434295488
        },
        {
            "name": "25",
            "artist": "袁景翔",
            "id": 1834285842
        },
        {
            "name": "蓝色Loops",
            "artist": "只知春",
            "id": 1836599121
        },
        {
            "name": "Atmosphere（Prod By Gian)",
            "artist": "Challen",
            "id": 1835379094
        },
        {
            "name": "傻瓜和聪明瓜",
            "artist": "杨世贸",
            "id": 1477386753
        },
        {
            "name": "一无所有",
            "artist": "HARIKIRI",
            "id": 1462875616
        },
        {
            "name": "一起去旅行",
            "artist": "Mai",
            "id": 1826190895
        },
        {
            "name": "想跟你谈个恋爱",
            "artist": "hanji",
            "id": 1394581381
        },
        {
            "name": "love song <3 (p. kimj)",
            "artist": "loveyouparadise",
            "id": 1368154288
        },
        {
            "name": "what that means ？",
            "artist": "鹿子野",
            "id": 1817144743
        },
        {
            "name": "今天没空",
            "artist": "黄礼格",
            "id": 1405264283
        },
        {
            "name": "明天一起恰饭叭",
            "artist": "陈奕楠",
            "id": 1815787915
        },
        {
            "name": "是想你的声音啊（说唱版）",
            "artist": "制造热搜",
            "id": 1492023926
        },
        {
            "name": "我喜欢",
            "artist": "BIGhimi大蜜",
            "id": 1822658376
        },
        {
            "name": "还要多久能遇到你",
            "artist": "Sakee云雾",
            "id": 1434365293
        },
        {
            "name": "跟我坐進太空艙里",
            "artist": "NoSeЁ",
            "id": 1484646696
        },
        {
            "name": "00",
            "artist": "0000",
            "id": 1819738533
        },
        {
            "name": "With U",
            "artist": "杨胖雨",
            "id": 1434295491
        },
        {
            "name": "盯着你",
            "artist": "Toy王奕",
            "id": 1384117025
        },
        {
            "name": "5.20",
            "artist": "WYAN王毓千",
            "id": 1449462410
        },
        {
            "name": "甜夏",
            "artist": "Y.A",
            "id": 1449567130
        },
        {
            "name": "狐狸的童话",
            "artist": "Santa_SA",
            "id": 1815105886
        },
        {
            "name": "怪怪鱼的爱情",
            "artist": "忧郁王子",
            "id": 1814652039
        }
    ]
}