{
    "playlist_info": {
        "name": "Synthwave/Synthpop｜午夜日落 逆时飞行",
        "trackcount": 337,
        "playcount": 736758,
        "creator": "FallenFromAbove",
        "createDate": "2019-04-22",
        "heat": 481.0
    },
    "songs": [
        {
            "name": "Take Her to Wanda Plaza",
            "artist": "白纸扇/AV大久保",
            "id": 1377137986
        },
        {
            "name": "春日部的告别",
            "artist": "海妖SeaMaiden",
            "id": 1852326658
        },
        {
            "name": "提香红",
            "artist": "提香(TITIAN)",
            "id": 1500435760
        },
        {
            "name": "1984",
            "artist": "Saffari",
            "id": 506775238
        },
        {
            "name": "Looper 环中人",
            "artist": "彩文乐队ColorfulBar",
            "id": 1453763036
        },
        {
            "name": "Queen of Hearts",
            "artist": "PRXZM",
            "id": 571338338
        },
        {
            "name": "Neon love (feat.Marcia Bane)",
            "artist": "HUAOH",
            "id": 1459483528
        },
        {
            "name": "Summer",
            "artist": "Ace Marino",
            "id": 1374084004
        },
        {
            "name": "Midnight 1980",
            "artist": "Vicious",
            "id": 1983851619
        },
        {
            "name": "1984",
            "artist": "Forwe兰斯",
            "id": 1823013624
        },
        {
            "name": "Pretender",
            "artist": "Lazer Boomerang",
            "id": 1948145368
        },
        {
            "name": "Hong Kong Story",
            "artist": "Lazer Boomerang",
            "id": 1914723467
        },
        {
            "name": "Runaway Daydream",
            "artist": "The Ivy",
            "id": 1438721919
        },
        {
            "name": "High Society",
            "artist": "Betty Who",
            "id": 28642416
        },
        {
            "name": "Please Don't Cry",
            "artist": "LeBrock",
            "id": 1344291727
        },
        {
            "name": "Montrose",
            "artist": "Le Matos",
            "id": 26394128
        },
        {
            "name": "Eyes",
            "artist": "The New Division",
            "id": 32102297
        },
        {
            "name": "New Tomorrow",
            "artist": "Miami Nights 1984",
            "id": 25749067
        },
        {
            "name": "Time Paradox",
            "artist": "Mitch Murder",
            "id": 1323309222
        },
        {
            "name": "A Temporary High",
            "artist": "AURORA",
            "id": 1913748926
        },
        {
            "name": "Somebody",
            "artist": "Dagny",
            "id": 1437478617
        },
        {
            "name": "Modern Love",
            "artist": "Kristine",
            "id": 26527482
        },
        {
            "name": "Return (Original Mix)",
            "artist": "M.A.D.E.S",
            "id": 507125883
        },
        {
            "name": "Nightdrive (Original Mix)",
            "artist": "VHS Dreams",
            "id": 554281362
        },
        {
            "name": "Fearless",
            "artist": "PYLOT",
            "id": 1369543205
        },
        {
            "name": "Milky Way Express",
            "artist": "Lupus Nocte",
            "id": 1404977581
        },
        {
            "name": "On The Run",
            "artist": "Timecop1983",
            "id": 1470149634
        },
        {
            "name": "Car Go Fast",
            "artist": "Ludvig Forssell",
            "id": 1879723558
        },
        {
            "name": "LIVE IT UP",
            "artist": "SHEEPEON",
            "id": 1962108049
        },
        {
            "name": "加速！-Synthwave Pop/Retrowave 2022 Instrument",
            "artist": "No Birthday",
            "id": 1935799097
        },
        {
            "name": "Tilt World",
            "artist": "Dance With The Dead",
            "id": 1436423115
        },
        {
            "name": "In My Head",
            "artist": "Vanished",
            "id": 1923578453
        },
        {
            "name": "After Dark",
            "artist": "Mr.Kitty",
            "id": 28861550
        },
        {
            "name": "Fractions (feat. Jessie Frye)",
            "artist": "Jessie Frye",
            "id": 1421039817
        },
        {
            "name": "Blinding Lights",
            "artist": "The Weeknd",
            "id": 1406633327
        },
        {
            "name": "Bad Dream",
            "artist": "Cannons",
            "id": 1825835081
        },
        {
            "name": "Science",
            "artist": "Allie X",
            "id": 1296325675
        },
        {
            "name": "Ride or Die",
            "artist": "Milk & Bone",
            "id": 1363304154
        },
        {
            "name": "Not Alone (feat. Player One)",
            "artist": "Kalax",
            "id": 1380905159
        },
        {
            "name": "Close Your Eyes",
            "artist": "Kim Petras",
            "id": 1311632416
        },
        {
            "name": "Enfance 80",
            "artist": "Videoclub",
            "id": 1444595798
        },
        {
            "name": "That I Miss You",
            "artist": "Vansire",
            "id": 1294889295
        },
        {
            "name": "Drama",
            "artist": "Christine",
            "id": 492959120
        },
        {
            "name": "马思唯-不怪她(No Birthday Synthwave Remix）",
            "artist": "No Birthday",
            "id": 1897169021
        },
        {
            "name": "ALML (All the Likes Meet Love)",
            "artist": "阿鹿米尔",
            "id": 1396071537
        },
        {
            "name": "Calling (feat. Frankmusik)",
            "artist": "Kalax",
            "id": 1380902357
        },
        {
            "name": "Just A Fling",
            "artist": "Nofilter",
            "id": 36586705
        },
        {
            "name": "Wake Up Call",
            "artist": "Mel Blue",
            "id": 1817136575
        },
        {
            "name": "Giving Me Away",
            "artist": "Betty Who",
            "id": 28391583
        },
        {
            "name": "Shooting Star",
            "artist": "Anna Yvette",
            "id": 1446496464
        },
        {
            "name": "Chasing Stars",
            "artist": "Postiljonen",
            "id": 1318498944
        },
        {
            "name": "U",
            "artist": "Slowes",
            "id": 484311502
        },
        {
            "name": "Lost And All Alone",
            "artist": "日通快递",
            "id": 1820702889
        },
        {
            "name": "Black Coffee",
            "artist": "AVIV",
            "id": 1830897694
        },
        {
            "name": "Timelines (feat. Noki)",
            "artist": "Ace Buchannon",
            "id": 1442031364
        },
        {
            "name": "It All Started With A Feeling",
            "artist": "Jai Wolf",
            "id": 1356230976
        },
        {
            "name": "Fade (Running in the Night)",
            "artist": "FM-84",
            "id": 1483021440
        },
        {
            "name": "Life In The City",
            "artist": "Welkins-",
            "id": 1872997374
        },
        {
            "name": "记忆卡",
            "artist": "音速行星",
            "id": 1356246658
        },
        {
            "name": "Save Your Tears",
            "artist": "The Weeknd",
            "id": 1433194295
        },
        {
            "name": "ms. stress",
            "artist": "Kid Nobody",
            "id": 1411382210
        },
        {
            "name": "Lonely After",
            "artist": "Yumi Zouma",
            "id": 1429655698
        },
        {
            "name": "Midnight Love (Original)",
            "artist": "Various Artists",
            "id": 26326053
        },
        {
            "name": "Arcade Games (街机游戏)",
            "artist": "郑亚当Anton",
            "id": 1803335587
        },
        {
            "name": "Nobody is Perfect",
            "artist": "普映蒙",
            "id": 1818054434
        },
        {
            "name": "Time to Pretend",
            "artist": "Lazer Boomerang",
            "id": 1377642003
        },
        {
            "name": "Kangaroo Court",
            "artist": "Capital Cities",
            "id": 26429352
        },
        {
            "name": "New Light",
            "artist": "John Mayer",
            "id": 557584447
        },
        {
            "name": "I don't wanna",
            "artist": "Pet Shop Boys",
            "id": 1418163286
        },
        {
            "name": "Lonely",
            "artist": "Geowulf",
            "id": 1388048672
        },
        {
            "name": "We Are The Young (年轻一代)",
            "artist": "郑亚当Anton",
            "id": 1803335585
        },
        {
            "name": "Swimming Pool Summer",
            "artist": "Capital Cities",
            "id": 488654736
        },
        {
            "name": "Love etc",
            "artist": "Pet Shop Boys",
            "id": 4237695
        },
        {
            "name": "Duck Hunting",
            "artist": "Gundelach",
            "id": 1304582441
        },
        {
            "name": "Thunder Night (雷雨夜)",
            "artist": "郑亚当Anton",
            "id": 1498611869
        },
        {
            "name": "Eye In The Sky",
            "artist": "Parralox",
            "id": 27557775
        },
        {
            "name": "Phoenix",
            "artist": "Netrum",
            "id": 1863541743
        },
        {
            "name": "Find Our Way",
            "artist": "Midnight Kids",
            "id": 574928903
        },
        {
            "name": "Honey",
            "artist": "Swim Deep",
            "id": 26902201
        },
        {
            "name": "The Glow",
            "artist": "Monogem",
            "id": 32046828
        },
        {
            "name": "Saltwater",
            "artist": "Geowulf",
            "id": 482386196
        },
        {
            "name": "Fire for You",
            "artist": "Cannons",
            "id": 1355163982
        },
        {
            "name": "Feel Good (Cavego Remix)",
            "artist": "Satin Jackets",
            "id": 525576040
        },
        {
            "name": "Leaving",
            "artist": "HalfNoise",
            "id": 429450541
        },
        {
            "name": "Haunt / A Light",
            "artist": "Seoul",
            "id": 32803668
        },
        {
            "name": "On and On",
            "artist": "PREP",
            "id": 1461076697
        },
        {
            "name": "Hideaway (Mitch Murder Remix)",
            "artist": "Mitch Murder",
            "id": 34613003
        },
        {
            "name": "Clay",
            "artist": "HANA",
            "id": 32174252
        },
        {
            "name": "Laser Gun",
            "artist": "M83",
            "id": 407000751
        },
        {
            "name": "Have You Ever Been In Love",
            "artist": "The Ivy",
            "id": 1357815319
        },
        {
            "name": "Hollow Tree",
            "artist": "Old Man Canyon",
            "id": 412785675
        },
        {
            "name": "Nightfall",
            "artist": "Luka Krajina",
            "id": 528273380
        },
        {
            "name": "Hypnotized",
            "artist": "Purple Disco Machine",
            "id": 1434013155
        },
        {
            "name": "Peaches",
            "artist": "Milk & Bone",
            "id": 1363304029
        },
        {
            "name": "Silhouettes",
            "artist": "Shallou",
            "id": 1434225460
        },
        {
            "name": "Down the Shore",
            "artist": "Work Drugs",
            "id": 1436081783
        },
        {
            "name": "Missing Out",
            "artist": "The Ivy",
            "id": 1438721915
        },
        {
            "name": "Maverick",
            "artist": "FM-84",
            "id": 1483021439
        },
        {
            "name": "Better",
            "artist": "Skylar Fri",
            "id": 473740379
        },
        {
            "name": "Right Track / Wrong Man",
            "artist": "Yumi Zouma",
            "id": 1407675699
        },
        {
            "name": "Moon Rider (feat. Wrabel)",
            "artist": "Jai Wolf",
            "id": 1415339510
        },
        {
            "name": "Black Walls",
            "artist": "Chromatics",
            "id": 571338927
        },
        {
            "name": "After the Moment",
            "artist": "Craft Spells",
            "id": 17121111
        },
        {
            "name": "Red Light",
            "artist": "Cavego",
            "id": 1312335324
        },
        {
            "name": "Figure",
            "artist": "Anoraak",
            "id": 418550262
        },
        {
            "name": "Blinding Lights",
            "artist": "The Weeknd",
            "id": 1432459359
        },
        {
            "name": "Dust City",
            "artist": "音速行星",
            "id": 1373161453
        },
        {
            "name": "Lover In The Dark",
            "artist": "Berndsen",
            "id": 27552635
        },
        {
            "name": "Favours",
            "artist": "Brett",
            "id": 414979974
        },
        {
            "name": "IknowhowIfeel",
            "artist": "Parcels",
            "id": 1316776200
        },
        {
            "name": "Electric",
            "artist": "Brett",
            "id": 408055512
        },
        {
            "name": "The Golden Boy",
            "artist": "Espen Kraft",
            "id": 1383863853
        },
        {
            "name": "Atlantis",
            "artist": "Postiljonen",
            "id": 26612938
        },
        {
            "name": "Bright Lights",
            "artist": "LeBrock",
            "id": 1363663765
        },
        {
            "name": "The Trip - 2023 Remaster",
            "artist": "Still Corners",
            "id": 26222623
        },
        {
            "name": "Stayin' Alive",
            "artist": "Capital Cities",
            "id": 26659031
        },
        {
            "name": "Two Lovers Team",
            "artist": "Berndsen",
            "id": 27916893
        },
        {
            "name": "Dance With Somebody",
            "artist": "The Midnight",
            "id": 1460317681
        },
        {
            "name": "Talk Talk",
            "artist": "Cannons",
            "id": 1364583240
        },
        {
            "name": "Find Our Way (Midnight Kids Night Drive Edit)",
            "artist": "Midnight Kids",
            "id": 1341757373
        },
        {
            "name": "Nighthawks",
            "artist": "The Midnight",
            "id": 426027092
        },
        {
            "name": "I Don't Need Your Love",
            "artist": "Joakim Lundell",
            "id": 1457935217
        },
        {
            "name": "Gold",
            "artist": "The Ivy",
            "id": 1357815338
        },
        {
            "name": "青春的歌谣",
            "artist": "原子邦妮",
            "id": 1412644651
        },
        {
            "name": "Run It",
            "artist": "Midnight Kids",
            "id": 1408825563
        },
        {
            "name": "America Online",
            "artist": "The Midnight",
            "id": 1454544301
        },
        {
            "name": "Forever Faces",
            "artist": "Softer Still",
            "id": 1307776279
        },
        {
            "name": "Synthetic",
            "artist": "The Midnight",
            "id": 426026091
        },
        {
            "name": "Runaway",
            "artist": "LeBrock",
            "id": 1344291728
        },
        {
            "name": "Oceans Away (The Midnight Remix)",
            "artist": "A R I Z O N A",
            "id": 461544840
        },
        {
            "name": "Wild Love",
            "artist": "Timecop1983",
            "id": 1375422396
        },
        {
            "name": "Never Enough (The Midnight Remix) [feat. the Midnight]",
            "artist": "Scavenger Hunt",
            "id": 1436173652
        },
        {
            "name": "Tech Noir",
            "artist": "GUNSHIP",
            "id": 40157302
        },
        {
            "name": "Running In The Night (Josep & Kane Remix)",
            "artist": "Josep & Kane",
            "id": 496871006
        },
        {
            "name": "Listen 4 My Love",
            "artist": "Funk LeBlanc",
            "id": 1418245291
        },
        {
            "name": "Talk to Me Like the Sea",
            "artist": "Softer Still",
            "id": 1310063728
        },
        {
            "name": "Edge of the World",
            "artist": "DESERT STAR",
            "id": 1391314766
        },
        {
            "name": "Seed",
            "artist": "foldin",
            "id": 565765841
        },
        {
            "name": "Beyond Memory (Original Mix)",
            "artist": "Nina",
            "id": 554284181
        },
        {
            "name": "When You Grow up, Your Heart Dies",
            "artist": "GUNSHIP",
            "id": 1304567168
        },
        {
            "name": "Monsters",
            "artist": "The Midnight",
            "id": 1460319076
        },
        {
            "name": "迷失赛博利亚 (feat. Sashenka)",
            "artist": "音速行星",
            "id": 1414002207
        },
        {
            "name": "Takes All Night",
            "artist": "LeBrock",
            "id": 1380326327
        },
        {
            "name": "Last Train",
            "artist": "The Midnight",
            "id": 1460319080
        },
        {
            "name": "Cybertruck",
            "artist": "原子邦妮",
            "id": 1412645075
        },
        {
            "name": "最后的歌（feat. 泰然)",
            "artist": "音速行星",
            "id": 1376831979
        },
        {
            "name": "Supernova",
            "artist": "周骏",
            "id": 1428715347
        },
        {
            "name": "Saltwater",
            "artist": "Geowulf",
            "id": 423314485
        },
        {
            "name": "City Glow",
            "artist": "PYLOT",
            "id": 1347616651
        },
        {
            "name": "Deep Blue",
            "artist": "The Midnight",
            "id": 1446433390
        },
        {
            "name": "霓 虹 骑 士",
            "artist": "Zemo",
            "id": 1418441577
        },
        {
            "name": "Offworld",
            "artist": "Essenger",
            "id": 1412645134
        },
        {
            "name": "1987",
            "artist": "Forwe兰斯",
            "id": 1450025475
        },
        {
            "name": "Ooh Baby",
            "artist": "Craig Ruhnke",
            "id": 1303026047
        },
        {
            "name": "Okay",
            "artist": "Holy Ghost!",
            "id": 27642898
        },
        {
            "name": "Me and Michael",
            "artist": "MGMT",
            "id": 536243092
        },
        {
            "name": "Say You",
            "artist": "Satin Jackets",
            "id": 409646334
        },
        {
            "name": "If I Left The World",
            "artist": "Gryffin",
            "id": 1398831848
        },
        {
            "name": "Secret Hideaway",
            "artist": "Blank & Jones",
            "id": 1374581639
        },
        {
            "name": "Feelings",
            "artist": "Gloria Kim",
            "id": 1353700678
        },
        {
            "name": "Boys Don't Cry",
            "artist": "XOV",
            "id": 35437614
        },
        {
            "name": "Oslo",
            "artist": "Anna of the North",
            "id": 453189460
        },
        {
            "name": "Collide (Keljet Remix)",
            "artist": "EVVY",
            "id": 36307177
        },
        {
            "name": "Interstellar",
            "artist": "LeBrock",
            "id": 1405248551
        },
        {
            "name": "thank u, next (80s remix by dani)",
            "artist": "mightbedani",
            "id": 1422425750
        },
        {
            "name": "Forever",
            "artist": "CHVRCHES",
            "id": 571435079
        },
        {
            "name": "My Dude",
            "artist": "Litany",
            "id": 1363882570
        },
        {
            "name": "Lost Girl",
            "artist": "Forwe兰斯",
            "id": 1318090906
        },
        {
            "name": "Closer (80s Remix)",
            "artist": "TRONICBOX",
            "id": 536098013
        },
        {
            "name": "Love Me Harder (80s Remix)",
            "artist": "TRONICBOX",
            "id": 862100874
        },
        {
            "name": "This Must Be My Dream",
            "artist": "The 1975",
            "id": 404184867
        },
        {
            "name": "One Night (Original Mix)",
            "artist": "LeBrock",
            "id": 554284185
        },
        {
            "name": "On My Mind",
            "artist": "Skytone",
            "id": 1325468580
        },
        {
            "name": "It's Been Such A Long Time",
            "artist": "Craig Ruhnke",
            "id": 1335819809
        },
        {
            "name": "Miami Nights",
            "artist": "Work Drugs",
            "id": 532776022
        },
        {
            "name": "The Sound",
            "artist": "The 1975",
            "id": 400342389
        },
        {
            "name": "Clean Eyes (The Midnight Remix)",
            "artist": "SYML",
            "id": 1344353664
        },
        {
            "name": "Moment in slow motion",
            "artist": "Satellite Young",
            "id": 1340133290
        },
        {
            "name": "Sunset Drive (feat. Sashenka)",
            "artist": "音速行星",
            "id": 1356246660
        },
        {
            "name": "Post Malone-Better Now 3（發條 remix）",
            "artist": "發條",
            "id": 1311959870
        },
        {
            "name": "Supercool",
            "artist": "Ariana & the Rose",
            "id": 473602320
        },
        {
            "name": "I'll Be Waiting",
            "artist": "Bali",
            "id": 1359909673
        },
        {
            "name": "Shadows",
            "artist": "The Midnight",
            "id": 1382561802
        },
        {
            "name": "Explorers",
            "artist": "The Midnight",
            "id": 1335952981
        },
        {
            "name": "Crystalline",
            "artist": "The Midnight",
            "id": 1382563368
        },
        {
            "name": "Le Mirage",
            "artist": "Dana Jean Phoenix",
            "id": 506775229
        },
        {
            "name": "You're All I Need",
            "artist": "Craig Ruhnke",
            "id": 1334296153
        },
        {
            "name": "Light Years (feat. Nikki Flores)",
            "artist": "The Midnight",
            "id": 1382563369
        },
        {
            "name": "Arcade Summer",
            "artist": "FM-84",
            "id": 411921885
        },
        {
            "name": "Let's Talk",
            "artist": "FM-84",
            "id": 411907929
        },
        {
            "name": "Made in Hollywood",
            "artist": "LANY",
            "id": 31814116
        },
        {
            "name": "Summer Love",
            "artist": "Trevor Something",
            "id": 28694335
        },
        {
            "name": "Call Me a Fool",
            "artist": "Perlo",
            "id": 1305810855
        },
        {
            "name": "Strong Hearts",
            "artist": "Priest",
            "id": 31838827
        },
        {
            "name": "Lost Boy",
            "artist": "The Midnight",
            "id": 1294889782
        },
        {
            "name": "Burning Man",
            "artist": "Patterns",
            "id": 27521460
        },
        {
            "name": "Magic (Original Mix)",
            "artist": "FM Attack",
            "id": 27723940
        },
        {
            "name": "Running Away",
            "artist": "Timecop1983",
            "id": 29459600
        },
        {
            "name": "Blood Flow",
            "artist": "Postiljonen",
            "id": 478920647
        },
        {
            "name": "L.I.E",
            "artist": "Postiljonen",
            "id": 478920645
        },
        {
            "name": "Skying High",
            "artist": "Postiljonen",
            "id": 26612936
        },
        {
            "name": "Winter Is the Warmest Season",
            "artist": "The Legends",
            "id": 32719248
        },
        {
            "name": "We Raise Our Hearts",
            "artist": "Postiljonen",
            "id": 26612931
        },
        {
            "name": "Through The Night",
            "artist": "PRXZM",
            "id": 571339328
        },
        {
            "name": "Distress Signal",
            "artist": "Lazerhawk",
            "id": 26064582
        },
        {
            "name": "Blinded By The Night",
            "artist": "Molly Nilsson",
            "id": 1382720616
        },
        {
            "name": "Always Love",
            "artist": "Old Man Canyon",
            "id": 412785680
        },
        {
            "name": "Jealousy Remains",
            "artist": "Club 8",
            "id": 36921338
        },
        {
            "name": "Foreign Coast",
            "artist": "Alfred Hall",
            "id": 31381107
        },
        {
            "name": "Transformers (Into The Future)",
            "artist": "Futurecop!",
            "id": 4077938
        },
        {
            "name": "On the Corner Where You Live",
            "artist": "The Paper Kites",
            "id": 1309978136
        },
        {
            "name": "Innocence",
            "artist": "Electric Youth",
            "id": 28013227
        },
        {
            "name": "That Thing",
            "artist": "Hazel English",
            "id": 478686330
        },
        {
            "name": "Down on Love",
            "artist": "Cannons",
            "id": 38592092
        },
        {
            "name": "Open Your Eyes",
            "artist": "School of Seven Bells",
            "id": 421807962
        },
        {
            "name": "Halo 22",
            "artist": "Emmit Fenn",
            "id": 501220257
        },
        {
            "name": "Lovers Are Losers",
            "artist": "Molly Nilsson",
            "id": 477839670
        },
        {
            "name": "New Age",
            "artist": "Softer Still",
            "id": 421203274
        },
        {
            "name": "A Change Of Heart",
            "artist": "The 1975",
            "id": 404182828
        },
        {
            "name": "The Best Thing",
            "artist": "Electric Youth",
            "id": 29304742
        },
        {
            "name": "Kinky Love",
            "artist": "Club 8",
            "id": 36924255
        },
        {
            "name": "No Regrets",
            "artist": "Makeup and Vanity Set",
            "id": 29091053
        },
        {
            "name": "Tiger42",
            "artist": "Miami Nights 1984",
            "id": 25749070
        },
        {
            "name": "80's Girl (Original Mix)",
            "artist": "Nina",
            "id": 544820910
        },
        {
            "name": "Our Way Back Home",
            "artist": "Dreweybear",
            "id": 1402397361
        },
        {
            "name": "Polarised",
            "artist": "Cosmo's Midnight",
            "id": 554380013
        },
        {
            "name": "Somebody Else",
            "artist": "The 1975",
            "id": 403392207
        },
        {
            "name": "Metamodernity",
            "artist": "Vansire",
            "id": 1386693530
        },
        {
            "name": "Robbers",
            "artist": "The 1975",
            "id": 27678541
        },
        {
            "name": "Lost In Space",
            "artist": "Emmit Fenn",
            "id": 523249211
        },
        {
            "name": "Dirty Water",
            "artist": "The Outdoor Type",
            "id": 1307399550
        },
        {
            "name": "Still Sleeping",
            "artist": "Jai Wolf",
            "id": 1356229856
        },
        {
            "name": "Lonely Nights",
            "artist": "Timecop1983",
            "id": 28347788
        },
        {
            "name": "Hold On Me",
            "artist": "Sam Padrul",
            "id": 426852427
        },
        {
            "name": "Fading Memories",
            "artist": "Timecop1983",
            "id": 28347789
        },
        {
            "name": "Not Coming Down",
            "artist": "Cleopold",
            "id": 414003915
        },
        {
            "name": "Outpost Alpha",
            "artist": "Mitch Murder",
            "id": 440208417
        },
        {
            "name": "Heart",
            "artist": "OTR",
            "id": 1361335790
        },
        {
            "name": "Running in the Night",
            "artist": "FM-84",
            "id": 411921883
        },
        {
            "name": "Fragrance",
            "artist": "Galen Crew",
            "id": 461080215
        },
        {
            "name": "Easy Ride",
            "artist": "Highway Superstar",
            "id": 26521100
        },
        {
            "name": "Lost In Your Eyes (ft Per Rinaldo)",
            "artist": "Timecop1983",
            "id": 29400872
        },
        {
            "name": "Venger",
            "artist": "Perturbator",
            "id": 437290998
        },
        {
            "name": "The Divide",
            "artist": "7 Minutes Dead",
            "id": 31649265
        },
        {
            "name": "Odds Are Good",
            "artist": "Anoraak",
            "id": 418550260
        },
        {
            "name": "New Wave Hookers",
            "artist": "Vestron Vulture",
            "id": 31245047
        },
        {
            "name": "Tears",
            "artist": "FM-84",
            "id": 411907928
        },
        {
            "name": "Better Apart",
            "artist": "Jai Wolf",
            "id": 1354608659
        },
        {
            "name": "Lost ",
            "artist": "Jai Wolf",
            "id": 1299998060
        },
        {
            "name": "Taipei (All at Once)",
            "artist": "Kyte",
            "id": 26903791
        },
        {
            "name": "Twenty Something",
            "artist": "Nightly",
            "id": 1371704145
        },
        {
            "name": "Plastic Panorama",
            "artist": "Postiljonen",
            "id": 26612933
        },
        {
            "name": "Harvest Moon",
            "artist": "Mree",
            "id": 512504391
        },
        {
            "name": "Clova",
            "artist": "PYLOT",
            "id": 454966826
        },
        {
            "name": "River of Darkness (feat. Timecop1983)",
            "artist": "The Midnight",
            "id": 1382563370
        },
        {
            "name": "Nightlife",
            "artist": "Jesse Bishop",
            "id": 506775244
        },
        {
            "name": "We Lost",
            "artist": "Anoraak",
            "id": 418550259
        },
        {
            "name": "Rise of Turbo Kid",
            "artist": "Le Matos",
            "id": 26377543
        },
        {
            "name": "She Wakes up the Night",
            "artist": "Sellorekt / LA Dreams",
            "id": 28398262
        },
        {
            "name": "Odyssey",
            "artist": "Dance With The Dead",
            "id": 28323519
        },
        {
            "name": "Echoes",
            "artist": "Timecop1983",
            "id": 28347787
        },
        {
            "name": "Last Moon",
            "artist": "Kn1ght",
            "id": 27769671
        },
        {
            "name": "Ghosts",
            "artist": "Scavenger Hunt",
            "id": 526081106
        },
        {
            "name": "About You",
            "artist": "Solstis",
            "id": 1388161469
        },
        {
            "name": "Crime Wave",
            "artist": "Danger Mode",
            "id": 28619727
        },
        {
            "name": "On the Run",
            "artist": "Postiljonen",
            "id": 26612932
        },
        {
            "name": "Red Horizon",
            "artist": "Lost Years",
            "id": 27939453
        },
        {
            "name": "The Comeback Kid",
            "artist": "The Midnight",
            "id": 426026092
        },
        {
            "name": "Everything",
            "artist": "FM-84",
            "id": 411907927
        },
        {
            "name": "Melting Point",
            "artist": "Mitch Murder",
            "id": 34601995
        },
        {
            "name": "9h00",
            "artist": "Future City Records",
            "id": 27743774
        },
        {
            "name": "See-Through",
            "artist": "Chad Valley",
            "id": 569105350
        },
        {
            "name": "Always",
            "artist": "Brett",
            "id": 28591875
        },
        {
            "name": "Streetwalker",
            "artist": "NightStop",
            "id": 426852955
        },
        {
            "name": "Gloria",
            "artist": "The Midnight",
            "id": 28999941
        },
        {
            "name": "Dans Un Autre Reve",
            "artist": "Brett",
            "id": 408055514
        },
        {
            "name": "Wild Ones (feat. Ollie Wride)",
            "artist": "FM-84",
            "id": 411907930
        },
        {
            "name": "America 2",
            "artist": "The Midnight",
            "id": 1299563899
        },
        {
            "name": "Supreme",
            "artist": "Postiljonen",
            "id": 26612934
        },
        {
            "name": "Sunset",
            "artist": "The Midnight",
            "id": 426027088
        },
        {
            "name": "Vampires",
            "artist": "The Midnight",
            "id": 426027091
        },
        {
            "name": "Days of Thunder",
            "artist": "The Midnight",
            "id": 28999943
        },
        {
            "name": "The Equaliser (Not Alone)",
            "artist": "The Midnight",
            "id": 426027090
        },
        {
            "name": "Goodbye (feat. Clive Farrington)",
            "artist": "FM-84",
            "id": 411907932
        },
        {
            "name": "Without You",
            "artist": "Electric Youth",
            "id": 29304740
        },
        {
            "name": "Jason",
            "artist": "The Midnight",
            "id": 426027089
        },
        {
            "name": "Dialtones",
            "artist": "Highway Superstar",
            "id": 28168919
        },
        {
            "name": "Paradise Warfare",
            "artist": "Carpenter Brut",
            "id": 33875051
        },
        {
            "name": "时间旅行有限公司",
            "artist": "音速行星",
            "id": 1356246657
        },
        {
            "name": "Amplifier",
            "artist": "Lost Years",
            "id": 27939446
        },
        {
            "name": "Odin's Ghost",
            "artist": "Stephen Walking",
            "id": 1445180453
        },
        {
            "name": "La Mer Des Possibilités",
            "artist": "Le Matos",
            "id": 26394133
        },
        {
            "name": "Ocean Drive",
            "artist": "Miami Nights 1984",
            "id": 25749043
        },
        {
            "name": "纵酒",
            "artist": "Forwe兰斯",
            "id": 1321299870
        },
        {
            "name": "Secret Love",
            "artist": "Timecop1983",
            "id": 28347786
        },
        {
            "name": "Guided By Moonlight",
            "artist": "Betamaxx",
            "id": 28071168
        },
        {
            "name": "Los Angeles",
            "artist": "The Midnight",
            "id": 28999945
        },
        {
            "name": "You're Not Alone (Don Diablo VIP Mix)",
            "artist": "Don Diablo",
            "id": 1348598369
        },
        {
            "name": "Locke",
            "artist": "PYLOT",
            "id": 454966825
        },
        {
            "name": "Carissa",
            "artist": "DESERT STAR",
            "id": 1378148512
        },
        {
            "name": "Golden Plate",
            "artist": "Olivera",
            "id": 421148852
        },
        {
            "name": "Yesterday",
            "artist": "White Sea",
            "id": 422790133
        },
        {
            "name": "Super Far",
            "artist": "LANY",
            "id": 487210825
        },
        {
            "name": "Touch",
            "artist": "3LAU",
            "id": 534228257
        },
        {
            "name": "Should I",
            "artist": "Phoebe Ryan",
            "id": 515223490
        },
        {
            "name": "Tokyo Nights",
            "artist": "Digital Farm Animals",
            "id": 544247276
        },
        {
            "name": "Gravity",
            "artist": "Fading Rav3n",
            "id": 1377373007
        },
        {
            "name": "One Way Dream",
            "artist": "Jay Cosmic",
            "id": 1295484685
        },
        {
            "name": "Sundance",
            "artist": "Ephixa",
            "id": 1369718106
        },
        {
            "name": "Silhouette",
            "artist": "Goldroom",
            "id": 419549837
        },
        {
            "name": "Crystal Clouds",
            "artist": "Phantom Sage",
            "id": 402070228
        },
        {
            "name": "Alone",
            "artist": "Asketa & Natan Chaim",
            "id": 1322181200
        },
        {
            "name": "Sleepwalking",
            "artist": "The Chain Gang of 1974",
            "id": 27770738
        },
        {
            "name": "Gravity",
            "artist": "tofû",
            "id": 1325241707
        },
        {
            "name": "Sail Away",
            "artist": "Møme",
            "id": 1327877174
        },
        {
            "name": "Deep End",
            "artist": "Daughtry",
            "id": 570433457
        },
        {
            "name": "Summer Never Ends",
            "artist": "Anna Yvette",
            "id": 422790268
        },
        {
            "name": "Hold For Now",
            "artist": "Icehunt",
            "id": 433681128
        },
        {
            "name": "You Got Me",
            "artist": "Feki",
            "id": 421423721
        },
        {
            "name": "Hang Up",
            "artist": "WRLD",
            "id": 551338063
        },
        {
            "name": "Get Out",
            "artist": "Mickey Kojak",
            "id": 573540707
        },
        {
            "name": "Ellie (Ark Patrol Remix)",
            "artist": "Ark Patrol",
            "id": 434974498
        },
        {
            "name": "Work It Out",
            "artist": "Dizkopolis",
            "id": 1350704920
        },
        {
            "name": "Talk to Me",
            "artist": "Lulu",
            "id": 1331551292
        },
        {
            "name": "Real Love (feat. Great Good Fine Ok)",
            "artist": "LA Riots",
            "id": 427542537
        },
        {
            "name": "Welcome To New York (Karaoke Version)",
            "artist": "Taylor Swift",
            "id": 33337002
        },
        {
            "name": "Pay No Mind (Midnight Kids Remix)",
            "artist": "Midnight Kids",
            "id": 536570030
        },
        {
            "name": "The Right Type",
            "artist": "Dion Timmer",
            "id": 865058637
        },
        {
            "name": "Starlight",
            "artist": "Jai Wolf",
            "id": 470759406
        },
        {
            "name": "Something Just Like This (Jai Wolf Remix)",
            "artist": "The Chainsmokers",
            "id": 475072484
        },
        {
            "name": "Movement",
            "artist": "Club 8",
            "id": 36921339
        },
        {
            "name": "Make It Up",
            "artist": "Shura",
            "id": 418316214
        },
        {
            "name": "Illusions",
            "artist": "Brielle Von Hugel",
            "id": 548551223
        },
        {
            "name": "Space Highschool Radio",
            "artist": "80 Strange Robots",
            "id": 498320061
        },
        {
            "name": "Sunset Love",
            "artist": "Absolute Valentine",
            "id": 27805109
        },
        {
            "name": "Yakusoku",
            "artist": "Ace Buchannon",
            "id": 1353536070
        },
        {
            "name": "Foreign Land",
            "artist": "DESERT STAR",
            "id": 1357761848
        }
    ]
}