{
    "playlist_info": {
        "name": "TFBOYS十周年：愿我们都能奔赴青春",
        "trackcount": 94,
        "playcount": 637378,
        "creator": "小城孤島會零落",
        "createDate": "2020-07-19",
        "heat": 592.0
    },
    "songs": [
        {
            "name": "Heart",
            "artist": "TFBOYS",
            "id": 29393538
        },
        {
            "name": "中了魔",
            "artist": "沈志凯",
            "id": 1888030099
        },
        {
            "name": "剩下的盛夏",
            "artist": "TFBOYS",
            "id": 34228130
        },
        {
            "name": "爱出发",
            "artist": "TFBOYS",
            "id": 29393539
        },
        {
            "name": "无悔少年",
            "artist": "蒋芸",
            "id": 2058439862
        },
        {
            "name": "样 (YOUNG)",
            "artist": "TFBOYS",
            "id": 31356788
        },
        {
            "name": "我们的时光",
            "artist": "TFBOYS",
            "id": 496902797
        },
        {
            "name": "魔法城堡",
            "artist": "TFBOYS",
            "id": 28308050
        },
        {
            "name": "喜欢你",
            "artist": "TFBOYS",
            "id": 1302335586
        },
        {
            "name": "加油！AMIGO",
            "artist": "TFBOYS",
            "id": 487587955
        },
        {
            "name": "最好的那年",
            "artist": "TFBOYS",
            "id": 1302335587
        },
        {
            "name": "大梦想家",
            "artist": "TFBOYS",
            "id": 33894830
        },
        {
            "name": "青春修炼手册",
            "artist": "TFBOYS",
            "id": 28838178
        },
        {
            "name": "宠爱",
            "artist": "TFBOYS",
            "id": 31081148
        },
        {
            "name": "和你在一起",
            "artist": "TFBOYS",
            "id": 1468946771
        },
        {
            "name": "第一次告白",
            "artist": "TFBOYS",
            "id": 1382561617
        },
        {
            "name": "灯火",
            "artist": "TFBOYS",
            "id": 1468951025
        },
        {
            "name": "我的朋友",
            "artist": "TFBOYS",
            "id": 1382561618
        },
        {
            "name": "Super Star (Live)",
            "artist": "TFBOYS",
            "id": 1306000161
        },
        {
            "name": "躲猫猫",
            "artist": "TFBOYS",
            "id": 524003570
        },
        {
            "name": "不完美小孩",
            "artist": "TFBOYS",
            "id": 524003571
        },
        {
            "name": "是你",
            "artist": "TFBOYS",
            "id": 524003572
        },
        {
            "name": "小精灵",
            "artist": "TFBOYS",
            "id": 524003573
        },
        {
            "name": "小棉袄",
            "artist": "王俊凯",
            "id": 524003574
        },
        {
            "name": "长大以后的世界",
            "artist": "王源",
            "id": 524003575
        },
        {
            "name": "你说",
            "artist": "易烊千玺",
            "id": 524003576
        },
        {
            "name": "真心话太冒险",
            "artist": "TFBOYS",
            "id": 524003577
        },
        {
            "name": "萤火",
            "artist": "TFBOYS",
            "id": 524003578
        },
        {
            "name": "信仰之名 (Live)",
            "artist": "TFBOYS",
            "id": 497755748
        },
        {
            "name": "真心话大冒险 (Live)",
            "artist": "TFBOYS",
            "id": 497755749
        },
        {
            "name": "样young (Live)",
            "artist": "TFBOYS",
            "id": 497745752
        },
        {
            "name": "小精灵 (Live)",
            "artist": "TFBOYS",
            "id": 497755750
        },
        {
            "name": "剩下的盛夏 (Live)",
            "artist": "TFBOYS",
            "id": 497745753
        },
        {
            "name": "快乐环岛 (Live)",
            "artist": "TFBOYS",
            "id": 497755751
        },
        {
            "name": "不完美小孩 (Live)",
            "artist": "TFBOYS",
            "id": 497755753
        },
        {
            "name": "萤火 (Live)",
            "artist": "TFBOYS",
            "id": 497745754
        },
        {
            "name": "是你 (Live)",
            "artist": "TFBOYS",
            "id": 497745755
        },
        {
            "name": "青春修炼手册 (Live)",
            "artist": "TFBOYS",
            "id": 497755755
        },
        {
            "name": "我们的时光 (Live)",
            "artist": "TFBOYS",
            "id": 497745756
        },
        {
            "name": "Heart (Live)",
            "artist": "TFBOYS",
            "id": 497755757
        },
        {
            "name": "未来的进击",
            "artist": "TFBOYS",
            "id": 429482112
        },
        {
            "name": "少年说",
            "artist": "TFBOYS",
            "id": 35040843
        },
        {
            "name": "Love With You",
            "artist": "TFBOYS",
            "id": 34690859
        },
        {
            "name": "幸运符号",
            "artist": "TFBOYS",
            "id": 29738196
        },
        {
            "name": "快乐环岛",
            "artist": "TFBOYS",
            "id": 29738201
        },
        {
            "name": "信仰之名",
            "artist": "TFBOYS",
            "id": 29738203
        },
        {
            "name": "梦想起航",
            "artist": "TFBOYS",
            "id": 29393540
        },
        {
            "name": "同一秒快乐",
            "artist": "TFBOYS",
            "id": 487379494
        },
        {
            "name": "守护家",
            "artist": "TFBOYS",
            "id": 413812357
        },
        {
            "name": "不息之河",
            "artist": "TFBOYS",
            "id": 435004465
        },
        {
            "name": "恋西游",
            "artist": "TFBOYS",
            "id": 31384819
        },
        {
            "name": "想唱就唱",
            "artist": "TFBOYS",
            "id": 28762890
        },
        {
            "name": "爱（Live）",
            "artist": "TFBOYS",
            "id": 34923053
        },
        {
            "name": "第一课",
            "artist": "TFBOYS",
            "id": 427139851
        },
        {
            "name": "流星 (Live)",
            "artist": "王俊凯",
            "id": 1432256576
        },
        {
            "name": "像小强一样活着 (2020重唱版)",
            "artist": "王源",
            "id": 1470980639
        },
        {
            "name": "只要有想见的人，就不是孤身一人",
            "artist": "王源",
            "id": 1347529801
        },
        {
            "name": "在哪里都很好",
            "artist": "蔡健雅",
            "id": 1492319432
        },
        {
            "name": "未来，请你来！",
            "artist": "易烊千玺",
            "id": 1805313484
        },
        {
            "name": "诺亚方舟 (Live)",
            "artist": "TFBOYS",
            "id": 1475556945
        },
        {
            "name": "我要给世界最悠长的湿吻 (Live)",
            "artist": "TFBOYS",
            "id": 1475556946
        },
        {
            "name": "样YOUNG (Live)",
            "artist": "TFBOYS",
            "id": 1475559361
        },
        {
            "name": "最好的那年 (Live)",
            "artist": "TFBOYS",
            "id": 1475559365
        },
        {
            "name": "和你在一起 (Live)",
            "artist": "TFBOYS",
            "id": 1475556965
        },
        {
            "name": "Beautiful (Live)",
            "artist": "王俊凯",
            "id": 1475559384
        },
        {
            "name": "四百击 (Live)",
            "artist": "王源",
            "id": 1475556984
        },
        {
            "name": "花瓣 (Live)",
            "artist": "王源",
            "id": 1475559385
        },
        {
            "name": "粉雾海 (Live)",
            "artist": "易烊千玺",
            "id": 1475556985
        },
        {
            "name": "我喜欢上你时的内心活动 + 慢慢喜欢你 + 喜欢你 + 喜欢你 (Live)",
            "artist": "王俊凯",
            "id": 1475559394
        },
        {
            "name": "IF (Live)",
            "artist": "TFBOYS",
            "id": 1475559395
        },
        {
            "name": "记.念 (Live)",
            "artist": "TFBOYS",
            "id": 1475557006
        },
        {
            "name": "倒数 (Live)",
            "artist": "TFBOYS",
            "id": 1475556986
        },
        {
            "name": "无与伦比的美丽 (Live)",
            "artist": "TFBOYS",
            "id": 1475557007
        },
        {
            "name": "萤火 (Live)",
            "artist": "TFBOYS",
            "id": 1475557008
        },
        {
            "name": "摩天轮的思念 (Live)",
            "artist": "王俊凯",
            "id": 1475559407
        },
        {
            "name": "My Boo (Live)",
            "artist": "易烊千玺",
            "id": 1475559428
        },
        {
            "name": "灯火 (Live)",
            "artist": "TFBOYS",
            "id": 1475560030
        },
        {
            "name": "Heart (Live)",
            "artist": "TFBOYS",
            "id": 1475559429
        },
        {
            "name": "大梦想家 (Live)",
            "artist": "TFBOYS",
            "id": 1306000162
        },
        {
            "name": "快乐环岛 (Live)",
            "artist": "TFBOYS",
            "id": 1306000163
        },
        {
            "name": "我们的时光 (Live)",
            "artist": "TFBOYS",
            "id": 1306000164
        },
        {
            "name": "Thinking out Loud (Live)",
            "artist": "王俊凯",
            "id": 1306000165
        },
        {
            "name": "开门见山 (Live)",
            "artist": "王俊凯",
            "id": 1306000166
        },
        {
            "name": "The Wrong Things (Live)",
            "artist": "王源",
            "id": 1306000167
        },
        {
            "name": "空白格 (Live)",
            "artist": "王源",
            "id": 1306000168
        },
        {
            "name": "灾 (Live)",
            "artist": "易烊千玺",
            "id": 1306000169
        },
        {
            "name": "是你 (Live)",
            "artist": "TFBOYS",
            "id": 1306000171
        },
        {
            "name": "青春修炼手册 (Live)",
            "artist": "TFBOYS",
            "id": 1306000170
        },
        {
            "name": "宠爱 (Live)",
            "artist": "TFBOYS",
            "id": 1306000172
        },
        {
            "name": "剩下的盛夏 (Live)",
            "artist": "TFBOYS",
            "id": 1306000173
        },
        {
            "name": "喜欢你 (Live)",
            "artist": "TFBOYS",
            "id": 1306000174
        },
        {
            "name": "样（YOUNG） (Live)",
            "artist": "TFBOYS",
            "id": 1306000176
        },
        {
            "name": "不完美小孩 (Live)",
            "artist": "TFBOYS",
            "id": 1306000177
        },
        {
            "name": "最好的那年 (Live)",
            "artist": "TFBOYS",
            "id": 1306000178
        }
    ]
}