{
    "playlist_info": {
        "name": "最炸的中文说唱",
        "trackcount": 233,
        "playcount": 4119163,
        "creator": "伊扎阿",
        "createDate": "2016-09-14",
        "heat": 1661.0
    },
    "songs": [
        {
            "name": "Reverse",
            "artist": "ljz329",
            "id": 2058735448
        },
        {
            "name": "耍",
            "artist": "邓典果DDG",
            "id": 2055146189
        },
        {
            "name": "你怎么会明白",
            "artist": "扬布拉德",
            "id": 2012428602
        },
        {
            "name": "穷孩子",
            "artist": "龍胆紫/PurpleSoul",
            "id": 33984984
        },
        {
            "name": "三重威胁2020",
            "artist": "kkluv",
            "id": 1446417233
        },
        {
            "name": "Money",
            "artist": "AR刘夫阳",
            "id": 2002726656
        },
        {
            "name": "别怕变老",
            "artist": "王以太",
            "id": 1876179147
        },
        {
            "name": "空壳",
            "artist": "谢帝",
            "id": 1827059566
        },
        {
            "name": "武侯区",
            "artist": "邓典果DDG",
            "id": 1971680387
        },
        {
            "name": "最坚强的艺术家",
            "artist": "扬布拉德",
            "id": 1902242699
        },
        {
            "name": "活死人2022没有Cypher",
            "artist": "活死人",
            "id": 2009744753
        },
        {
            "name": "超",
            "artist": "KKECHO",
            "id": 1970396860
        },
        {
            "name": "回答",
            "artist": "YOUNG",
            "id": 1994863874
        },
        {
            "name": "战争",
            "artist": "陈冠希",
            "id": 65903
        },
        {
            "name": "甜甜圈",
            "artist": "kkluv",
            "id": 1846273697
        },
        {
            "name": "5G",
            "artist": "AR刘夫阳",
            "id": 1976514434
        },
        {
            "name": "写不来情歌",
            "artist": "艾志恒Asen",
            "id": 1995339514
        },
        {
            "name": "伤心男孩拯救世界",
            "artist": "河南说唱之神",
            "id": 1379728692
        },
        {
            "name": "Now You Know",
            "artist": "派克特（PACT）",
            "id": 1969817975
        },
        {
            "name": "Wild West",
            "artist": "那奇沃夫",
            "id": 1969585074
        },
        {
            "name": "镇海",
            "artist": "法老",
            "id": 1969845253
        },
        {
            "name": "无名之辈",
            "artist": "法老",
            "id": 1965646815
        },
        {
            "name": "千里万里(LIVE版)",
            "artist": "艾热 AIR",
            "id": 1960732263
        },
        {
            "name": "锦上添花FREESTYLE",
            "artist": "盛宇D-SHINE",
            "id": 1926220336
        },
        {
            "name": "芬里尔",
            "artist": "那奇沃夫",
            "id": 1922362038
        },
        {
            "name": "Beside Me",
            "artist": "Spylent",
            "id": 1906719248
        },
        {
            "name": "19:36 (ft. 谢帝)",
            "artist": "AR刘夫阳",
            "id": 1895457179
        },
        {
            "name": "空壳",
            "artist": "幼稚园杀手",
            "id": 1882750624
        },
        {
            "name": "无人区玫瑰",
            "artist": "Capper",
            "id": 1472142718
        },
        {
            "name": "1997",
            "artist": "那奇沃夫",
            "id": 1873344487
        },
        {
            "name": "纵容",
            "artist": "Capper",
            "id": 1819970423
        },
        {
            "name": "GOD",
            "artist": "杨和苏KeyNG",
            "id": 1858696232
        },
        {
            "name": "川渝陷阱",
            "artist": "谢帝",
            "id": 1856297177
        },
        {
            "name": "大举进攻",
            "artist": "幸存者联盟",
            "id": 1806342356
        },
        {
            "name": "backbone",
            "artist": "404 RAPPER",
            "id": 1847059460
        },
        {
            "name": "最渣男主角",
            "artist": "Shooter",
            "id": 1894316939
        },
        {
            "name": "我",
            "artist": "AThree",
            "id": 1484697879
        },
        {
            "name": "诙谐",
            "artist": "直火帮_谢子通",
            "id": 1411790451
        },
        {
            "name": "☆pua candy",
            "artist": "SAM",
            "id": 1809664359
        },
        {
            "name": "山羊",
            "artist": "王以太",
            "id": 1396005540
        },
        {
            "name": "新小兔子乖乖",
            "artist": "那奇沃夫",
            "id": 1821623185
        },
        {
            "name": "MY BOO",
            "artist": "KEY.L刘聪",
            "id": 1395632515
        },
        {
            "name": "亚洲最强势力",
            "artist": "幸存者联盟",
            "id": 1846503991
        },
        {
            "name": "午夜伤心电台",
            "artist": "艾热 AIR",
            "id": 1462923102
        },
        {
            "name": "Moonlight",
            "artist": "lil MILK",
            "id": 1475637391
        },
        {
            "name": "My Heart Will Go On",
            "artist": "满舒克",
            "id": 30373203
        },
        {
            "name": "我像一个傻瓜（Frowned blueface）",
            "artist": "河北Ye",
            "id": 1394997085
        },
        {
            "name": "天花板之上",
            "artist": "Spylent",
            "id": 1480848896
        },
        {
            "name": "嘻哈帝国 (Empire)",
            "artist": "Higher Brothers",
            "id": 1492886323
        },
        {
            "name": "Asian Boy",
            "artist": "直火帮Feezy",
            "id": 1812782433
        },
        {
            "name": "科幻小说",
            "artist": "法老",
            "id": 1488985590
        },
        {
            "name": "唇枪舌剑",
            "artist": "幸存者联盟",
            "id": 1499320228
        },
        {
            "name": "Catabolik 2020 Cypher（Prod.百川Rebellious）",
            "artist": "深蓝儿童",
            "id": 1807935152
        },
        {
            "name": "嗨佬",
            "artist": "KEY.L刘聪",
            "id": 1482864951
        },
        {
            "name": "皇帝的新衣 (Skr)",
            "artist": "AR刘夫阳",
            "id": 1296645941
        },
        {
            "name": "怪力猛击（Freaking Blow）",
            "artist": "DH董泷琪",
            "id": 1868466950
        },
        {
            "name": "Free throw",
            "artist": "法老",
            "id": 1488985556
        },
        {
            "name": "经济舱 (Live)",
            "artist": "Kafe.Hu",
            "id": 1487528112
        },
        {
            "name": "Hey KONG",
            "artist": "KEY.L刘聪",
            "id": 1383954630
        },
        {
            "name": "天使与魔鬼",
            "artist": "幼稚园杀手",
            "id": 1467105436
        },
        {
            "name": "天高地厚",
            "artist": "幸存者联盟",
            "id": 1501056749
        },
        {
            "name": "逃学威龙",
            "artist": "法老",
            "id": 1488990367
        },
        {
            "name": "你想要的他",
            "artist": "赵辰龙(Dragon X)",
            "id": 1477284514
        },
        {
            "name": "“End of the world”",
            "artist": "高天佐Trouble.Z",
            "id": 1298655068
        },
        {
            "name": "很高兴认识你",
            "artist": "C-BLOCK",
            "id": 1318571230
        },
        {
            "name": "Back To Back（安，氧，Feat. Al Rocco）",
            "artist": "深蓝儿童",
            "id": 1358758825
        },
        {
            "name": "Cray",
            "artist": "UZ",
            "id": 559675214
        },
        {
            "name": "POUR IT UP",
            "artist": "404 RAPPER",
            "id": 1408930588
        },
        {
            "name": "Battle",
            "artist": "姜云升",
            "id": 1397096044
        },
        {
            "name": "丢人吗？（by：yondo）",
            "artist": "连麻Swimming",
            "id": 1364418034
        },
        {
            "name": "我裂开了",
            "artist": "河南说唱之神",
            "id": 1389751073
        },
        {
            "name": "K.O.",
            "artist": "高天佐Trouble.Z",
            "id": 1411990343
        },
        {
            "name": "Trust",
            "artist": "BLOWFEVER",
            "id": 1448637796
        },
        {
            "name": "般若",
            "artist": "赵辰龙(Dragon X)",
            "id": 1366098502
        },
        {
            "name": "EGO",
            "artist": "VaVa毛衍七",
            "id": 495220221
        },
        {
            "name": "刘玉玲 Lucy Liu (feat. Bohan Phoenix)",
            "artist": "PSY.P",
            "id": 1449822900
        },
        {
            "name": "History",
            "artist": "BLOWFEVER",
            "id": 1461280575
        },
        {
            "name": "Sold Out",
            "artist": "AnsrJ",
            "id": 1364400401
        },
        {
            "name": "唯有不甘",
            "artist": "Cee",
            "id": 1375241842
        },
        {
            "name": "ATM CYPHER 2019",
            "artist": "ATM顶级玩家",
            "id": 1354360132
        },
        {
            "name": "BALL",
            "artist": "BLOWFEVER",
            "id": 502477353
        },
        {
            "name": "阿司匹林",
            "artist": "王以太",
            "id": 1396141677
        },
        {
            "name": "Winter Olympics",
            "artist": "BLOWFEVER",
            "id": 1336131114
        },
        {
            "name": "活死人2019Cypher",
            "artist": "活死人",
            "id": 1405207289
        },
        {
            "name": "上瘾",
            "artist": "赵辰龙(Dragon X)",
            "id": 1361589950
        },
        {
            "name": "Kill The Game",
            "artist": "Round_2",
            "id": 1340535891
        },
        {
            "name": "FLOW",
            "artist": "Yee",
            "id": 1400063385
        },
        {
            "name": "Free-Out 2019 cypher",
            "artist": "Free-Out",
            "id": 1408761974
        },
        {
            "name": "我有一个梦",
            "artist": "幼稚园杀手",
            "id": 1454903427
        },
        {
            "name": "焦点 Focus (feat. Masiwei)",
            "artist": "PSY.P",
            "id": 1449822898
        },
        {
            "name": "嘘Shush (Live)",
            "artist": "李大奔BENZO",
            "id": 1473125173
        },
        {
            "name": "One&Only",
            "artist": "ANT1BOI",
            "id": 1472351964
        },
        {
            "name": "G.O.A.T.",
            "artist": "直火帮_谢子通",
            "id": 1450042854
        },
        {
            "name": "GO!",
            "artist": "刘炫廷",
            "id": 1415148798
        },
        {
            "name": "K.O (Live)",
            "artist": "李毅杰PISSY",
            "id": 1474621536
        },
        {
            "name": "I‘m not a rapper",
            "artist": "盛宇D-SHINE",
            "id": 1429237400
        },
        {
            "name": "成都集团2020cypher (Prod. by HARIKIRI)",
            "artist": "成都集团",
            "id": 1444140174
        },
        {
            "name": "我",
            "artist": "YOUNG",
            "id": 1362414284
        },
        {
            "name": "庆典",
            "artist": "幼稚园杀手",
            "id": 1467107147
        },
        {
            "name": "官方回答",
            "artist": "OWEN欧阳子文",
            "id": 1375640677
        },
        {
            "name": "ABC (feat. Buzzy, Cee)",
            "artist": "AR刘夫阳",
            "id": 1449876055
        },
        {
            "name": "还没想好",
            "artist": "王以太",
            "id": 1396141662
        },
        {
            "name": "弹雨 Ft.JD（Prod.FlyingJacuzzi）",
            "artist": "深蓝儿童",
            "id": 1429460851
        },
        {
            "name": "The Box Remix",
            "artist": "AR刘夫阳",
            "id": 1422651894
        },
        {
            "name": "单孤（Lil Andy，YoungChigga，Lil G，Prod.KAYVXN）",
            "artist": "深蓝儿童",
            "id": 532181453
        },
        {
            "name": "守护",
            "artist": "幼稚园杀手",
            "id": 1418602229
        },
        {
            "name": "一丢丢（feat. 法老）",
            "artist": "AR刘夫阳",
            "id": 1449873414
        },
        {
            "name": "红色",
            "artist": "幼稚园杀手",
            "id": 1384562517
        },
        {
            "name": "AFK（feat.Buzzy）",
            "artist": "法老",
            "id": 1321385074
        },
        {
            "name": "非流行说唱",
            "artist": "AR刘夫阳",
            "id": 1449873488
        },
        {
            "name": "秋裤之歌",
            "artist": "赵辰龙(Dragon X)",
            "id": 1409874292
        },
        {
            "name": "押韵的艺术",
            "artist": "幼稚园杀手",
            "id": 1381380484
        },
        {
            "name": "R&B All Night",
            "artist": "KnowKnow",
            "id": 1408941731
        },
        {
            "name": "希望",
            "artist": "AR刘夫阳",
            "id": 1418906318
        },
        {
            "name": "RUNNING",
            "artist": "404 RAPPER",
            "id": 1406881700
        },
        {
            "name": "囚徒",
            "artist": "百川",
            "id": 1411824576
        },
        {
            "name": "Punchline No.1",
            "artist": "AR刘夫阳",
            "id": 1382492177
        },
        {
            "name": "干",
            "artist": "赵辰龙(Dragon X)",
            "id": 1397116888
        },
        {
            "name": "Killshot Remix",
            "artist": "YSJ",
            "id": 1362486036
        },
        {
            "name": "悲伤的大象",
            "artist": "法老",
            "id": 1401894212
        },
        {
            "name": "u don’t get it",
            "artist": "Free-Out",
            "id": 1412575419
        },
        {
            "name": "忧伤者",
            "artist": "幼稚园杀手",
            "id": 1400047602
        },
        {
            "name": "RIDE",
            "artist": "WHIZZ PABLO",
            "id": 507025781
        },
        {
            "name": "Worldwide",
            "artist": "Mc光光",
            "id": 558449431
        },
        {
            "name": "Woken Day",
            "artist": "活死人",
            "id": 1387629743
        },
        {
            "name": "巨人的肩膀 (Dajian Remix)",
            "artist": "醉人",
            "id": 516913500
        },
        {
            "name": "STRIKE",
            "artist": "Red K",
            "id": 1402883968
        },
        {
            "name": "月光男孩",
            "artist": "赵辰龙(Dragon X)",
            "id": 1403053867
        },
        {
            "name": "All That (Remix)",
            "artist": "AR刘夫阳",
            "id": 1398237657
        },
        {
            "name": "如果死亡将要来临",
            "artist": "法老",
            "id": 1336871435
        },
        {
            "name": "KING NEVER DIE",
            "artist": "Buzzy",
            "id": 1385206215
        },
        {
            "name": "respect",
            "artist": "法老",
            "id": 534917810
        },
        {
            "name": "废话连篇",
            "artist": "Cee",
            "id": 1375241844
        },
        {
            "name": "投名状 The Oath",
            "artist": "GAI周延",
            "id": 1380123262
        },
        {
            "name": "从来没在怕",
            "artist": "YSJ",
            "id": 1318748895
        },
        {
            "name": "没理由",
            "artist": "Mc光光",
            "id": 1362172651
        },
        {
            "name": "这首歌没唱直接听",
            "artist": "姜云升",
            "id": 1315952365
        },
        {
            "name": "斗地主",
            "artist": "KEY.L刘聪",
            "id": 1377785184
        },
        {
            "name": "失败的饶舌者",
            "artist": "幼稚园杀手",
            "id": 1365879134
        },
        {
            "name": "乌合之众",
            "artist": "直火帮 Straight Fire Gang",
            "id": 1381368357
        },
        {
            "name": "对号入座 FT. AR",
            "artist": "Cee",
            "id": 536570055
        },
        {
            "name": "爸爸",
            "artist": "幼稚园杀手",
            "id": 1365875402
        },
        {
            "name": "Midsummer Madness",
            "artist": "88rising",
            "id": 571339219
        },
        {
            "name": "毕业典礼演讲",
            "artist": "AR刘夫阳",
            "id": 1338786897
        },
        {
            "name": "Real One（LilAndy，LilG，Dalima）",
            "artist": "小安迪LilAndyKillThemAll",
            "id": 436675058
        },
        {
            "name": "上学威龙",
            "artist": "法老",
            "id": 1355292203
        },
        {
            "name": "Good Girl",
            "artist": "AR刘夫阳",
            "id": 1338789241
        },
        {
            "name": "开学典礼演讲",
            "artist": "AR刘夫阳",
            "id": 1308631043
        },
        {
            "name": "丑陋鼠草",
            "artist": "法老",
            "id": 1355292217
        },
        {
            "name": "吹b king",
            "artist": "迪斯忒斯 (lizfabulous)",
            "id": 463848221
        },
        {
            "name": "All That",
            "artist": "AR刘夫阳",
            "id": 1338786786
        },
        {
            "name": "押韵歌(All-Star Remix)",
            "artist": "AR刘夫阳",
            "id": 1353236702
        },
        {
            "name": "fight to the fire",
            "artist": "法老",
            "id": 1355291148
        },
        {
            "name": "校园寓言故事",
            "artist": "AR刘夫阳",
            "id": 1338786843
        },
        {
            "name": "让我RAP",
            "artist": "MC HotDog 热狗",
            "id": 135139
        },
        {
            "name": "未来（feat.Lil.Jet）",
            "artist": "法老",
            "id": 1321385072
        },
        {
            "name": "小暑",
            "artist": "直火帮 Straight Fire Gang",
            "id": 436675544
        },
        {
            "name": "pharaoh（intro）",
            "artist": "法老",
            "id": 1317457749
        },
        {
            "name": "反弹琵琶",
            "artist": "幼稚园杀手",
            "id": 1300068248
        },
        {
            "name": "逆流而上",
            "artist": "赵辰龙(Dragon X)",
            "id": 1361766901
        },
        {
            "name": "押韵歌",
            "artist": "AR刘夫阳",
            "id": 1319854361
        },
        {
            "name": "采访",
            "artist": "法老",
            "id": 1317410848
        },
        {
            "name": "10岁的夏天 Feat. 醉人",
            "artist": "幼稚园杀手",
            "id": 183269
        },
        {
            "name": "活死人2018Cypher",
            "artist": "活死人",
            "id": 1303079913
        },
        {
            "name": "Eminem-lucky you（法老 Remix）",
            "artist": "法老",
            "id": 1309351619
        },
        {
            "name": "I'm back",
            "artist": "Keyso寿君超",
            "id": 546818311
        },
        {
            "name": "Phone-Dzknow（翻自 Dzknow）",
            "artist": "邪恶七",
            "id": 495653502
        },
        {
            "name": "害臊",
            "artist": "AR刘夫阳",
            "id": 863514494
        },
        {
            "name": "路漫漫",
            "artist": "幼稚园杀手",
            "id": 183283
        },
        {
            "name": "Kichik ishla",
            "artist": "MZ",
            "id": 512429325
        },
        {
            "name": "C位",
            "artist": "AR刘夫阳",
            "id": 557581952
        },
        {
            "name": "Back in HipHop",
            "artist": "Buzzy",
            "id": 550255199
        },
        {
            "name": "暴风雨",
            "artist": "Higher Brothers",
            "id": 536622918
        },
        {
            "name": "空城计",
            "artist": "GAI周延",
            "id": 474099732
        },
        {
            "name": "WECHAT(微信) (feat. 狠毒男孩)",
            "artist": "嫩桃弟弟",
            "id": 1977588219
        },
        {
            "name": "REFRESH",
            "artist": "马思唯",
            "id": 525238797
        },
        {
            "name": "一个押韵压死一百个傻瓜",
            "artist": "小老虎",
            "id": 484056510
        },
        {
            "name": "Room Service",
            "artist": "Higher Brothers",
            "id": 534064047
        },
        {
            "name": "Isabellae (Prod. Charlie Heat)",
            "artist": "Higher Brothers",
            "id": 480579331
        },
        {
            "name": "Say Hello",
            "artist": "Mc光光",
            "id": 520448416
        },
        {
            "name": "跳跳蛙",
            "artist": "C-BLOCK",
            "id": 461308843
        },
        {
            "name": "三千里",
            "artist": "C-BLOCK",
            "id": 445154882
        },
        {
            "name": "书没读好",
            "artist": "Ty.",
            "id": 460414905
        },
        {
            "name": "焦点 / Highlight ",
            "artist": "Lu1",
            "id": 419250237
        },
        {
            "name": "PAY（feat MC法老）",
            "artist": "小安迪LilAndyKillThemAll",
            "id": 478382773
        },
        {
            "name": "无人喝彩",
            "artist": "小老虎",
            "id": 463842914
        },
        {
            "name": "B A Rap $tar",
            "artist": "Mc光光",
            "id": 424498333
        },
        {
            "name": "小弟娃(MA$IWEI&PS￥.P)[Prod. By IGNORVNCE]",
            "artist": "Higher Brothers",
            "id": 420386026
        },
        {
            "name": "W.C.F.W.M",
            "artist": "Buzzy",
            "id": 501330795
        },
        {
            "name": "Assassin（Prod.By 鹤仙问鹿仙）",
            "artist": "Buzzy",
            "id": 518297348
        },
        {
            "name": "说句实话",
            "artist": "Lil Jet",
            "id": 496107851
        },
        {
            "name": "such a beautiful",
            "artist": "Mc光光",
            "id": 419837239
        },
        {
            "name": "消失的爱人(Used to Love H.E.R.)",
            "artist": "AR刘夫阳",
            "id": 532405678
        },
        {
            "name": "谷歌没我懂你的寂寞",
            "artist": "小老虎",
            "id": 461518984
        },
        {
            "name": "Logic - Dear god (remix）",
            "artist": "法老",
            "id": 512357642
        },
        {
            "name": "江湖流",
            "artist": "C-BLOCK",
            "id": 454966913
        },
        {
            "name": "你觉得",
            "artist": "Ty.",
            "id": 505820860
        },
        {
            "name": "Real Rap s**t Pt.2 (Lu Remix)",
            "artist": "AR刘夫阳",
            "id": 493713126
        },
        {
            "name": "比你浪，比你棒",
            "artist": "Ty.",
            "id": 493162388
        },
        {
            "name": "Yahh feat. J.mag (Prod. Gold Key$)",
            "artist": "Higher Brothers",
            "id": 480579336
        },
        {
            "name": "不用去猜 (Jazz Version)",
            "artist": "Jony J",
            "id": 490595927
        },
        {
            "name": "World Wide (Bonace Track) (Prod.By Masiwei",
            "artist": "J.Mag",
            "id": 434974537
        },
        {
            "name": "行尸走肉（活死人feat.八点四十八）",
            "artist": "龙崎",
            "id": 438306506
        },
        {
            "name": "甜葡萄 红眼睛",
            "artist": "Jony J",
            "id": 491065931
        },
        {
            "name": "升级的过程",
            "artist": "Cola",
            "id": 442016812
        },
        {
            "name": "信仰",
            "artist": "Jony J",
            "id": 31260611
        },
        {
            "name": "饕餮",
            "artist": "南征北战NZBZ",
            "id": 445702397
        },
        {
            "name": "Master B（Prod.By 鹤仙问鹿仙）",
            "artist": "Buzzy",
            "id": 480257404
        },
        {
            "name": "亲密爱人2017（feat. 酷癌）",
            "artist": "法老",
            "id": 465721397
        },
        {
            "name": "Mr.Boring (Clean Version)",
            "artist": "西奥Sio",
            "id": 410715765
        },
        {
            "name": "着魔",
            "artist": "西奥Sio",
            "id": 410715769
        },
        {
            "name": "谢谢你",
            "artist": "Mc光光",
            "id": 462565213
        },
        {
            "name": "Real Rap Shit",
            "artist": "精气神制作",
            "id": 434052706
        },
        {
            "name": "711 (Prod. Masiwei)",
            "artist": "Higher Brothers",
            "id": 480579337
        },
        {
            "name": "Bitch Don't Kill My Dab (Prod. OG abi)",
            "artist": "Higher Brothers",
            "id": 480575342
        },
        {
            "name": "全球通缉WORLD'S WANTED",
            "artist": "天府事变CDREV",
            "id": 460317432
        },
        {
            "name": "听你身体说 (heard your body said)",
            "artist": "Mc光光",
            "id": 421137598
        },
        {
            "name": "以下范上",
            "artist": "C-BLOCK",
            "id": 455345092
        },
        {
            "name": "All Day All Night",
            "artist": "Mc光光",
            "id": 425570761
        },
        {
            "name": "高，还没富，但帅",
            "artist": "Ty.",
            "id": 482056804
        },
        {
            "name": "Live Free Remix",
            "artist": "小安迪LilAndyKillThemAll",
            "id": 36103560
        },
        {
            "name": "Gay爷只打字",
            "artist": "Mc光光",
            "id": 460042450
        },
        {
            "name": "零花鞋",
            "artist": "C-BLOCK",
            "id": 28830179
        },
        {
            "name": "hiphop dream",
            "artist": "法老",
            "id": 29810028
        },
        {
            "name": "我想（feat.MC pharaoh)",
            "artist": "8:48",
            "id": 431795577
        },
        {
            "name": "Tagdir",
            "artist": "那吾克热-NW",
            "id": 29783002
        },
        {
            "name": "Without You(DZ&PS￥.P)[Prod.Breezy]",
            "artist": "Higher Brothers",
            "id": 420386024
        },
        {
            "name": "We Are Back",
            "artist": "那吾克热-NW",
            "id": 29922271
        },
        {
            "name": "W.O.M.W",
            "artist": "C-BLOCK",
            "id": 28830177
        },
        {
            "name": "I can't marry you now（feat.MC法老）",
            "artist": "小安迪LilAndyKillThemAll",
            "id": 426342583
        },
        {
            "name": "Brand New Hits",
            "artist": "AR刘夫阳",
            "id": 419374826
        },
        {
            "name": "hardcore head to toe （Feat.畸形儿KKK）",
            "artist": "法老",
            "id": 444356622
        },
        {
            "name": "老师",
            "artist": "法老",
            "id": 29810031
        }
    ]
}