{
    "playlist_info": {
        "name": "本次列车终点站为:嘉禾望岗。",
        "trackcount": 229,
        "playcount": 4682341,
        "creator": "be魚_",
        "createDate": "2020-07-11",
        "heat": 4323.0
    },
    "songs": [
        {
            "name": "如果说是真的爱我",
            "artist": "Astkec",
            "id": 2007644398
        },
        {
            "name": "拉过勾的",
            "artist": "陆虎",
            "id": 26387325
        },
        {
            "name": "挚友",
            "artist": "周兴哲",
            "id": 2049541052
        },
        {
            "name": "小胡同",
            "artist": "郑润泽",
            "id": 1926623288
        },
        {
            "name": "Always online(温柔男声)",
            "artist": "嘉琪先生",
            "id": 1831467368
        },
        {
            "name": "命运（0.8x）",
            "artist": "文",
            "id": 1947780316
        },
        {
            "name": "一起长大的约定",
            "artist": "李意涵",
            "id": 1956470054
        },
        {
            "name": "暗恋过 结局呢",
            "artist": "水瓶战士",
            "id": 2008697467
        },
        {
            "name": "一样的月光（0.8x）",
            "artist": "CO1",
            "id": 1938862336
        },
        {
            "name": "达尔文",
            "artist": "林俊杰",
            "id": 2019573476
        },
        {
            "name": "雪地里相爱",
            "artist": "超超（周永超）",
            "id": 1978260557
        },
        {
            "name": "我们啊",
            "artist": "三块木头",
            "id": 1911907981
        },
        {
            "name": "流浪",
            "artist": "江辰",
            "id": 1941265858
        },
        {
            "name": "再等冬天(Memories)",
            "artist": "h3R3",
            "id": 1927693793
        },
        {
            "name": "心跳的证明(0.8x)",
            "artist": "呢喃",
            "id": 1957492947
        },
        {
            "name": "HURT(Prod by. FRESH_ye)",
            "artist": "Triple9ine",
            "id": 2022325430
        },
        {
            "name": "在你的身边 (0.8x)",
            "artist": "慢热的气球",
            "id": 1963213974
        },
        {
            "name": "忘不掉的你",
            "artist": "h3R3",
            "id": 1851652156
        },
        {
            "name": "我看过（0.8x）",
            "artist": "CO1",
            "id": 1934359973
        },
        {
            "name": "我们的爱",
            "artist": "曹雨航",
            "id": 1914898258
        },
        {
            "name": "浪漫血液",
            "artist": "宇抑文案馆",
            "id": 1984910892
        },
        {
            "name": "坏女孩(0.8x)",
            "artist": "薇薇",
            "id": 1968429904
        },
        {
            "name": "春娇与志明（0.9x变速降调）",
            "artist": "SongLong",
            "id": 1986771025
        },
        {
            "name": "精卫",
            "artist": "30年前，50年后",
            "id": 1951069525
        },
        {
            "name": "起风了（间奏0.8x）",
            "artist": "十一",
            "id": 1958856851
        },
        {
            "name": "浪漫主义 (0.8x)",
            "artist": "绪酱",
            "id": 1925574040
        },
        {
            "name": "默-（那英）",
            "artist": "宇宙巡游计划",
            "id": 1947762207
        },
        {
            "name": "再等冬天（emo慢版）",
            "artist": "圈圈菌",
            "id": 1958119516
        },
        {
            "name": "先说谎的人（0.8X）",
            "artist": "涵の心事.",
            "id": 1952923251
        },
        {
            "name": "遗失的心跳 0.8X",
            "artist": "杰",
            "id": 1984391278
        },
        {
            "name": "还是会想你（emo慢版）",
            "artist": "圈圈菌",
            "id": 1958121913
        },
        {
            "name": "把回忆拼好给你（0.8速）",
            "artist": "果味纯氧",
            "id": 1931410909
        },
        {
            "name": "此生不换前奏0.8x",
            "artist": "渚",
            "id": 1948191368
        },
        {
            "name": "此生不换 0.9x",
            "artist": "郑熙衍",
            "id": 1956211511
        },
        {
            "name": "偏爱-降调版",
            "artist": "王璟",
            "id": 1931434579
        },
        {
            "name": "不要忘记我爱你",
            "artist": "张碧晨",
            "id": 32507737
        },
        {
            "name": "黑夜问白天（cover 林俊杰）",
            "artist": "吃个炸鸡块",
            "id": 1908392990
        },
        {
            "name": "11",
            "artist": "队长",
            "id": 1907766514
        },
        {
            "name": "哪里都是你2.0",
            "artist": "队长",
            "id": 1363642136
        },
        {
            "name": "予你",
            "artist": "队长",
            "id": 1895330088
        },
        {
            "name": "一样的月光 (Live)",
            "artist": "徐佳莹",
            "id": 1421191920
        },
        {
            "name": "梦回还 (TV size)",
            "artist": "呦猫UNEKO",
            "id": 405253632
        },
        {
            "name": "如果早点了解(现场版)",
            "artist": "群星",
            "id": 1830743890
        },
        {
            "name": "Sadako-过期的罐头（weloveminz remix）",
            "artist": "weloveminz",
            "id": 1495246850
        },
        {
            "name": "我好想你(温柔女声版)",
            "artist": "南辰Music",
            "id": 1829057624
        },
        {
            "name": "别再想他了 (官方女版)",
            "artist": "好色银河",
            "id": 1890760472
        },
        {
            "name": "剑伤",
            "artist": "王权富贵",
            "id": 1842537971
        },
        {
            "name": "尘埃(女弹唱）（翻自 家家）",
            "artist": "邹月莹",
            "id": 1457855285
        },
        {
            "name": "走在冷风中",
            "artist": "刘思涵",
            "id": 27804029
        },
        {
            "name": "从你的全世界路过",
            "artist": "路灰气球",
            "id": 1466953210
        },
        {
            "name": "我想",
            "artist": "董昱昆",
            "id": 407677607
        },
        {
            "name": "心似烟火",
            "artist": "杨依贤",
            "id": 1424317373
        },
        {
            "name": "怎么唱情歌",
            "artist": "缩肥鸭",
            "id": 1484240293
        },
        {
            "name": "关键词 片段（翻自 狮子头）",
            "artist": "刘思彤",
            "id": 1804728691
        },
        {
            "name": "和你",
            "artist": "赵飞机",
            "id": 1452470023
        },
        {
            "name": "嚣张",
            "artist": "蛋姐",
            "id": 1441777586
        },
        {
            "name": "红色高跟鞋",
            "artist": "张大蕾",
            "id": 1444295317
        },
        {
            "name": "一个人看完所有风景",
            "artist": "张靖中",
            "id": 1809016500
        },
        {
            "name": "可乐",
            "artist": "赵紫骅",
            "id": 29759733
        },
        {
            "name": "患失",
            "artist": "小好14",
            "id": 1424375808
        },
        {
            "name": "我总不能阻止你奔向比我更好的人吧",
            "artist": "别网恋",
            "id": 1345171809
        },
        {
            "name": "失落沙洲（抖音弹唱版）",
            "artist": "火羊瞌睡了",
            "id": 1437055350
        },
        {
            "name": "时间煮雨",
            "artist": "池鱼",
            "id": 1496049783
        },
        {
            "name": "一天一天（钢琴纯音乐）（Haru Haru）",
            "artist": "桑子",
            "id": 1803629076
        },
        {
            "name": "慢热",
            "artist": "满舒克",
            "id": 1824025894
        },
        {
            "name": "沉沦与遐想",
            "artist": "C.HØPE",
            "id": 1492584510
        },
        {
            "name": "不如不见面Remix",
            "artist": "KingFu-W",
            "id": 1963323853
        },
        {
            "name": "你怎么这样对我（伤感片段）",
            "artist": "不成风",
            "id": 1849516008
        },
        {
            "name": "Heaven/Hell",
            "artist": "黑桃V_Official",
            "id": 1850346902
        },
        {
            "name": "爱如潮水（抖音弹唱）（翻自 张信哲）",
            "artist": "顾绍灿",
            "id": 1461676491
        },
        {
            "name": "剩下的盛夏 (纯音乐)",
            "artist": "six nine",
            "id": 1814081146
        },
        {
            "name": "Promise",
            "artist": "HARIKIRI",
            "id": 1823305772
        },
        {
            "name": "Colorful World",
            "artist": "Vinida (万妮达)",
            "id": 405253317
        },
        {
            "name": "Dancing in My Room",
            "artist": "347aidan",
            "id": 1486631924
        },
        {
            "name": "不说（翻自 周公）",
            "artist": "小恒在这里",
            "id": 1466867610
        },
        {
            "name": "交界",
            "artist": "陈嘉杰",
            "id": 1453108203
        },
        {
            "name": "还是会想你 (Live)",
            "artist": "蓝心羽",
            "id": 1834297339
        },
        {
            "name": "I Love You 3000",
            "artist": "Stephanie Poetri",
            "id": 1374446646
        },
        {
            "name": "Eutopia",
            "artist": "Yooh",
            "id": 29129889
        },
        {
            "name": "WALLS",
            "artist": "sapientdream",
            "id": 571338636
        },
        {
            "name": "Love Song 4 Me",
            "artist": "KnowKnow",
            "id": 1408944790
        },
        {
            "name": "花,太阳,彩虹,你",
            "artist": "Mai",
            "id": 1826189041
        },
        {
            "name": "火海(抖音版)",
            "artist": "如梦令",
            "id": 1831467507
        },
        {
            "name": "到此为止",
            "artist": "昭爻tsuki",
            "id": 1363168477
        },
        {
            "name": "错的人（翻自 萧亚轩）",
            "artist": "王靖雯不胖",
            "id": 1468234117
        },
        {
            "name": "不懂事（尾奏）（翻自 刘梓炎）",
            "artist": "木叶",
            "id": 1823387135
        },
        {
            "name": "下雨天",
            "artist": "与少年他",
            "id": 1426112587
        },
        {
            "name": "还是会想你",
            "artist": "林达浪",
            "id": 1827600686
        },
        {
            "name": "一分一寸",
            "artist": "阿YueYue",
            "id": 1493083969
        },
        {
            "name": "耗尽",
            "artist": "薛之谦",
            "id": 1498342485
        },
        {
            "name": "花开",
            "artist": "7copy",
            "id": 1429392677
        },
        {
            "name": "故里逢春（李飘飘抖音版）（翻自 喔喔）",
            "artist": "抖音热歌DJ",
            "id": 1466319568
        },
        {
            "name": "WAITING",
            "artist": "TRA$H",
            "id": 1296583206
        },
        {
            "name": "心跳的证明",
            "artist": "不是花火呀",
            "id": 1486264538
        },
        {
            "name": "泡沫",
            "artist": "Swang多雷",
            "id": 518682659
        },
        {
            "name": "错位时空",
            "artist": "艾辰",
            "id": 1808492017
        },
        {
            "name": "吴哥窟(温柔女声)",
            "artist": "Accelerate1",
            "id": 1416028934
        },
        {
            "name": "一格格",
            "artist": "傲七爷",
            "id": 1836117930
        },
        {
            "name": "阿拉斯加海湾",
            "artist": "刘可以",
            "id": 1501661847
        },
        {
            "name": "deserve love.",
            "artist": "go missing",
            "id": 1375971074
        },
        {
            "name": "Dream Wedding",
            "artist": "YN1",
            "id": 1433313929
        },
        {
            "name": "给你呀（又名：for ya）",
            "artist": "蒋小呢",
            "id": 1497588709
        },
        {
            "name": "终点站 嘉禾望岗",
            "artist": "張良凯",
            "id": 1817079645
        },
        {
            "name": "i dont care about anything anymore",
            "artist": "tazz",
            "id": 505820121
        },
        {
            "name": "胆小鬼 连幸福 都会恐惧",
            "artist": "无名之爱",
            "id": 1814378991
        },
        {
            "name": "夜",
            "artist": "舰长",
            "id": 1448851124
        },
        {
            "name": "关机又关机",
            "artist": "YangYang",
            "id": 1811408619
        },
        {
            "name": "Merry Christmas Mr. Lawrence",
            "artist": "坂本龍一",
            "id": 4899152
        },
        {
            "name": "后来",
            "artist": "苗田雨",
            "id": 1472581974
        },
        {
            "name": "pure imagination",
            "artist": "辛辛君",
            "id": 1407993755
        },
        {
            "name": "澜和蔡文姬",
            "artist": "拾贰不听话",
            "id": 1805445153
        },
        {
            "name": "想带你去海边吹风（Prod by Red killer）",
            "artist": "YN1",
            "id": 1445299066
        },
        {
            "name": "你和冬天如约而至",
            "artist": "无名之爱",
            "id": 1498973653
        },
        {
            "name": "水星记(片段)（翻自 半瓶水）",
            "artist": "是霖凯阿",
            "id": 1807098797
        },
        {
            "name": "归暑",
            "artist": "SUIYU",
            "id": 1387600215
        },
        {
            "name": "I wanna (Everlasting Truth Remix)",
            "artist": "IVAN蛋挞",
            "id": 447846372
        },
        {
            "name": "新年快乐，你好2023！",
            "artist": "无名之爱",
            "id": 1808552088
        },
        {
            "name": "永不失联的爱",
            "artist": "周兴哲",
            "id": 523250334
        },
        {
            "name": "有些人（Prod by BLACKFAT洪汝超）",
            "artist": "谢某",
            "id": 1471489142
        },
        {
            "name": "Kilig",
            "artist": "AK47",
            "id": 1434622298
        },
        {
            "name": "爱隔山海",
            "artist": "高宇Slient",
            "id": 1397903360
        },
        {
            "name": "with you",
            "artist": "文焕",
            "id": 1824123780
        },
        {
            "name": "踪迹",
            "artist": "IcEananas",
            "id": 1481241724
        },
        {
            "name": "爱人错过",
            "artist": "Utoaix",
            "id": 1437965516
        },
        {
            "name": "四季予你",
            "artist": "程响",
            "id": 1807537867
        },
        {
            "name": "暴雨暴雨",
            "artist": "PokeB",
            "id": 1816815675
        },
        {
            "name": "在这个年纪也许不配拥有爱情",
            "artist": "KIND",
            "id": 1488077114
        },
        {
            "name": "我决定送走那只猫了",
            "artist": "文焕",
            "id": 1813926340
        },
        {
            "name": "未出逃的信（Prod.by Vanish)",
            "artist": "他们都叫我权权",
            "id": 1817516443
        },
        {
            "name": "我不甘心还能对你怎样（Prod.GALA$XXY）",
            "artist": "不成风",
            "id": 1481940804
        },
        {
            "name": "Leave Me Alone（寂寞作伴）",
            "artist": "TC",
            "id": 1806634682
        },
        {
            "name": "Y",
            "artist": "小好14",
            "id": 1841244228
        },
        {
            "name": "末班车",
            "artist": "黑羊",
            "id": 417595727
        },
        {
            "name": "好想（片段试听）",
            "artist": "李大大",
            "id": 1467647829
        },
        {
            "name": "- 我 活 在 光 從 未 來 過 的 地 方 -",
            "artist": "CG一泽",
            "id": 1454551909
        },
        {
            "name": "晨",
            "artist": "IcEananas",
            "id": 1366486876
        },
        {
            "name": "待在我身边",
            "artist": "Forest龙楠林",
            "id": 1443937011
        },
        {
            "name": "踏山河",
            "artist": "七叔-叶泽浩",
            "id": 1804320463
        },
        {
            "name": "说散就散(抖音版)",
            "artist": "李思源",
            "id": 1495496315
        },
        {
            "name": "没有理由（吉他版）",
            "artist": "枝",
            "id": 1443866113
        },
        {
            "name": "一个普普通通的下午我下楼倒垃圾",
            "artist": "林森Listen",
            "id": 1495202822
        },
        {
            "name": "疯子傻子和骗子",
            "artist": "LuluSweety",
            "id": 1388615462
        },
        {
            "name": "凌 晨 四 点",
            "artist": "WYAN王毓千",
            "id": 1463960599
        },
        {
            "name": "爱会消失吗",
            "artist": "无名之爱",
            "id": 1477609668
        },
        {
            "name": "所 以 愛 會 消 失 對 不 對",
            "artist": "东东",
            "id": 1475571759
        },
        {
            "name": "断线",
            "artist": "Shang",
            "id": 496370620
        },
        {
            "name": "小孩",
            "artist": "马也_Crabbit",
            "id": 1484649486
        },
        {
            "name": "好想好想（翻自 古巨基）",
            "artist": "是你的垚",
            "id": 1464541600
        },
        {
            "name": "你的怀里才是人间",
            "artist": "高宇Slient",
            "id": 1477611683
        },
        {
            "name": "这个冬天 你会不会爱我",
            "artist": "北斗小七",
            "id": 1490971472
        },
        {
            "name": "泡沫",
            "artist": "王嘉懿",
            "id": 1439720505
        },
        {
            "name": "我像一个傻瓜（Frowned blueface）",
            "artist": "河北Ye",
            "id": 1394997085
        },
        {
            "name": "靠近",
            "artist": "毛亦周",
            "id": 1490218879
        },
        {
            "name": "寄给你",
            "artist": "老徐YeGer.",
            "id": 1493061848
        },
        {
            "name": "撒野",
            "artist": "凯瑟喵",
            "id": 483937795
        },
        {
            "name": "信仰（翻自 张信哲）",
            "artist": "宇翊",
            "id": 1471767367
        },
        {
            "name": "温酒盗华年（翻自 江苹果）",
            "artist": "守夜冠军专用证",
            "id": 1447635772
        },
        {
            "name": "我的一个道姑朋友",
            "artist": "王上",
            "id": 1463399236
        },
        {
            "name": "日不落",
            "artist": "张大蕾",
            "id": 1449601413
        },
        {
            "name": "年轮（完整版）（翻自 张碧晨）",
            "artist": "睡不饱的老笨蛋",
            "id": 1450630927
        },
        {
            "name": "不说",
            "artist": "轲轲睡不着",
            "id": 1465975035
        },
        {
            "name": "独行侠+爱如潮水（remix）",
            "artist": "sea蕊",
            "id": 1432968475
        },
        {
            "name": "鱼",
            "artist": "冯政FireDrippin",
            "id": 1436575829
        },
        {
            "name": "角落（片段版）（翻自 李韩宇Yuzi）",
            "artist": "北田共",
            "id": 1437833797
        },
        {
            "name": "我们再重蹈覆辙好不好",
            "artist": "LuluSweety",
            "id": 1358202573
        },
        {
            "name": "事关孤独（片段版）（翻自 马良） ",
            "artist": "袁王月",
            "id": 1435162076
        },
        {
            "name": "怪咖",
            "artist": "薛之谦",
            "id": 574921549
        },
        {
            "name": "洋葱",
            "artist": "苗田雨",
            "id": 1457801270
        },
        {
            "name": "雨爱",
            "artist": "不是花火呀",
            "id": 1467444619
        },
        {
            "name": "此生不换",
            "artist": "马越敏",
            "id": 1421516517
        },
        {
            "name": "无孟子（翻自 无孟子） ",
            "artist": "酷盖不酷",
            "id": 1413162944
        },
        {
            "name": "我爱他",
            "artist": "苏玮玮",
            "id": 1458141798
        },
        {
            "name": "我走后（女版很难过）",
            "artist": "予瑄",
            "id": 1384645299
        },
        {
            "name": "左肩",
            "artist": "石頭的Demo",
            "id": 1408738715
        },
        {
            "name": "庸人自扰",
            "artist": "守夜冠军专用证",
            "id": 1433232692
        },
        {
            "name": "重演",
            "artist": "守夜冠军专用证",
            "id": 1426733632
        },
        {
            "name": "有一种悲伤",
            "artist": "黄丽玲",
            "id": 1315718569
        },
        {
            "name": "空白格",
            "artist": "李曦臣",
            "id": 1429791177
        },
        {
            "name": "只看着我（翻自 태양）",
            "artist": "SWAGGER",
            "id": 1464190619
        },
        {
            "name": "丧 prod by 524（FTF）",
            "artist": "张雪飞",
            "id": 553702717
        },
        {
            "name": "他只是经过",
            "artist": "h3R3",
            "id": 1443838552
        },
        {
            "name": "即兴",
            "artist": "文艺青年",
            "id": 1423489373
        },
        {
            "name": "他只是经过",
            "artist": "李秋实",
            "id": 1478085683
        },
        {
            "name": "默",
            "artist": "柳岸",
            "id": 1468908179
        },
        {
            "name": "有我呢",
            "artist": "王雨桐",
            "id": 1438825241
        },
        {
            "name": "烟火",
            "artist": "赵飞机",
            "id": 1455485876
        },
        {
            "name": "你走",
            "artist": "陆杰awr",
            "id": 1468524966
        },
        {
            "name": "信仰（抖音弹唱）（翻自 张信哲）",
            "artist": "旺仔小乔",
            "id": 1458337087
        },
        {
            "name": "即兴（片段）",
            "artist": "王小红i",
            "id": 1456652797
        },
        {
            "name": "关于我们",
            "artist": "李柯君",
            "id": 1449772332
        },
        {
            "name": "没有你的房间真的变得很大很大",
            "artist": "记忆病人",
            "id": 1430712577
        },
        {
            "name": "太早（尚士达版live）（翻自 刘允乐）",
            "artist": "电音老傅",
            "id": 1445239135
        },
        {
            "name": "躲避",
            "artist": "Fi9江澈",
            "id": 1806340649
        },
        {
            "name": "越界",
            "artist": "睡不饱的老笨蛋",
            "id": 1445247227
        },
        {
            "name": "愿",
            "artist": "鲨鲨",
            "id": 1433807553
        },
        {
            "name": "夜半（片段）",
            "artist": "王泽科",
            "id": 1365666545
        },
        {
            "name": "雨爱",
            "artist": "李柯君",
            "id": 1450753455
        },
        {
            "name": "我走后",
            "artist": "千里狗",
            "id": 1412847322
        },
        {
            "name": "蓝",
            "artist": "穌北北",
            "id": 1433013289
        },
        {
            "name": "有我呢（片段版）（翻自 郭一凡）",
            "artist": "袁王月",
            "id": 1442246535
        },
        {
            "name": "猜不透（完整版）",
            "artist": "守夜冠军专用证",
            "id": 1431866741
        },
        {
            "name": "海底",
            "artist": "吴炳文",
            "id": 1449990499
        },
        {
            "name": "山海",
            "artist": "万豹",
            "id": 1431393883
        },
        {
            "name": "醒着醉",
            "artist": "姜鹏Calm",
            "id": 1334761781
        },
        {
            "name": "错的人",
            "artist": "M学长",
            "id": 1389663359
        },
        {
            "name": "星星还是那么亮（翻自 爱如潮水） ",
            "artist": "王逸辰",
            "id": 1412572805
        },
        {
            "name": "与我无关（片段版）",
            "artist": "小乐哥（王唯乐）",
            "id": 1431880021
        },
        {
            "name": "冬眠 王巨星",
            "artist": "王巨星",
            "id": 1418852960
        },
        {
            "name": "少一点天分（翻自 孙盛希）",
            "artist": "王贰浪",
            "id": 565194929
        },
        {
            "name": "耿",
            "artist": "千里狗",
            "id": 1374626245
        },
        {
            "name": "爱的回归线",
            "artist": "JojoChen的秋天",
            "id": 1427049829
        },
        {
            "name": "我好像在哪见过你（翻自 邹念慈） ",
            "artist": "九千七",
            "id": 1426557520
        },
        {
            "name": "那个男孩",
            "artist": "千里狗",
            "id": 1387608452
        },
        {
            "name": "有一种悲伤",
            "artist": "是你的垚",
            "id": 1430628817
        },
        {
            "name": "可惜不是你（片段版）",
            "artist": "袁王月",
            "id": 1436853551
        },
        {
            "name": "总在四下无人的夜晚想起你（翻自 无孟子）",
            "artist": "苏四",
            "id": 1448972404
        },
        {
            "name": "幸福了 然后呢",
            "artist": "吴炳文",
            "id": 1425896565
        },
        {
            "name": "尘埃",
            "artist": "袁王月",
            "id": 1435158305
        },
        {
            "name": "丢了你（抖音版）（翻自 井胧）",
            "artist": "Haagen Dazs",
            "id": 1446673879
        },
        {
            "name": "收敛",
            "artist": "许DaTou",
            "id": 1448792942
        },
        {
            "name": "什么样的爱情（翻自 吴秃秃） ",
            "artist": "ck曼曼",
            "id": 1430850579
        },
        {
            "name": "下雨天",
            "artist": "是你的垚",
            "id": 1438643335
        },
        {
            "name": "忘记拥抱",
            "artist": "是你的垚",
            "id": 1442600205
        },
        {
            "name": "夜半",
            "artist": "沈辞.",
            "id": 1439884195
        },
        {
            "name": "孤身",
            "artist": "王泽科",
            "id": 1368400077
        },
        {
            "name": "后来（Cover 刘若英）",
            "artist": "王贰浪",
            "id": 565200659
        },
        {
            "name": "偏爱",
            "artist": "熊宇赫",
            "id": 1422727081
        },
        {
            "name": "走在冷风中",
            "artist": "沈明",
            "id": 1337325783
        },
        {
            "name": "没了我你依然拥有太阳（demo）",
            "artist": "黄霄雲",
            "id": 1402718552
        }
    ]
}