{
    "playlist_info": {
        "name": "每天都有不同的難過｜亞比二次元& new wave",
        "trackcount": 164,
        "playcount": 138674,
        "creator": "怡爆炸",
        "createDate": "2022-01-12",
        "heat": 260.0
    },
    "songs": [
        {
            "name": "Master in the Play",
            "artist": "SIHOBACKINTIME",
            "id": 1853751271
        },
        {
            "name": "小哑巴",
            "artist": "BOBBYNOPEACE",
            "id": 1975295694
        },
        {
            "name": "落泪",
            "artist": "康熙",
            "id": 2021434589
        },
        {
            "name": "如果我们",
            "artist": "Udiggwhatiamsayin",
            "id": 1977332611
        },
        {
            "name": "电话亭",
            "artist": "Udiggwhatiamsayin",
            "id": 2021127264
        },
        {
            "name": "city luv",
            "artist": "Cheeze",
            "id": 2022158540
        },
        {
            "name": "Hell",
            "artist": "TOYOKI",
            "id": 1362566964
        },
        {
            "name": "Sakana~",
            "artist": "MISTERK",
            "id": 1983230711
        },
        {
            "name": "777 WOES",
            "artist": "MULA SAKEE",
            "id": 1500167452
        },
        {
            "name": "佛耶戈 Viego（Ft.JinjiBeWater隼&洛基Rocki）",
            "artist": "Tlatre特雷西",
            "id": 1983800969
        },
        {
            "name": "我的爱不会回来",
            "artist": "GHOST 9",
            "id": 1932877417
        },
        {
            "name": "Fake Love",
            "artist": "UEDO",
            "id": 1869818809
        },
        {
            "name": "坏情绪像子弹",
            "artist": "JERRYZ",
            "id": 1921502874
        },
        {
            "name": "葬pt.2",
            "artist": "89DX",
            "id": 1861978401
        },
        {
            "name": "唉 (pt.3)",
            "artist": "河南说唱之神",
            "id": 1492114515
        },
        {
            "name": "感受不到温度",
            "artist": "MoreLearn 27",
            "id": 2003008376
        },
        {
            "name": "Justin Bieber",
            "artist": "KenRobb",
            "id": 1906281210
        },
        {
            "name": "我有点焦虑",
            "artist": "河南说唱之神",
            "id": 1979723287
        },
        {
            "name": "★誹註蓅○",
            "artist": "MotordXMotorola",
            "id": 1831538967
        },
        {
            "name": "你的离去让我沉没",
            "artist": "GHOST 9",
            "id": 1876649630
        },
        {
            "name": "我不理解世界的规则",
            "artist": "河南说唱之神",
            "id": 1973405972
        },
        {
            "name": "Lanna /我欠你的",
            "artist": "Udiggwhatiamsayin",
            "id": 1956532514
        },
        {
            "name": "单马尾女孩（Prod.CityBo)",
            "artist": "太帅了花",
            "id": 1817906710
        },
        {
            "name": "这个晚上还是有点冷",
            "artist": "河南说唱之神",
            "id": 1967750169
        },
        {
            "name": "倒带一辈子",
            "artist": "河南说唱之神",
            "id": 1967744519
        },
        {
            "name": "Selfish (Ft.KenRobb)",
            "artist": "河南说唱之神",
            "id": 1967704613
        },
        {
            "name": "总比好过没有感情",
            "artist": "河南说唱之神",
            "id": 1967752637
        },
        {
            "name": "这日子没盼头",
            "artist": "河南说唱之神",
            "id": 1967752654
        },
        {
            "name": "LuvisDrug",
            "artist": "CashTrippy",
            "id": 1967273681
        },
        {
            "name": "麻",
            "artist": "河南说唱之神",
            "id": 1967744611
        },
        {
            "name": "恼火",
            "artist": "KenRobb",
            "id": 1955501364
        },
        {
            "name": "反派英雄",
            "artist": "河南说唱之神",
            "id": 1965929258
        },
        {
            "name": "Ride4you",
            "artist": "Louis 1520",
            "id": 1910738837
        },
        {
            "name": "你不懂爷的伤悲",
            "artist": "7copy",
            "id": 1814891616
        },
        {
            "name": "I GOT (Prod. SunnyCat)",
            "artist": "jaxonloki",
            "id": 1881737512
        },
        {
            "name": "还想要和你看海",
            "artist": "双鱼战士",
            "id": 1835181674
        },
        {
            "name": "秋雨坠落的时候像妳的发丝 有妳的香味(P.odece)",
            "artist": "ACOLDSWORDER",
            "id": 1876828851
        },
        {
            "name": "why u looking like tht",
            "artist": "kuudere",
            "id": 1877787322
        },
        {
            "name": "forever",
            "artist": "blxty",
            "id": 1880464186
        },
        {
            "name": "大雨滂沱(Prod.FAS)",
            "artist": "MITA",
            "id": 1882808531
        },
        {
            "name": "Just Love",
            "artist": "Rank G 高铭燃",
            "id": 1489001678
        },
        {
            "name": "中二病不能谈恋爱",
            "artist": "7copy",
            "id": 1949170683
        },
        {
            "name": "0216",
            "artist": "Lloycid洛伊德酸",
            "id": 1459563617
        },
        {
            "name": "安全屋",
            "artist": "荨麻疹",
            "id": 1896763616
        },
        {
            "name": "3d girl沒有愛ฅ۶•ﻌ•♡（Prod By RoyalBoi）",
            "artist": "kellomiii",
            "id": 1869405094
        },
        {
            "name": "究极自恋男[prod.Kukyo icey]",
            "artist": "黑色心臟",
            "id": 1866304487
        },
        {
            "name": "我不应该爱上你",
            "artist": "Tphunk",
            "id": 1898194975
        },
        {
            "name": "Loose Ends",
            "artist": "血男孩",
            "id": 1426421178
        },
        {
            "name": "Anime Babe",
            "artist": "Billionhappy",
            "id": 1919198780
        },
        {
            "name": "Promise",
            "artist": "44Luv.",
            "id": 1869249571
        },
        {
            "name": "愛是我的命",
            "artist": "89DX",
            "id": 1453606277
        },
        {
            "name": "对你的思念让我不断失眠",
            "artist": "赵不帅",
            "id": 1889199317
        },
        {
            "name": "薄荷水 (Prod.Muto)",
            "artist": "SASIOVERLXRD",
            "id": 1886329899
        },
        {
            "name": "100%fullofluv FT.MIRAISENSHI(prod.Samuel)",
            "artist": "Billionhappy",
            "id": 1371830093
        },
        {
            "name": "wtf (｡ì _ í｡)",
            "artist": "Tphunk",
            "id": 1890768961
        },
        {
            "name": "怎么会爱上库洛米 ๑>ᴗ<๑",
            "artist": "Harris",
            "id": 1397957150
        },
        {
            "name": "丘比特",
            "artist": "mac ova seas",
            "id": 1922629725
        },
        {
            "name": "只留下伤痕",
            "artist": "SAVAGE MING",
            "id": 1872153852
        },
        {
            "name": "次元愛(prod by.Mocookie)",
            "artist": "RickboiSAMA",
            "id": 1880228570
        },
        {
            "name": "早就知道(Prod.Nextlane)",
            "artist": "MITA",
            "id": 1865137059
        },
        {
            "name": "Oppai!(prod.lil waifu)",
            "artist": "MISTERK",
            "id": 1486774524
        },
        {
            "name": "2D WAIFU",
            "artist": "89DX",
            "id": 1819177036
        },
        {
            "name": "Feeling(感觉)",
            "artist": "Coldwet",
            "id": 1890531585
        },
        {
            "name": "around you (prod. twon twon)",
            "artist": "altik",
            "id": 1899154691
        },
        {
            "name": "难过不均匀是种伤害",
            "artist": "河北Ye",
            "id": 1907281825
        },
        {
            "name": "FutureNova[prod:odece]",
            "artist": "tomoya",
            "id": 1415654643
        },
        {
            "name": "雨天/Rainy day",
            "artist": "积雨云1998",
            "id": 1873400795
        },
        {
            "name": "不算坏",
            "artist": "newone",
            "id": 1498874887
        },
        {
            "name": "西安下雪了，你不在我身边",
            "artist": "Bacup八杯",
            "id": 1408854470
        },
        {
            "name": "爱在和时间赛跑",
            "artist": "河南说唱之神",
            "id": 1846029865
        },
        {
            "name": "真心话就是大冒险",
            "artist": "河南说唱之神",
            "id": 1907797858
        },
        {
            "name": "暴雨",
            "artist": "TOYOKI",
            "id": 1895385833
        },
        {
            "name": "风与风（Wind and Winds）",
            "artist": "康熙",
            "id": 1431918710
        },
        {
            "name": "有种",
            "artist": "江辰",
            "id": 1909651843
        },
        {
            "name": "我的记忆中没有你",
            "artist": "tomoya",
            "id": 1406515680
        },
        {
            "name": "12.31",
            "artist": "kayfun",
            "id": 533935012
        },
        {
            "name": "未来太多余不需要我们去",
            "artist": "TOYOKI",
            "id": 1383750198
        },
        {
            "name": "ROCKSTA! part.2",
            "artist": "thomeboydontkill",
            "id": 1381314419
        },
        {
            "name": "让我回到你家里",
            "artist": "TOYOKI",
            "id": 1405506312
        },
        {
            "name": "说唱之神在哭泣",
            "artist": "河南说唱之神",
            "id": 1385243547
        },
        {
            "name": "爱你的不会爱我",
            "artist": "荨麻疹",
            "id": 1404605966
        },
        {
            "name": "when a ninja fall in 2d",
            "artist": "89DX",
            "id": 1420840354
        },
        {
            "name": "心HEART+prod@Bubbleboy",
            "artist": "Louis 1520",
            "id": 1425850132
        },
        {
            "name": "blue butterfly <33",
            "artist": "loveyouparadise",
            "id": 1413084426
        },
        {
            "name": "why you always hate me",
            "artist": "YvngDeath",
            "id": 1404475798
        },
        {
            "name": "Hate me",
            "artist": "队长",
            "id": 1436303955
        },
        {
            "name": "葬",
            "artist": "89DX",
            "id": 1453607421
        },
        {
            "name": "心⊕♡碎↹∮混⊕乱",
            "artist": "RickboiSAMA",
            "id": 1860552539
        },
        {
            "name": "我还在期待着与你的再会",
            "artist": "深水29",
            "id": 1448708380
        },
        {
            "name": "别叫我亚逼",
            "artist": "ucantbeliketako",
            "id": 1438592165
        },
        {
            "name": "ちゅ〜る",
            "artist": "まもって！もくれん",
            "id": 1459255556
        },
        {
            "name": "Chuntianliele",
            "artist": "河北Ye",
            "id": 1406286141
        },
        {
            "name": "NOpain*",
            "artist": "CzonknowhoUR",
            "id": 1409301042
        },
        {
            "name": "moonlight*✧･ﾟprod+drippinshawtyxoxo",
            "artist": "MAZE",
            "id": 1421529251
        },
        {
            "name": "CAN U SEE ME",
            "artist": "ArthurX",
            "id": 1447425168
        },
        {
            "name": "从此以后爷的世界再也没有你",
            "artist": "Skythesian✯",
            "id": 1427489386
        },
        {
            "name": "求宁别口嗨了☆彡（Prod.Miler）",
            "artist": "Jak1N",
            "id": 1468693234
        },
        {
            "name": "sh3wanna?٩(˃̶͈̀௰˂̶͈́)و(Prod.Tsurreal)",
            "artist": "Louis 1520",
            "id": 1392567806
        },
        {
            "name": "抱歉只有伤害（Prod.thatboineco）",
            "artist": "LilZone",
            "id": 1440695466
        },
        {
            "name": "重置人性",
            "artist": "吴",
            "id": 1495223371
        },
        {
            "name": "OK了家人们(feat.徒步阿龙) (Prod.Underwood)",
            "artist": "电子虫",
            "id": 1492159877
        },
        {
            "name": "我想叫醒你啊kkluv",
            "artist": "kkluv",
            "id": 1452484710
        },
        {
            "name": "Past Tense(feat. Jerry.P)",
            "artist": "Fendighee Ricch",
            "id": 1411903882
        },
        {
            "name": "i (dont) miss u",
            "artist": "angie",
            "id": 1463399907
        },
        {
            "name": "✩///-没戳✩*",
            "artist": "⁺Treesmooth⁺",
            "id": 1820980492
        },
        {
            "name": "你不是我の唯一（Prod By twoprxducers）",
            "artist": "swingpop",
            "id": 1377984716
        },
        {
            "name": "trying//cry4help",
            "artist": "funeral",
            "id": 1439410441
        },
        {
            "name": "Sorry",
            "artist": "CashTrippy",
            "id": 1837745784
        },
        {
            "name": "★kiss me baby☆（吻我，宝）",
            "artist": "Victor☆",
            "id": 1835009703
        },
        {
            "name": "Don't Go",
            "artist": "OGTrevor",
            "id": 1346663491
        },
        {
            "name": "nightmare",
            "artist": "TOYOKI",
            "id": 1386030691
        },
        {
            "name": "lollipop٩(˃̶͈̀௰˂̶͈́)و(pt.2.5)",
            "artist": "cujoh vinci",
            "id": 1834563152
        },
        {
            "name": "异次元",
            "artist": "sickpill",
            "id": 1837110031
        },
        {
            "name": "不了解!! (prod.lil waifu)",
            "artist": "MISTERK",
            "id": 1846516560
        },
        {
            "name": "今晚的星星也很亮",
            "artist": "Lucdm",
            "id": 1501414559
        },
        {
            "name": "★愛很虚拟<3★（++aura）",
            "artist": "DashH",
            "id": 1817828073
        },
        {
            "name": "倒带离开意外sad",
            "artist": "stray",
            "id": 1838032991
        },
        {
            "name": "04 有些答案不必等",
            "artist": "三册柏",
            "id": 1822358235
        },
        {
            "name": "Prettyboyudonlike*",
            "artist": "弹簧刀宝贝",
            "id": 1487047005
        },
        {
            "name": "Ifeelblue (prod.XK74_)",
            "artist": "老鼠KIMM",
            "id": 1476865321
        },
        {
            "name": "Fell In Love With 2D Girl⸜(* ॑꒳ˆ * )⋆*",
            "artist": "Doubleheartbaby",
            "id": 1837887586
        },
        {
            "name": "心碎到底",
            "artist": "SAVAGE MING",
            "id": 1817178141
        },
        {
            "name": "爱或不爱 都是伤害（Prod.Cue Sheet)",
            "artist": "杨继森",
            "id": 1474018804
        },
        {
            "name": "把思念变成前进的动力 ft.深水29",
            "artist": "EMPTISO",
            "id": 1465026395
        },
        {
            "name": "ROCK IT ON MY WAY Pt.2",
            "artist": "89DX",
            "id": 1808053000
        },
        {
            "name": "Everlasting ☆",
            "artist": "⁺Treesmooth⁺",
            "id": 1830231508
        },
        {
            "name": "别对我说爱（pt.3）",
            "artist": "Lucdm",
            "id": 1878616869
        },
        {
            "name": "HEARTBREAK 2020 (prod.9am6master)",
            "artist": "9am6master",
            "id": 1425573000
        },
        {
            "name": "坏天气Foulweather",
            "artist": "Dazzle",
            "id": 1867483016
        },
        {
            "name": "wowo",
            "artist": "STAR P1MP",
            "id": 1825594873
        },
        {
            "name": "异次元狂想曲(prod.by.RoyalBoi)",
            "artist": "Mar.King",
            "id": 1830565770
        },
        {
            "name": "suicide",
            "artist": "森林半岛",
            "id": 1411091300
        },
        {
            "name": "畸形的我，不同的世界",
            "artist": "michiyo",
            "id": 1854204350
        },
        {
            "name": "4",
            "artist": "Poski",
            "id": 1449851140
        },
        {
            "name": "唉",
            "artist": "河南说唱之神",
            "id": 1462707541
        },
        {
            "name": "爷的心禁止访问✩˚*•̩̩͙ʚ",
            "artist": "7copy",
            "id": 1803629897
        },
        {
            "name": "在下个冬天等你",
            "artist": "shiro3",
            "id": 1411889673
        },
        {
            "name": "我裂开了",
            "artist": "河南说唱之神",
            "id": 1389751073
        },
        {
            "name": "没有爱2020",
            "artist": "深水29",
            "id": 1808261181
        },
        {
            "name": "我们两个都没错，在一起就是错，嘻嘻",
            "artist": "王波比13obby",
            "id": 1399840190
        },
        {
            "name": "伤感人类回收站",
            "artist": "大D(DLyn)",
            "id": 1377090355
        },
        {
            "name": "你不爱我︎，心就裂开",
            "artist": "Yono-y",
            "id": 1493362269
        },
        {
            "name": "别对我说爱",
            "artist": "Lucdm",
            "id": 1807876057
        },
        {
            "name": "没理由怪你",
            "artist": "kKzk赵珂",
            "id": 1850235304
        },
        {
            "name": "没 死 就 别 找 我 了",
            "artist": "SipSu小口酥",
            "id": 1363568696
        },
        {
            "name": "愿望是不再重伤",
            "artist": "大D(DLyn)",
            "id": 1413386567
        },
        {
            "name": "恁咋不早说 咱俩某以后",
            "artist": "ksovii",
            "id": 1394576052
        },
        {
            "name": "Brillic-偷心（Copy Remix）",
            "artist": "7copy",
            "id": 1408954264
        },
        {
            "name": "爱敌不过自由",
            "artist": "KIND",
            "id": 1847822672
        },
        {
            "name": "在我离开之前",
            "artist": "深水29",
            "id": 1482845417
        },
        {
            "name": "雨天/Rainy day pt2",
            "artist": "shedontknowmy PAIN",
            "id": 1891312681
        },
        {
            "name": "I GOT（Prod.SunnyCat）",
            "artist": "SunnyCat",
            "id": 1881518999
        },
        {
            "name": "照样",
            "artist": "Lucdm",
            "id": 1816482082
        },
        {
            "name": "冰冷铠甲（feat.Tphunk&ksovii）",
            "artist": "Dokuro！",
            "id": 1814398597
        },
        {
            "name": "命换温柔",
            "artist": "Yaoanzhu",
            "id": 1490782132
        },
        {
            "name": "假装你还爱我 w/drippinshawty [+nomu]",
            "artist": "iso punk",
            "id": 1449539074
        },
        {
            "name": "我心情坏了全都怪你",
            "artist": "Esy",
            "id": 1812408551
        },
        {
            "name": "没有你在身旁",
            "artist": "FANKING",
            "id": 1804161791
        },
        {
            "name": "类似的梦",
            "artist": "YOUNGBOOM",
            "id": 1872353685
        },
        {
            "name": "柑橘乌云 (Live)",
            "artist": "Capper",
            "id": 1890733226
        },
        {
            "name": "夜晚打灯我找不到爱",
            "artist": "河南说唱之神",
            "id": 1836462679
        },
        {
            "name": "我像一个傻瓜（Frowned blueface）",
            "artist": "河北Ye",
            "id": 1394997085
        },
        {
            "name": "我玩不过你",
            "artist": "4loR1dA",
            "id": 1425515496
        },
        {
            "name": "伤心男孩拯救世界",
            "artist": "河南说唱之神",
            "id": 1379728692
        }
    ]
}