{
    "playlist_info": {
        "name": "欧美‖任何瞬间的心动都不要怠慢了它",
        "trackcount": 107,
        "playcount": 2862517,
        "creator": "ClairoToday",
        "createDate": "2019-08-14",
        "heat": 2021.0
    },
    "songs": [
        {
            "name": "3:15 (Slowed Down + Reverb)",
            "artist": "Russ",
            "id": 2022749210
        },
        {
            "name": "NIGHT DANCER",
            "artist": "Will Stetson",
            "id": 2036235480
        },
        {
            "name": "Wonderful U",
            "artist": "AGA",
            "id": 1892512439
        },
        {
            "name": "How Does It Feel",
            "artist": "Chlöe",
            "id": 2024158926
        },
        {
            "name": "Hermionong",
            "artist": "TheChanisara",
            "id": 1987617766
        },
        {
            "name": "Me Time",
            "artist": "Carneyval",
            "id": 1997453409
        },
        {
            "name": "no excuses",
            "artist": "Virginia To Vegas",
            "id": 1917549952
        },
        {
            "name": "Die Right Here",
            "artist": "david hugo",
            "id": 1863509811
        },
        {
            "name": "December Composer (Piano Version)",
            "artist": "Vicky宣宣",
            "id": 1805801737
        },
        {
            "name": "kiss me more",
            "artist": "Ivoris",
            "id": 1849112086
        },
        {
            "name": "Save Myself",
            "artist": "Ashe",
            "id": 1463383559
        },
        {
            "name": "Morning Coffee (bubble ver.)",
            "artist": "Chevy & Nalba & Luxid",
            "id": 1806052941
        },
        {
            "name": "I Like U, But I Love Me",
            "artist": "Maxine",
            "id": 1451207626
        },
        {
            "name": "Kiss or Kill",
            "artist": "Stela Cole",
            "id": 1494098256
        },
        {
            "name": "Groundhog Day",
            "artist": "Em Beihold",
            "id": 1845966572
        },
        {
            "name": "Up Down",
            "artist": "Fiji Blue",
            "id": 1960545930
        },
        {
            "name": "Put Your Head On My Shoulder",
            "artist": "The Macarons Project",
            "id": 1812426170
        },
        {
            "name": "Heaven",
            "artist": "Music Travel Love",
            "id": 1923759527
        },
        {
            "name": "Things I Like",
            "artist": "Kristian Kostov",
            "id": 1454868633
        },
        {
            "name": "Hide & Seek (Sunday Morning Edit)",
            "artist": "Mark Mendy",
            "id": 865726575
        },
        {
            "name": "Wish You Were Sober",
            "artist": "Conan Gray",
            "id": 1432010471
        },
        {
            "name": "Your Love (Déjà Vu)",
            "artist": "Glass Animals",
            "id": 1424645859
        },
        {
            "name": "Throwaway (SG Lewis x Clairo)",
            "artist": "SG Lewis",
            "id": 1351918116
        },
        {
            "name": "Chaperone",
            "artist": "Hurts",
            "id": 509531459
        },
        {
            "name": "Love Somebody Like You",
            "artist": "joan",
            "id": 493623978
        },
        {
            "name": "What A Man Gotta Do",
            "artist": "Jonas Brothers",
            "id": 1417094461
        },
        {
            "name": "Juliet & Romeo",
            "artist": "Martin Solveig",
            "id": 1407911820
        },
        {
            "name": "Anything",
            "artist": "Alex Mattson",
            "id": 1300745124
        },
        {
            "name": "B.O.M.D.",
            "artist": "Clairo",
            "id": 567145848
        },
        {
            "name": "Señorita",
            "artist": "Shawn Mendes",
            "id": 1373168742
        },
        {
            "name": "Bloom",
            "artist": "Dabin",
            "id": 1347227968
        },
        {
            "name": "Bad Ideas",
            "artist": "Tessa Violet",
            "id": 1326439375
        },
        {
            "name": "Bigcitydreams",
            "artist": "Never Shout Never",
            "id": 21267236
        },
        {
            "name": "Crush",
            "artist": "Tessa Violet",
            "id": 572166420
        },
        {
            "name": "cliché",
            "artist": "mxmtoon",
            "id": 523249493
        },
        {
            "name": "lay with me",
            "artist": "Milie",
            "id": 1405154213
        },
        {
            "name": "Claudia",
            "artist": "FINNEAS",
            "id": 1346184546
        },
        {
            "name": "California",
            "artist": "Mindy Gledhill",
            "id": 3159053
        },
        {
            "name": "Crazy Kind",
            "artist": "Sarah Close",
            "id": 1304525737
        },
        {
            "name": "Cool With You",
            "artist": "Sonny Alven",
            "id": 515540619
        },
        {
            "name": "Coke & Henny Pt. 1",
            "artist": "Pink Sweat$",
            "id": 1352092696
        },
        {
            "name": "Drama",
            "artist": "Hannie",
            "id": 1337130734
        },
        {
            "name": "Discover",
            "artist": "Minnutes",
            "id": 21224495
        },
        {
            "name": "Despacito",
            "artist": "MADILYN",
            "id": 487590417
        },
        {
            "name": "Distraction",
            "artist": "Synchronice",
            "id": 1302084524
        },
        {
            "name": "Daydreamin'",
            "artist": "Ariana Grande",
            "id": 27671155
        },
        {
            "name": "Don't Wanna Wake Up",
            "artist": "Taylor Grey",
            "id": 523421716
        },
        {
            "name": "Easily",
            "artist": "Bruno Major",
            "id": 449577802
        },
        {
            "name": "Fresh Eyes",
            "artist": "Andy Grammer",
            "id": 423118988
        },
        {
            "name": "Long Lost Sunday Morning",
            "artist": "Tep No",
            "id": 1344819664
        },
        {
            "name": "Forevermore",
            "artist": "Katie Herzig",
            "id": 2872362
        },
        {
            "name": "Forever Right Now",
            "artist": "Conor Matthews",
            "id": 1320649049
        },
        {
            "name": "Gravity",
            "artist": "Leo Stannard",
            "id": 472050284
        },
        {
            "name": "Give It All Up",
            "artist": "SRNO",
            "id": 407002486
        },
        {
            "name": "Good Morning and Good Night",
            "artist": "Maggie McClure",
            "id": 3161527
        },
        {
            "name": "Happy",
            "artist": "Palm Trees",
            "id": 1318088495
        },
        {
            "name": "Peer Pressure (Acoustic)",
            "artist": "James Bay",
            "id": 1356672123
        },
        {
            "name": "Happiness",
            "artist": "Wizardz of Oz",
            "id": 31838674
        },
        {
            "name": "Hold Me Down",
            "artist": "Anjulie",
            "id": 1307399552
        },
        {
            "name": "Hawk Fly Tiger Run",
            "artist": "Ofelia K",
            "id": 37720008
        },
        {
            "name": "in love",
            "artist": "vietra",
            "id": 862102221
        },
        {
            "name": "Icedream",
            "artist": "Minnutes",
            "id": 21224491
        },
        {
            "name": "I Miss You",
            "artist": "Czarina",
            "id": 28208212
        },
        {
            "name": "Imagination",
            "artist": "Shawn Mendes",
            "id": 31421331
        },
        {
            "name": "I Like Me Better",
            "artist": "Lauv",
            "id": 479223413
        },
        {
            "name": "I Don't Care (Acoustic)",
            "artist": "Ed Sheeran",
            "id": 1368266721
        },
        {
            "name": "I Like (the idea of) You",
            "artist": "Tessa Violet",
            "id": 1356672836
        },
        {
            "name": "Love",
            "artist": "Finding Hope",
            "id": 515452369
        },
        {
            "name": "Lover",
            "artist": "Taylor Swift",
            "id": 1382778514
        },
        {
            "name": "Lucky",
            "artist": "Lenka",
            "id": 497463179
        },
        {
            "name": "Lullaby",
            "artist": "Morrie",
            "id": 22843782
        },
        {
            "name": "Lost In You",
            "artist": "Lena",
            "id": 471754973
        },
        {
            "name": "la vie en rose",
            "artist": "Olivia Herdt",
            "id": 485612149
        },
        {
            "name": "Lucky in Love",
            "artist": "Tayler Buono",
            "id": 30053582
        },
        {
            "name": "Malibu",
            "artist": "Lucys",
            "id": 1294924238
        },
        {
            "name": "Masterpiece",
            "artist": "Omi",
            "id": 1300721279
        },
        {
            "name": "My Only One (No Hay Nadie Más)",
            "artist": "Sebastián Yatra",
            "id": 1296896326
        },
        {
            "name": "One Day",
            "artist": "EXES",
            "id": 1325614219
        },
        {
            "name": "My Favorite Song",
            "artist": "Skyler Stonestreet",
            "id": 3550532
        },
        {
            "name": "On the Low",
            "artist": "Tove Styrke",
            "id": 548910132
        },
        {
            "name": "Out of This World",
            "artist": "Emblem3",
            "id": 408772707
        },
        {
            "name": "Pounding Sound",
            "artist": "ZeeAnn",
            "id": 488647703
        },
        {
            "name": "Real Life",
            "artist": "Gill Chang",
            "id": 505665222
        },
        {
            "name": "Run & Hide",
            "artist": "This Century",
            "id": 26349700
        },
        {
            "name": "Rendezvous",
            "artist": "DEVIN K",
            "id": 31209890
        },
        {
            "name": "Run Free",
            "artist": "Deep Chills",
            "id": 500410102
        },
        {
            "name": "Shy",
            "artist": "Isa",
            "id": 1309814354
        },
        {
            "name": "Sign",
            "artist": "DEAMN",
            "id": 440101136
        },
        {
            "name": "Sway",
            "artist": "Tove Styrke",
            "id": 556053856
        },
        {
            "name": "Space",
            "artist": "Famba",
            "id": 499465427
        },
        {
            "name": "Say Hello",
            "artist": "Rosie Thomas",
            "id": 18449193
        },
        {
            "name": "Shitty day",
            "artist": "SoKo",
            "id": 3407082
        },
        {
            "name": "Santa Baby",
            "artist": "Daniela Andrade",
            "id": 37820826
        },
        {
            "name": "So Unusual",
            "artist": "Mars Today",
            "id": 485964113
        },
        {
            "name": "Summer on You",
            "artist": "PRETTYMUCH",
            "id": 573652613
        },
        {
            "name": "Sun In Our Eyes",
            "artist": "MØ",
            "id": 1318120181
        },
        {
            "name": "Strawberry Kisses",
            "artist": "Olivia Herdt",
            "id": 469744719
        },
        {
            "name": "Tables Have Turned",
            "artist": "Ralph",
            "id": 862881811
        },
        {
            "name": "Trouble",
            "artist": "Never Shout Never",
            "id": 1791446
        },
        {
            "name": "Take my heart",
            "artist": "SoKo",
            "id": 3407088
        },
        {
            "name": "Talkin Bout Dancin",
            "artist": "Emelie Cyréus",
            "id": 862263610
        },
        {
            "name": "Theme for a Dream",
            "artist": "Cliff Richard & the Shadows",
            "id": 17085365
        },
        {
            "name": "U",
            "artist": "Austin Mahone",
            "id": 28256109
        },
        {
            "name": "Words",
            "artist": "Steve Void",
            "id": 1301572238
        },
        {
            "name": "WAIT FOR YOU",
            "artist": "Jake Miller",
            "id": 1323303957
        },
        {
            "name": "When the Summer Ends",
            "artist": "Savoir Adore",
            "id": 1294110653
        },
        {
            "name": "You're Perfect",
            "artist": "Jacob Whitesides",
            "id": 28884352
        }
    ]
}