{
    "playlist_info": {
        "name": "欧洲流行精选",
        "trackcount": 30,
        "playcount": 498,
        "creator": "云音乐多多",
        "createDate": "2021-03-30",
        "heat": 0.0
    },
    "songs": [
        {
            "name": "Håll Om Mig",
            "artist": "Nanne Grönvall",
            "id": 28224395
        },
        {
            "name": "Rhythm Of The Rain",
            "artist": "The Cascades",
            "id": 5201820
        },
        {
            "name": "Ai Se Eu Te Pego",
            "artist": "Michel Teló",
            "id": 4454967
        },
        {
            "name": "The Winner Takes It All",
            "artist": "ABBA",
            "id": 26856864
        },
        {
            "name": "Upside Down",
            "artist": "A*Teens",
            "id": 3560361
        },
        {
            "name": "Summertime Blue",
            "artist": "Elias Boussnina",
            "id": 1493076526
        },
        {
            "name": "Lay All Your Love On Me",
            "artist": "ABBA",
            "id": 3880224
        },
        {
            "name": "Fairytale",
            "artist": "Alexander Rybak",
            "id": 16333287
        },
        {
            "name": "Oslo",
            "artist": "Anna of the North",
            "id": 453189460
        },
        {
            "name": "Running In The 90's",
            "artist": "SUPER EUROBEAT",
            "id": 22758972
        },
        {
            "name": "I Need To Be In Love",
            "artist": "Laura Fygi",
            "id": 2924313
        },
        {
            "name": "Breathe and Let It Go",
            "artist": "Eliane",
            "id": 515223254
        },
        {
            "name": "Angel Eyes",
            "artist": "Ace of Base",
            "id": 16484502
        },
        {
            "name": "Du Liv...",
            "artist": "Sofia Karlsson",
            "id": 19152115
        },
        {
            "name": "Say You Say Me (Radio)",
            "artist": "Lemon Ice",
            "id": 4165652
        },
        {
            "name": "Ett tag till (One Last Time)",
            "artist": "Bo Kaspers Orkester",
            "id": 28127928
        },
        {
            "name": "Bolero",
            "artist": "Baby K",
            "id": 1955960918
        },
        {
            "name": "Brinner i bröstet (feat. Malcolm B)",
            "artist": "Danny Saucedo",
            "id": 38014773
        },
        {
            "name": "Hemmelighed",
            "artist": "Barbara Moleko",
            "id": 559354067
        },
        {
            "name": "Stand by Me (Radio Edit)",
            "artist": "Lemon Ice",
            "id": 4165643
        },
        {
            "name": "Te Lo Quiero Hacer",
            "artist": "KAROL G",
            "id": 32835854
        },
        {
            "name": "I Am Enough for Myself",
            "artist": "Sinéad O'Connor",
            "id": 523195273
        },
        {
            "name": "Wurli",
            "artist": "Lovely Music Library",
            "id": 1393877392
        },
        {
            "name": "Bring It Home",
            "artist": "Future Pop",
            "id": 1308152265
        },
        {
            "name": "You're a Woman (Reloaded Extended Mix)",
            "artist": "Bad Boys Blue",
            "id": 566588077
        },
        {
            "name": "Intergalactic",
            "artist": "Lovely Music Library",
            "id": 1392499432
        },
        {
            "name": "Get with Me",
            "artist": "Future Pop",
            "id": 1308153073
        },
        {
            "name": "She's a Lady (Clean Mix)",
            "artist": "Talking System",
            "id": 1842155982
        },
        {
            "name": "Move Your Body (Gabry Ponte Original Radio Edit)",
            "artist": "Eiffel 65",
            "id": 1311641251
        },
        {
            "name": "E Cost' Addio",
            "artist": "Richard Clayderman",
            "id": 1879905
        }
    ]
}