{
    "playlist_info": {
        "name": "欧美流行｜戴上耳机开启自愈模式",
        "trackcount": 322,
        "playcount": 822325,
        "creator": "_枫叶做的风铃",
        "createDate": "2023-02-11",
        "heat": 5937.0
    },
    "songs": [
        {
            "name": "Fallin' All In You",
            "artist": "Shawn Mendes",
            "id": 1938254108
        },
        {
            "name": "Stupid",
            "artist": "MILKK",
            "id": 1451829370
        },
        {
            "name": "One More",
            "artist": "southernwade",
            "id": 1813741375
        },
        {
            "name": "I Wouldn't Know Any Better Than You",
            "artist": "Gentle Bones",
            "id": 573617674
        },
        {
            "name": "endlessly",
            "artist": "bixby",
            "id": 1893650613
        },
        {
            "name": "OKAY",
            "artist": "Ethan Dufault",
            "id": 1814371188
        },
        {
            "name": "Don't Waste My Time",
            "artist": "Dayon",
            "id": 1467976888
        },
        {
            "name": "Can I Kiss You?",
            "artist": "Dahl",
            "id": 1429857532
        },
        {
            "name": "we made it.",
            "artist": "david hugo",
            "id": 1860048664
        },
        {
            "name": "nowhere to hide",
            "artist": "Kamal.",
            "id": 1924990720
        },
        {
            "name": "Phases",
            "artist": "PRETTYMUCH",
            "id": 1360611545
        },
        {
            "name": "Easy",
            "artist": "Peder Elias",
            "id": 1451123345
        },
        {
            "name": "Sick Of You",
            "artist": "Mason Murphy",
            "id": 1889843111
        },
        {
            "name": "Feels Like You",
            "artist": "Faime",
            "id": 1499465779
        },
        {
            "name": "Like Strangers Do",
            "artist": "AJ Mitchell",
            "id": 1397490453
        },
        {
            "name": "One Day",
            "artist": "Nic D",
            "id": 1953261505
        },
        {
            "name": "Cotton Candy",
            "artist": "Nic D",
            "id": 1939097919
        },
        {
            "name": "so good",
            "artist": "joan",
            "id": 1842680410
        },
        {
            "name": "What If We Never Met",
            "artist": "Chris James",
            "id": 1950161585
        },
        {
            "name": "Light Personified",
            "artist": "Fintan",
            "id": 1347153439
        },
        {
            "name": "parachute",
            "artist": "John K",
            "id": 1494160599
        },
        {
            "name": "I DON'T WANNA BE LIKE YOU (Explicit)",
            "artist": "Ruel",
            "id": 2024758974
        },
        {
            "name": "passion if all else fails",
            "artist": "cøzybøy",
            "id": 2012635018
        },
        {
            "name": "Good to See You Again!",
            "artist": "Alexander 23",
            "id": 1821466261
        },
        {
            "name": "My Mind & Me",
            "artist": "Selena Gomez",
            "id": 1995204295
        },
        {
            "name": "Headstrong",
            "artist": "Fintan",
            "id": 1350705977
        },
        {
            "name": "Weekend",
            "artist": "Clubhouse",
            "id": 1447055560
        },
        {
            "name": "Therapy",
            "artist": "Theo Tams",
            "id": 1819836362
        },
        {
            "name": "You",
            "artist": "Shoffy",
            "id": 1482559370
        },
        {
            "name": "Superhero",
            "artist": "Lauv",
            "id": 1303074646
        },
        {
            "name": "Better Today Than Yesterday",
            "artist": "Jennifer Chung",
            "id": 1481540748
        },
        {
            "name": "Go Wrong",
            "artist": "Hauskey",
            "id": 1819806743
        },
        {
            "name": "Across the Room",
            "artist": "Public Library Commute",
            "id": 1887252714
        },
        {
            "name": "Feel Something",
            "artist": "Fiji Blue",
            "id": 1935906706
        },
        {
            "name": "buzz cut",
            "artist": "Gareth.T",
            "id": 1981034614
        },
        {
            "name": "Like 1999",
            "artist": "Valley",
            "id": 1818983562
        },
        {
            "name": "Another Day",
            "artist": "Fiji Blue",
            "id": 1868513625
        },
        {
            "name": "Palm Blvd",
            "artist": "Jake Miller",
            "id": 484365613
        },
        {
            "name": "heart to spare",
            "artist": "Maro",
            "id": 1830331962
        },
        {
            "name": "Better Broken",
            "artist": "Fintan",
            "id": 1391576970
        },
        {
            "name": "Wait!",
            "artist": "Fiji Blue",
            "id": 1823407673
        },
        {
            "name": "Nobody To Love",
            "artist": "Anthony Russo",
            "id": 1448496240
        },
        {
            "name": "Hide",
            "artist": "Emilee",
            "id": 1458667970
        },
        {
            "name": "carpool",
            "artist": "Zachary Knowles",
            "id": 1826960354
        },
        {
            "name": "LA DON’T LOOK GOOD ON U",
            "artist": "ASTN",
            "id": 1488509754
        },
        {
            "name": "Bright Blue Skies",
            "artist": "Mitch James",
            "id": 1308127035
        },
        {
            "name": "stranger to me",
            "artist": "Zachary Knowles",
            "id": 1856228636
        },
        {
            "name": "Wrong Direction",
            "artist": "Mykyl",
            "id": 1815832890
        },
        {
            "name": "Closure",
            "artist": "Faime",
            "id": 1374638394
        },
        {
            "name": "Speechless",
            "artist": "Dan + Shay",
            "id": 560032384
        },
        {
            "name": "Doesn't Matter",
            "artist": "imfinenow",
            "id": 1480225699
        },
        {
            "name": "Second Base",
            "artist": "Forrest Nolan",
            "id": 1833791498
        },
        {
            "name": "Sleep and Friends",
            "artist": "david hugo",
            "id": 1860047847
        },
        {
            "name": "Don't Stop",
            "artist": "Axero",
            "id": 1438905059
        },
        {
            "name": "FOOLS",
            "artist": "Troye Sivan",
            "id": 34383213
        },
        {
            "name": "if i were u",
            "artist": "Blackbear",
            "id": 1472238564
        },
        {
            "name": "SECRETS",
            "artist": "JVKE",
            "id": 1847634280
        },
        {
            "name": "no good at love",
            "artist": "Zachary Knowles",
            "id": 1867083354
        },
        {
            "name": "The Cool Kid",
            "artist": "Chris James",
            "id": 1952396680
        },
        {
            "name": "FIFA",
            "artist": "Peder Elias",
            "id": 1937096439
        },
        {
            "name": "12 Hours",
            "artist": "Chris James",
            "id": 1944869617
        },
        {
            "name": "Morning",
            "artist": "Joel Blackmon",
            "id": 1447404863
        },
        {
            "name": "Stuck With U",
            "artist": "Joey Stamper",
            "id": 1465760981
        },
        {
            "name": "Tell A Son",
            "artist": "Peder Elias",
            "id": 1992088710
        },
        {
            "name": "Why Do We?",
            "artist": "Gentle Bones",
            "id": 1413227051
        },
        {
            "name": "colorblind",
            "artist": "Mokita",
            "id": 1401899720
        },
        {
            "name": "Lovers On The Moon",
            "artist": "AJ Mitchell",
            "id": 1883276835
        },
        {
            "name": "Growing Pains",
            "artist": "Nathan Trent",
            "id": 1858365222
        },
        {
            "name": "never mind, let's break up",
            "artist": "LANY",
            "id": 1870795306
        },
        {
            "name": "justalittlewhile (feat. Naveih)",
            "artist": "Keagan",
            "id": 1450113045
        },
        {
            "name": "Loving You Girl",
            "artist": "Peder Elias",
            "id": 1937095555
        },
        {
            "name": "Palm Springs (the way you made me feel)",
            "artist": "Virginia To Vegas",
            "id": 1480251493
        },
        {
            "name": "slow summer",
            "artist": "Zachary Knowles",
            "id": 1470913822
        },
        {
            "name": "Summer Vibe",
            "artist": "Forrest Nolan",
            "id": 1844138910
        },
        {
            "name": "Won't Give up on You",
            "artist": "Mason Murphy",
            "id": 1869714367
        },
        {
            "name": "and it sounds like (ice cream)",
            "artist": "Forrest Nolan",
            "id": 1890148761
        },
        {
            "name": "Never Go Wrong",
            "artist": "Nicky Youre",
            "id": 1924462595
        },
        {
            "name": "You Been On My Mind",
            "artist": "Public Library Commute",
            "id": 1478607130
        },
        {
            "name": "Talking To Myself (demo)",
            "artist": "Lauv",
            "id": 2030401493
        },
        {
            "name": "Miss Me (Demo)",
            "artist": "Lauv",
            "id": 1454838032
        },
        {
            "name": "Take It Back",
            "artist": "Maro",
            "id": 1806908274
        },
        {
            "name": "Fix Myself",
            "artist": "Mason Murphy",
            "id": 1494491983
        },
        {
            "name": "Keep It Gold",
            "artist": "Surfaces",
            "id": 1386011553
        },
        {
            "name": "With You",
            "artist": "Surfaces",
            "id": 1856237208
        },
        {
            "name": "SET YOURSELF ON FIRE",
            "artist": "Ruel",
            "id": 2025420911
        },
        {
            "name": "whenever ur dying",
            "artist": "lilspirit",
            "id": 1448439549
        },
        {
            "name": "Forever",
            "artist": "End of the World",
            "id": 1494283018
        },
        {
            "name": "Better Alone",
            "artist": "Peder Elias",
            "id": 1937096438
        },
        {
            "name": "Get Weird",
            "artist": "Liimo",
            "id": 1347758608
        },
        {
            "name": "I Never Learned",
            "artist": "Chris James",
            "id": 1449268223
        },
        {
            "name": "holiday romance",
            "artist": "Shoffy",
            "id": 1899947990
        },
        {
            "name": "Die Right Here",
            "artist": "david hugo",
            "id": 1863509811
        },
        {
            "name": "i wish you loved me",
            "artist": "Nightly",
            "id": 1993635791
        },
        {
            "name": "Good, but not together",
            "artist": "Valley",
            "id": 2026761821
        },
        {
            "name": "Looks Like Me",
            "artist": "Dean Lewis",
            "id": 1888695565
        },
        {
            "name": "Champagne Problems",
            "artist": "Hugo Helmig",
            "id": 1483607841
        },
        {
            "name": "Wake Me Up",
            "artist": "Mason Murphy",
            "id": 1889842201
        },
        {
            "name": "not ur friend",
            "artist": "Jeremy Zucker",
            "id": 1426865573
        },
        {
            "name": "Used To You",
            "artist": "Chris James",
            "id": 1895513818
        },
        {
            "name": "Kansas",
            "artist": "Anthony Russo",
            "id": 1839619671
        },
        {
            "name": "Deserve You",
            "artist": "Justin Bieber",
            "id": 1830414245
        },
        {
            "name": "Wish You Would",
            "artist": "Justin Bieber",
            "id": 1832596925
        },
        {
            "name": "OT",
            "artist": "John K",
            "id": 553955770
        },
        {
            "name": "Kaori",
            "artist": "PARADISE RISING",
            "id": 1466363070
        },
        {
            "name": "love is",
            "artist": "nobody likes you pat",
            "id": 1875416320
        },
        {
            "name": "Be So Cruel",
            "artist": "ASTN",
            "id": 1996855562
        },
        {
            "name": "Kids Are Born Stars",
            "artist": "Lauv",
            "id": 1959988586
        },
        {
            "name": "if i were a friend",
            "artist": "BLÜ EYES",
            "id": 1854332102
        },
        {
            "name": "feel the same",
            "artist": "The Millennial Club",
            "id": 1490298850
        },
        {
            "name": "Material Things",
            "artist": "Johnny Stimson",
            "id": 1882336023
        },
        {
            "name": "Just Friends",
            "artist": "Virginia To Vegas",
            "id": 1367323675
        },
        {
            "name": "Home Away",
            "artist": "david hugo",
            "id": 1860048668
        },
        {
            "name": "Take All Night",
            "artist": "Conor Matthews",
            "id": 1420914942
        },
        {
            "name": "Late October",
            "artist": "Carrie K",
            "id": 1423349113
        },
        {
            "name": "Depressed On Wednesday",
            "artist": "Kristian Kostov",
            "id": 1461557824
        },
        {
            "name": "Hurts So Much",
            "artist": "Sam Setton",
            "id": 1342827169
        },
        {
            "name": "Nothing to Prove",
            "artist": "Joseph Tilley",
            "id": 1853989041
        },
        {
            "name": "Hurt U",
            "artist": "Devin Kennedy",
            "id": 1860033596
        },
        {
            "name": "i think i wanna text u",
            "artist": "vaultboy",
            "id": 1903273455
        },
        {
            "name": "everything sucks",
            "artist": "vaultboy",
            "id": 1963641098
        },
        {
            "name": "Kaleidoscope Evening",
            "artist": "Reuben Fleetwood",
            "id": 1883950636
        },
        {
            "name": "Where Were You In The Morning?",
            "artist": "Shawn Mendes",
            "id": 563733091
        },
        {
            "name": "dear me,",
            "artist": "Gentle Bones",
            "id": 1477291072
        },
        {
            "name": "Back To That",
            "artist": "Jared Lee",
            "id": 1491961492
        },
        {
            "name": "Direction",
            "artist": "Shoffy",
            "id": 1301777874
        },
        {
            "name": "eighteen",
            "artist": "nobody likes you pat",
            "id": 1811317317
        },
        {
            "name": "Hide and Seek",
            "artist": "Peder Elias",
            "id": 1937095558
        },
        {
            "name": "Sunroof",
            "artist": "Nicky Youre",
            "id": 1893514633
        },
        {
            "name": "Please Don't Lie",
            "artist": "Hugo Helmig",
            "id": 518896070
        },
        {
            "name": "Me, Myself",
            "artist": "Cody Lovaas",
            "id": 1839655317
        },
        {
            "name": "HEAVEN",
            "artist": "Troye Sivan",
            "id": 37857000
        },
        {
            "name": "Still Friends",
            "artist": "Forrest Nolan",
            "id": 1822675112
        },
        {
            "name": "Charlie Be Quiet!",
            "artist": "Charlie Puth",
            "id": 1984847230
        },
        {
            "name": "Hotel Room",
            "artist": "Forrest Nolan",
            "id": 1864530113
        },
        {
            "name": "Empty",
            "artist": "Mason Murphy",
            "id": 2026186853
        },
        {
            "name": "I Wanna Feel Good",
            "artist": "Chris James",
            "id": 1992855424
        },
        {
            "name": "a song from yesterday",
            "artist": "Forrest Nolan",
            "id": 1998876919
        },
        {
            "name": "serpent",
            "artist": "lilspirit",
            "id": 1805265225
        },
        {
            "name": "When You're Gone",
            "artist": "Shawn Mendes",
            "id": 1933494461
        },
        {
            "name": "Exception",
            "artist": "david hugo",
            "id": 1902412149
        },
        {
            "name": "When I´m Still Getting Over You",
            "artist": "Peder Elias",
            "id": 1912804552
        },
        {
            "name": "r.i.p.",
            "artist": "Virginia To Vegas",
            "id": 2023187618
        },
        {
            "name": "nevermind",
            "artist": "Valley",
            "id": 1803517026
        },
        {
            "name": "Addicted to Her Sadness",
            "artist": "Maro",
            "id": 1843858957
        },
        {
            "name": "Sooner or Later",
            "artist": "Hugo Helmig",
            "id": 1449260148
        },
        {
            "name": "cry",
            "artist": "Virginia To Vegas",
            "id": 1491120032
        },
        {
            "name": "used to love girls",
            "artist": "nobody likes you pat",
            "id": 1961712122
        },
        {
            "name": "Everything I Wanted",
            "artist": "Chris James",
            "id": 1952396678
        },
        {
            "name": "Be With You",
            "artist": "imfinenow",
            "id": 1812108717
        },
        {
            "name": "songs about you",
            "artist": "nobody likes you pat",
            "id": 1875416321
        },
        {
            "name": "nothing with you",
            "artist": "John K",
            "id": 1855314629
        },
        {
            "name": "That Makes Two",
            "artist": "Munn",
            "id": 1436134005
        },
        {
            "name": "cheap sunglasses",
            "artist": "John K",
            "id": 1485037325
        },
        {
            "name": "Circles",
            "artist": "Jake Miller",
            "id": 1981756851
        },
        {
            "name": "I'm So Happy",
            "artist": "Jeremy Zucker",
            "id": 1981802474
        },
        {
            "name": "Bonfire",
            "artist": "Peder Elias",
            "id": 1382830600
        },
        {
            "name": "Tell Me Why",
            "artist": "R I L E Y",
            "id": 1827980112
        },
        {
            "name": "RUNAWAY",
            "artist": "Kayden",
            "id": 1960525725
        },
        {
            "name": "14 Texts",
            "artist": "Shoffy",
            "id": 1497257112
        },
        {
            "name": "SUPERPOWER",
            "artist": "J.O.Y",
            "id": 1982850100
        },
        {
            "name": "If You Leave Me Alone",
            "artist": "Gentle Bones",
            "id": 1952046159
        },
        {
            "name": "one day before I die",
            "artist": "nobody likes you pat",
            "id": 1926384888
        },
        {
            "name": "It Won't Last Forever",
            "artist": "Chris James",
            "id": 1952395816
        },
        {
            "name": "The Race",
            "artist": "Chris James",
            "id": 2017118831
        },
        {
            "name": "Is Everything Okay",
            "artist": "Quinn Lewis",
            "id": 1497728563
        },
        {
            "name": "Sadie",
            "artist": "Mason Murphy",
            "id": 1925056627
        },
        {
            "name": "8 Tattoos",
            "artist": "Jake Miller",
            "id": 1981756849
        },
        {
            "name": "Steal My Love",
            "artist": "Dan + Shay",
            "id": 1868232865
        },
        {
            "name": "i quit drinking",
            "artist": "Kelsea Ballerini",
            "id": 1892513920
        },
        {
            "name": "Make the Move",
            "artist": "Chris James",
            "id": 1451525481
        },
        {
            "name": "Shut Up I Love U",
            "artist": "Neptune",
            "id": 1483294025
        },
        {
            "name": "More Than Friends",
            "artist": "Mokita",
            "id": 1377262610
        },
        {
            "name": "this one's for me",
            "artist": "Tate Brusa",
            "id": 1821690646
        },
        {
            "name": "Colourful",
            "artist": "Virginia To Vegas",
            "id": 28727903
        },
        {
            "name": "Mine (You Can't Find Love in Mollywood)",
            "artist": "Lauv",
            "id": 1454837671
        },
        {
            "name": "What's Been On Your Mind?",
            "artist": "Surfaces",
            "id": 1954893167
        },
        {
            "name": "Anyone's But Mine",
            "artist": "Conor Matthews",
            "id": 1420914937
        },
        {
            "name": "Heavy s**t",
            "artist": "Blake Rose",
            "id": 1379486136
        },
        {
            "name": "Too Late",
            "artist": "Conor Matthews",
            "id": 1393008342
        },
        {
            "name": "Wild",
            "artist": "Hugo Helmig",
            "id": 1343458397
        },
        {
            "name": "what if i never make it?",
            "artist": "nobody likes you pat",
            "id": 1811317315
        },
        {
            "name": "Casanova",
            "artist": "Blake Rose",
            "id": 1861017194
        },
        {
            "name": "Turn Back Time",
            "artist": "Daniel Schulz",
            "id": 515947938
        },
        {
            "name": "Bad Company",
            "artist": "Daniel Schulz",
            "id": 1429856610
        },
        {
            "name": "Stones (feat. Daniel Schulz)",
            "artist": "Christopher",
            "id": 1831886417
        },
        {
            "name": "Breathe",
            "artist": "Lauv",
            "id": 434659187
        },
        {
            "name": "Prosecco",
            "artist": "Patrik Jean",
            "id": 1357704108
        },
        {
            "name": "maybe money",
            "artist": "nobody likes you pat",
            "id": 1939129854
        },
        {
            "name": "Progress",
            "artist": "Great Good Fine OK",
            "id": 1485555490
        },
        {
            "name": "cool",
            "artist": "lullaboy",
            "id": 2048698549
        },
        {
            "name": "Cloud 9",
            "artist": "Gabe Isaac",
            "id": 1948314496
        },
        {
            "name": "feel anything",
            "artist": "vaultboy",
            "id": 1903273454
        },
        {
            "name": "Look After You",
            "artist": "Mason Murphy",
            "id": 1928488127
        },
        {
            "name": "A LOT",
            "artist": "John K",
            "id": 1910107394
        },
        {
            "name": "Rum n Tequila",
            "artist": "John K",
            "id": 1361104021
        },
        {
            "name": "25",
            "artist": "Ethan Dufault",
            "id": 1814371187
        },
        {
            "name": "Look What God Gave Her",
            "artist": "Thomas Rhett",
            "id": 1368694712
        },
        {
            "name": "Empty Cups",
            "artist": "Charlie Puth",
            "id": 557579012
        },
        {
            "name": "YOU AGAINST YOURSELF",
            "artist": "Ruel",
            "id": 1970980516
        },
        {
            "name": "All 4 Nothing (I'm So In Love)",
            "artist": "Lauv",
            "id": 1936197195
        },
        {
            "name": "Smells Like Me",
            "artist": "Charlie Puth",
            "id": 1986885025
        },
        {
            "name": "Beyond the Stars",
            "artist": "Dept",
            "id": 1925365458
        },
        {
            "name": "Wave of You",
            "artist": "Surfaces",
            "id": 1836030651
        },
        {
            "name": "gut feelings",
            "artist": "Matt Hall",
            "id": 1415302877
        },
        {
            "name": "on your sleeve",
            "artist": "Nightly",
            "id": 1953270587
        },
        {
            "name": "Ain't Got No Friends",
            "artist": "Conor Maynard",
            "id": 1851886435
        },
        {
            "name": "Please Excuse My Hesitation",
            "artist": "Gentle Bones",
            "id": 2032326628
        },
        {
            "name": "SUCKER",
            "artist": "Akurei",
            "id": 1450718636
        },
        {
            "name": "Eyes Closed",
            "artist": "Ed Sheeran",
            "id": 2032545173
        },
        {
            "name": "actually happy",
            "artist": "BLÜ EYES",
            "id": 1844421643
        },
        {
            "name": "Don't Wake Me Up",
            "artist": "ELI",
            "id": 1833346305
        },
        {
            "name": "I Found Her",
            "artist": "Faime",
            "id": 1832565342
        },
        {
            "name": "The Reminder",
            "artist": "Chris James",
            "id": 1878001116
        },
        {
            "name": "Coffee",
            "artist": "Quinn XCII",
            "id": 1443270178
        },
        {
            "name": "Dejavu",
            "artist": "Lilly Choi",
            "id": 2015823801
        },
        {
            "name": "This Is Love",
            "artist": "Zack Tabudlo",
            "id": 2028290768
        },
        {
            "name": "Somebody Else",
            "artist": "Isac Elliot",
            "id": 1401843956
        },
        {
            "name": "Classic Armstrong",
            "artist": "BLANKS",
            "id": 1855271716
        },
        {
            "name": "What About Me",
            "artist": "Isac Elliot",
            "id": 414523705
        },
        {
            "name": "Think About You",
            "artist": "Sture Zetterberg",
            "id": 1486812356
        },
        {
            "name": "one day before i die",
            "artist": "nobody likes you pat",
            "id": 1986926142
        },
        {
            "name": "babylon",
            "artist": "nobody likes you pat",
            "id": 1981174489
        },
        {
            "name": "SOCIETY",
            "artist": "Valley",
            "id": 1882959983
        },
        {
            "name": "Throwback Tears",
            "artist": "Valley",
            "id": 2026761825
        },
        {
            "name": "Solider",
            "artist": "Valley",
            "id": 515573354
        },
        {
            "name": "The Problem Song",
            "artist": "Valley",
            "id": 1985318584
        },
        {
            "name": "Less Than You",
            "artist": "Tep No",
            "id": 1887091329
        },
        {
            "name": "Jude's Song",
            "artist": "Connor Price",
            "id": 1954257611
        },
        {
            "name": "Back in Bed",
            "artist": "Walk off the Earth",
            "id": 1957918449
        },
        {
            "name": "Lighthouse",
            "artist": "Peder Elias",
            "id": 1972387879
        },
        {
            "name": "Mine",
            "artist": "Bazzi",
            "id": 517901535
        },
        {
            "name": "catching feelings",
            "artist": "RAFA",
            "id": 1903133912
        },
        {
            "name": "supercuts",
            "artist": "Jeremy Zucker",
            "id": 1476113773
        },
        {
            "name": "How to Love Other People",
            "artist": "david hugo",
            "id": 1902412150
        },
        {
            "name": "Show Me",
            "artist": "John Splithoff",
            "id": 1323456121
        },
        {
            "name": "Don't Matter (Recorded at Spotify Studios NYC)",
            "artist": "Lauv",
            "id": 1815061793
        },
        {
            "name": "Hit Me Back (feat. Social House)",
            "artist": "Conor Matthews",
            "id": 1462787351
        },
        {
            "name": "Paradise",
            "artist": "Bazzi",
            "id": 1355925024
        },
        {
            "name": "Heaven",
            "artist": "Bazzi",
            "id": 1972739055
        },
        {
            "name": "Star",
            "artist": "Bazzi",
            "id": 552366522
        },
        {
            "name": "when you're drunk",
            "artist": "LANY",
            "id": 1817976734
        },
        {
            "name": "Body to Body",
            "artist": "Sture Zetterberg",
            "id": 1467981637
        },
        {
            "name": "Heaven or Hell",
            "artist": "Chris James",
            "id": 2028512996
        },
        {
            "name": "Oracle",
            "artist": "Chris James",
            "id": 2028512998
        },
        {
            "name": "With or Without You",
            "artist": "Chris James",
            "id": 2028512259
        },
        {
            "name": "summer (acoustic)",
            "artist": "Nightly",
            "id": 1813036035
        },
        {
            "name": "no space",
            "artist": "alextbh",
            "id": 1377476005
        },
        {
            "name": "SAD",
            "artist": "ELI",
            "id": 1426537526
        },
        {
            "name": "Waves",
            "artist": "Fiji Blue",
            "id": 1471027307
        },
        {
            "name": "Shortcut To Heaven",
            "artist": "lullaboy",
            "id": 1983697828
        },
        {
            "name": "all over the world",
            "artist": "Neptune",
            "id": 1918220690
        },
        {
            "name": "pink skies",
            "artist": "LANY",
            "id": 418316404
        },
        {
            "name": "boyfriends/girlfriends",
            "artist": "Forrest Nolan",
            "id": 2043098579
        },
        {
            "name": "Pickup Lines",
            "artist": "Forrest Nolan",
            "id": 2043098580
        },
        {
            "name": "dancing in the kitchen",
            "artist": "Zachary Knowles",
            "id": 1842942008
        },
        {
            "name": "miss misery",
            "artist": "Forrest Nolan",
            "id": 2043102111
        },
        {
            "name": "stupid i miss u",
            "artist": "Forrest Nolan",
            "id": 1985653388
        },
        {
            "name": "Happiness",
            "artist": "Wingtip",
            "id": 1382522206
        },
        {
            "name": "Bored",
            "artist": "Wingtip",
            "id": 1829665791
        },
        {
            "name": "Another Face",
            "artist": "Wingtip",
            "id": 1470218345
        },
        {
            "name": "When I see you again",
            "artist": "entoy",
            "id": 2035169503
        },
        {
            "name": "I'll be there",
            "artist": "entoy",
            "id": 1915205878
        },
        {
            "name": "Part of the plan",
            "artist": "entoy",
            "id": 1943764145
        },
        {
            "name": "Hard to get",
            "artist": "entoy",
            "id": 1965392233
        },
        {
            "name": "Bipolar Heart",
            "artist": "Adam Turley",
            "id": 1460639468
        },
        {
            "name": "Girlfriend",
            "artist": "dori",
            "id": 1926538218
        },
        {
            "name": "Wish Now Was Later",
            "artist": "ELI",
            "id": 1473721610
        },
        {
            "name": "Gone",
            "artist": "ELI",
            "id": 1812324193
        },
        {
            "name": "Different",
            "artist": "ELI",
            "id": 1488295126
        },
        {
            "name": "Nobody Ain't You",
            "artist": "Christian Lalama",
            "id": 1932886191
        },
        {
            "name": "****, i'm lonely (from “13 Reasons Why: Season 3”)",
            "artist": "Lauv",
            "id": 1377649362
        },
        {
            "name": "Summer on You",
            "artist": "PRETTYMUCH",
            "id": 573652613
        },
        {
            "name": "I’m Not Waiting Too Long",
            "artist": "Gentle Bones",
            "id": 2046273932
        },
        {
            "name": "Fahrenheit",
            "artist": "John Splithoff",
            "id": 1811351751
        },
        {
            "name": "24",
            "artist": "Patrik Jean",
            "id": 1445464698
        },
        {
            "name": "One Night / Lifetime",
            "artist": "Patrik Jean",
            "id": 1487595464
        },
        {
            "name": "Feels Like Christmas",
            "artist": "Patrik Jean",
            "id": 1888024541
        },
        {
            "name": "För Alltid",
            "artist": "Patrik Jean",
            "id": 1393121008
        },
        {
            "name": "Woulda Coulda Shoulda",
            "artist": "Anthony Watts",
            "id": 1970023566
        },
        {
            "name": "Cheers (Acoustic)",
            "artist": "New Rules",
            "id": 1912943885
        },
        {
            "name": "My Guitar",
            "artist": "New Rules",
            "id": 1491069912
        },
        {
            "name": "Love You Like That",
            "artist": "New Rules",
            "id": 1952267076
        },
        {
            "name": "Really Wanna Dance With You (Acoustic)",
            "artist": "New Rules",
            "id": 1912943886
        },
        {
            "name": "Already Loved",
            "artist": "Joseph Tilley",
            "id": 1840564767
        },
        {
            "name": "Another Day",
            "artist": "Joseph Tilley",
            "id": 1870634450
        },
        {
            "name": "madly",
            "artist": "Emily Vaughn",
            "id": 2026961072
        },
        {
            "name": "khadijah",
            "artist": "New Rules",
            "id": 1918041192
        },
        {
            "name": "Waving At Cars",
            "artist": "Isac Elliot",
            "id": 1815892497
        },
        {
            "name": "IDWLY",
            "artist": "Johnny Stimson",
            "id": 1453514498
        },
        {
            "name": "Summer in California",
            "artist": "Johnny Stimson",
            "id": 2049945582
        },
        {
            "name": "Can You Love Me Tonight?",
            "artist": "KAIRO",
            "id": 1984475262
        },
        {
            "name": "Daydreams",
            "artist": "KAIRO",
            "id": 1984480720
        },
        {
            "name": "Let Go (Demo)",
            "artist": "KAIRO",
            "id": 1996073778
        },
        {
            "name": "Flowers on the Freeway",
            "artist": "Cody Lovaas",
            "id": 1820669644
        },
        {
            "name": "Just So You Know",
            "artist": "Cody Lovaas",
            "id": 1438805751
        },
        {
            "name": "Body",
            "artist": "Fintan",
            "id": 1323960503
        },
        {
            "name": "Don't Say",
            "artist": "Johnny Stimson",
            "id": 2013053379
        },
        {
            "name": "Twin Sister",
            "artist": "Johnny Stimson",
            "id": 1824271177
        },
        {
            "name": "Kiss My Scars",
            "artist": "August Royals",
            "id": 1926450613
        },
        {
            "name": "Oxygen",
            "artist": "August Royals",
            "id": 1926450614
        },
        {
            "name": "nervous",
            "artist": "joan",
            "id": 2040538118
        },
        {
            "name": "backseat driving",
            "artist": "joan",
            "id": 2040539953
        },
        {
            "name": "Nice Kid",
            "artist": "Sam Setton",
            "id": 1453020667
        },
        {
            "name": "I Need Help",
            "artist": "Sam Setton",
            "id": 1461818295
        },
        {
            "name": "Row Your Boat",
            "artist": "Peder Elias",
            "id": 2047736084
        },
        {
            "name": "Paper Plane (Acoustic)",
            "artist": "Peder Elias",
            "id": 2046352232
        },
        {
            "name": "cindy",
            "artist": "Jeremy Zucker",
            "id": 2054177200
        },
        {
            "name": "i need you (in my life)",
            "artist": "Jeremy Zucker",
            "id": 2054177202
        },
        {
            "name": "Love Is A Heart (feat. Pat Kiloran & prettyhappy)",
            "artist": "Seo actor",
            "id": 1887277076
        },
        {
            "name": "Why Do You Love Me",
            "artist": "Seo actor",
            "id": 1887277075
        },
        {
            "name": "i don't know what i'm doing",
            "artist": "nobody likes you pat",
            "id": 1986926146
        },
        {
            "name": "midwest blues",
            "artist": "nobody likes you pat",
            "id": 1952454035
        },
        {
            "name": "i'm not afraid to die",
            "artist": "nobody likes you pat",
            "id": 1811319111
        },
        {
            "name": "tired of going to bed",
            "artist": "nobody likes you pat",
            "id": 1971039497
        },
        {
            "name": "In My Feelings",
            "artist": "BLANKS",
            "id": 1956939540
        },
        {
            "name": "We Don't Need Malibu",
            "artist": "Valley",
            "id": 2057460592
        },
        {
            "name": "2AM Txts",
            "artist": "ASTN",
            "id": 2057762241
        },
        {
            "name": "Note To Self",
            "artist": "Jake Miller",
            "id": 2052195684
        },
        {
            "name": "Pick Out A Christmas Tree",
            "artist": "Dan + Shay",
            "id": 1996814905
        },
        {
            "name": "Good Things",
            "artist": "Dan + Shay",
            "id": 1860589598
        },
        {
            "name": "All To Myself",
            "artist": "Dan + Shay",
            "id": 555933108
        },
        {
            "name": "Glad You Exist",
            "artist": "Dan + Shay",
            "id": 1817304346
        }
    ]
}