{
    "playlist_info": {
        "name": "欢迎来到我的公路车骑行世界",
        "trackcount": 216,
        "playcount": 6626,
        "creator": "橙子派QAQ",
        "createDate": "2019-04-24",
        "heat": 4.0
    },
    "songs": [
        {
            "name": "MAD DEVIL(狂魔鬼)",
            "artist": "HJFM",
            "id": 2014720276
        },
        {
            "name": "FORTUNE",
            "artist": "XJ-BOSS",
            "id": 1807004133
        },
        {
            "name": "Darksun",
            "artist": "FILV",
            "id": 1403285974
        },
        {
            "name": "UFO",
            "artist": "99 God",
            "id": 1357775302
        },
        {
            "name": "ENDLESS CIDER ",
            "artist": "Such",
            "id": 1490922046
        },
        {
            "name": "Unstoppable",
            "artist": "Sia",
            "id": 400876320
        },
        {
            "name": "Blinding Lights (Remix)",
            "artist": "The Weeknd",
            "id": 1500412585
        },
        {
            "name": "Robert M & Dirty Rush-Super Bomb (WJ Bootleg)（WJ remix）",
            "artist": "WJ",
            "id": 1440871051
        },
        {
            "name": "Low (feat. T-Pain) [Step Up 2 the Streets O.S.T. Version]",
            "artist": "Flo Rida",
            "id": 5044239
        },
        {
            "name": "More Than Ever (Club Mix)",
            "artist": "Breathe Carolina",
            "id": 36921364
        },
        {
            "name": "War",
            "artist": "Ryllz",
            "id": 1307223750
        },
        {
            "name": "A Different Way",
            "artist": "DJ Snake",
            "id": 507796995
        },
        {
            "name": "Magenta Riddim",
            "artist": "DJ Snake",
            "id": 1843648272
        },
        {
            "name": "Billie Eilish- Lovely (Remix)",
            "artist": "林怿",
            "id": 1829059571
        },
        {
            "name": "Gunmetal Black",
            "artist": "Varien",
            "id": 28844341
        },
        {
            "name": "Astronaut In The Ocean (Remix) [feat. G-Eazy & DDG]",
            "artist": "Masked Wolf",
            "id": 1842415648
        },
        {
            "name": "P2",
            "artist": "Lil Uzi Vert",
            "id": 1428835774
        },
        {
            "name": "One More Day (with Chandler Leighton)",
            "artist": "Jason Ross",
            "id": 1831761213
        },
        {
            "name": "Siren (Original Mix)",
            "artist": "Panuma",
            "id": 1407712490
        },
        {
            "name": "BUSTER",
            "artist": "$atori Zoom",
            "id": 1415805511
        },
        {
            "name": "OX 1 (Original Mix)",
            "artist": "Tommy Four Seven",
            "id": 28932467
        },
        {
            "name": "Welcome to the Party (Remix)",
            "artist": "Diplo",
            "id": 1296655271
        },
        {
            "name": "HIGHEST IN THE ROOM",
            "artist": "Travis Scott",
            "id": 1394994862
        },
        {
            "name": "Stranger Things",
            "artist": "Joyner Lucas",
            "id": 540865840
        },
        {
            "name": "Panda",
            "artist": "Desiigner",
            "id": 405089420
        },
        {
            "name": "廻廻奇譚",
            "artist": "Eve",
            "id": 1484409732
        },
        {
            "name": "In The Club",
            "artist": "Thomas Newson",
            "id": 1445951991
        },
        {
            "name": "HUMBLE.",
            "artist": "Kendrick Lamar",
            "id": 469104548
        },
        {
            "name": "Walk It Talk It",
            "artist": "Migos",
            "id": 533392780
        },
        {
            "name": "Fake",
            "artist": "The Tech Thieves",
            "id": 1344644402
        },
        {
            "name": "Розовое вино (DJ Ramirez & Mike Temoff Remix)",
            "artist": "Элджей",
            "id": 1441961642
        },
        {
            "name": "荡漾RIPPLES",
            "artist": "ICE杨长青",
            "id": 1447966613
        },
        {
            "name": "Brain Power",
            "artist": "NOMA",
            "id": 399343130
        },
        {
            "name": "Dance till you're dead",
            "artist": "p0lar bear",
            "id": 1477851606
        },
        {
            "name": "The Final Countdown",
            "artist": "Europe",
            "id": 5111461
        },
        {
            "name": "Taking Over",
            "artist": "Favright",
            "id": 28668217
        },
        {
            "name": "Slavic Names (feat. Xek)",
            "artist": "DJ Blyatman",
            "id": 1383902312
        },
        {
            "name": "Bodies",
            "artist": "Drowning Pool",
            "id": 22613305
        },
        {
            "name": "Omega",
            "artist": "Pixel Terror",
            "id": 1485786110
        },
        {
            "name": "New World Sound",
            "artist": "Tom & Jame",
            "id": 1395041187
        },
        {
            "name": "Still Healing",
            "artist": "EDDIE",
            "id": 536991432
        },
        {
            "name": "Deadlocked",
            "artist": "F-777",
            "id": 41644494
        },
        {
            "name": "SHOOK",
            "artist": "Raja Kumari",
            "id": 1347448067
        },
        {
            "name": "Catch Fire (Sun Sun Sun) (EDX's Miami Sunset Remix)",
            "artist": "Spada",
            "id": 33367859
        },
        {
            "name": "Whiplash",
            "artist": "Hank Levy",
            "id": 29577003
        },
        {
            "name": "Lollipop",
            "artist": "Sevenn",
            "id": 1331530075
        },
        {
            "name": "Pure Water",
            "artist": "Mustard",
            "id": 1340266806
        },
        {
            "name": "Always Online",
            "artist": "林俊杰",
            "id": 108485
        },
        {
            "name": "Ani Kuni (Anthony El Mejor & DJ Nil Remix)",
            "artist": "Pink Noisy",
            "id": 523899320
        },
        {
            "name": "Touch It (Maga Remix)",
            "artist": "Maga",
            "id": 1406273234
        },
        {
            "name": "Illmerica",
            "artist": "Wolfgang Gartner",
            "id": 2100703
        },
        {
            "name": "Rhapsody",
            "artist": "群星",
            "id": 32196521
        },
        {
            "name": "Won't Come Back (JVNA Remix)",
            "artist": "ARMNHMR",
            "id": 1300198788
        },
        {
            "name": "Gooba",
            "artist": "6ix9ine",
            "id": 1446630021
        },
        {
            "name": "明争暗斗",
            "artist": "Ice Paper",
            "id": 1349279287
        },
        {
            "name": "Boss *****",
            "artist": "Doja Cat",
            "id": 1421372915
        },
        {
            "name": "Drenchill-Never Never（ISZTD / HEST remix）",
            "artist": "Uzller",
            "id": 1425783327
        },
        {
            "name": "Summer",
            "artist": "MOST",
            "id": 464647338
        },
        {
            "name": "You & I (TobiMorrow Remix)",
            "artist": "TobiMorrow",
            "id": 526472299
        },
        {
            "name": "Tell Me Who",
            "artist": "Vanotek",
            "id": 521954931
        },
        {
            "name": "Let Me Love You",
            "artist": "DJ Snake",
            "id": 420922950
        },
        {
            "name": "Ready For Love(Steve James Remix)",
            "artist": "Steve James",
            "id": 34218328
        },
        {
            "name": "Why We Lose",
            "artist": "Cartoon",
            "id": 32737775
        },
        {
            "name": "False Alarm",
            "artist": "The Weeknd",
            "id": 432792363
        },
        {
            "name": "Collide",
            "artist": "Jay Eskar",
            "id": 1382154647
        },
        {
            "name": "seams (feat. RØRY)",
            "artist": "Seams",
            "id": 1359559182
        },
        {
            "name": "Every Breath (feat. Janice Robinson) [Lucky Date Remix]",
            "artist": "John Dahlbäck",
            "id": 406300830
        },
        {
            "name": "Strangers",
            "artist": "Far Out",
            "id": 1356064083
        },
        {
            "name": "Cheeki Breeki (Remastered)",
            "artist": "Apartje",
            "id": 1379906601
        },
        {
            "name": "I Want You Back",
            "artist": "Daniel Hennell",
            "id": 553410371
        },
        {
            "name": "Cooler Than Me",
            "artist": "Lucky Luke",
            "id": 1377466954
        },
        {
            "name": "Problems",
            "artist": "KVPV",
            "id": 1362155231
        },
        {
            "name": "Salvation",
            "artist": "Eedion",
            "id": 1320256736
        },
        {
            "name": "We Can Be Together",
            "artist": "XYPO",
            "id": 1391234038
        },
        {
            "name": "All Night",
            "artist": "Example",
            "id": 1334294905
        },
        {
            "name": "Our Sound",
            "artist": "DJ Blyatman",
            "id": 1373875293
        },
        {
            "name": "Sex, Kvas, Hardbass",
            "artist": "Hard Bass School",
            "id": 1317165472
        },
        {
            "name": "PLAY",
            "artist": "Tokyo Machine",
            "id": 1347015930
        },
        {
            "name": "Albert 2 Stone-Eurythmics - Sweet Dreams（WJ Bootleg）（WJ remix）",
            "artist": "WJ",
            "id": 1426733801
        },
        {
            "name": "Stalker",
            "artist": "DJ Blyatman",
            "id": 1374438989
        },
        {
            "name": "CHICA",
            "artist": "Matcha小仔爺",
            "id": 1345674839
        },
        {
            "name": "Inex (Extended Mix)",
            "artist": "KVPV",
            "id": 1336871641
        },
        {
            "name": "Nash Gimn",
            "artist": "Hard Bass School",
            "id": 1317165470
        },
        {
            "name": "23",
            "artist": "Mike Will Made It",
            "id": 27646979
        },
        {
            "name": "Automatica",
            "artist": "John Stanford",
            "id": 506139194
        },
        {
            "name": "Rave",
            "artist": "Steve Aoki",
            "id": 1374313067
        },
        {
            "name": "Shutdown",
            "artist": "DJ Blyatman",
            "id": 1403714498
        },
        {
            "name": "Stronger",
            "artist": "TheFatRat",
            "id": 1372707073
        },
        {
            "name": "Drop Top Benz",
            "artist": "Lil Gnar",
            "id": 557583789
        },
        {
            "name": "Montrose",
            "artist": "Le Matos",
            "id": 26394128
        },
        {
            "name": "Stadium Rave",
            "artist": "SpongeBob Squarepants",
            "id": 19207082
        },
        {
            "name": "Welcome 2 Detroit",
            "artist": "Trick Trick",
            "id": 19279266
        },
        {
            "name": "The Spectre",
            "artist": "Alan Walker",
            "id": 1398324033
        },
        {
            "name": "MIC Drop (Japanese Version)",
            "artist": "BTS (防弹少年团)",
            "id": 522617170
        },
        {
            "name": "Suit Up (Instrumental)",
            "artist": "Blue Stahli",
            "id": 25879900
        },
        {
            "name": "Drown",
            "artist": "ZABO",
            "id": 517542039
        },
        {
            "name": "Fire",
            "artist": "Dr. Fresch",
            "id": 863438167
        },
        {
            "name": "RAZJEBASSER",
            "artist": "Russian Village Boys",
            "id": 1375868443
        },
        {
            "name": "Ez Katka",
            "artist": "DJ Blyatman",
            "id": 1372979297
        },
        {
            "name": "Cyka Blyat",
            "artist": "DJ Blyatman",
            "id": 1368324900
        },
        {
            "name": "Ummet Ozcan-Sweet Dreams ( Remix )（DruGTRaffickerS remix）",
            "artist": "DruGTRaffickerS",
            "id": 1386593207
        },
        {
            "name": "il vento d'oro",
            "artist": "菅野祐悟",
            "id": 1334780738
        },
        {
            "name": "BODY",
            "artist": "LICK",
            "id": 1381738557
        },
        {
            "name": "Untouchable",
            "artist": "Will Sparks",
            "id": 1360870303
        },
        {
            "name": "Mark (Shahmen Remix)",
            "artist": "Shahmen",
            "id": 1341359810
        },
        {
            "name": "Them",
            "artist": "Eliminate",
            "id": 1347236910
        },
        {
            "name": "Sad (feat. Afrojack)",
            "artist": "Chico Rose",
            "id": 1386988788
        },
        {
            "name": "Until We Die",
            "artist": "WATEVA",
            "id": 1377830798
        },
        {
            "name": "Accelerate (Sauniks Remix)",
            "artist": "Sauniks",
            "id": 36190658
        },
        {
            "name": "Never Looking Back",
            "artist": "Stonebank",
            "id": 412175150
        },
        {
            "name": "Fantaisie-Impromptu,Op.Posth",
            "artist": "李云迪",
            "id": 117212
        },
        {
            "name": "Crescendo",
            "artist": "MUZZ",
            "id": 421148273
        },
        {
            "name": "奇术师のバイレ",
            "artist": "平野義久",
            "id": 432582
        },
        {
            "name": "Maryland",
            "artist": "Illy Noise",
            "id": 28722557
        },
        {
            "name": "Ark",
            "artist": "Ship Wrek",
            "id": 413834209
        },
        {
            "name": "After Dawn",
            "artist": "Jaeger",
            "id": 424474908
        },
        {
            "name": "Discipline",
            "artist": "Matta",
            "id": 492536230
        },
        {
            "name": "Dj fire-Narkoman Pavlik（Noneks remix）",
            "artist": "TMIN",
            "id": 1374521275
        },
        {
            "name": "Oblivion",
            "artist": "TheFatRat",
            "id": 515540639
        },
        {
            "name": "Night to Remember (Original Mix)",
            "artist": "Klaas",
            "id": 27946723
        },
        {
            "name": "Дисконнект",
            "artist": "Элджей",
            "id": 485612104
        },
        {
            "name": "Wannabe",
            "artist": "Why Mona",
            "id": 501220770
        },
        {
            "name": "Prinsh-Sax Appeal(EA7)(bootleg)（音乐凯 remix）",
            "artist": "Sir小凯",
            "id": 1351096675
        },
        {
            "name": "Shadow",
            "artist": "Bustre",
            "id": 28661608
        },
        {
            "name": "Narkoman Pavlik(Incomplete Edition)(Noneks remix)",
            "artist": "DJ fire",
            "id": 1374499325
        },
        {
            "name": "Believer",
            "artist": "Imagine Dragons",
            "id": 1338149101
        },
        {
            "name": "Ce s-a intamplat cu noi",
            "artist": "DJ Dark",
            "id": 479219309
        },
        {
            "name": "Armenian Mashup",
            "artist": "David Gregt",
            "id": 1334084759
        },
        {
            "name": "Shiva (Extended)",
            "artist": "DJ Dark",
            "id": 534067078
        },
        {
            "name": "Ya Not Ready",
            "artist": "Sean Paul",
            "id": 28708949
        },
        {
            "name": "All Aboard (Dimitri Vegas & Like Mike Extended Edit)",
            "artist": "Dimitri Vegas & Like Mike",
            "id": 467953317
        },
        {
            "name": "Batte forte 凤舞九天（咚鼓版）",
            "artist": "苏天伦",
            "id": 1322628331
        },
        {
            "name": "Dusk Till Dawn ( KEEM Remix )",
            "artist": "GRABOTE",
            "id": 1342566625
        },
        {
            "name": "Moonlight",
            "artist": "Gaullin",
            "id": 1306534099
        },
        {
            "name": "Come Here Girl (Radio Edit)",
            "artist": "Tom Reason",
            "id": 525241548
        },
        {
            "name": "シロクマ",
            "artist": "JABBERLOOP",
            "id": 29307600
        },
        {
            "name": "Tokyo Drift",
            "artist": "Teriyaki Boyz",
            "id": 5176741
        },
        {
            "name": "Move Up (Lost Gravity)",
            "artist": "Mr. Polska",
            "id": 406072775
        },
        {
            "name": "Siren's Scent",
            "artist": "SoundTeMP",
            "id": 5410037
        },
        {
            "name": "Violin of the Death",
            "artist": "SoundTeMP",
            "id": 5410036
        },
        {
            "name": "Bring cadenza",
            "artist": "SoundTeMP",
            "id": 31053162
        },
        {
            "name": "Liesberato",
            "artist": "SoundTeMP",
            "id": 31053164
        },
        {
            "name": "Gorefest",
            "artist": "SoundTeMP",
            "id": 31053149
        },
        {
            "name": "Resurrection",
            "artist": "SoundTeMP",
            "id": 31053132
        },
        {
            "name": "Rapid eye",
            "artist": "SoundTeMP",
            "id": 31053128
        },
        {
            "name": "The G appears",
            "artist": "SoundTeMP",
            "id": 5410051
        },
        {
            "name": "Overdose",
            "artist": "SoundTeMP",
            "id": 5410050
        },
        {
            "name": "Lock Me Up",
            "artist": "The Cab",
            "id": 28464997
        },
        {
            "name": "锁野郎",
            "artist": "平野義久",
            "id": 432407
        },
        {
            "name": "West",
            "artist": "KVPV",
            "id": 1336856710
        },
        {
            "name": "C'est La Révolution (Houseshaker Remix)",
            "artist": "MC Roby Rob",
            "id": 862089664
        },
        {
            "name": "Batshit (Denis First & Reznikov Remix)",
            "artist": "Sofi Tukker",
            "id": 1298774921
        },
        {
            "name": "Time Bomb",
            "artist": "Feint",
            "id": 26824344
        },
        {
            "name": "Champagne",
            "artist": "Adoo",
            "id": 470211564
        },
        {
            "name": "Boomshakatak",
            "artist": "Wiwek",
            "id": 557578758
        },
        {
            "name": "Downtown",
            "artist": "Anitta",
            "id": 519504743
        },
        {
            "name": "出陣準備/突き進む",
            "artist": "梅林茂",
            "id": 529619135
        },
        {
            "name": "Suicide Squad",
            "artist": "Dubscribe",
            "id": 862100112
        },
        {
            "name": "Step Back",
            "artist": "BVX",
            "id": 1318827940
        },
        {
            "name": "Cook It Up (Original Mix)",
            "artist": "TWISTERZ",
            "id": 539980206
        },
        {
            "name": "Back To Me",
            "artist": "Vanotek",
            "id": 547825514
        },
        {
            "name": "Mosh Pit (Original Mix)",
            "artist": "Downlink",
            "id": 438456126
        },
        {
            "name": "Il padrino (Extended)",
            "artist": "MD DJ",
            "id": 862570662
        },
        {
            "name": "Level Up",
            "artist": "Ciara",
            "id": 1293886113
        },
        {
            "name": "Light Years",
            "artist": "Yellow Claw",
            "id": 464373277
        },
        {
            "name": "In My Mind",
            "artist": "Dynoro",
            "id": 541687772
        },
        {
            "name": "Золото (Ramirez Remix)",
            "artist": "Kartashow",
            "id": 1372471346
        },
        {
            "name": "Waiting For Love",
            "artist": "Avicii",
            "id": 31356499
        },
        {
            "name": "**** Aliens",
            "artist": "OG Nixin",
            "id": 1338203384
        },
        {
            "name": "Plain Jane (Mix Version)",
            "artist": "GRABOTE",
            "id": 1332461204
        },
        {
            "name": "U Got That",
            "artist": "Halogen",
            "id": 526470716
        },
        {
            "name": "Mans Not Hot (Deep)",
            "artist": "GRABOTE",
            "id": 1325125720
        },
        {
            "name": "Magic on You",
            "artist": "TinyC",
            "id": 493042529
        },
        {
            "name": "Save Me",
            "artist": "Jay Hardway",
            "id": 567624196
        },
        {
            "name": "Old Town Road",
            "artist": "Lil Nas X",
            "id": 1351219081
        },
        {
            "name": "Panda (Kiko Franco & Kubski Remix)",
            "artist": "Kiko Franco",
            "id": 448316067
        },
        {
            "name": "Gangsta Bop",
            "artist": "Akon",
            "id": 986989
        },
        {
            "name": "Party Up (Original Mix)",
            "artist": "Crisis Era",
            "id": 422094241
        },
        {
            "name": "main menu",
            "artist": "Darude",
            "id": 410802785
        },
        {
            "name": "Empire (Instrumental)",
            "artist": "Voicians",
            "id": 409830458
        },
        {
            "name": "Bang Your Head",
            "artist": "Wide Awake",
            "id": 463840926
        },
        {
            "name": "Rupture",
            "artist": "Droptek",
            "id": 421807891
        },
        {
            "name": "Bad Juju",
            "artist": "Goja",
            "id": 426027765
        },
        {
            "name": "Main Menu",
            "artist": "Mord Fustang",
            "id": 404783661
        },
        {
            "name": "LED Spirals (Extended Version)",
            "artist": "Le Castle Vania",
            "id": 434656462
        },
        {
            "name": "It's Time (feat. Bruce Buffer) (Extended Mix)",
            "artist": "Steve Aoki",
            "id": 550137108
        },
        {
            "name": "Clean Getaway",
            "artist": "Simon Viklund",
            "id": 27590557
        },
        {
            "name": "No Twerk",
            "artist": "Panther",
            "id": 399410508
        },
        {
            "name": "Snake Eyes",
            "artist": "Feint",
            "id": 27984428
        },
        {
            "name": "Payday",
            "artist": "Alesso",
            "id": 31311888
        },
        {
            "name": "Pull the Trigger",
            "artist": "Black Sun Empire",
            "id": 425684877
        },
        {
            "name": "Ain't No Better Life",
            "artist": "Refuzion",
            "id": 1334131579
        },
        {
            "name": "Autumn （秋）",
            "artist": "LJY",
            "id": 522041157
        },
        {
            "name": "Killing In The Name (Just A Tune Flip)",
            "artist": "Just A Tune",
            "id": 525240779
        },
        {
            "name": "Combine",
            "artist": "Bustre",
            "id": 31877908
        },
        {
            "name": "Hands in the Fire",
            "artist": "James Carter",
            "id": 1306497271
        },
        {
            "name": "Outlaw",
            "artist": "it's different",
            "id": 456185219
        },
        {
            "name": "Rush [NEST054]",
            "artist": "Rezz",
            "id": 33984144
        },
        {
            "name": "Pulsar",
            "artist": "Celldweller",
            "id": 29498725
        },
        {
            "name": "Beast (HVDES Remix)",
            "artist": "Black Tiger Sex Machine",
            "id": 1321398927
        },
        {
            "name": "Endgame",
            "artist": "MUZZ",
            "id": 28661602
        },
        {
            "name": "Throw It Up",
            "artist": "Wooli",
            "id": 1315140967
        },
        {
            "name": "And Now We Run!",
            "artist": "Simon Viklund",
            "id": 30967765
        },
        {
            "name": "3 AM",
            "artist": "Cellars",
            "id": 399953272
        },
        {
            "name": "Play Bad (Sander W. Remix)",
            "artist": "Sander W.",
            "id": 416552639
        },
        {
            "name": "Unforgettable",
            "artist": "French Montana",
            "id": 440464202
        },
        {
            "name": "Take Me",
            "artist": "Will Sparks",
            "id": 493551130
        },
        {
            "name": "Unforgettable (Latin Remix)",
            "artist": "French Montana",
            "id": 494093407
        },
        {
            "name": "Revolution",
            "artist": "The Score",
            "id": 455500439
        },
        {
            "name": "EON BREAK (Blanke flip)",
            "artist": "Blanke",
            "id": 517567265
        },
        {
            "name": "No Turning Back",
            "artist": "Protostar",
            "id": 409020986
        },
        {
            "name": "Backstab",
            "artist": "Simon Viklund",
            "id": 411907371
        },
        {
            "name": "Lost Forever",
            "artist": "MUZZ",
            "id": 473742254
        },
        {
            "name": "苏喂苏喂 (Remix)6324冲冲冲",
            "artist": "我才不是小超",
            "id": 1304754139
        },
        {
            "name": "Show Me",
            "artist": "Jasted",
            "id": 1301572556
        },
        {
            "name": "Warhead",
            "artist": "MUZZ",
            "id": 33668395
        },
        {
            "name": "Let's Go!",
            "artist": "Lensko",
            "id": 30706279
        },
        {
            "name": "Go Home",
            "artist": "Maduk",
            "id": 1358372028
        }
    ]
}