{
    "playlist_info": {
        "name": "慵懒R&B | 沉沦于梦境的动情语调",
        "trackcount": 86,
        "playcount": 722420,
        "creator": "Bruce梁博",
        "createDate": "2023-01-05",
        "heat": 4040.0
    },
    "songs": [
        {
            "name": "People",
            "artist": "liBianca",
            "id": 2003472053
        },
        {
            "name": "Out of the Blue",
            "artist": "RINI",
            "id": 1483377769
        },
        {
            "name": "YOU",
            "artist": "Skylar Stecker",
            "id": 1846773645
        },
        {
            "name": "GLOW",
            "artist": "Blaxian",
            "id": 1842669893
        },
        {
            "name": "Running late",
            "artist": "Anya Shesternina",
            "id": 36668988
        },
        {
            "name": "Look What You've Done",
            "artist": "Dayo Bello",
            "id": 2019463521
        },
        {
            "name": "Santa x4 (feat. Next Town Down)",
            "artist": "Kamille",
            "id": 1408884250
        },
        {
            "name": "City of Angels",
            "artist": "Em Beihold",
            "id": 1468654456
        },
        {
            "name": "why didn't you call???",
            "artist": "Saint Harison",
            "id": 1988671321
        },
        {
            "name": "Hard To Be Human",
            "artist": "Anson Seabra",
            "id": 1990259912
        },
        {
            "name": "Homiesexual",
            "artist": "Daniel Caesar",
            "id": 2037034391
        },
        {
            "name": "Blue mood",
            "artist": "entoy",
            "id": 1978692717
        },
        {
            "name": "Killer",
            "artist": "HYBS",
            "id": 1944673526
        },
        {
            "name": "time machine (feat. aren park)",
            "artist": "mj apanay",
            "id": 1379918404
        },
        {
            "name": "Don't Wanna Fall In Love Again",
            "artist": "YAYYOUNG",
            "id": 1376648968
        },
        {
            "name": "Deeper",
            "artist": "Kiana Ledé",
            "id": 2046966396
        },
        {
            "name": "The Hardest Part",
            "artist": "Olivia Dean",
            "id": 1468946214
        },
        {
            "name": "moon and back",
            "artist": "JVKE",
            "id": 1984537504
        },
        {
            "name": "Flying :))",
            "artist": "Tom Odell",
            "id": 1963608731
        },
        {
            "name": "WHY",
            "artist": "ewonjin",
            "id": 1495407687
        },
        {
            "name": "Keep Me Warm",
            "artist": "Sam Ock",
            "id": 1805048148
        },
        {
            "name": "Jealousy",
            "artist": "YAYYOUNG",
            "id": 1413156414
        },
        {
            "name": "Caught Up",
            "artist": "Kara Marni",
            "id": 1390776201
        },
        {
            "name": "Sparks",
            "artist": "Skylar Grey",
            "id": 1924685111
        },
        {
            "name": "Die For You",
            "artist": "Joji",
            "id": 1994555017
        },
        {
            "name": "Deep Green",
            "artist": "Christian Kuria",
            "id": 1974735909
        },
        {
            "name": "Program",
            "artist": "Blxst",
            "id": 1880871582
        },
        {
            "name": "IT'S YOU (feat. keshi) [Stripped Version]",
            "artist": "MAX",
            "id": 1986831758
        },
        {
            "name": "Closure",
            "artist": "Hayd",
            "id": 1831321963
        },
        {
            "name": "Angel",
            "artist": "Cathartic Fall",
            "id": 1853692500
        },
        {
            "name": "her shadow",
            "artist": "Thomas Ng",
            "id": 1837903505
        },
        {
            "name": "Dirty Thoughts",
            "artist": "Chloe Adams",
            "id": 1891883411
        },
        {
            "name": "Photograph",
            "artist": "Ed Sheeran",
            "id": 33333989
        },
        {
            "name": "Come See Me",
            "artist": "Teenear",
            "id": 1443022387
        },
        {
            "name": "NVMD",
            "artist": "Denise Julia",
            "id": 1915291255
        },
        {
            "name": "Lovit",
            "artist": "Marian Hill",
            "id": 28391135
        },
        {
            "name": "Brainstorm",
            "artist": "Alexander 23",
            "id": 1821466257
        },
        {
            "name": "Sleeptalking",
            "artist": "imfinenow",
            "id": 1481323654
        },
        {
            "name": "Rose",
            "artist": "Jereena Montemayor",
            "id": 864647100
        },
        {
            "name": "Flower",
            "artist": "Johnny Stimson",
            "id": 1376696818
        },
        {
            "name": "Butterfly",
            "artist": "UMI",
            "id": 1327277362
        },
        {
            "name": "Such a Fool",
            "artist": "George Nozuka",
            "id": 1378240
        },
        {
            "name": "Call You Tonight",
            "artist": "Whitney Houston",
            "id": 19827042
        },
        {
            "name": "Bruises",
            "artist": "Audius",
            "id": 1065341
        },
        {
            "name": "All To Me",
            "artist": "Giveon",
            "id": 1826099533
        },
        {
            "name": "reasons to",
            "artist": "imfinenow",
            "id": 1483142361
        },
        {
            "name": "Damage",
            "artist": "H.E.R.",
            "id": 1853791805
        },
        {
            "name": "Heartbreak Anniversary",
            "artist": "Giveon",
            "id": 1826099527
        },
        {
            "name": "Let Me",
            "artist": "Nieman",
            "id": 477331805
        },
        {
            "name": "Slow Down",
            "artist": "Mac Ayres",
            "id": 519935113
        },
        {
            "name": "Breathe",
            "artist": "UMI",
            "id": 1399985352
        },
        {
            "name": "Be Like That (feat. Swae Lee & Khalid)",
            "artist": "Kane Brown",
            "id": 1460103375
        },
        {
            "name": "Solid Gold",
            "artist": "Sam Rui",
            "id": 461347257
        },
        {
            "name": "Beautiful",
            "artist": "Bazzi",
            "id": 507768909
        },
        {
            "name": "Drunk In Love (Remix)",
            "artist": "Beyoncé",
            "id": 28612079
        },
        {
            "name": "Take a Bow",
            "artist": "Rihanna",
            "id": 3314177
        },
        {
            "name": "Hotline Bling",
            "artist": "Drake",
            "id": 33599620
        },
        {
            "name": "Circles",
            "artist": "Tino Coury",
            "id": 1357677527
        },
        {
            "name": "The Way You Love Me",
            "artist": "Johnta Austin",
            "id": 27969346
        },
        {
            "name": "Tonight (Best You Ever Had)",
            "artist": "John Legend",
            "id": 1476849
        },
        {
            "name": "Overload",
            "artist": "John Legend",
            "id": 440403590
        },
        {
            "name": "lie to me",
            "artist": "Tate McRae",
            "id": 1485815567
        },
        {
            "name": "Honest.",
            "artist": "Kiana Ledé",
            "id": 1437174163
        },
        {
            "name": "Easily",
            "artist": "Bruno Major",
            "id": 449577802
        },
        {
            "name": "Coffee",
            "artist": "Quinn XCII",
            "id": 1443270178
        },
        {
            "name": "idontwannabeyouanymore",
            "artist": "Billie Eilish",
            "id": 493448423
        },
        {
            "name": "Doubt My Love",
            "artist": "Jaz Karis",
            "id": 1353599011
        },
        {
            "name": "Please Don't Break My Heart",
            "artist": "Will Shepard",
            "id": 1416862270
        },
        {
            "name": "To Me",
            "artist": "Alina Baraz",
            "id": 1392687362
        },
        {
            "name": "Right Now",
            "artist": "Ayelle",
            "id": 1373972012
        },
        {
            "name": "Side To Side",
            "artist": "Ariana Grande",
            "id": 456370701
        },
        {
            "name": "EX",
            "artist": "Kiana Ledé",
            "id": 866065093
        },
        {
            "name": "Real Friends",
            "artist": "Camila Cabello",
            "id": 522511239
        },
        {
            "name": "Puzzle",
            "artist": "Galdive",
            "id": 1846524549
        },
        {
            "name": "Excuses",
            "artist": "Audrey Mika",
            "id": 1811292401
        },
        {
            "name": "It's You",
            "artist": "Ali Gatie",
            "id": 1371427950
        },
        {
            "name": "Cherry Cola",
            "artist": "Kuwada",
            "id": 537407214
        },
        {
            "name": "Tapestry",
            "artist": "Bruno Major",
            "id": 1398831371
        },
        {
            "name": "Boo'd Up",
            "artist": "Ella Mai",
            "id": 461811108
        },
        {
            "name": "Talk",
            "artist": "Khalid",
            "id": 1343696979
        },
        {
            "name": "Redbone",
            "artist": "Childish Gambino",
            "id": 441489378
        },
        {
            "name": "In Another World",
            "artist": "LÜCY",
            "id": 1874946819
        },
        {
            "name": "Plastic Plants",
            "artist": "Mahalia",
            "id": 1444323026
        },
        {
            "name": "Magic Hour",
            "artist": "Jhene Aiko",
            "id": 1463383677
        },
        {
            "name": "Tweety",
            "artist": "Raveena",
            "id": 1817295998
        },
        {
            "name": "Aphrodite",
            "artist": "RINI",
            "id": 1325722724
        }
    ]
}