{
    "playlist_info": {
        "name": "摇滚增加了我对自由的饱和度",
        "trackcount": 22,
        "playcount": 35,
        "creator": "流萤与诗",
        "createDate": "2023-06-11",
        "heat": 1.0
    },
    "songs": [
        {
            "name": "是你",
            "artist": "对角巷乐队",
            "id": 1333420956
        },
        {
            "name": "快乐",
            "artist": "deca joins",
            "id": 483242434
        },
        {
            "name": "扎西德勒",
            "artist": "痛仰乐队",
            "id": 28949121
        },
        {
            "name": "圈",
            "artist": "犬儒乐队",
            "id": 2038394761
        },
        {
            "name": "梦特别娇",
            "artist": "回春丹",
            "id": 1888390720
        },
        {
            "name": "去生死",
            "artist": "裁缝铺",
            "id": 1933602041
        },
        {
            "name": "成为彼此宇宙的终极浪漫",
            "artist": "棱镜乐队",
            "id": 1473720185
        },
        {
            "name": "梦在黎明破晓时",
            "artist": "盘尼西林",
            "id": 1392155391
        },
        {
            "name": "美好的事可不可以发生在我身上",
            "artist": "康士坦的变化球",
            "id": 1501530173
        },
        {
            "name": "人体解冻",
            "artist": "姜涵John Senco",
            "id": 1833391733
        },
        {
            "name": "精卫",
            "artist": "30年前，50年后",
            "id": 1951069525
        },
        {
            "name": "执迷有悟",
            "artist": "达西",
            "id": 2029944984
        },
        {
            "name": "猫说",
            "artist": "黑屋乐队",
            "id": 1360639165
        },
        {
            "name": "我試過了",
            "artist": "康姆士COM'Z",
            "id": 1331463763
        },
        {
            "name": "海湾",
            "artist": "麻园诗人",
            "id": 1975685262
        },
        {
            "name": "超能力",
            "artist": "后海大鲨鱼",
            "id": 1334111674
        },
        {
            "name": "相爱",
            "artist": "脆莓(Brickleberry)",
            "id": 2029903045
        },
        {
            "name": "这是我一生中最勇敢的瞬间",
            "artist": "棱镜乐队",
            "id": 1366216050
        },
        {
            "name": "红色的河",
            "artist": "旅行团乐队",
            "id": 1464928350
        },
        {
            "name": "梦特别娇",
            "artist": "回春丹",
            "id": 1813831223
        },
        {
            "name": "逝去的歌",
            "artist": "旅行团乐队",
            "id": 36199725
        },
        {
            "name": "在",
            "artist": "草东没有派对",
            "id": 410802751
        }
    ]
}