{
    "playlist_info": {
        "name": "摇摇晃晃 | 夏日发呆夜晚轻飘飘",
        "trackcount": 44,
        "playcount": 1334631,
        "creator": "夏天种花秋天晒太阳",
        "createDate": "2022-06-10",
        "heat": 3479.0
    },
    "songs": [
        {
            "name": "最美好的时光 (Live)",
            "artist": "陈娴静",
            "id": 1949108901
        },
        {
            "name": "下雨天",
            "artist": "HEAT J",
            "id": 1954459534
        },
        {
            "name": "夏夜追捕事件",
            "artist": "无实物艺术团",
            "id": 1909660127
        },
        {
            "name": "夏夜最后的烟火",
            "artist": "颜人中",
            "id": 1482867143
        },
        {
            "name": "人间萤火",
            "artist": "夏日入侵企画",
            "id": 1954090536
        },
        {
            "name": "男孩别哭",
            "artist": "海龟先生",
            "id": 25731320
        },
        {
            "name": "白日梦",
            "artist": "icyball 冰球乐团",
            "id": 409060694
        },
        {
            "name": "81 (feat. GALI)",
            "artist": "Haysen郑景曦",
            "id": 1953791803
        },
        {
            "name": "公路",
            "artist": "纵贯线",
            "id": 394679
        },
        {
            "name": "乘风破浪",
            "artist": "金志文",
            "id": 1915259735
        },
        {
            "name": "口袋里的秘密",
            "artist": "Jony J",
            "id": 26577095
        },
        {
            "name": "五彩斑斓的黑",
            "artist": "回春丹",
            "id": 1439695754
        },
        {
            "name": "不亏不欠",
            "artist": "袁娅维TIA RAY",
            "id": 1403204015
        },
        {
            "name": "台北纽约",
            "artist": "马念先",
            "id": 1847528356
        },
        {
            "name": "洋子、洋子",
            "artist": "椅子乐团 The Chairs",
            "id": 574925505
        },
        {
            "name": "12345",
            "artist": "TwoP潘潘",
            "id": 1887277244
        },
        {
            "name": "CANDY KISSES 国语",
            "artist": "莫文蔚",
            "id": 480600
        },
        {
            "name": "Soledad y el Mar",
            "artist": "Natalia Lafourcade",
            "id": 476561079
        },
        {
            "name": "夏夜露天电影(Summer Night Open-Air Movie)",
            "artist": "白色海岸The White Coast",
            "id": 1948694170
        },
        {
            "name": "登登登",
            "artist": "雀斑",
            "id": 371268
        },
        {
            "name": "黎明前出发",
            "artist": "Peace Hotel(和平饭店)",
            "id": 1415579638
        },
        {
            "name": "学生哥",
            "artist": "许冠杰",
            "id": 5277731
        },
        {
            "name": "我想你的快乐是因为我",
            "artist": "洛客班",
            "id": 4876347
        },
        {
            "name": "情感摇摆客",
            "artist": "GAHOWE",
            "id": 1849660341
        },
        {
            "name": "莫里森与杂货铺",
            "artist": "马赛克",
            "id": 34509586
        },
        {
            "name": "总有一天我会欺骗你",
            "artist": "新裤子",
            "id": 387478
        },
        {
            "name": "心要野",
            "artist": "后海大鲨鱼",
            "id": 406072138
        },
        {
            "name": "双子座",
            "artist": "沙一汀EL",
            "id": 1952839183
        },
        {
            "name": "You'll See",
            "artist": "Tizzy Bac",
            "id": 382108
        },
        {
            "name": "冷冷的夏",
            "artist": "王芷蕾",
            "id": 301422
        },
        {
            "name": "Don't You",
            "artist": "布朗尼",
            "id": 1352818739
        },
        {
            "name": "风和日丽(天气晴)",
            "artist": "自然卷",
            "id": 5241994
        },
        {
            "name": "买你",
            "artist": "魏如萱",
            "id": 297788
        },
        {
            "name": "出走",
            "artist": "蔡健雅",
            "id": 1868850857
        },
        {
            "name": "Cuando Me Enamoro",
            "artist": "Andrea Bocelli",
            "id": 987320
        },
        {
            "name": "她在睡梦中",
            "artist": "朴树",
            "id": 139361
        },
        {
            "name": "快乐的爱情",
            "artist": "蒋大橙子",
            "id": 1950117357
        },
        {
            "name": "王牌冤家",
            "artist": "李荣浩",
            "id": 862129612
        },
        {
            "name": "大宝天天见",
            "artist": "大张伟",
            "id": 1877978132
        },
        {
            "name": "如约而至",
            "artist": "许嵩",
            "id": 573384240
        },
        {
            "name": "去年",
            "artist": "万玲琳",
            "id": 1345437204
        },
        {
            "name": "Lover Song",
            "artist": "SoulFa 灵魂沙发",
            "id": 1345336709
        },
        {
            "name": "亲吻了再摸索",
            "artist": "甜約翰 Sweet John",
            "id": 1882724206
        },
        {
            "name": "我会想念你",
            "artist": "张震岳",
            "id": 185745
        }
    ]
}