{
    "playlist_info": {
        "name": "性感高级慵懒风英文歌【持续更新】",
        "trackcount": 168,
        "playcount": 1791858,
        "creator": "Manolo_Cc",
        "createDate": "2017-12-20",
        "heat": 886.0
    },
    "songs": [
        {
            "name": "Wizard",
            "artist": "Dora Jar",
            "id": 1847541596
        },
        {
            "name": "Fly Girl",
            "artist": "FLO",
            "id": 2032942173
        },
        {
            "name": "Delectable",
            "artist": "Lindsxy Mesenburg",
            "id": 1842573542
        },
        {
            "name": "Sex on the Ceiling",
            "artist": "Sevyn Streeter",
            "id": 28043210
        },
        {
            "name": "BABYDOLL",
            "artist": "Ari Abdul",
            "id": 1914893736
        },
        {
            "name": "Résumé",
            "artist": "Jenevieve",
            "id": 1867069196
        },
        {
            "name": "24 Hours",
            "artist": "Anthony Russo",
            "id": 1985237093
        },
        {
            "name": "Messy",
            "artist": "Angelic Montero",
            "id": 1916341355
        },
        {
            "name": "The One",
            "artist": "Alina Baraz",
            "id": 549942000
        },
        {
            "name": "Slow",
            "artist": "王嘉尔",
            "id": 2039744487
        },
        {
            "name": "Moonlight",
            "artist": "Kali Uchis",
            "id": 2025082445
        },
        {
            "name": "Mistreated",
            "artist": "DaniLeigh",
            "id": 1495018288
        },
        {
            "name": "Love Quotes",
            "artist": "Jenevieve",
            "id": 1979930781
        },
        {
            "name": "Shut up My Moms Calling ((Sped Up))",
            "artist": "Hotel Ugly",
            "id": 1980856355
        },
        {
            "name": "Sexy back",
            "artist": "Timbaland",
            "id": 35661130
        },
        {
            "name": "FOREVER",
            "artist": "Jessie Reyez",
            "id": 1981816669
        },
        {
            "name": "Super Freaky Girl X Luxurious",
            "artist": "Iruri",
            "id": 1985797362
        },
        {
            "name": "Mona Lisa",
            "artist": "Sabrina Carpenter",
            "id": 1323964390
        },
        {
            "name": "QUEEN",
            "artist": "Mahogany Lox",
            "id": 1972976515
        },
        {
            "name": "Me Too",
            "artist": "Meghan Trainor",
            "id": 411921480
        },
        {
            "name": "Hate You",
            "artist": "Poylow",
            "id": 1891571342
        },
        {
            "name": "So Special",
            "artist": "Citizen Queen",
            "id": 2022564430
        },
        {
            "name": "droptopbitch",
            "artist": "lilspirit",
            "id": 1410794362
        },
        {
            "name": "Parasite",
            "artist": "Tokyo Project",
            "id": 1880699492
        },
        {
            "name": "Sucker",
            "artist": "ARI HICKS",
            "id": 1929258498
        },
        {
            "name": "girls girls girls",
            "artist": "FLETCHER",
            "id": 1885093034
        },
        {
            "name": "Never Goes Away",
            "artist": "Claire Rosinkranz",
            "id": 2029083376
        },
        {
            "name": "Reason",
            "artist": "XO TEAM",
            "id": 1965507938
        },
        {
            "name": "No",
            "artist": "MADILYN",
            "id": 412187944
        },
        {
            "name": "Yuck",
            "artist": "Charli XCX",
            "id": 1928053050
        },
        {
            "name": "Weak",
            "artist": "Larissa Lambert",
            "id": 1811991005
        },
        {
            "name": "i love you baby",
            "artist": "Emilee",
            "id": 1804362955
        },
        {
            "name": "End Of The Road",
            "artist": "Noga Erez",
            "id": 1815986577
        },
        {
            "name": "Living Hell",
            "artist": "Bella Poarch",
            "id": 1970779397
        },
        {
            "name": "INFERNO",
            "artist": "Sub Urban",
            "id": 1868239192
        },
        {
            "name": "Two Face",
            "artist": "Jake Daniels",
            "id": 1452384466
        },
        {
            "name": "Kiss or Kill",
            "artist": "Stela Cole",
            "id": 1494098256
        },
        {
            "name": "Bad Boy",
            "artist": "Tommy Genesis",
            "id": 1320457063
        },
        {
            "name": "You Right x Luxurious (Slowed)",
            "artist": "Popsoxx Studios",
            "id": 1894981685
        },
        {
            "name": "Bored",
            "artist": "Torine",
            "id": 1823210482
        },
        {
            "name": "Luxurious",
            "artist": "Gwen Stefani",
            "id": 18078142
        },
        {
            "name": "Moody",
            "artist": "Savannah Sgro",
            "id": 1367394991
        },
        {
            "name": "Let Go (feat. JYDN)",
            "artist": "tatiana",
            "id": 1837886470
        },
        {
            "name": "None For You.",
            "artist": "Kiana Ledé",
            "id": 1489259703
        },
        {
            "name": "harleys in hawaii (slowed reverb)",
            "artist": "Slowed Art",
            "id": 1884656300
        },
        {
            "name": "C'est La Vie",
            "artist": "Tinashe",
            "id": 439110044
        },
        {
            "name": "peppermint",
            "artist": "Tommy Genesis",
            "id": 1838016954
        },
        {
            "name": "Shot Me Down",
            "artist": "Ollie",
            "id": 1475835459
        },
        {
            "name": "Feeling Like The End",
            "artist": "Joji",
            "id": 1994555016
        },
        {
            "name": "Die For You",
            "artist": "Joji",
            "id": 1994555017
        },
        {
            "name": "Satisfaction",
            "artist": "SiR",
            "id": 1942218799
        },
        {
            "name": "GLOW",
            "artist": "Blaxian",
            "id": 1842669893
        },
        {
            "name": "Kiss Me, Kill Me",
            "artist": "ARI HICKS",
            "id": 1483979868
        },
        {
            "name": "easy",
            "artist": "Mac Ayres",
            "id": 524148815
        },
        {
            "name": "Another",
            "artist": "Muni Long",
            "id": 1960555557
        },
        {
            "name": "Candy",
            "artist": "Doja Cat",
            "id": 546619498
        },
        {
            "name": "Hush",
            "artist": "The Marías",
            "id": 1855590275
        },
        {
            "name": "Talk",
            "artist": "Khalid",
            "id": 1356131126
        },
        {
            "name": "Keeps On Fallin'",
            "artist": "Babyface",
            "id": 1956711655
        },
        {
            "name": "Wicked Games",
            "artist": "Kiana Ledé",
            "id": 866065094
        },
        {
            "name": "Used 2 Be (Prod. KEV)",
            "artist": "Villette",
            "id": 524270049
        },
        {
            "name": "My Bed",
            "artist": "Joey Diggs Jr",
            "id": 485612715
        },
        {
            "name": "Pain",
            "artist": "Muni Long",
            "id": 1960557710
        },
        {
            "name": "Nexus",
            "artist": "Niykee Heaton",
            "id": 407126407
        },
        {
            "name": "wyd?",
            "artist": "Larissa Lambert",
            "id": 1892632507
        },
        {
            "name": "See Through Love (feat. Chris Brown)",
            "artist": "Tank",
            "id": 1973522741
        },
        {
            "name": "Sex Playlist",
            "artist": "Vedo",
            "id": 1349932092
        },
        {
            "name": "Busy Body",
            "artist": "Claire Ridgely",
            "id": 1401161473
        },
        {
            "name": "Superstar Sh*t",
            "artist": "Dominic Fike",
            "id": 1466180492
        },
        {
            "name": "Into You (Acoustic Version)",
            "artist": "Matisse & Sadko",
            "id": 1390728547
        },
        {
            "name": "Love Like I Do",
            "artist": "Noah Guy",
            "id": 1403719605
        },
        {
            "name": "It Takes Two",
            "artist": "Fiji Blue",
            "id": 1826285382
        },
        {
            "name": "Baby Powder",
            "artist": "Jenevieve",
            "id": 1428852191
        },
        {
            "name": "So Pretty",
            "artist": "Reyanna Maria",
            "id": 1821438554
        },
        {
            "name": "Love On The Brain",
            "artist": "Rihanna",
            "id": 401712020
        },
        {
            "name": "Better Than Before",
            "artist": "Tone Stith",
            "id": 1331661723
        },
        {
            "name": "Toxic",
            "artist": "Britney Spears",
            "id": 20515939
        },
        {
            "name": "do it right",
            "artist": "REI AMI",
            "id": 1820948422
        },
        {
            "name": "DICTATOR",
            "artist": "REI AMI",
            "id": 1399010459
        },
        {
            "name": "HEARTBREAK ANNIVERSARY",
            "artist": "Giveon",
            "id": 1424400870
        },
        {
            "name": "Girl Like You",
            "artist": "Clara",
            "id": 1430583734
        },
        {
            "name": "Dangerous Woman",
            "artist": "Ariana Grande",
            "id": 406346140
        },
        {
            "name": "Prosecco",
            "artist": "Croosh",
            "id": 1388594657
        },
        {
            "name": "Little by Little",
            "artist": "The Marías",
            "id": 1855590215
        },
        {
            "name": "Round Town (feat. Asiah)",
            "artist": "Adrian Daniel",
            "id": 1480464763
        },
        {
            "name": "Bad Intentions",
            "artist": "mishlawi",
            "id": 1331812809
        },
        {
            "name": "Under The Influence",
            "artist": "Chris Brown",
            "id": 1394672719
        },
        {
            "name": "Bullshit",
            "artist": "DaniLeigh",
            "id": 1495017372
        },
        {
            "name": "Another Day",
            "artist": "PARTYNEXTDOOR",
            "id": 1385874690
        },
        {
            "name": "Give U Luv",
            "artist": "Kennedy Rd.",
            "id": 1804258706
        },
        {
            "name": "Prisoner",
            "artist": "Ashlee",
            "id": 1455201654
        },
        {
            "name": "Spin With You",
            "artist": "Emma Sameth",
            "id": 1333863852
        },
        {
            "name": "If I Ain't Got You (Acoustic)",
            "artist": "John Adams",
            "id": 1843636386
        },
        {
            "name": "Looking at Me",
            "artist": "Sabrina Carpenter",
            "id": 1378849616
        },
        {
            "name": "I Don't Know You",
            "artist": "Noni",
            "id": 1440133987
        },
        {
            "name": "positions",
            "artist": "Ariana Grande",
            "id": 1489257173
        },
        {
            "name": "Distraction",
            "artist": "Kate Stewart",
            "id": 1325044238
        },
        {
            "name": "belong2u",
            "artist": "SRNO",
            "id": 1348740199
        },
        {
            "name": "Celebrate",
            "artist": "Ingrid Michaelson",
            "id": 477215958
        },
        {
            "name": "Countless Times",
            "artist": "Marzz",
            "id": 1845621487
        },
        {
            "name": "IDGAF",
            "artist": "Bren Joy",
            "id": 1831904337
        },
        {
            "name": "Juicy",
            "artist": "Doja Cat",
            "id": 1348798719
        },
        {
            "name": "You Got It",
            "artist": "JNA",
            "id": 1810458453
        },
        {
            "name": "Writer In The Dark",
            "artist": "Lorde",
            "id": 484314487
        },
        {
            "name": "Triggered (Remix)",
            "artist": "Jhene Aiko",
            "id": 1394572380
        },
        {
            "name": "Faded Love",
            "artist": "Tinashe",
            "id": 536243569
        },
        {
            "name": "papacito",
            "artist": "Alaina Castillo",
            "id": 1401082084
        },
        {
            "name": "OOP!",
            "artist": "NYK",
            "id": 1896524846
        },
        {
            "name": "Cravin",
            "artist": "DaniLeigh",
            "id": 1397620019
        },
        {
            "name": "Here",
            "artist": "Alessia Cara",
            "id": 31877989
        },
        {
            "name": "going out",
            "artist": "ROLE MODEL",
            "id": 1488901794
        },
        {
            "name": "Friends",
            "artist": "E^ST",
            "id": 1320068263
        },
        {
            "name": "It Ain't Easy",
            "artist": "Muddy Magnolias",
            "id": 436016380
        },
        {
            "name": "Until It's Over",
            "artist": "spring gang",
            "id": 1416419842
        },
        {
            "name": "Second Date",
            "artist": "Josh Fudge",
            "id": 1466242403
        },
        {
            "name": "Come Around Me",
            "artist": "Justin Bieber",
            "id": 1420972635
        },
        {
            "name": "Lovit",
            "artist": "Marian Hill",
            "id": 28391135
        },
        {
            "name": "Listening",
            "artist": "Marian Hill",
            "id": 559647254
        },
        {
            "name": "Gameboy",
            "artist": "Jayden Bartels",
            "id": 1417425535
        },
        {
            "name": "Warm (feat. Mia)",
            "artist": "Dre'es",
            "id": 524148990
        },
        {
            "name": "eat u alive",
            "artist": "Marian Hill",
            "id": 1427047388
        },
        {
            "name": "Lines",
            "artist": "Bülow",
            "id": 516765349
        },
        {
            "name": "YOU SO DONE",
            "artist": "Noga Erez",
            "id": 1470049083
        },
        {
            "name": "Kiss Me More",
            "artist": "Doja Cat",
            "id": 1855285578
        },
        {
            "name": "Honest.",
            "artist": "Kiana Ledé",
            "id": 1437174163
        },
        {
            "name": "Woman",
            "artist": "Little Simz",
            "id": 1870353523
        },
        {
            "name": "Calling My Phone",
            "artist": "Lil Tjay",
            "id": 1819036135
        },
        {
            "name": "Got It",
            "artist": "Marian Hill",
            "id": 31365823
        },
        {
            "name": "Chilln",
            "artist": "Rola",
            "id": 1307981424
        },
        {
            "name": "Traingazing",
            "artist": "Sam Wills",
            "id": 1425944859
        },
        {
            "name": "West Coast Love",
            "artist": "Emotional Oranges",
            "id": 1401876482
        },
        {
            "name": "Vampire",
            "artist": "Dominic Fike",
            "id": 1466180491
        },
        {
            "name": "7 rings (Remix)",
            "artist": "Ariana Grande",
            "id": 1343492095
        },
        {
            "name": "Y U Gotta B Like That",
            "artist": "Audrey Mika",
            "id": 1421148133
        },
        {
            "name": "Claudia",
            "artist": "FINNEAS",
            "id": 1346184546
        },
        {
            "name": "Shot Clock",
            "artist": "Ella Mai",
            "id": 1476420082
        },
        {
            "name": "The Show",
            "artist": "Qveen Herby",
            "id": 1491893781
        },
        {
            "name": "Ooh La La",
            "artist": "Tinashe",
            "id": 549800174
        },
        {
            "name": "Shooter",
            "artist": "G Herbo",
            "id": 1422349407
        },
        {
            "name": "Trip",
            "artist": "Ella Mai",
            "id": 1317380441
        },
        {
            "name": "Trip",
            "artist": "Jacquees",
            "id": 1342945970
        },
        {
            "name": "Reckless",
            "artist": "healy",
            "id": 504264243
        },
        {
            "name": "Know No Better",
            "artist": "Justin Bieber",
            "id": 1832596944
        },
        {
            "name": "Secret",
            "artist": "21 Savage",
            "id": 1441168391
        },
        {
            "name": "tired",
            "artist": "vietra",
            "id": 1383691441
        },
        {
            "name": "angelina",
            "artist": "WIINSTON",
            "id": 1323972437
        },
        {
            "name": "Not You Too",
            "artist": "Drake",
            "id": 1444961156
        },
        {
            "name": "Sweet",
            "artist": "Cigarettes After Sex",
            "id": 480769653
        },
        {
            "name": "Love Songs",
            "artist": "kaash paige",
            "id": 1403699842
        },
        {
            "name": "Gotta Be A Reason",
            "artist": "Alec Benjamin",
            "id": 1325349674
        },
        {
            "name": "wish you were gay",
            "artist": "Billie Eilish",
            "id": 1350051594
        },
        {
            "name": "Whiskey and Morphine",
            "artist": "Alexander Jean",
            "id": 416700932
        },
        {
            "name": "Yummy",
            "artist": "Justin Bieber",
            "id": 1413988070
        },
        {
            "name": "I'm Probably Gonna Rock Your World",
            "artist": "Logic",
            "id": 1354430656
        },
        {
            "name": "Can I Kick It",
            "artist": "Logic",
            "id": 1354428828
        },
        {
            "name": "Trampoline",
            "artist": "Shaed",
            "id": 563733742
        },
        {
            "name": "Señorita",
            "artist": "Shawn Mendes",
            "id": 1373168742
        },
        {
            "name": "Chilly",
            "artist": "NIKI",
            "id": 526468892
        },
        {
            "name": "Savage",
            "artist": "Bahari",
            "id": 552681508
        },
        {
            "name": "EX",
            "artist": "Kiana Ledé",
            "id": 866065093
        },
        {
            "name": "Honey",
            "artist": "Kehlani",
            "id": 509781736
        },
        {
            "name": "Dark Side",
            "artist": "Bishop Briggs",
            "id": 471754946
        },
        {
            "name": "No Drama",
            "artist": "Tinashe",
            "id": 528864535
        },
        {
            "name": "Lose it (Nubbz Remix)",
            "artist": "Nubbz",
            "id": 34324472
        },
        {
            "name": "The Weekend",
            "artist": "SZA",
            "id": 482999516
        },
        {
            "name": "In the Dark",
            "artist": "Camila Cabello",
            "id": 528568997
        },
        {
            "name": "Someone's Somebody",
            "artist": "Jasmine Thompson",
            "id": 479325940
        },
        {
            "name": "Real Friends",
            "artist": "Camila Cabello",
            "id": 522511239
        }
    ]
}