{
    "playlist_info": {
        "name": "总有一个人教会你成长 然后悄无声息的离开",
        "trackcount": 65,
        "playcount": 15295226,
        "creator": "YouTube全球音乐",
        "createDate": "2019-05-07",
        "heat": 10101.0
    },
    "songs": [
        {
            "name": "须臾尽兴",
            "artist": "袁娅维TIA RAY",
            "id": 2055901920
        },
        {
            "name": "红色高跟鞋(0.88x)",
            "artist": "swagger",
            "id": 1959190717
        },
        {
            "name": "萧然赋",
            "artist": "杨成",
            "id": 2053984757
        },
        {
            "name": "别念",
            "artist": "心岛未晴",
            "id": 1476864931
        },
        {
            "name": "各自快乐",
            "artist": "刘瑞琦",
            "id": 1846047269
        },
        {
            "name": "我走就是了",
            "artist": "二胖u（王訫）",
            "id": 1807819169
        },
        {
            "name": "你是我的遗憾",
            "artist": "旺仔小乔",
            "id": 1844708641
        },
        {
            "name": "敏感黑夜",
            "artist": "YangYang",
            "id": 1492881023
        },
        {
            "name": "银河飞车",
            "artist": "张叶蕾",
            "id": 1409003291
        },
        {
            "name": "十三州府",
            "artist": "队长",
            "id": 1927438231
        },
        {
            "name": "下雨时候特别想你",
            "artist": "陈壹千",
            "id": 1852267315
        },
        {
            "name": "K歌之王",
            "artist": "陈奕迅",
            "id": 65337
        },
        {
            "name": "如何爱他像你",
            "artist": "王贰浪",
            "id": 1840024022
        },
        {
            "name": "他只是经过",
            "artist": "h3R3",
            "id": 1443838552
        },
        {
            "name": "你应该很快乐",
            "artist": "虎二",
            "id": 1394963332
        },
        {
            "name": "卸载",
            "artist": "刘思鉴",
            "id": 1818581946
        },
        {
            "name": "风吹过八千里",
            "artist": "苏星婕",
            "id": 1878620183
        },
        {
            "name": "放手",
            "artist": "王嘉懿",
            "id": 1810300205
        },
        {
            "name": "等你归来",
            "artist": "程响",
            "id": 1812673579
        },
        {
            "name": "下落不明",
            "artist": "张彬彬",
            "id": 1826944793
        },
        {
            "name": "本可以",
            "artist": "摩登兄弟刘宇宁",
            "id": 1825678941
        },
        {
            "name": "错位时空",
            "artist": "艾辰",
            "id": 1808492017
        },
        {
            "name": "我知道你一直没有离开我",
            "artist": "张星特",
            "id": 1886450195
        },
        {
            "name": "半夜汽笛",
            "artist": "叶琼琳",
            "id": 1840474273
        },
        {
            "name": "我们",
            "artist": "陈奕迅",
            "id": 551816010
        },
        {
            "name": "后来",
            "artist": "刘若英",
            "id": 254574
        },
        {
            "name": "绿色",
            "artist": "陈雪凝",
            "id": 1345848098
        },
        {
            "name": "说散就散",
            "artist": "袁娅维TIA RAY",
            "id": 523251118
        },
        {
            "name": "一场梦",
            "artist": "王胜娚",
            "id": 1313107552
        },
        {
            "name": "归于人海",
            "artist": "徐远书",
            "id": 1843981658
        },
        {
            "name": "拾忆",
            "artist": "甘望星",
            "id": 1872009162
        },
        {
            "name": "楼顶上的小斑鸠",
            "artist": "队长",
            "id": 1844449888
        },
        {
            "name": "失络",
            "artist": "十豆彡",
            "id": 1432512858
        },
        {
            "name": "决定离开你",
            "artist": "刘万",
            "id": 1361818786
        },
        {
            "name": "拿走了什么",
            "artist": "黄丽玲",
            "id": 29897546
        },
        {
            "name": "戒烟",
            "artist": "李荣浩",
            "id": 518686034
        },
        {
            "name": "梦一场",
            "artist": "萧敬腾",
            "id": 167916
        },
        {
            "name": "无关于你",
            "artist": "乔佳旭",
            "id": 1386921258
        },
        {
            "name": "俱伤",
            "artist": "陈势安",
            "id": 435288312
        },
        {
            "name": "一分一寸",
            "artist": "阿YueYue",
            "id": 1493083969
        },
        {
            "name": "成人之美",
            "artist": "宿羽阳",
            "id": 1358225619
        },
        {
            "name": "我怀念的",
            "artist": "孙燕姿",
            "id": 287063
        },
        {
            "name": "角落",
            "artist": "彭席彦",
            "id": 1381773905
        },
        {
            "name": "讲真的",
            "artist": "曾惜",
            "id": 30987293
        },
        {
            "name": "等你",
            "artist": "陈硕子",
            "id": 1359775804
        },
        {
            "name": "你我之间",
            "artist": "周也棠",
            "id": 34341289
        },
        {
            "name": "胆小鬼",
            "artist": "徐秉龙",
            "id": 1355927292
        },
        {
            "name": "没有人像你",
            "artist": "梁静茹",
            "id": 254047
        },
        {
            "name": "通透",
            "artist": "陈亦云",
            "id": 548808659
        },
        {
            "name": "可能",
            "artist": "队长",
            "id": 1844448537
        },
        {
            "name": "不谈爱情",
            "artist": "东南",
            "id": 25703039
        },
        {
            "name": "余温",
            "artist": "陈雪凝",
            "id": 530537499
        },
        {
            "name": "当爱已成往事",
            "artist": "张国荣",
            "id": 26620756
        },
        {
            "name": "人质",
            "artist": "张惠妹",
            "id": 327096
        },
        {
            "name": "原来",
            "artist": "林东",
            "id": 1326798446
        },
        {
            "name": "时钟",
            "artist": "不靠谱组合",
            "id": 461463653
        },
        {
            "name": "不定",
            "artist": "苏琛",
            "id": 473418654
        },
        {
            "name": "我都明白",
            "artist": "范倪Liu",
            "id": 1809100933
        },
        {
            "name": "说不出口",
            "artist": "苏菲",
            "id": 520531963
        },
        {
            "name": "我们的纪念",
            "artist": "李雅微",
            "id": 261557
        },
        {
            "name": "失态",
            "artist": "赵钶",
            "id": 1318880074
        },
        {
            "name": "若你碰到他",
            "artist": "蔡健雅",
            "id": 208908
        },
        {
            "name": "伏笔",
            "artist": "薛之谦",
            "id": 169142
        },
        {
            "name": "遺憾",
            "artist": "陈洁仪",
            "id": 210287
        },
        {
            "name": "天空",
            "artist": "蔡依林",
            "id": 209804
        }
    ]
}