{
    "playlist_info": {
        "name": "悲伤钢琴曲（慢节奏）",
        "trackcount": 130,
        "playcount": 145734,
        "creator": "哑巴喇叭",
        "createDate": "2020-03-10",
        "heat": 120.0
    },
    "songs": [
        {
            "name": "霜枫",
            "artist": "月下散落出世",
            "id": 1806540575
        },
        {
            "name": "futari",
            "artist": "hideyuki hashimoto",
            "id": 507585627
        },
        {
            "name": "norway",
            "artist": "菅野よう子",
            "id": 26402040
        },
        {
            "name": "Twice Solitaire",
            "artist": "Robert Haigh",
            "id": 27740974
        },
        {
            "name": "Alpine Sketch",
            "artist": "Christian Löffler",
            "id": 28447219
        },
        {
            "name": "Mineral",
            "artist": "Sylvain Chauveau",
            "id": 19077283
        },
        {
            "name": "Perhaps things had finally begun to move",
            "artist": "A Cerulean State",
            "id": 473740152
        },
        {
            "name": "Silent Fall",
            "artist": "Federico Albanese",
            "id": 405079248
        },
        {
            "name": "Lancashire Road",
            "artist": "Moments",
            "id": 1825124545
        },
        {
            "name": "Insight XIX",
            "artist": "Julien Marchal",
            "id": 483200150
        },
        {
            "name": "Second Call",
            "artist": "Otto A Totland",
            "id": 522351207
        },
        {
            "name": "I Will Remember",
            "artist": "Peder B. Helland",
            "id": 1393394357
        },
        {
            "name": "Lag Fyrir Ömmu",
            "artist": "Ólafur Arnalds",
            "id": 16139396
        },
        {
            "name": "mure",
            "artist": "hideyuki hashimoto",
            "id": 507585639
        },
        {
            "name": "matsu",
            "artist": "hideyuki hashimoto",
            "id": 507585635
        },
        {
            "name": "hitori",
            "artist": "hideyuki hashimoto",
            "id": 507585626
        },
        {
            "name": "Pour les oiseaux (variation 1)",
            "artist": "Sylvain Chauveau",
            "id": 19077232
        },
        {
            "name": "Absent",
            "artist": "Mike Lazarev",
            "id": 518704013
        },
        {
            "name": "多希望你能坚定的选择我",
            "artist": "会心疼我嘛",
            "id": 1489664854
        },
        {
            "name": "Back",
            "artist": "Roberto Attanasio",
            "id": 476638784
        },
        {
            "name": "Some",
            "artist": "Nils Frahm",
            "id": 31234642
        },
        {
            "name": "留住时间",
            "artist": "JINBAO",
            "id": 1835141696
        },
        {
            "name": "Insight",
            "artist": "Robert J. P. Oberg",
            "id": 28850313
        },
        {
            "name": "Pure",
            "artist": "Roya Torabi",
            "id": 480574606
        },
        {
            "name": "Unsayable",
            "artist": "Brambles",
            "id": 31152622
        },
        {
            "name": "The North Green Down IV",
            "artist": "Emanuele Errante",
            "id": 2429731
        },
        {
            "name": "November",
            "artist": "Endless Melancholy",
            "id": 28072725
        },
        {
            "name": "Sweden",
            "artist": "C418",
            "id": 4010229
        },
        {
            "name": "Eyes Closed",
            "artist": "Fabrizio Paterlini",
            "id": 1399420146
        },
        {
            "name": "At Dawn",
            "artist": "Ever So Blue",
            "id": 1374617388
        },
        {
            "name": "For All Our Forgotten Friends",
            "artist": "Miro",
            "id": 399953164
        },
        {
            "name": "Julie",
            "artist": "Otto A Totland",
            "id": 28245312
        },
        {
            "name": "An Elegy for Innocence",
            "artist": "Miro",
            "id": 428642577
        },
        {
            "name": "Based",
            "artist": "CEEYS",
            "id": 466325413
        },
        {
            "name": "Koto",
            "artist": "Hideyuki Hashimoto",
            "id": 1809393569
        },
        {
            "name": "Leave",
            "artist": "Endless Melancholy",
            "id": 26243494
        },
        {
            "name": "With Everything That Breathes",
            "artist": "Greg Haines",
            "id": 17976140
        },
        {
            "name": "Reflections of Life",
            "artist": "Denean",
            "id": 2424854
        },
        {
            "name": "Be By Me",
            "artist": "Robert J. P. Oberg",
            "id": 1924489
        },
        {
            "name": "Soak (piano)",
            "artist": "Emmit Fenn",
            "id": 469744724
        },
        {
            "name": "Seul",
            "artist": "Steve Gibbs",
            "id": 563045131
        },
        {
            "name": "Someday",
            "artist": "Robert J. P. Oberg",
            "id": 28850314
        },
        {
            "name": "Hiro",
            "artist": "Sight of Wonders",
            "id": 1390226851
        },
        {
            "name": "Ala",
            "artist": "Joep Beving",
            "id": 1407911715
        },
        {
            "name": "Sereno",
            "artist": "Andrei Machado",
            "id": 28273860
        },
        {
            "name": "ρ",
            "artist": "α·Pav",
            "id": 498373298
        },
        {
            "name": "Johnny Has Gone For A Soldier",
            "artist": "Goldmund",
            "id": 2640539
        },
        {
            "name": "Fall",
            "artist": "A Veil Of Water",
            "id": 28578667
        },
        {
            "name": "Paper Lanterns Parade",
            "artist": "Laurence Ipsum",
            "id": 1345133111
        },
        {
            "name": "All My Joy, All My Pain",
            "artist": "Fabrizio Paterlini",
            "id": 539046127
        },
        {
            "name": "Footsteps",
            "artist": "Mike Lazarev",
            "id": 1301998975
        },
        {
            "name": "Night Song",
            "artist": "Niall Byrne",
            "id": 554391207
        },
        {
            "name": "Farsight, Pt. 2",
            "artist": "Tristan Eckerson",
            "id": 1392084470
        },
        {
            "name": "4 am by Candlelight",
            "artist": "David Nevue",
            "id": 1237437
        },
        {
            "name": "Unbraiding the Sun",
            "artist": "Goldmund",
            "id": 2640782
        },
        {
            "name": "Finding It There",
            "artist": "Goldmund",
            "id": 18057482
        },
        {
            "name": "Reminiscence",
            "artist": "Johannes Bornlöf",
            "id": 1300743530
        },
        {
            "name": "Changing Winds",
            "artist": "Alexandra Streliski",
            "id": 1294236950
        },
        {
            "name": "☾",
            "artist": "沙皮",
            "id": 1348688293
        },
        {
            "name": "Moths (Flourescent)",
            "artist": "Laurence Ipsum",
            "id": 1345133104
        },
        {
            "name": "Changing Winds",
            "artist": "Alexandra Streliski",
            "id": 1315662263
        },
        {
            "name": "A Flowing Somberness",
            "artist": "Laurence Ipsum",
            "id": 1345133099
        },
        {
            "name": "Above",
            "artist": "Goldmund",
            "id": 1295824148
        },
        {
            "name": "A Careful Tearing",
            "artist": "Levi Patel",
            "id": 470736153
        },
        {
            "name": "Door Of Our Home",
            "artist": "Goldmund",
            "id": 2640819
        },
        {
            "name": "Circling",
            "artist": "Nils Frahm",
            "id": 31234643
        },
        {
            "name": "The Wind Wings",
            "artist": "Goldmund",
            "id": 5064939
        },
        {
            "name": "Stardust",
            "artist": "Peter Jeremias",
            "id": 36953772
        },
        {
            "name": "One.",
            "artist": "Goldmund",
            "id": 2640765
        },
        {
            "name": "White Forest (in Kazan)",
            "artist": "Fabrizio Paterlini",
            "id": 1813925869
        },
        {
            "name": "Three Worlds: Music From Woolf Works / Mrs Dalloway:Meeting Again",
            "artist": "Max Richter",
            "id": 456094670
        },
        {
            "name": "Solêr",
            "artist": "Otto A Totland",
            "id": 28245305
        },
        {
            "name": "Nostalgia",
            "artist": "Endless Melancholy",
            "id": 26243496
        },
        {
            "name": "Memoria",
            "artist": "Slow Meadow",
            "id": 425136326
        },
        {
            "name": "Ø",
            "artist": "the tumbled sea",
            "id": 4346235
        },
        {
            "name": "Threnody",
            "artist": "Goldmund",
            "id": 18057484
        },
        {
            "name": "Born a Stranger（slow）",
            "artist": "Lerge",
            "id": 455634241
        },
        {
            "name": "κ",
            "artist": "α·Pav",
            "id": 139227
        },
        {
            "name": "Pinô",
            "artist": "Otto A Totland",
            "id": 28245308
        },
        {
            "name": "《夜色钢琴曲》岁月",
            "artist": "赵海洋",
            "id": 522081421
        },
        {
            "name": "Everything Above",
            "artist": "MZ92",
            "id": 1363152886
        },
        {
            "name": "WALL (Piano Ver.)",
            "artist": "MZ92",
            "id": 1407267439
        },
        {
            "name": "The Departure (Persistence of Vision)",
            "artist": "Max Richter",
            "id": 41667726
        },
        {
            "name": "水星上的鲸",
            "artist": "hui sonata",
            "id": 535093555
        },
        {
            "name": "Steps",
            "artist": "Otto A Totland",
            "id": 28245303
        },
        {
            "name": "Singur",
            "artist": "Oskar Schuster",
            "id": 468882321
        },
        {
            "name": "wa1c oo",
            "artist": "nunu",
            "id": 3204370
        },
        {
            "name": "Cold Night Colors",
            "artist": "Robert J. P. Oberg",
            "id": 1924530
        },
        {
            "name": "Romance",
            "artist": "Tambour",
            "id": 495550478
        },
        {
            "name": "Ágúst",
            "artist": "Ólafur Arnalds",
            "id": 16139395
        },
        {
            "name": "While Everything Burns",
            "artist": "Fabrizio Paterlini",
            "id": 498286024
        },
        {
            "name": "Getting Lighter",
            "artist": "Goldmund",
            "id": 37132779
        },
        {
            "name": "很短的夜晚小记",
            "artist": "MZ92",
            "id": 1382441642
        },
        {
            "name": "Unhinged",
            "artist": "Mike Lazarev",
            "id": 480613615
        },
        {
            "name": "Low Light",
            "artist": "Steve Gibbs",
            "id": 29540378
        },
        {
            "name": "【Pno】LOVE YOURSELF Highlight Reel '起'（Cover BTS）",
            "artist": "懵圈赵",
            "id": 499099883
        },
        {
            "name": "去月球",
            "artist": "indigo",
            "id": 863383784
        },
        {
            "name": "Seven Days Walking / Day 2:Birdsong",
            "artist": "Ludovico Einaudi",
            "id": 1355149804
        },
        {
            "name": "We Have Met Before",
            "artist": "Endless Melancholy",
            "id": 26243492
        },
        {
            "name": "Siente",
            "artist": "Robert J. P. Oberg",
            "id": 1924496
        },
        {
            "name": "El Transcurrir De Las Horas",
            "artist": "Bosques de mi Mente",
            "id": 27552967
        },
        {
            "name": "Slin",
            "artist": "Otto A Totland",
            "id": 522351208
        },
        {
            "name": "Seven Days Walking / Day 1:Low Mist Var. 2",
            "artist": "Ludovico Einaudi",
            "id": 1351917748
        },
        {
            "name": "Ro To",
            "artist": "Otto A Totland",
            "id": 28245310
        },
        {
            "name": "初",
            "artist": "阿鲲",
            "id": 28457782
        },
        {
            "name": "Spring Thaw",
            "artist": "Sleep Dealer",
            "id": 410518622
        },
        {
            "name": "You Are My Only Hope",
            "artist": "Painless Destiny",
            "id": 28692684
        },
        {
            "name": "A Lamenting Song",
            "artist": "Max Richter",
            "id": 504706082
        },
        {
            "name": "sign -bonus track-",
            "artist": "Chouchou",
            "id": 28977765
        },
        {
            "name": "Silent Eyes",
            "artist": "Fabrizio Paterlini",
            "id": 26243938
        },
        {
            "name": "循环。",
            "artist": "Treey",
            "id": 1430232990
        },
        {
            "name": "Cedars of Lebanon",
            "artist": "Steve Barakatt",
            "id": 1992360
        },
        {
            "name": "Unreachable",
            "artist": "Robert J. P. Oberg",
            "id": 1924518
        },
        {
            "name": "「一枝梅」花信",
            "artist": "中村由利子",
            "id": 25876796
        },
        {
            "name": "i love her.",
            "artist": "Fobo$",
            "id": 1435580740
        },
        {
            "name": "η",
            "artist": "α·Pav",
            "id": 29137871
        },
        {
            "name": "K.",
            "artist": "Aron Bergen",
            "id": 28699005
        },
        {
            "name": "Trust",
            "artist": "Robert J. P. Oberg",
            "id": 28850311
        },
        {
            "name": "Pour les oiseaux",
            "artist": "Sylvain Chauveau",
            "id": 19077226
        },
        {
            "name": "The Departure (Diary)",
            "artist": "Max Richter",
            "id": 41667714
        },
        {
            "name": "Fragile",
            "artist": "Mike Lazarev",
            "id": 480613616
        },
        {
            "name": "Desolation",
            "artist": "Dave Greening",
            "id": 1294703
        },
        {
            "name": "Blanc",
            "artist": "Sylvain Chauveau",
            "id": 1943186
        },
        {
            "name": "Schuster: Singur",
            "artist": "Oskar Schuster",
            "id": 487363352
        },
        {
            "name": "Weltz",
            "artist": "Otto A Totland",
            "id": 28245307
        },
        {
            "name": "3055",
            "artist": "Ólafur Arnalds",
            "id": 16139381
        },
        {
            "name": "Cornfield Chase（Piano Concerto Ver)",
            "artist": "6＆9",
            "id": 556748766
        },
        {
            "name": "Without You I Am Dying",
            "artist": "Painless Destiny",
            "id": 28692687
        },
        {
            "name": "Damascus",
            "artist": "Oskar Schuster",
            "id": 1306371132
        },
        {
            "name": "A Minute For The End",
            "artist": "Endless Melancholy",
            "id": 4064255
        }
    ]
}