{
    "playlist_info": {
        "name": "战死在杀场吧！年轻人！！！",
        "trackcount": 137,
        "playcount": 11691,
        "creator": "帐号已注销",
        "createDate": "2015-01-11",
        "heat": 3.0
    },
    "songs": [
        {
            "name": "Mankind",
            "artist": "Really Slow Motion",
            "id": 38392306
        },
        {
            "name": "Where Civilization Once Lay",
            "artist": "Jeremiah Pena",
            "id": 29751206
        },
        {
            "name": "Pitcairn Story",
            "artist": "Michael Conn",
            "id": 41667067
        },
        {
            "name": "Legendary",
            "artist": "Epic Soul Factory",
            "id": 36586598
        },
        {
            "name": "Hit-Girl's Farewell",
            "artist": "Henry Jackman",
            "id": 27607466
        },
        {
            "name": "Asylum",
            "artist": "Christopher Kus",
            "id": 402073047
        },
        {
            "name": "Stars Will Fall",
            "artist": "Silver Screen",
            "id": 441120089
        },
        {
            "name": "Suns And Stars",
            "artist": "Really Slow Motion",
            "id": 33682163
        },
        {
            "name": "300 Violin Orchestra",
            "artist": "Jorge Quintero",
            "id": 28391612
        },
        {
            "name": "Angels Will Rise",
            "artist": "Twisted Jukebox",
            "id": 29844298
        },
        {
            "name": "The Final Zepp (Remix of Zepp Fivefrom Saw V)",
            "artist": "Charlie Clouser",
            "id": 1161414
        },
        {
            "name": "Hello Zepp",
            "artist": "Charlie Clouser",
            "id": 1161653
        },
        {
            "name": "Remembrance",
            "artist": "Really Slow Motion",
            "id": 34200270
        },
        {
            "name": "Magika",
            "artist": "Two Steps From Hell",
            "id": 32737702
        },
        {
            "name": "Fire",
            "artist": "Shire Music",
            "id": 34916748
        },
        {
            "name": "Future Funk",
            "artist": "Varien",
            "id": 27639209
        },
        {
            "name": "Entropy",
            "artist": "Nick Murray",
            "id": 29751208
        },
        {
            "name": "Soviet March",
            "artist": "James Hannigan",
            "id": 5042951
        },
        {
            "name": "Special Unit",
            "artist": "Two Steps From Hell",
            "id": 26900503
        },
        {
            "name": "Passion of Victory",
            "artist": "Future World Music",
            "id": 28458415
        },
        {
            "name": "Fate of the World",
            "artist": "Icon Audio",
            "id": 28841869
        },
        {
            "name": "Fade To Black",
            "artist": "Royalty Free Kings",
            "id": 32317617
        },
        {
            "name": "Epic Hollywood Trailer",
            "artist": "Peter McIsaac Music",
            "id": 33497726
        },
        {
            "name": "Evolveation",
            "artist": "Revolt Production Music",
            "id": 28595171
        },
        {
            "name": "Helmet to Helmet",
            "artist": "Brand X Music",
            "id": 34749433
        },
        {
            "name": "Legacy of Six",
            "artist": "Really Slow Motion",
            "id": 34200958
        },
        {
            "name": "New Light No Synth",
            "artist": "Mark Petrie",
            "id": 29045499
        },
        {
            "name": "Intimidation",
            "artist": "Mark Petrie",
            "id": 30798221
        },
        {
            "name": "Requiem For A Dream",
            "artist": "Jennifer Thomas",
            "id": 32019356
        },
        {
            "name": "Come, Come Ye Saints",
            "artist": "Steven Sharp Nelson",
            "id": 1992755
        },
        {
            "name": "The Ecstacy of Gold (The Good, The Bad and The Ugly)",
            "artist": "Ennio Morricone",
            "id": 5027994
        },
        {
            "name": "The Horizon (Full Mix)",
            "artist": "Silver Screen",
            "id": 399552536
        },
        {
            "name": "We Had Today",
            "artist": "Rachel Portman",
            "id": 27579168
        },
        {
            "name": "Thug Fight",
            "artist": "Tom Morello",
            "id": 1942070
        },
        {
            "name": "Rock Attack",
            "artist": "Daniel Backes",
            "id": 439911436
        },
        {
            "name": "Remembrance - No Choir",
            "artist": "Really Slow Motion",
            "id": 34200271
        },
        {
            "name": "Foundation",
            "artist": "PostHaste Music Library",
            "id": 35437386
        },
        {
            "name": "Cataclysmic Clash",
            "artist": "Position Music",
            "id": 28913466
        },
        {
            "name": "Drowning Abyss",
            "artist": "Sub Pub Music",
            "id": 32752151
        },
        {
            "name": "Eternal Passion (Original Mix)",
            "artist": "Ezietto",
            "id": 36797364
        },
        {
            "name": "Dominion",
            "artist": "Shire Music",
            "id": 34916757
        },
        {
            "name": "Breath and Life",
            "artist": "Audiomachine",
            "id": 3935139
        },
        {
            "name": "Skyrim™ - \"Dragonborn Theme”",
            "artist": "Video Games Live",
            "id": 28460595
        },
        {
            "name": "Exhumed",
            "artist": "Two Steps From Hell",
            "id": 19554955
        },
        {
            "name": "Silver Scrapes",
            "artist": "Chronic Crew",
            "id": 35470530
        },
        {
            "name": "Eternity (Outro, MFIT)",
            "artist": "Eluveitie",
            "id": 28864868
        },
        {
            "name": "Requiem For A Tower Mvt. IV",
            "artist": "Corner Stone Cues",
            "id": 4014002
        },
        {
            "name": "Tales of the Electric Romeo",
            "artist": "Immediate",
            "id": 27129154
        },
        {
            "name": "Dragon Rider",
            "artist": "Two Steps From Hell",
            "id": 19554998
        },
        {
            "name": "Hope Always",
            "artist": "X-Ray Dog",
            "id": 4437849
        },
        {
            "name": "Ride Of The Valkyries",
            "artist": "Evil Masquerade",
            "id": 5085886
        },
        {
            "name": "Apollo s Triumph",
            "artist": "Audiomachine",
            "id": 28285770
        },
        {
            "name": "2-я Сибирская ударная дивизия",
            "artist": "Arisk Priest",
            "id": 3931721
        },
        {
            "name": "Т 34",
            "artist": "Arisk Priest",
            "id": 3931718
        },
        {
            "name": "Sun",
            "artist": "Thomas Bergersen",
            "id": 29460366
        },
        {
            "name": "Creation of Earth",
            "artist": "Thomas Bergersen",
            "id": 29460365
        },
        {
            "name": "Explosive",
            "artist": "Bond",
            "id": 16821275
        },
        {
            "name": "Brutal Force",
            "artist": "Gothic Storm",
            "id": 5081541
        },
        {
            "name": "Triumph of the Strong",
            "artist": "Dan Graham",
            "id": 5083727
        },
        {
            "name": "Day of Redemption",
            "artist": "Gothic Storm",
            "id": 5083731
        },
        {
            "name": "Vater Unser",
            "artist": "E Nomine",
            "id": 2534965
        },
        {
            "name": "Crusader Of Glory",
            "artist": "Erik Ekholm",
            "id": 26376498
        },
        {
            "name": "Apocalyptic Aftermath",
            "artist": "Gothic Storm",
            "id": 5081546
        },
        {
            "name": "Adventure Time",
            "artist": "Philter",
            "id": 21375446
        },
        {
            "name": "Pompeii",
            "artist": "E.S. Posthumus",
            "id": 1303735
        },
        {
            "name": "A Place in Heaven",
            "artist": "Thomas Bergersen",
            "id": 2061730
        },
        {
            "name": "Stand And Fight",
            "artist": "Gothic Storm",
            "id": 5081538
        },
        {
            "name": "Arise",
            "artist": "E.S. Posthumus",
            "id": 17539360
        },
        {
            "name": "Gangsta Symphony",
            "artist": "Philip Guyler",
            "id": 29812868
        },
        {
            "name": "Ready For War",
            "artist": "50 Cent",
            "id": 27901706
        },
        {
            "name": "Manju",
            "artist": "E.S. Posthumus",
            "id": 17539354
        },
        {
            "name": "Heretic",
            "artist": "Brand X Music",
            "id": 3977949
        },
        {
            "name": "Wrath of Sea",
            "artist": "Two Steps From Hell",
            "id": 4379258
        },
        {
            "name": "Falling Into a Dream",
            "artist": "Brian Tyler",
            "id": 28188764
        },
        {
            "name": "Rags To Rings",
            "artist": "Danny McCarthy",
            "id": 28949412
        },
        {
            "name": "Merchant Prince",
            "artist": "Thomas Bergersen",
            "id": 2061732
        },
        {
            "name": "Fatum Plebis",
            "artist": "Immediate Music",
            "id": 1461555
        },
        {
            "name": "Cassandra",
            "artist": "Two Steps From Hell",
            "id": 27160516
        },
        {
            "name": "This Is War",
            "artist": "Cliff Lin",
            "id": 1215204
        },
        {
            "name": "Mind Heist: Evolution",
            "artist": "Zack Hemsey",
            "id": 2112331
        },
        {
            "name": "Spiritus Elektros",
            "artist": "Immediate Music",
            "id": 1463197
        },
        {
            "name": "Overklock",
            "artist": "Blue Stahli",
            "id": 25888654
        },
        {
            "name": "The Warrior Song",
            "artist": "Sean Household",
            "id": 1992968
        },
        {
            "name": "Mind Heist: The Promise Of Tomorrow",
            "artist": "Zack Hemsey",
            "id": 2112329
        },
        {
            "name": "Ravenous Dog",
            "artist": "X-Ray Dog",
            "id": 29534959
        },
        {
            "name": "Sol Invictus",
            "artist": "Audiomachine",
            "id": 28285759
        },
        {
            "name": "Black Ice",
            "artist": "X-Ray Dog",
            "id": 4435798
        },
        {
            "name": "Shotgun Senorita",
            "artist": "Blue Stahli",
            "id": 25888658
        },
        {
            "name": "Ascend to Power",
            "artist": "Gothic Storm",
            "id": 5083726
        },
        {
            "name": "Eventide",
            "artist": "Brand X Music",
            "id": 3977942
        },
        {
            "name": "Lost but Won",
            "artist": "Hans Zimmer",
            "id": 27733613
        },
        {
            "name": "Extinction",
            "artist": "Brand X Music",
            "id": 3978753
        },
        {
            "name": "Danuvius",
            "artist": "Audiomachine",
            "id": 3934578
        },
        {
            "name": "Shadowfall",
            "artist": "Audiomachine",
            "id": 27969824
        },
        {
            "name": "King's Legion (NC)",
            "artist": "Two Steps From Hell",
            "id": 4378782
        },
        {
            "name": "Flight Of Dreams",
            "artist": "X-Ray Dog",
            "id": 4436820
        },
        {
            "name": "Leadfoot Getaway",
            "artist": "Blue Stahli",
            "id": 25888656
        },
        {
            "name": "Hey Let's Go",
            "artist": "X-Ray Dog",
            "id": 4440625
        },
        {
            "name": "Final Hour",
            "artist": "X-Ray Dog",
            "id": 4435703
        },
        {
            "name": "Ravenous",
            "artist": "X-Ray Dog",
            "id": 4441164
        },
        {
            "name": "Freeflight",
            "artist": "X-Ray Dog",
            "id": 4441179
        },
        {
            "name": "Kashmir",
            "artist": "Escala",
            "id": 17625648
        },
        {
            "name": "Palladio",
            "artist": "Escala",
            "id": 17625647
        },
        {
            "name": "Requiem For A Tower",
            "artist": "Escala",
            "id": 17625646
        },
        {
            "name": "Immortal",
            "artist": "Thomas Bergersen",
            "id": 2061739
        },
        {
            "name": "For The Win (Dance Remix)",
            "artist": "Two Steps From Hell",
            "id": 27406245
        },
        {
            "name": "False King",
            "artist": "Two Steps From Hell",
            "id": 19558020
        },
        {
            "name": "Strength Of A Thousand Men",
            "artist": "Two Steps From Hell",
            "id": 4377220
        },
        {
            "name": "El Dorado (Dubstep Remix)",
            "artist": "Two Steps From Hell",
            "id": 27406244
        },
        {
            "name": "Believe",
            "artist": "Immediate Music",
            "id": 1463078
        },
        {
            "name": "Mercutio",
            "artist": "Immediate Music",
            "id": 1463272
        },
        {
            "name": "Imperitum Immediate",
            "artist": "Immediate Music",
            "id": 1461839
        },
        {
            "name": "Serenata Immortale",
            "artist": "Immediate Music",
            "id": 1461836
        },
        {
            "name": "Battle",
            "artist": "Steve Jablonsky",
            "id": 1942395
        },
        {
            "name": "Extraction Point",
            "artist": "Lorne Balfe",
            "id": 18209583
        },
        {
            "name": "Dystopic",
            "artist": "Position Music",
            "id": 4254104
        },
        {
            "name": "In The Tunnels",
            "artist": "Nick Glennie-Smith",
            "id": 1430204
        },
        {
            "name": "Cast Away",
            "artist": "Capo Productions",
            "id": 4010796
        },
        {
            "name": "''Metal Gear Solid'' Main Theme",
            "artist": "Harry Gregson-Williams",
            "id": 25824948
        },
        {
            "name": "V3 (O2 Version)",
            "artist": "BeautifulDay",
            "id": 5049056
        },
        {
            "name": "Rise - Epic Music",
            "artist": "John Dreamer",
            "id": 28283137
        },
        {
            "name": "Man At Arms (Non Choir)",
            "artist": "Position Music",
            "id": 5137291
        },
        {
            "name": "Empire of Angels",
            "artist": "Thomas Bergersen",
            "id": 29460377
        },
        {
            "name": "Go Time",
            "artist": "Mark Petrie",
            "id": 29717271
        },
        {
            "name": "Rags To Rings",
            "artist": "英雄联盟",
            "id": 28949242
        },
        {
            "name": "Will and Elizabeth",
            "artist": "Klaus Badelt",
            "id": 1620471
        },
        {
            "name": "Mind Heist",
            "artist": "Zack Hemsey",
            "id": 2112355
        },
        {
            "name": "Kardusen",
            "artist": "Pg.lost",
            "id": 18291345
        },
        {
            "name": "天地孤影任我行",
            "artist": "陈勋奇",
            "id": 393697
        },
        {
            "name": "沸き上がる闘志",
            "artist": "六三四",
            "id": 784550
        },
        {
            "name": "七剑战歌",
            "artist": "川井憲次",
            "id": 449115
        },
        {
            "name": "Guardians at the Gate",
            "artist": "Audiomachine",
            "id": 3935176
        },
        {
            "name": "String Tek",
            "artist": "X-Ray Dog",
            "id": 4441159
        },
        {
            "name": "Cyberworld",
            "artist": "X-Ray Dog",
            "id": 4441146
        },
        {
            "name": "Vishnu",
            "artist": "E.S. Posthumus",
            "id": 17539358
        },
        {
            "name": "Hunted Assassin 2",
            "artist": "Epic Score",
            "id": 4054225
        },
        {
            "name": "Heart of Courage",
            "artist": "Two Steps From Hell",
            "id": 4377969
        }
    ]
}