{
    "playlist_info": {
        "name": "我要独一无二的婚礼歌单",
        "trackcount": 38,
        "playcount": 1494152,
        "creator": "HohooYJ",
        "createDate": "2019-03-02",
        "heat": 945.0
    },
    "songs": [
        {
            "name": "Love You Like the Movies",
            "artist": "Anthem Lights",
            "id": 29498914
        },
        {
            "name": "你被写在我的歌里",
            "artist": "CUCA阿卡贝拉清唱社",
            "id": 1842311333
        },
        {
            "name": "Darling",
            "artist": "朱彦安",
            "id": 1321648605
        },
        {
            "name": "Kissin U",
            "artist": "Miranda Cosgrove",
            "id": 29723011
        },
        {
            "name": "You Belong To Me",
            "artist": "Jason Wade",
            "id": 5053289
        },
        {
            "name": "Try",
            "artist": "Asher Monroe",
            "id": 5041667
        },
        {
            "name": "I Do",
            "artist": "911",
            "id": 28256115
        },
        {
            "name": "Better with You",
            "artist": "Kris Allen",
            "id": 18949687
        },
        {
            "name": "Carry You",
            "artist": "Union J",
            "id": 26391022
        },
        {
            "name": "You’ll Be Mine",
            "artist": "Havana Brown",
            "id": 27836503
        },
        {
            "name": "Mr. & Mrs. (I Do This For You)",
            "artist": "Group 1 Crew",
            "id": 19885534
        },
        {
            "name": "CAN'T STOP THE FEELING! (Original Song from DreamWorks Animation's \"TROLLS\")",
            "artist": "Justin Timberlake",
            "id": 411921855
        },
        {
            "name": "I Really Like You",
            "artist": "Carly Rae Jepsen",
            "id": 30841076
        },
        {
            "name": "Love Me Like You Do",
            "artist": "Ellie Goulding",
            "id": 29966565
        },
        {
            "name": "Sugar",
            "artist": "Maroon 5",
            "id": 29019227
        },
        {
            "name": "I Miss You",
            "artist": "Phil Good",
            "id": 487587333
        },
        {
            "name": "Sign",
            "artist": "DEAMN",
            "id": 440101136
        },
        {
            "name": "Red",
            "artist": "Alex Goot",
            "id": 28941040
        },
        {
            "name": "Marry You",
            "artist": "Bruno Mars",
            "id": 25657282
        },
        {
            "name": "靠近一点点婚礼加长版",
            "artist": "三套车乐队",
            "id": 1946506902
        },
        {
            "name": "遇到婚礼版本",
            "artist": "三套车乐队",
            "id": 1946993993
        },
        {
            "name": "情话",
            "artist": "余佳运",
            "id": 491787693
        },
        {
            "name": "A Thousand Years",
            "artist": "Christina Perri",
            "id": 2411634
        },
        {
            "name": "给你给我",
            "artist": "毛不易",
            "id": 569200210
        },
        {
            "name": "Love Story",
            "artist": "Taylor Swift",
            "id": 19292984
        },
        {
            "name": "Say Something",
            "artist": "Anthem Lights",
            "id": 28681431
        },
        {
            "name": "If I Ain't Got You",
            "artist": "Alicia Keys",
            "id": 16434011
        },
        {
            "name": "Talking to the Moon",
            "artist": "Bruno Mars",
            "id": 25657274
        },
        {
            "name": "和你",
            "artist": "余佳运",
            "id": 420401511
        },
        {
            "name": "I Wanna(我想)(Live)",
            "artist": "余佳运",
            "id": 473404348
        },
        {
            "name": "Hold On",
            "artist": "Chord Overstreet",
            "id": 457766169
        },
        {
            "name": "你(吉他甜蜜版)",
            "artist": "林依晨",
            "id": 4873540
        },
        {
            "name": "I'm Yours",
            "artist": "Jason Mraz",
            "id": 18611643
        },
        {
            "name": "I Am You",
            "artist": "Kim Taylor",
            "id": 2919622
        },
        {
            "name": "Das Beste",
            "artist": "Silbermond",
            "id": 3409461
        },
        {
            "name": "Take Me To Your Heart",
            "artist": "Michael Learns To Rock",
            "id": 4173190
        },
        {
            "name": "Flying Without Wings",
            "artist": "Westlife",
            "id": 2081290
        },
        {
            "name": "Lover",
            "artist": "Taylor Swift",
            "id": 1382778514
        }
    ]
}