{
    "playlist_info": {
        "name": "我爱你 我的生活",
        "trackcount": 108,
        "playcount": 40,
        "creator": "喵珏yaaa",
        "createDate": "2023-06-25",
        "heat": 11.0
    },
    "songs": [
        {
            "name": "今夜无法入眠",
            "artist": "帆布小镇",
            "id": 1428270358
        },
        {
            "name": "亲爱的，这次日落",
            "artist": "帆布小镇",
            "id": 1432229429
        },
        {
            "name": "你说一切都会好的",
            "artist": "帆布小镇",
            "id": 1430595488
        },
        {
            "name": "人潮中我转身将你拉住",
            "artist": "帆布小镇",
            "id": 1496578211
        },
        {
            "name": "明天见，就是我会去找你",
            "artist": "帆布小镇",
            "id": 1500241926
        },
        {
            "name": "海边",
            "artist": "帆布小镇",
            "id": 1813700975
        },
        {
            "name": "无数次被你解救的生活",
            "artist": "帆布小镇",
            "id": 1894416088
        },
        {
            "name": "夜晚出现的美好，未曾消散",
            "artist": "帆布小镇",
            "id": 1808007621
        },
        {
            "name": "闷",
            "artist": "帆布小镇",
            "id": 1865046472
        },
        {
            "name": "从远方奔赴一场",
            "artist": "帆布小镇",
            "id": 1398894062
        },
        {
            "name": "无论相聚分离的时刻",
            "artist": "帆布小镇",
            "id": 2008506328
        },
        {
            "name": "春天森林",
            "artist": "帆布小镇",
            "id": 2008506369
        },
        {
            "name": "昨夜匆匆一别",
            "artist": "帆布小镇",
            "id": 2008508015
        },
        {
            "name": "我不是诗人",
            "artist": "帆布小镇",
            "id": 2008506322
        },
        {
            "name": "美梦",
            "artist": "帆布小镇",
            "id": 2008507966
        },
        {
            "name": "此刻我们热烈而勇敢",
            "artist": "帆布小镇",
            "id": 2008508002
        },
        {
            "name": "我要你好好的",
            "artist": "帆布小镇",
            "id": 1438463386
        },
        {
            "name": "当夜空落去，城市继续前行",
            "artist": "帆布小镇",
            "id": 1440222808
        },
        {
            "name": "当我望着你",
            "artist": "鹿洐人HumanHart",
            "id": 1885147533
        },
        {
            "name": "时间旅客Time Passengers",
            "artist": "鹿洐人HumanHart",
            "id": 1958404869
        },
        {
            "name": "智能约瑟Artificial Joseph",
            "artist": "鹿洐人HumanHart",
            "id": 1958401473
        },
        {
            "name": "混蛋使徒Troublesome Apostle",
            "artist": "鹿洐人HumanHart",
            "id": 1958401454
        },
        {
            "name": "极端理想",
            "artist": "鹿洐人HumanHart",
            "id": 2054278254
        },
        {
            "name": "记忆隧道",
            "artist": "鹿洐人HumanHart",
            "id": 2054278255
        },
        {
            "name": "烂笑话",
            "artist": "鹿洐人HumanHart",
            "id": 1840397017
        },
        {
            "name": "罗曼蒂克",
            "artist": "鹿洐人HumanHart",
            "id": 1840397018
        },
        {
            "name": "太阳可以是蓝色吗",
            "artist": "潮池蓝",
            "id": 1477576719
        },
        {
            "name": "黑夜坠入她的瞳孔",
            "artist": "潮池蓝",
            "id": 1813584950
        },
        {
            "name": "夏夜日记",
            "artist": "潮池蓝",
            "id": 1468749698
        },
        {
            "name": "记住三点半",
            "artist": "潮池蓝",
            "id": 1881784048
        },
        {
            "name": "Sweet Baby",
            "artist": "潮池蓝",
            "id": 1881826367
        },
        {
            "name": "浴室童子",
            "artist": "潮池蓝",
            "id": 1881826396
        },
        {
            "name": "火车日记",
            "artist": "丢火车",
            "id": 351285
        },
        {
            "name": "茶底世界",
            "artist": "丢火车",
            "id": 27591444
        },
        {
            "name": "白兰鸽巡游记",
            "artist": "丢火车",
            "id": 29593805
        },
        {
            "name": "秋城",
            "artist": "丢火车",
            "id": 473940941
        },
        {
            "name": "生日快乐",
            "artist": "丢火车",
            "id": 514765420
        },
        {
            "name": "我的世界因你而改变",
            "artist": "丢火车",
            "id": 29738941
        },
        {
            "name": "晚安",
            "artist": "丢火车",
            "id": 34923114
        },
        {
            "name": "Enjoy the sunshine",
            "artist": "岛屿心情",
            "id": 353412
        },
        {
            "name": "8+8=8",
            "artist": "岛屿心情",
            "id": 353414
        },
        {
            "name": "当一切结束时",
            "artist": "岛屿心情",
            "id": 353415
        },
        {
            "name": "关于未来 我不知道",
            "artist": "岛屿心情",
            "id": 353413
        },
        {
            "name": "影子",
            "artist": "岛屿心情",
            "id": 1358255257
        },
        {
            "name": "蝼蚁",
            "artist": "岛屿心情",
            "id": 1323736730
        },
        {
            "name": "这里",
            "artist": "岛屿心情",
            "id": 41659257
        },
        {
            "name": "玩具",
            "artist": "岛屿心情",
            "id": 41659256
        },
        {
            "name": "安魂曲 Tender Lullaby",
            "artist": "盘尼西林",
            "id": 1993400750
        },
        {
            "name": "哦！子夜 Oh! Midnight",
            "artist": "盘尼西林",
            "id": 1992050736
        },
        {
            "name": "瞬息间是夜晚",
            "artist": "盘尼西林",
            "id": 1385863147
        },
        {
            "name": "梦在黎明破晓时",
            "artist": "盘尼西林",
            "id": 1392155391
        },
        {
            "name": "再谈记忆",
            "artist": "盘尼西林",
            "id": 472137696
        },
        {
            "name": "雨夜曼彻斯特",
            "artist": "盘尼西林",
            "id": 472141618
        },
        {
            "name": "与世界温暖相拥",
            "artist": "盘尼西林",
            "id": 472141619
        },
        {
            "name": "仙儿",
            "artist": "二手玫瑰",
            "id": 27501008
        },
        {
            "name": "我要开花",
            "artist": "二手玫瑰",
            "id": 1328892588
        },
        {
            "name": "潇洒走一回",
            "artist": "二手玫瑰",
            "id": 353648
        },
        {
            "name": "允许部分艺术家先富起来",
            "artist": "二手玫瑰",
            "id": 353700
        },
        {
            "name": "伎俩",
            "artist": "二手玫瑰",
            "id": 353696
        },
        {
            "name": "火车快开",
            "artist": "二手玫瑰",
            "id": 353698
        },
        {
            "name": "解决",
            "artist": "海底时光机",
            "id": 1808262953
        },
        {
            "name": "迷失鸡鸣岛",
            "artist": "海底时光机",
            "id": 1808261208
        },
        {
            "name": "我爱你 我的生活",
            "artist": "海底时光机",
            "id": 1808250358
        },
        {
            "name": "飞过",
            "artist": "海底时光机",
            "id": 1963552844
        },
        {
            "name": "出海",
            "artist": "海底时光机",
            "id": 1963533430
        },
        {
            "name": "拨云见日",
            "artist": "海底时光机",
            "id": 1963552794
        },
        {
            "name": "环绕岛屿的拥抱",
            "artist": "海底时光机",
            "id": 1963553835
        },
        {
            "name": "平行时空",
            "artist": "钟易轩",
            "id": 2049777799
        },
        {
            "name": "Aphrodite",
            "artist": "椅子乐团 The Chairs",
            "id": 1960130295
        },
        {
            "name": "Rollin' On",
            "artist": "椅子乐团 The Chairs",
            "id": 574925512
        },
        {
            "name": "日常的镜头",
            "artist": "椅子乐团 The Chairs",
            "id": 574925509
        },
        {
            "name": "建议是看开点",
            "artist": "椅子乐团 The Chairs",
            "id": 536623692
        },
        {
            "name": "夏日最美的三十张拍立得相片",
            "artist": "椅子乐团 The Chairs",
            "id": 1471111588
        },
        {
            "name": "巴黎德州",
            "artist": "椅子乐团 The Chairs",
            "id": 1461501769
        },
        {
            "name": "Hey Aries",
            "artist": "椅子乐团 The Chairs",
            "id": 2041148074
        },
        {
            "name": "Paradise... How Far?",
            "artist": "椅子乐团 The Chairs",
            "id": 1448631530
        },
        {
            "name": "进入下一层新的梦之前",
            "artist": "椅子乐团 The Chairs",
            "id": 1960130296
        },
        {
            "name": "树屋",
            "artist": "椅子乐团 The Chairs",
            "id": 1487202784
        },
        {
            "name": "Paradise...How Far?",
            "artist": "椅子乐团 The Chairs",
            "id": 1487205170
        },
        {
            "name": "正确",
            "artist": "霓虹花园",
            "id": 2020557389
        },
        {
            "name": "无人的海边",
            "artist": "霓虹花园",
            "id": 1388674995
        },
        {
            "name": "霓虹花园",
            "artist": "霓虹花园",
            "id": 1377780930
        },
        {
            "name": "再见威尔逊",
            "artist": "霓虹花园",
            "id": 1490116284
        },
        {
            "name": "完美夏天",
            "artist": "霓虹花园",
            "id": 1483522399
        },
        {
            "name": "但我爱你",
            "artist": "霓虹花园",
            "id": 1383233361
        },
        {
            "name": "未来的答案",
            "artist": "霓虹花园",
            "id": 1875269013
        },
        {
            "name": "只有一个你的世界",
            "artist": "霓虹花园",
            "id": 2014291042
        },
        {
            "name": "亲爱的你一定要听见",
            "artist": "霓虹花园",
            "id": 2048872522
        },
        {
            "name": "My Jinji",
            "artist": "落日飞车",
            "id": 438462713
        },
        {
            "name": "Burgundy Red",
            "artist": "落日飞车",
            "id": 438462712
        },
        {
            "name": "Slow",
            "artist": "落日飞车",
            "id": 538610029
        },
        {
            "name": "Vanilla",
            "artist": "落日飞车",
            "id": 1362128139
        },
        {
            "name": "我是一只鱼",
            "artist": "落日飞车",
            "id": 1411718813
        },
        {
            "name": "I Know You Know I Love You",
            "artist": "落日飞车",
            "id": 344157
        },
        {
            "name": "私奔",
            "artist": "郑钧",
            "id": 186513
        },
        {
            "name": "热爱",
            "artist": "郑钧",
            "id": 416011629
        },
        {
            "name": "流星",
            "artist": "郑钧",
            "id": 4878093
        },
        {
            "name": "灰姑娘",
            "artist": "郑钧",
            "id": 186842
        },
        {
            "name": "赤裸裸",
            "artist": "郑钧",
            "id": 5264275
        },
        {
            "name": "如常",
            "artist": "草东没有派对",
            "id": 1458711455
        },
        {
            "name": "床",
            "artist": "草东没有派对",
            "id": 2035279723
        },
        {
            "name": "但",
            "artist": "草东没有派对",
            "id": 2035320743
        },
        {
            "name": "缸",
            "artist": "草东没有派对",
            "id": 2046562196
        },
        {
            "name": "白日梦",
            "artist": "草东没有派对",
            "id": 2046035293
        },
        {
            "name": "烂泥",
            "artist": "草东没有派对",
            "id": 411314656
        },
        {
            "name": "山海",
            "artist": "草东没有派对",
            "id": 411314659
        },
        {
            "name": "大风吹",
            "artist": "草东没有派对",
            "id": 411314657
        },
        {
            "name": "勇敢的人",
            "artist": "草东没有派对",
            "id": 410801745
        }
    ]
}