{
    "playlist_info": {
        "name": "我两手空空,但心事重重.",
        "trackcount": 121,
        "playcount": 834244,
        "creator": "在深夜说句晚安",
        "createDate": "2021-06-08",
        "heat": 1109.0
    },
    "songs": [
        {
            "name": "少一点天份－片段",
            "artist": "母一帆",
            "id": 1438068885
        },
        {
            "name": "后来（翻自 刘若英）",
            "artist": "UM",
            "id": 1894305294
        },
        {
            "name": "夏天的风（翻自 温岚）",
            "artist": "UM",
            "id": 1894306751
        },
        {
            "name": "漫步于星云之中",
            "artist": "UM",
            "id": 1914485227
        },
        {
            "name": "忘记拥抱",
            "artist": "南橘ya",
            "id": 1429787141
        },
        {
            "name": "♪",
            "artist": "UM",
            "id": 1469815710
        },
        {
            "name": "遥远的地方",
            "artist": "UM",
            "id": 1870088518
        },
        {
            "name": "愿",
            "artist": "鲨鲨",
            "id": 1433807553
        },
        {
            "name": "雨爱（翻自 杨丞琳）",
            "artist": "迷人耗子精",
            "id": 1467090928
        },
        {
            "name": "你和周杰伦都在我梦里 (Demo)",
            "artist": "方续Cuz",
            "id": 1850321305
        },
        {
            "name": "Y",
            "artist": "小好14",
            "id": 1841244228
        },
        {
            "name": "嗯",
            "artist": "UM",
            "id": 1851650952
        },
        {
            "name": "不找了（翻自 郭旭） ",
            "artist": "柳岸",
            "id": 1333968452
        },
        {
            "name": "不值得",
            "artist": "陈阳",
            "id": 1377981143
        },
        {
            "name": "无孟子（翻自 无孟子） ",
            "artist": "酷盖不酷",
            "id": 1413162944
        },
        {
            "name": "(´-ωก`)",
            "artist": "UM",
            "id": 1826254069
        },
        {
            "name": "时迁",
            "artist": "北田共",
            "id": 1424461254
        },
        {
            "name": "那么骄傲",
            "artist": "陈阳",
            "id": 1417781799
        },
        {
            "name": "you are blue",
            "artist": "方续Cuz",
            "id": 1464836695
        },
        {
            "name": "我永远不会停下前行的脚步",
            "artist": "UM",
            "id": 1902349300
        },
        {
            "name": "小雨",
            "artist": "UM",
            "id": 1834268324
        },
        {
            "name": "是春风 是余晖 是一道曙光 是未来可期",
            "artist": "赖蕊",
            "id": 1812464933
        },
        {
            "name": "失落沙洲（抖音弹唱版）",
            "artist": "火羊瞌睡了",
            "id": 1437055350
        },
        {
            "name": "有幸",
            "artist": "陈阳",
            "id": 1401595021
        },
        {
            "name": "♬",
            "artist": "UM",
            "id": 1862150216
        },
        {
            "name": "一个有故事的男孩",
            "artist": "大果粒",
            "id": 1359150804
        },
        {
            "name": "烟嗓版《可不可以》",
            "artist": "歌手Ada",
            "id": 1332040963
        },
        {
            "name": "爱的回归线",
            "artist": "JojoChen的秋天",
            "id": 1427049829
        },
        {
            "name": "☆",
            "artist": "CaDeR",
            "id": 1839695059
        },
        {
            "name": "收敛（抖音男声版）（翻自 不够）",
            "artist": "康博文",
            "id": 1448125484
        },
        {
            "name": "大城小爱",
            "artist": "李家鑫",
            "id": 1424102208
        },
        {
            "name": "♫",
            "artist": "00Spike",
            "id": 1875378116
        },
        {
            "name": "安河桥（cover：宋冬野）（翻自 宋冬野）",
            "artist": "李肥肥",
            "id": 1456536691
        },
        {
            "name": "忘记时间（片段）",
            "artist": "王小红i",
            "id": 1456889746
        },
        {
            "name": "一场大雨把我们困住",
            "artist": "方续Cuz",
            "id": 1464772035
        },
        {
            "name": "☾",
            "artist": "UM",
            "id": 1838374258
        },
        {
            "name": "不说",
            "artist": "你的星冰乐",
            "id": 1471998731
        },
        {
            "name": "祝我们在山巅并肩.",
            "artist": "赖蕊",
            "id": 1809532003
        },
        {
            "name": "我要找到你",
            "artist": "李肥肥",
            "id": 1428037762
        },
        {
            "name": "爱,存在（翻自 魏奇奇）",
            "artist": "王雨桐",
            "id": 1455674517
        },
        {
            "name": "到此为止",
            "artist": "昭爻tsuki",
            "id": 1363168477
        },
        {
            "name": "避风港",
            "artist": "UM",
            "id": 1894317038
        },
        {
            "name": "此生不换",
            "artist": "马越敏",
            "id": 1421516517
        },
        {
            "name": "日不落(抒情版)",
            "artist": "JjIiHhAaNnGg",
            "id": 1477320048
        },
        {
            "name": "你为什么说谎",
            "artist": "赵飞机",
            "id": 1457113551
        },
        {
            "name": "偏爱",
            "artist": "熊宇赫",
            "id": 1422727081
        },
        {
            "name": "关于我们",
            "artist": "李柯君",
            "id": 1449772332
        },
        {
            "name": "杂货店",
            "artist": "UM",
            "id": 1443701009
        },
        {
            "name": "我不想放手可你松开了左手",
            "artist": "依力 Music",
            "id": 1821099331
        },
        {
            "name": "一分一寸",
            "artist": "不是花火呀",
            "id": 1804614734
        },
        {
            "name": "狂恋你",
            "artist": "李嘉音",
            "id": 1481619814
        },
        {
            "name": "静",
            "artist": "UM",
            "id": 1818846136
        },
        {
            "name": "年轮",
            "artist": "Taooyy",
            "id": 1446072173
        },
        {
            "name": "错过",
            "artist": "是你的垚",
            "id": 1445733547
        },
        {
            "name": "Ne-Yo-melody（小念郎 remix）",
            "artist": "小念郎",
            "id": 1434893499
        },
        {
            "name": "ฅ۶•ﻌ•♡",
            "artist": "UM",
            "id": 1826254048
        },
        {
            "name": "年轮",
            "artist": "Sylvia",
            "id": 1423905375
        },
        {
            "name": "雨天（多讨厌的雨天）（翻自 汪苏泷）",
            "artist": "姚淳淳",
            "id": 1458206205
        },
        {
            "name": "雨爱",
            "artist": "王浩",
            "id": 1455714903
        },
        {
            "name": "~",
            "artist": "浮生月夜寂",
            "id": 1910268379
        },
        {
            "name": "suhmeduh-这是一首物极必反的丧物（triple y remix）",
            "artist": "triple y",
            "id": 1358455058
        },
        {
            "name": "左肩",
            "artist": "石頭的Demo",
            "id": 1408738715
        },
        {
            "name": "角落",
            "artist": "南浔",
            "id": 1449430703
        },
        {
            "name": "南下",
            "artist": "王浩",
            "id": 1452418823
        },
        {
            "name": "尽头",
            "artist": "UM",
            "id": 1884334497
        },
        {
            "name": "迷宫",
            "artist": "白允y",
            "id": 1437271639
        },
        {
            "name": "烟火",
            "artist": "赵飞机",
            "id": 1455485876
        },
        {
            "name": "洋葱",
            "artist": "苗田雨",
            "id": 1457801270
        },
        {
            "name": "小熊维尼寻爱记",
            "artist": "方续Cuz",
            "id": 1467479613
        },
        {
            "name": "红色高跟鞋",
            "artist": "喔喔",
            "id": 1441080789
        },
        {
            "name": "泡沫",
            "artist": "Swang多雷",
            "id": 518682659
        },
        {
            "name": "不说",
            "artist": "轲轲睡不着",
            "id": 1465975035
        },
        {
            "name": "岁岁常欢愉 万事皆胜意",
            "artist": "UM",
            "id": 1857919787
        },
        {
            "name": "疑心病",
            "artist": "轲轲睡不着",
            "id": 1472269713
        },
        {
            "name": "雨爱",
            "artist": "王富贵",
            "id": 1453082128
        },
        {
            "name": "越界",
            "artist": "睡不饱的老笨蛋",
            "id": 1445247227
        },
        {
            "name": "遐想",
            "artist": "UM",
            "id": 1832843034
        },
        {
            "name": "Walking alone in the rain.",
            "artist": "浮生月夜寂",
            "id": 1912904041
        },
        {
            "name": "丢了你（抖音版）（翻自 井胧）",
            "artist": "Haagen Dazs",
            "id": 1446673879
        },
        {
            "name": "山海",
            "artist": "万豹",
            "id": 1431393883
        },
        {
            "name": "与我无关（片段版）",
            "artist": "小乐哥（王唯乐）",
            "id": 1431880021
        },
        {
            "name": "幸福了 然后呢",
            "artist": "吴炳文",
            "id": 1425896565
        },
        {
            "name": "|･_･`)",
            "artist": "UM",
            "id": 1826256720
        },
        {
            "name": "分寸",
            "artist": "王雨桐",
            "id": 1431802712
        },
        {
            "name": "下雨天",
            "artist": "林加弦-",
            "id": 1431464716
        },
        {
            "name": "蓝",
            "artist": "向文涛",
            "id": 1440563289
        },
        {
            "name": "收敛（吉他 治愈版）（翻自 不够）",
            "artist": "林加弦-",
            "id": 1450630238
        },
        {
            "name": "///Music Time///",
            "artist": "浮生月夜寂",
            "id": 1912902087
        },
        {
            "name": "有一种悲伤",
            "artist": "是你的垚",
            "id": 1430628817
        },
        {
            "name": "有我呢",
            "artist": "王雨桐",
            "id": 1438825241
        },
        {
            "name": "考其正 下雨天",
            "artist": "考其正",
            "id": 1433795646
        },
        {
            "name": "淡黄的长裙（翻自 秦牛正威） ",
            "artist": "不称职歌手",
            "id": 1435428286
        },
        {
            "name": "画皮（翻自 纸砚）",
            "artist": "王雨桐",
            "id": 1448504335
        },
        {
            "name": "下雨天",
            "artist": "是你的垚",
            "id": 1438643335
        },
        {
            "name": "耿",
            "artist": "千里狗",
            "id": 1374626245
        },
        {
            "name": "千禧（翻自 徐秉龙）",
            "artist": "UM",
            "id": 1844497556
        },
        {
            "name": "画皮（翻自 纸砚）",
            "artist": "是你的垚",
            "id": 1450494818
        },
        {
            "name": "心安理得",
            "artist": "陈阳",
            "id": 1363592853
        },
        {
            "name": "红色高跟鞋",
            "artist": "Superluckyqi",
            "id": 1327824691
        },
        {
            "name": "可惜不是你",
            "artist": "刘大壮",
            "id": 1424220262
        },
        {
            "name": "她不是（翻自 BigYear大年）",
            "artist": "dylan_",
            "id": 1446522223
        },
        {
            "name": "pure imagination",
            "artist": "Rook1e",
            "id": 494858498
        },
        {
            "name": "海底",
            "artist": "吴炳文",
            "id": 1449990499
        },
        {
            "name": "喜欢（Cover 阿肆）",
            "artist": "王贰浪",
            "id": 565203857
        },
        {
            "name": "你好不好",
            "artist": "ukakakaxxl",
            "id": 1476879471
        },
        {
            "name": "红色高跟鞋",
            "artist": "张大蕾",
            "id": 1444295317
        },
        {
            "name": "日不落",
            "artist": "张大蕾",
            "id": 1449601413
        },
        {
            "name": "你与很多东西混在一起，理想之类，未来之类《我走后》ZH辉辉",
            "artist": "赖蕊",
            "id": 1811653675
        },
        {
            "name": "什么样的爱情（翻自 吴秃秃） ",
            "artist": "ck曼曼",
            "id": 1430850579
        },
        {
            "name": "落叶的位置（现场版）",
            "artist": "是你的柯一",
            "id": 1820471765
        },
        {
            "name": "重演",
            "artist": "守夜冠军专用证",
            "id": 1426733632
        },
        {
            "name": "你不知道的事",
            "artist": "蛋姐",
            "id": 1444647610
        },
        {
            "name": "我的一个道姑朋友",
            "artist": "王雨桐",
            "id": 1457113433
        },
        {
            "name": "好心分手（30秒版）",
            "artist": "王小帅",
            "id": 1379656441
        },
        {
            "name": "洋葱",
            "artist": "刘大壮",
            "id": 1463102760
        },
        {
            "name": "一吻天荒(吉他片段)",
            "artist": "李大大",
            "id": 1486953056
        },
        {
            "name": "病变",
            "artist": "睡不饱的老笨蛋",
            "id": 1445247246
        },
        {
            "name": "我有多么爱你（片段）",
            "artist": "李大大",
            "id": 1496807423
        },
        {
            "name": "爱如潮水（抖音弹唱）（翻自 张信哲）",
            "artist": "顾绍灿",
            "id": 1461676491
        },
        {
            "name": "迷人的危险（片段版）",
            "artist": "袁王月",
            "id": 1430444978
        },
        {
            "name": "冬眠 王巨星",
            "artist": "王巨星",
            "id": 1418852960
        }
    ]
}