{
    "playlist_info": {
        "name": "散伙是人间常态，你我又不例外",
        "trackcount": 32,
        "playcount": 592643,
        "creator": "情思天鹅",
        "createDate": "2023-03-04",
        "heat": 5045.0
    },
    "songs": [
        {
            "name": "不说 (热播版)",
            "artist": "周公",
            "id": 2059739330
        },
        {
            "name": "说散就散",
            "artist": "袁娅维TIA RAY",
            "id": 523251118
        },
        {
            "name": "就当他没来过",
            "artist": "陈壹千",
            "id": 1337205804
        },
        {
            "name": "最熟悉的陌生人 ",
            "artist": "张杰",
            "id": 1896178201
        },
        {
            "name": "只是太爱你",
            "artist": "张敬轩",
            "id": 28111646
        },
        {
            "name": "就让这大雨全都落下",
            "artist": "容祖儿",
            "id": 1984475097
        },
        {
            "name": "可惜不是你",
            "artist": "梁静茹",
            "id": 254191
        },
        {
            "name": "他不懂",
            "artist": "张杰",
            "id": 28059417
        },
        {
            "name": "还是分开",
            "artist": "张叶蕾",
            "id": 465921195
        },
        {
            "name": "可惜没如果",
            "artist": "林俊杰",
            "id": 29814898
        },
        {
            "name": "不再联系",
            "artist": "夏天Alex",
            "id": 175072
        },
        {
            "name": "你是我的风景",
            "artist": "何洁",
            "id": 240147
        },
        {
            "name": "离开你的城市后",
            "artist": "陈壹千",
            "id": 863492743
        },
        {
            "name": "那个女孩",
            "artist": "张泽熙",
            "id": 1300994613
        },
        {
            "name": "山茶花读不懂白玫瑰",
            "artist": "Lil笑笑",
            "id": 2019620319
        },
        {
            "name": "越来越不懂",
            "artist": "蔡健雅",
            "id": 208958
        },
        {
            "name": "断线",
            "artist": "Shang",
            "id": 496370620
        },
        {
            "name": "你的酒馆对我打了烊",
            "artist": "陈雪凝",
            "id": 1341964346
        },
        {
            "name": "别怕我伤心",
            "artist": "张信哲",
            "id": 186385
        },
        {
            "name": "你应该很快乐",
            "artist": "虎二",
            "id": 1394963332
        },
        {
            "name": "错位时空",
            "artist": "艾辰",
            "id": 1808492017
        },
        {
            "name": "再见我的女孩",
            "artist": "烟(许佳豪)",
            "id": 1992338319
        },
        {
            "name": "好爱好散",
            "artist": "陈势安",
            "id": 432509882
        },
        {
            "name": "不将就",
            "artist": "李荣浩",
            "id": 31654343
        },
        {
            "name": "他只是经过",
            "artist": "h3R3",
            "id": 1443838552
        },
        {
            "name": "与我无关",
            "artist": "阿冗",
            "id": 1413585838
        },
        {
            "name": "我走后",
            "artist": "小咪",
            "id": 1370047789
        },
        {
            "name": "慢慢慢慢忘记你",
            "artist": "许亚童",
            "id": 29803278
        },
        {
            "name": "还是会想你",
            "artist": "林达浪",
            "id": 1827600686
        },
        {
            "name": "把回忆拼好给你",
            "artist": "王贰浪",
            "id": 1403318151
        },
        {
            "name": "丢了你",
            "artist": "井胧",
            "id": 1442508316
        },
        {
            "name": "账号已注销",
            "artist": "太一",
            "id": 1925452719
        }
    ]
}