{
    "playlist_info": {
        "name": "梦想在上，孤独在下",
        "trackcount": 297,
        "playcount": 5068,
        "creator": "Freedi",
        "createDate": "2014-07-25",
        "heat": 1.0
    },
    "songs": [
        {
            "name": "MELANCHOLY",
            "artist": "White Cherry",
            "id": 1297742167
        },
        {
            "name": "This Place Is a Shelter",
            "artist": "Ólafur Arnalds",
            "id": 16139397
        },
        {
            "name": "Que Sera, Sera",
            "artist": "Chet Atkins",
            "id": 490318595
        },
        {
            "name": "Photograph",
            "artist": "Arcade Fire",
            "id": 28226055
        },
        {
            "name": "Secrets AMFB Onerepublic",
            "artist": "Bryson Andres",
            "id": 27570789
        },
        {
            "name": "Galatea",
            "artist": "Oskar Schuster",
            "id": 1494071103
        },
        {
            "name": "镇命歌（竖琴版）",
            "artist": "竖琴小杏仁",
            "id": 456995238
        },
        {
            "name": "Domestic Pressures",
            "artist": "Jóhann Jóhannsson",
            "id": 29774784
        },
        {
            "name": "Ariana",
            "artist": "Tony Anderson",
            "id": 1405421750
        },
        {
            "name": "Cello Suite No. 1 in G Major, BWV 1007:I. Prelude",
            "artist": "Alexander Rudin",
            "id": 27471609
        },
        {
            "name": "Simply Satie",
            "artist": "Michael Dulin",
            "id": 1771729
        },
        {
            "name": "德彪西:梦幻曲(竖琴与小提琴)",
            "artist": "群星",
            "id": 5261427
        },
        {
            "name": "Atlantique Nord",
            "artist": "Yann Tiersen",
            "id": 22519426
        },
        {
            "name": "Vapour",
            "artist": "Vancouver Sleep Clinic",
            "id": 27922128
        },
        {
            "name": "Carry On",
            "artist": "Jeremy Lim",
            "id": 409830149
        },
        {
            "name": "述懐",
            "artist": "S.E.N.S.",
            "id": 816978
        },
        {
            "name": "Autumn Leaf",
            "artist": "re:plus",
            "id": 26111937
        },
        {
            "name": "かわいそうなフェイ (リップクリ-ム)",
            "artist": "菅野よう子",
            "id": 590864
        },
        {
            "name": "Legend of the Martial Artist",
            "artist": "平野義久",
            "id": 33856585
        },
        {
            "name": "表裏一体 lamento for Piano",
            "artist": "平野義久",
            "id": 29844275
        },
        {
            "name": "Low of Solipsism",
            "artist": "平野義久",
            "id": 22793222
        },
        {
            "name": "Goodnight Julia",
            "artist": "Seatbelts",
            "id": 590807
        },
        {
            "name": "风中有音",
            "artist": "忘乡",
            "id": 1444639931
        },
        {
            "name": "Gwyn, Lord of Cinder",
            "artist": "桜庭統",
            "id": 509038
        },
        {
            "name": "Heart Linked",
            "artist": "Jannik",
            "id": 423058298
        },
        {
            "name": "Dusk To Dawn",
            "artist": "Josh Leake",
            "id": 503127087
        },
        {
            "name": "面会菜",
            "artist": "林生祥",
            "id": 484056997
        },
        {
            "name": "Stories of Hope",
            "artist": "Steven Coltart",
            "id": 1349017786
        },
        {
            "name": "Always in My Heart",
            "artist": "Los Índios Tabajaras",
            "id": 1660269
        },
        {
            "name": "Maria Elena",
            "artist": "Los Índios Tabajaras",
            "id": 531322522
        },
        {
            "name": "Your Song",
            "artist": "Jon Henrik Fjallgren",
            "id": 29385485
        },
        {
            "name": "森林",
            "artist": "灰澈",
            "id": 495562302
        },
        {
            "name": "Sirius",
            "artist": "The Alan Parsons Project",
            "id": 19566303
        },
        {
            "name": "《波兰⽕车 Polish Train》",
            "artist": "鲸鱼马戏团",
            "id": 476228971
        },
        {
            "name": "Finding Your Heart",
            "artist": "Tony Anderson",
            "id": 1312596791
        },
        {
            "name": "Bloom",
            "artist": "Tony Anderson",
            "id": 1354634080
        },
        {
            "name": "Piano Solo",
            "artist": "菅野よう子",
            "id": 590922
        },
        {
            "name": "sorry for not answering the phone, i'm too busy trying to fly away",
            "artist": "In Love With A Ghost",
            "id": 401382178
        },
        {
            "name": "In the Shadows... Looking For a Light",
            "artist": "Jacoo",
            "id": 29737648
        },
        {
            "name": "冬日之梦",
            "artist": "鲸鱼马戏团",
            "id": 461516319
        },
        {
            "name": "Dawn",
            "artist": "Fabrizio Paterlini",
            "id": 539046124
        },
        {
            "name": "comet",
            "artist": "In Love With A Ghost",
            "id": 414980238
        },
        {
            "name": "52 Weeks",
            "artist": "AK",
            "id": 39436744
        },
        {
            "name": "Flowers",
            "artist": "In Love With A Ghost",
            "id": 407459561
        },
        {
            "name": "Dawn",
            "artist": "Dario Marianelli",
            "id": 33544451
        },
        {
            "name": "Dans la maison (Thème)",
            "artist": "Philippe Rombi",
            "id": 29142147
        },
        {
            "name": "ハナダへの道‐おつきみ山より",
            "artist": "宮崎慎二",
            "id": 4933597
        },
        {
            "name": "Dreams",
            "artist": "Dirk Reichardt & Mirko Schaffer",
            "id": 5039112
        },
        {
            "name": "Eventide",
            "artist": "Nylon",
            "id": 399341174
        },
        {
            "name": "Sky Mirrors",
            "artist": "Jannik",
            "id": 492292805
        },
        {
            "name": "8/31",
            "artist": "ヨルシカ",
            "id": 1357960251
        },
        {
            "name": "良辰美景奈何天",
            "artist": "MT1990",
            "id": 512529060
        },
        {
            "name": "踊子プリムロゼのテーマ",
            "artist": "西木康智",
            "id": 865857528
        },
        {
            "name": "A Story of Fate",
            "artist": "Jannik",
            "id": 512989806
        },
        {
            "name": "Falling Rain",
            "artist": "Alexandre Desplat",
            "id": 34280001
        },
        {
            "name": "Estoy solo, respondio el eco",
            "artist": "Bosques de mi Mente",
            "id": 27515264
        },
        {
            "name": "Heartbeat of Man",
            "artist": "X-Ray Dog",
            "id": 4441177
        },
        {
            "name": "A New Beginning",
            "artist": "Music therapy",
            "id": 5268328
        },
        {
            "name": "清",
            "artist": "花粥",
            "id": 1358003715
        },
        {
            "name": "风林火山",
            "artist": "千住明",
            "id": 499989
        },
        {
            "name": "No One - Guitar & Strings Quartet version -",
            "artist": "木村秀彬",
            "id": 30854798
        },
        {
            "name": "飛行",
            "artist": "ヨルシカ",
            "id": 487527982
        },
        {
            "name": "Another",
            "artist": "Zdeněk Gromnica",
            "id": 2112734
        },
        {
            "name": "Love Story",
            "artist": "Piano Tribute Conservatory",
            "id": 1831157
        },
        {
            "name": "小さなてのひら",
            "artist": "水月陵",
            "id": 22706975
        },
        {
            "name": "Opus",
            "artist": "坂本龍一",
            "id": 500014
        },
        {
            "name": "The last waltz",
            "artist": "Claude Piaf",
            "id": 5137085
        },
        {
            "name": "Pacific",
            "artist": "Sleeping at Last",
            "id": 28405260
        },
        {
            "name": "Tokyo Love Theme",
            "artist": "Yusuke Tsutsumi",
            "id": 27571806
        },
        {
            "name": "Yumeji's Theme",
            "artist": "梅林茂",
            "id": 4878282
        },
        {
            "name": "Les Marionettes",
            "artist": "Zbigniew Preisner",
            "id": 2109100
        },
        {
            "name": "Felicity",
            "artist": "Isaac Shepard",
            "id": 19934757
        },
        {
            "name": "Harmonium Song",
            "artist": "There Will Be Fireworks",
            "id": 28038513
        },
        {
            "name": "岸",
            "artist": "魏琮霏",
            "id": 422429427
        },
        {
            "name": "青石巷",
            "artist": "魏琮霏",
            "id": 422429425
        },
        {
            "name": "Svanur",
            "artist": "Rökkurró",
            "id": 4271397
        },
        {
            "name": "花昼",
            "artist": "严晴yanqing",
            "id": 29953256
        },
        {
            "name": "最後の命",
            "artist": "小瀬村晶",
            "id": 29498694
        },
        {
            "name": "Cahaba",
            "artist": "Southern",
            "id": 28126150
        },
        {
            "name": "Ascended Vibrations",
            "artist": "¿Téo?",
            "id": 462516170
        },
        {
            "name": "Still",
            "artist": "Timirage",
            "id": 30375354
        },
        {
            "name": "Veloma",
            "artist": "Fabrizio Paterlini",
            "id": 1370001
        },
        {
            "name": "time flows away",
            "artist": "songroger",
            "id": 436668736
        },
        {
            "name": "Drift Away",
            "artist": "Electus",
            "id": 29722196
        },
        {
            "name": "十一月风",
            "artist": "Candy_Wind",
            "id": 32717168
        },
        {
            "name": "Temple of Light",
            "artist": "Electus",
            "id": 29312069
        },
        {
            "name": "Ten Thousand To Flight (inst.)",
            "artist": "Elyonbeats",
            "id": 29724403
        },
        {
            "name": "We've Never Met but Can We Have a Cup off Coffee or something",
            "artist": "In Love With A Ghost",
            "id": 407450660
        },
        {
            "name": "Linne",
            "artist": "境亜寿香",
            "id": 684404
        },
        {
            "name": "谷雨 伴奏",
            "artist": "桑葚上的猴子",
            "id": 410161058
        },
        {
            "name": "Prelude (Motohiko Hirami & Yann)",
            "artist": "Motohiko Hirami",
            "id": 28587913
        },
        {
            "name": "Pinô",
            "artist": "Otto A Totland",
            "id": 28245308
        },
        {
            "name": "Terminal Station",
            "artist": "GET IN THE RING",
            "id": 30251507
        },
        {
            "name": "Rain in the Park",
            "artist": "Marika Takeuchi",
            "id": 31452733
        },
        {
            "name": "Over Atlantic City",
            "artist": "Port Blue",
            "id": 1823180
        },
        {
            "name": "ススキ野の恋",
            "artist": "Jusqu'à Grand-Père",
            "id": 756133
        },
        {
            "name": "All Gone (Seasons)",
            "artist": "Gustavo Santaolalla",
            "id": 28267346
        },
        {
            "name": "The Last of Us",
            "artist": "Gustavo Santaolalla",
            "id": 26509685
        },
        {
            "name": "Trilogy (The Final Chapter)",
            "artist": "ATB",
            "id": 5112353
        },
        {
            "name": "eau",
            "artist": "yutaka hirasaka",
            "id": 29535887
        },
        {
            "name": "Phenomenon",
            "artist": "Audiomachine",
            "id": 29577231
        },
        {
            "name": "Asian road",
            "artist": "藤原いくろう",
            "id": 418438
        },
        {
            "name": "Arctic",
            "artist": "Sleeping at Last",
            "id": 28405264
        },
        {
            "name": "Atlantic",
            "artist": "Sleeping at Last",
            "id": 28405261
        },
        {
            "name": "Timelooper",
            "artist": "Jannik",
            "id": 419877223
        },
        {
            "name": "桜道",
            "artist": "Jusqu'à Grand-Père",
            "id": 756112
        },
        {
            "name": "樱花树の风",
            "artist": "徐梦圆",
            "id": 34779259
        },
        {
            "name": "Rainight",
            "artist": "Saiakoup",
            "id": 422427677
        },
        {
            "name": "【钢琴】梦と叶桜 梦与叶樱（Cover 青木月光 / 初音未来）",
            "artist": "昼夜",
            "id": 421110087
        },
        {
            "name": "Дорога Перемен",
            "artist": "Nilotpala",
            "id": 1805729
        },
        {
            "name": "Lag Fyrir Ömmu",
            "artist": "Ólafur Arnalds",
            "id": 16139396
        },
        {
            "name": "Passes",
            "artist": "Helen Jane Long",
            "id": 28732740
        },
        {
            "name": "Where are you",
            "artist": "AniFace",
            "id": 453843751
        },
        {
            "name": "Princess",
            "artist": "α·Pav",
            "id": 357023
        },
        {
            "name": "Under the Sea",
            "artist": "Jannik",
            "id": 419077273
        },
        {
            "name": "Azure",
            "artist": "Saiakoup",
            "id": 495626744
        },
        {
            "name": "echo",
            "artist": "mamomo",
            "id": 33469288
        },
        {
            "name": "The Legend Of Iya",
            "artist": "Philter",
            "id": 29386015
        },
        {
            "name": "The last whale",
            "artist": "Before the Sunrise",
            "id": 511366762
        },
        {
            "name": "tomorrow we'll be dying",
            "artist": "Drawing The Endless Shore",
            "id": 3939374
        },
        {
            "name": "Crossing",
            "artist": "stretta di mano",
            "id": 654572
        },
        {
            "name": "당신이 가신 비온 뒤 맑은 하늘을 바라봅니다",
            "artist": "Pastel Shade",
            "id": 5324243
        },
        {
            "name": "Memory Of Heart",
            "artist": "全秀妍",
            "id": 22831305
        },
        {
            "name": "カタルシス",
            "artist": "makegumi",
            "id": 28785047
        },
        {
            "name": "Arrival At Sydney Harbour",
            "artist": "Port Blue",
            "id": 1823232
        },
        {
            "name": "雲流れ",
            "artist": "みかん箱",
            "id": 785902
        },
        {
            "name": "Awaken the Dawn",
            "artist": "Stanton Lanier",
            "id": 1992391
        },
        {
            "name": "Crossing Winds (Inspired by The xx - Intro)",
            "artist": "Jacoo",
            "id": 32451978
        },
        {
            "name": "Snow before Spring",
            "artist": "羽肿",
            "id": 459957117
        },
        {
            "name": "Softness and Light",
            "artist": "Brian Crain",
            "id": 19475692
        },
        {
            "name": "彼方へ",
            "artist": "世间满樱花",
            "id": 464448450
        },
        {
            "name": "以一种假装放荡的矜持　与你告别",
            "artist": "Cicada",
            "id": 350145
        },
        {
            "name": "秘密",
            "artist": "Before the Sunrise",
            "id": 479138299
        },
        {
            "name": "Wild Side",
            "artist": "Roberto Cacciapaglia",
            "id": 18495491
        },
        {
            "name": "Collage of June(Tribute to Jun)",
            "artist": "Luvea",
            "id": 275449
        },
        {
            "name": "辉月",
            "artist": "西皮士",
            "id": 427609548
        },
        {
            "name": "Love Story meets Viva La Vida",
            "artist": "Jon Schmidt",
            "id": 1491212
        },
        {
            "name": "Michael Meets Mozart - 1 Piano, 2 Guys, 100 Cello Tracks",
            "artist": "Jon Schmidt",
            "id": 1491163
        },
        {
            "name": "鶯之緒",
            "artist": "饭碗的彼岸",
            "id": 416384526
        },
        {
            "name": "惊蛰 伴奏",
            "artist": "桑葚上的猴子",
            "id": 406070613
        },
        {
            "name": "城南花已开",
            "artist": "三亩地",
            "id": 468176711
        },
        {
            "name": "Rain after Summer",
            "artist": "羽肿",
            "id": 430685732
        },
        {
            "name": "木山口听风(钢琴曲)",
            "artist": "张宇桦",
            "id": 33715179
        },
        {
            "name": "Awake",
            "artist": "Trazer",
            "id": 33419765
        },
        {
            "name": "芳香",
            "artist": "比特丧",
            "id": 26328682
        },
        {
            "name": "Prélude",
            "artist": "Alexandra Streliski",
            "id": 2185832
        },
        {
            "name": "寻",
            "artist": "三亩地",
            "id": 31445474
        },
        {
            "name": "Stay Gold",
            "artist": "広橋真紀子",
            "id": 26116122
        },
        {
            "name": "언제나 너의 곁에서 (SBS '짝' 삽입곡)",
            "artist": "Crepe",
            "id": 27876628
        },
        {
            "name": "Lifeline",
            "artist": "Zeraphym 六翼使徒",
            "id": 38019092
        },
        {
            "name": "Villanelle",
            "artist": "Jo Blankenburg",
            "id": 32857600
        },
        {
            "name": "Sustain",
            "artist": "比特丧",
            "id": 63486
        },
        {
            "name": "Somnambulating",
            "artist": "羽肿",
            "id": 427015054
        },
        {
            "name": "secret base 〜君がくれたもの〜 Piano Ver.",
            "artist": "ZONE",
            "id": 22817222
        },
        {
            "name": "独行",
            "artist": "whtlook",
            "id": 410710596
        },
        {
            "name": "Starlight Memories",
            "artist": "Dennis Kuo",
            "id": 1293032
        },
        {
            "name": "Me and You",
            "artist": "Bruno Bavota",
            "id": 28841785
        },
        {
            "name": "Hidden Lights Through Smoky Clouds",
            "artist": "Bruno Bavota",
            "id": 28841788
        },
        {
            "name": "秋诗",
            "artist": "何真真",
            "id": 29122833
        },
        {
            "name": "故城往事",
            "artist": "Before the Sunrise",
            "id": 31256841
        },
        {
            "name": "Leave me alone",
            "artist": "重返袖珍时光",
            "id": 30964474
        },
        {
            "name": "Into Your Daydream (Intro)",
            "artist": "Shirfine",
            "id": 28907015
        },
        {
            "name": "Edge of the sky",
            "artist": "Worezh",
            "id": 427017207
        },
        {
            "name": "夏野与暗恋",
            "artist": "闫东炜",
            "id": 421934070
        },
        {
            "name": "無何有の郷 ～ Deep Mountain",
            "artist": "彩音 ~xi-on~",
            "id": 28577591
        },
        {
            "name": "梦断锦屏",
            "artist": "变奏的梦想",
            "id": 32743522
        },
        {
            "name": "请在春天里运用你的幻想",
            "artist": "比特丧",
            "id": 63452
        },
        {
            "name": "바람의 꽃이 되어서",
            "artist": "Reve",
            "id": 28748337
        },
        {
            "name": "28",
            "artist": "ゴンチチ",
            "id": 758092
        },
        {
            "name": "Petal",
            "artist": "Schroeder-Headz",
            "id": 28603973
        },
        {
            "name": "First rays of the morning sun ",
            "artist": "咸空气乐队",
            "id": 35032337
        },
        {
            "name": "Born a Stranger",
            "artist": "Kan R. Gao",
            "id": 1645108
        },
        {
            "name": "Warm Winter",
            "artist": "Shirfine",
            "id": 27579053
        },
        {
            "name": "Forget That Summer",
            "artist": "Shirfine",
            "id": 27579050
        },
        {
            "name": "Yesterday On Repeat",
            "artist": "Vexento",
            "id": 411921492
        },
        {
            "name": "The last month of 2015",
            "artist": "饭碗的彼岸",
            "id": 37764240
        },
        {
            "name": "《夜色钢琴曲》梦中的鸟",
            "artist": "赵海洋",
            "id": 31066721
        },
        {
            "name": "빗속에 기다려 줄 한 사람 (..For My J)",
            "artist": "단비",
            "id": 5330843
        },
        {
            "name": "Silence of Siberia",
            "artist": "Lowercase Noises",
            "id": 28472855
        },
        {
            "name": "Encouragement",
            "artist": "Kondor",
            "id": 1638654
        },
        {
            "name": "Follow The Wind",
            "artist": "July",
            "id": 412911352
        },
        {
            "name": "雨夜",
            "artist": "四季音色",
            "id": 410181618
        },
        {
            "name": "쓰레기 (Inst.)",
            "artist": "河佑镇",
            "id": 29378656
        },
        {
            "name": "Adagio for Summer Wind",
            "artist": "Key Sounds Label",
            "id": 760037
        },
        {
            "name": "最后　仍在一起",
            "artist": "Cicada",
            "id": 350149
        },
        {
            "name": "Roaring Forties",
            "artist": "Lowercase Noises",
            "id": 28957085
        },
        {
            "name": "你再也读不出我任何欲望",
            "artist": "Cicada",
            "id": 350127
        },
        {
            "name": "blue blossoms",
            "artist": "久遠",
            "id": 803347
        },
        {
            "name": "通し合う心",
            "artist": "藤澤慶昌",
            "id": 29357673
        },
        {
            "name": "New Kings",
            "artist": "遠藤幹雄",
            "id": 31587891
        },
        {
            "name": "启程(演奏版)",
            "artist": "张中立",
            "id": 4877626
        },
        {
            "name": "Illusionary Daytime",
            "artist": "Shirfine",
            "id": 28907016
        },
        {
            "name": "Endless Path",
            "artist": "조한빛",
            "id": 5302852
        },
        {
            "name": "벚꽃비 나리는 정원",
            "artist": "Jupiter Blues",
            "id": 5310515
        },
        {
            "name": "Hands of Time",
            "artist": "I Spell it Nature",
            "id": 29557511
        },
        {
            "name": "Bloom of Youth",
            "artist": "Key Sounds Label",
            "id": 760058
        },
        {
            "name": "さくらさくら ～ Japanize Dream...",
            "artist": "彩音 ~xi-on~",
            "id": 28577596
        },
        {
            "name": "宿醉之星",
            "artist": "琥珀",
            "id": 29600656
        },
        {
            "name": "니가 없는 시간은",
            "artist": "Rainy Day",
            "id": 28941546
        },
        {
            "name": "가슴이 사랑을 알아갑니다",
            "artist": "Piano i",
            "id": 5326483
        },
        {
            "name": "Only You (Original)",
            "artist": "Dj Rostej",
            "id": 36103723
        },
        {
            "name": "봄날, 벚꽃 그리고 너",
            "artist": "Epitone Project",
            "id": 26189480
        },
        {
            "name": "Winterbirds",
            "artist": "epic45",
            "id": 17673447
        },
        {
            "name": "Beethoven's Silence",
            "artist": "Ernesto Cortazar",
            "id": 1314007
        },
        {
            "name": "60km/h",
            "artist": "晨曦光廊",
            "id": 28748458
        },
        {
            "name": "Texas",
            "artist": "Lights & Motion",
            "id": 27955718
        },
        {
            "name": "Memento",
            "artist": "Jo Blankenburg",
            "id": 32857596
        },
        {
            "name": "Take My Hand",
            "artist": "Actium",
            "id": 32823921
        },
        {
            "name": "Watching The Storm",
            "artist": "U137",
            "id": 27640056
        },
        {
            "name": "Song for Kiara",
            "artist": "Kenio Fuke",
            "id": 18931078
        },
        {
            "name": "Inside Our Hearts (Original)",
            "artist": "Jacoo",
            "id": 33343594
        },
        {
            "name": "Tears In Pink Rain",
            "artist": "단비",
            "id": 5330805
        },
        {
            "name": "Sleeping Dove",
            "artist": "David Lanz",
            "id": 17234626
        },
        {
            "name": "This Is How We Leave",
            "artist": "Inside Zohar",
            "id": 34218248
        },
        {
            "name": "Our Destiny Lies Above Us (Xyron Remix)",
            "artist": "Xyron",
            "id": 30830198
        },
        {
            "name": "Changing Heart",
            "artist": "Audiomachine",
            "id": 36668039
        },
        {
            "name": "At Last",
            "artist": "Arsen Barsamyan",
            "id": 1070439
        },
        {
            "name": "Frozen Tides",
            "artist": "Electus",
            "id": 402073146
        },
        {
            "name": "My Soul, Your Beats! -Piano Arrange Ver.-",
            "artist": "Key Sounds Label",
            "id": 34014160
        },
        {
            "name": "Let's Cross The Rainbow",
            "artist": "α·Pav",
            "id": 29836545
        },
        {
            "name": "Dear",
            "artist": "まらしぃ",
            "id": 22678650
        },
        {
            "name": "No More Tears",
            "artist": "David Nevue",
            "id": 1237329
        },
        {
            "name": "Waltzing Leaves",
            "artist": "Kavin Hoo",
            "id": 27599285
        },
        {
            "name": "Planet Earth Forever",
            "artist": "Jo Blankenburg",
            "id": 1602694
        },
        {
            "name": "Gracie's Theme",
            "artist": "Paul Cardall",
            "id": 3301896
        },
        {
            "name": "Reach Higher",
            "artist": "Tanaki Alison",
            "id": 29774728
        },
        {
            "name": "The Moments We Shared...I Miss Them",
            "artist": "Jacoo",
            "id": 30798041
        },
        {
            "name": "いつも (INSTRUMENTAL)",
            "artist": "Spontania",
            "id": 820135
        },
        {
            "name": "I Will Stand By You",
            "artist": "Sunny Choi",
            "id": 3552454
        },
        {
            "name": "Lost",
            "artist": "Apple & Stone",
            "id": 3928985
        },
        {
            "name": "Boliviana",
            "artist": "Ulla van Daelen",
            "id": 5196691
        },
        {
            "name": "Gymnopedie Nr. 1",
            "artist": "Martin Ermen",
            "id": 20110046
        },
        {
            "name": "Stand & Believe",
            "artist": "Tanaki Alison",
            "id": 29774740
        },
        {
            "name": "Amazing Grace",
            "artist": "David Nevue",
            "id": 19676627
        },
        {
            "name": "Last Reunion (Epicmusicvn Series)",
            "artist": "Peter Roe",
            "id": 32102855
        },
        {
            "name": "lost case",
            "artist": "林ゆうき",
            "id": 22676869
        },
        {
            "name": "FAIRY TAIL メインテーマ -Piano ver.-",
            "artist": "高梨康治",
            "id": 22642337
        },
        {
            "name": "Reset",
            "artist": "松浦美佳",
            "id": 3432057
        },
        {
            "name": "Listen",
            "artist": "Said The Sky",
            "id": 29710964
        },
        {
            "name": "사랑에 베이다",
            "artist": "July",
            "id": 5308001
        },
        {
            "name": "東方萃夢想",
            "artist": "TAMUSIC",
            "id": 849739
        },
        {
            "name": "歳月-雲流れ-",
            "artist": "Foxtail-Grass Studio",
            "id": 730631
        },
        {
            "name": "No Regrets",
            "artist": "Yulia",
            "id": 28941461
        },
        {
            "name": "Time To Love",
            "artist": "October",
            "id": 28912659
        },
        {
            "name": "A Beautiful Farewell",
            "artist": "Soulostar",
            "id": 27580696
        },
        {
            "name": "flora",
            "artist": "[.que]",
            "id": 26379025
        },
        {
            "name": "Nemure",
            "artist": "3nd",
            "id": 873013
        },
        {
            "name": "兄弟",
            "artist": "大島ミチル",
            "id": 636907
        },
        {
            "name": "时代を越える想い~Piano Concerto~(Moscow Recording Ver.)",
            "artist": "和田薫",
            "id": 539420
        },
        {
            "name": "もののけ姫",
            "artist": "宗次郎",
            "id": 4904689
        },
        {
            "name": "Into the Deep",
            "artist": "Joseph Ti",
            "id": 27641107
        },
        {
            "name": "Uncharted (Original Mix)",
            "artist": "Jeremy Lim",
            "id": 29715173
        },
        {
            "name": "Aeolus (Original Mix)",
            "artist": "Jeremy Lim",
            "id": 29715174
        },
        {
            "name": "Halcyon (Original Mix)",
            "artist": "Jeremy Lim",
            "id": 29715176
        },
        {
            "name": "Coastline",
            "artist": "tsunenori a.k.a Marukabis",
            "id": 524612
        },
        {
            "name": "Winter Tone",
            "artist": "α·Pav",
            "id": 26487960
        },
        {
            "name": "Mariana",
            "artist": "Childs",
            "id": 25731497
        },
        {
            "name": "Between Worlds",
            "artist": "Roger Subirana",
            "id": 28661549
        },
        {
            "name": "Remind",
            "artist": "July",
            "id": 26830525
        },
        {
            "name": "Wings Of Piano",
            "artist": "V.K克",
            "id": 28377225
        },
        {
            "name": "Love Lost.... Love Found",
            "artist": "David Lanz",
            "id": 1231938
        },
        {
            "name": "Alberich",
            "artist": "David Hicken",
            "id": 1234298
        },
        {
            "name": "Mirror Night",
            "artist": "V.K克",
            "id": 28377210
        },
        {
            "name": "Figlia del cielo III",
            "artist": "Roberto Cacciapaglia",
            "id": 18495513
        },
        {
            "name": "Oltremare",
            "artist": "Ludovico Einaudi",
            "id": 20952125
        },
        {
            "name": "Nuvole Bianche",
            "artist": "Ludovico Einaudi",
            "id": 20952182
        },
        {
            "name": "A Simple Life",
            "artist": "Brian Crain",
            "id": 1091978
        },
        {
            "name": "astral heart",
            "artist": "yutaka hirasaka",
            "id": 26155356
        },
        {
            "name": "Mother's Journey",
            "artist": "Yann Tiersen",
            "id": 2103643
        },
        {
            "name": "The Day I Lost My Love",
            "artist": "Ron Korb",
            "id": 1876518
        },
        {
            "name": "Sadness And Sorrow",
            "artist": "Piano Squall",
            "id": 1859874
        },
        {
            "name": "Merry Christmas Mr. Lawrence",
            "artist": "坂本龍一",
            "id": 4899152
        },
        {
            "name": "Collage of June (Tribute to Jun)",
            "artist": "Luvea",
            "id": 26166701
        },
        {
            "name": "At Night",
            "artist": "Jon McLaughlin",
            "id": 27785352
        },
        {
            "name": "The Way",
            "artist": "Florian Bur",
            "id": 27575585
        },
        {
            "name": "The Crisis",
            "artist": "Ennio Morricone",
            "id": 5027083
        },
        {
            "name": "For River - Piano (Johnny's Version)",
            "artist": "Kan R. Gao",
            "id": 1645112
        },
        {
            "name": "Panorama",
            "artist": "X-Ray Dog",
            "id": 4437814
        },
        {
            "name": "what for?",
            "artist": "sAr",
            "id": 25731432
        },
        {
            "name": "Steps",
            "artist": "Secret Garden",
            "id": 4278513
        },
        {
            "name": "we're turning into regular people",
            "artist": "the tumbled sea",
            "id": 4346315
        },
        {
            "name": "Sweet Ride",
            "artist": "Rob Simonsen",
            "id": 28612901
        },
        {
            "name": "A Dead Leaf Dance",
            "artist": "As the Stars Fall",
            "id": 16468497
        },
        {
            "name": "Legends Of Time",
            "artist": "Capo Productions",
            "id": 4010734
        },
        {
            "name": "Serenade",
            "artist": "Jim Brickman",
            "id": 18582321
        },
        {
            "name": "Journey",
            "artist": "Capo Productions",
            "id": 16846088
        },
        {
            "name": "Letting Go",
            "artist": "Isaac Shepard",
            "id": 19934752
        },
        {
            "name": "The Long And Winding Street",
            "artist": "Robert de Boron",
            "id": 496534
        },
        {
            "name": "million mind",
            "artist": "PAX JAPONICA GROOVE",
            "id": 26319998
        },
        {
            "name": "安静的午后",
            "artist": "Pianoboy高至豪",
            "id": 139730
        },
        {
            "name": "绿袖子",
            "artist": "爱尔兰民谣",
            "id": 128147
        },
        {
            "name": "The Days of Snow",
            "artist": "Circadian Eyes",
            "id": 1206822
        },
        {
            "name": "In The Morning Light",
            "artist": "Yanni",
            "id": 2103740
        },
        {
            "name": "When The Light Comes",
            "artist": "Dirk Reichardt",
            "id": 26624714
        },
        {
            "name": "A Little Story",
            "artist": "Valentin",
            "id": 857896
        },
        {
            "name": "The Winner Is",
            "artist": "Mychael Danna",
            "id": 3038433
        },
        {
            "name": "Here We Are Again",
            "artist": "CAGNET",
            "id": 27876900
        }
    ]
}