{
    "playlist_info": {
        "name": "日系男毒 | 海风拂过脸庞的温柔",
        "trackcount": 27,
        "playcount": 2139111,
        "creator": "呐呐呐酱",
        "createDate": "2016-08-19",
        "heat": 853.0
    },
    "songs": [
        {
            "name": "風のとおり道",
            "artist": "ふぁがじー",
            "id": 34341536
        },
        {
            "name": "Fruit Windy",
            "artist": "MAGIC OF LiFE",
            "id": 27811628
        },
        {
            "name": "Sayonara",
            "artist": "androp",
            "id": 423997666
        },
        {
            "name": "(Over You)",
            "artist": "NoisyCell",
            "id": 32944078
        },
        {
            "name": "2月のセプテンバー",
            "artist": "GOOD ON THE REEL",
            "id": 22637430
        },
        {
            "name": "your song",
            "artist": "SUPER BEAVER",
            "id": 821576
        },
        {
            "name": "Futari",
            "artist": "SHE'S",
            "id": 402298257
        },
        {
            "name": "By My Side",
            "artist": "TAKA",
            "id": 448917953
        },
        {
            "name": "HEAVEN",
            "artist": "伊東歌詞太郎",
            "id": 28524467
        },
        {
            "name": "想イ花",
            "artist": "MAGIC OF LiFE",
            "id": 22770878
        },
        {
            "name": "それがあなたの幸せとしても",
            "artist": "上北健",
            "id": 29379816
        },
        {
            "name": "アイロニ (カバー)",
            "artist": "Rid(りど)",
            "id": 32823341
        },
        {
            "name": "dedicate",
            "artist": "福山潤",
            "id": 33544921
        },
        {
            "name": "Little Traveler(piano arranged ver.)",
            "artist": "伊礼亮",
            "id": 30355913
        },
        {
            "name": "ハロー",
            "artist": "ULTRA TOWER",
            "id": 29719037
        },
        {
            "name": "Star Rabbit",
            "artist": "天月-あまつき-",
            "id": 28912935
        },
        {
            "name": "SLOW DOWN",
            "artist": "向井太一",
            "id": 441491595
        },
        {
            "name": "ハイドアンド・シーク",
            "artist": "Sou",
            "id": 34468035
        },
        {
            "name": "オレンジ",
            "artist": "まふまふ",
            "id": 28587974
        },
        {
            "name": "もしもの日",
            "artist": "タニザワトモフミ",
            "id": 528083
        },
        {
            "name": "僕と月の話",
            "artist": "ラックライフ",
            "id": 33791128
        },
        {
            "name": "アスノヨゾラ哨戒班",
            "artist": "いすぼくろ",
            "id": 35845175
        },
        {
            "name": "Little Traveler",
            "artist": "少年T-佐香智久",
            "id": 859313
        },
        {
            "name": "サリー",
            "artist": "大橋トリオ",
            "id": 30394746
        },
        {
            "name": "人として",
            "artist": "SUPER BEAVER",
            "id": 416011188
        },
        {
            "name": "Dali",
            "artist": "PELICAN FANCLUB",
            "id": 33737336
        },
        {
            "name": "桜ひらり",
            "artist": "高野健一",
            "id": 33681008
        }
    ]
}