{
    "playlist_info": {
        "name": "无暇不出°最好的歌只想给最爱的你~",
        "trackcount": 42,
        "playcount": 171803,
        "creator": "原创君",
        "createDate": "2022-10-28",
        "heat": 705.0
    },
    "songs": [
        {
            "name": "Daylight",
            "artist": "Seredris",
            "id": 1372188635
        },
        {
            "name": "太空中",
            "artist": "桃德李Todd Li",
            "id": 1991286841
        },
        {
            "name": "暴雨",
            "artist": "董唧唧",
            "id": 1992698886
        },
        {
            "name": "一无所有",
            "artist": "康熙",
            "id": 1992410259
        },
        {
            "name": "今晚我们见个面",
            "artist": "曾婕Joey.Z",
            "id": 1920207815
        },
        {
            "name": "赏金排行榜",
            "artist": "小鸣",
            "id": 2037092569
        },
        {
            "name": "保质期",
            "artist": "高宇Slient",
            "id": 2034658441
        },
        {
            "name": "HURT(Prod by. FRESH_ye)",
            "artist": "Triple9ine",
            "id": 2022325430
        },
        {
            "name": "城市猎人（City hunter）",
            "artist": "陈麒名",
            "id": 1987813734
        },
        {
            "name": "缘来似个长",
            "artist": "要不要买菜",
            "id": 1988230380
        },
        {
            "name": "在那次争吵以后",
            "artist": "热水澡",
            "id": 1991019067
        },
        {
            "name": "美人鱼",
            "artist": "泳恩Joannne",
            "id": 1990452096
        },
        {
            "name": "领导者FreeStyle",
            "artist": "K.MONKEY",
            "id": 1985082260
        },
        {
            "name": "Lady Mama",
            "artist": "杨和苏KeyNG",
            "id": 1981889746
        },
        {
            "name": "Past Lives（小提琴版）",
            "artist": "Strictlyviolin荀博",
            "id": 1988615725
        },
        {
            "name": "白露",
            "artist": "白天不亮",
            "id": 1992437227
        },
        {
            "name": "Grace",
            "artist": "ZAVIS",
            "id": 1990743861
        },
        {
            "name": "真空",
            "artist": "Quinn葵因",
            "id": 1940281894
        },
        {
            "name": "南方队 Cypher：Hold The Flame Inside",
            "artist": "陶乐然DOLLARZOO",
            "id": 1993111758
        },
        {
            "name": "融化",
            "artist": "河北Ye",
            "id": 1984561674
        },
        {
            "name": "离岛巴士",
            "artist": "鱼翅Fin",
            "id": 1992437228
        },
        {
            "name": "昨夜我梦见的宇宙",
            "artist": "MOONAGE",
            "id": 1954133113
        },
        {
            "name": "也许是",
            "artist": "Shawee",
            "id": 1966119027
        },
        {
            "name": "星2022",
            "artist": "吴悠",
            "id": 1990969214
        },
        {
            "name": "电线杆上的鸟",
            "artist": "LÜCY",
            "id": 1923215640
        },
        {
            "name": "遗失的心跳（说唱版）",
            "artist": "洛.",
            "id": 1992730463
        },
        {
            "name": "着迷",
            "artist": "DOUBLE",
            "id": 1983792629
        },
        {
            "name": "要解药解",
            "artist": "灯灯灯泡",
            "id": 1972668309
        },
        {
            "name": "还没醒",
            "artist": "kinkis",
            "id": 1988778941
        },
        {
            "name": "过不完的夏天",
            "artist": "杜宣达",
            "id": 1975724165
        },
        {
            "name": "Big Torsion（Prod. by j3lvlYounger x Trepanator）",
            "artist": "羽豪777",
            "id": 1988285707
        },
        {
            "name": "外面下起了雨",
            "artist": "Moseee",
            "id": 1986770808
        },
        {
            "name": "爱的奇遇",
            "artist": "小包Zerinn",
            "id": 1983216652
        },
        {
            "name": "暧昧的朋友距离",
            "artist": "MoreLearn 27",
            "id": 1981801490
        },
        {
            "name": "离开你之后",
            "artist": "EMZJayce",
            "id": 1981254627
        },
        {
            "name": "星语",
            "artist": "JuggShots_RADI8",
            "id": 1968762691
        },
        {
            "name": "方位",
            "artist": "忧郁王子",
            "id": 1972605227
        },
        {
            "name": "海浪",
            "artist": "饺子",
            "id": 1981270601
        },
        {
            "name": "寻找",
            "artist": "gs.l",
            "id": 1981574727
        },
        {
            "name": "痕迹",
            "artist": "Swang多雷",
            "id": 1982959439
        },
        {
            "name": "嗜好（Prod by GC）",
            "artist": "小不",
            "id": 1967531668
        },
        {
            "name": "过季的风",
            "artist": "扬科YANGK",
            "id": 1984797101
        }
    ]
}