{
    "playlist_info": {
        "name": "旅行记：风吹日晒，自有自在",
        "trackcount": 177,
        "playcount": 36541,
        "creator": "肉肉的作业君",
        "createDate": "2022-06-27",
        "heat": 99.0
    },
    "songs": [
        {
            "name": "锡林雨夜",
            "artist": "呼斯勒",
            "id": 1949452153
        },
        {
            "name": "一笑江湖 (DJ版)",
            "artist": "小瑞",
            "id": 2050215361
        },
        {
            "name": "向云端",
            "artist": "小霞",
            "id": 2049512697
        },
        {
            "name": "Die For You",
            "artist": "Anarosa",
            "id": 2028588765
        },
        {
            "name": "我想我会",
            "artist": "尹露浠",
            "id": 2056203126
        },
        {
            "name": "最好的安排",
            "artist": "曲婉婷",
            "id": 1905004937
        },
        {
            "name": "让风告诉你",
            "artist": "林宝馨",
            "id": 2053099516
        },
        {
            "name": "轻轻的夏天",
            "artist": "尹露浠",
            "id": 2056203125
        },
        {
            "name": "If We Ever Broke Up",
            "artist": "Mae Stephens",
            "id": 2021343439
        },
        {
            "name": "是你 (Live版)",
            "artist": "王赫野",
            "id": 2050391293
        },
        {
            "name": "算了",
            "artist": "Vinida (万妮达)",
            "id": 2052409208
        },
        {
            "name": "走麦田",
            "artist": "裁缝铺",
            "id": 2045135496
        },
        {
            "name": "步步",
            "artist": "五月天",
            "id": 28445512
        },
        {
            "name": "Straight A's",
            "artist": "Connor Price",
            "id": 1979382551
        },
        {
            "name": "孤雏",
            "artist": "高睿",
            "id": 1981557398
        },
        {
            "name": "靠近我",
            "artist": "Gr33nart Beats",
            "id": 1878904634
        },
        {
            "name": "借过",
            "artist": "零玖一叁",
            "id": 1426304544
        },
        {
            "name": "莫妮卡·贝鲁奇 (LIVE版)",
            "artist": "盛宇D-SHINE",
            "id": 2058162325
        },
        {
            "name": "莫妮卡贝鲁奇",
            "artist": "盛宇D-SHINE",
            "id": 2058287085
        },
        {
            "name": "我有喜欢的人了",
            "artist": "赵露思",
            "id": 2056208412
        },
        {
            "name": "One Of The Girls",
            "artist": "The Weeknd",
            "id": 2058139099
        },
        {
            "name": "Sacred Play Secret Place",
            "artist": "Matryoshka",
            "id": 26093064
        },
        {
            "name": "山海",
            "artist": "草东没有派对",
            "id": 411314659
        },
        {
            "name": "倒带",
            "artist": "蔡依林",
            "id": 4876202
        },
        {
            "name": "32 度的晚风",
            "artist": "管小天",
            "id": 2058141670
        },
        {
            "name": "Polozhenie",
            "artist": "T3nzu",
            "id": 1890256410
        },
        {
            "name": "April Encounter",
            "artist": "很美味",
            "id": 551400874
        },
        {
            "name": "isahini",
            "artist": "LÜCY",
            "id": 1954146692
        },
        {
            "name": "23",
            "artist": "艾志恒Asen",
            "id": 2057539568
        },
        {
            "name": "pt2",
            "artist": "ewonjin",
            "id": 1841242886
        },
        {
            "name": "底牌",
            "artist": "Capper",
            "id": 2055808604
        },
        {
            "name": "太聪明",
            "artist": "陈绮贞",
            "id": 209397
        },
        {
            "name": "达尔文",
            "artist": "蔡健雅",
            "id": 208933
        },
        {
            "name": "故事的结局重要吗",
            "artist": "欣恩的en",
            "id": 2002431491
        },
        {
            "name": "Dehors(纯音乐)",
            "artist": "从和文",
            "id": 2009974513
        },
        {
            "name": "带我走",
            "artist": "杨丞琳",
            "id": 523008515
        },
        {
            "name": "I Really Want to Stay at Your House",
            "artist": "Samuel Kim",
            "id": 1990743306
        },
        {
            "name": "夏天的风",
            "artist": "XMASwu(吴骜)",
            "id": 2055878310
        },
        {
            "name": "May Eqip",
            "artist": "Kaysar Abdukerim",
            "id": 2057068155
        },
        {
            "name": "天黑黑 (我爱上让我奋不顾身的一个人)",
            "artist": "Joysaaaa",
            "id": 2055776589
        },
        {
            "name": "After Hours",
            "artist": "The Weeknd",
            "id": 1424460203
        },
        {
            "name": "凤凰花开的路口 (Live)",
            "artist": "房东的猫",
            "id": 1950272621
        },
        {
            "name": "越来越不懂",
            "artist": "王贰浪",
            "id": 2053100690
        },
        {
            "name": "最后是我一个人走过这片海（热搜版）",
            "artist": "励志_xODi",
            "id": 2024469926
        },
        {
            "name": "可不可以（0.8x）",
            "artist": "海予浪漫诗",
            "id": 1955029675
        },
        {
            "name": "翠花（emo版）",
            "artist": "DP龙猪",
            "id": 2055617551
        },
        {
            "name": "男人的累自己体会",
            "artist": "Au兰益",
            "id": 2036711273
        },
        {
            "name": "Dehors",
            "artist": "JORDANN",
            "id": 1815725297
        },
        {
            "name": "想念是凋谢的云",
            "artist": "Zy",
            "id": 2042403498
        },
        {
            "name": "老陈和小美",
            "artist": "Ove",
            "id": 1973056947
        },
        {
            "name": "听悲伤的情歌（原版）",
            "artist": "Jessie熙熙",
            "id": 2052070994
        },
        {
            "name": "Nefes",
            "artist": "Salim Seper",
            "id": 2056711960
        },
        {
            "name": "IF YOU",
            "artist": "BIGBANG",
            "id": 32922450
        },
        {
            "name": "南 海 花 痴（PLUS版）",
            "artist": "UmzBeatz",
            "id": 1430989428
        },
        {
            "name": "灰色轨迹(Live 1991)",
            "artist": "Beyond",
            "id": 346588
        },
        {
            "name": "回家part2",
            "artist": "法老",
            "id": 1969846925
        },
        {
            "name": "模特 (Live)",
            "artist": "李荣浩",
            "id": 31877157
        },
        {
            "name": "用情 (Live)",
            "artist": "狮子LION",
            "id": 461858648
        },
        {
            "name": "After Hours",
            "artist": "The Weeknd",
            "id": 1930182691
        },
        {
            "name": "还是会寂寞",
            "artist": "陈绮贞",
            "id": 209276
        },
        {
            "name": "不问",
            "artist": "王鑫",
            "id": 2046851439
        },
        {
            "name": "Idol",
            "artist": "YOASOBI",
            "id": 2048982668
        },
        {
            "name": "春泥",
            "artist": "西柚to",
            "id": 2010834753
        },
        {
            "name": "时候",
            "artist": "苏运莹",
            "id": 1331711880
        },
        {
            "name": "把回忆拼好给你（0.8x）",
            "artist": "心动",
            "id": 2001256658
        },
        {
            "name": "关于小熊",
            "artist": "蛋堡",
            "id": 76881
        },
        {
            "name": "一无所有的年纪",
            "artist": "英俊",
            "id": 2056314804
        },
        {
            "name": "Window",
            "artist": "Galdive",
            "id": 2015684589
        },
        {
            "name": "可愛くてごめん (feat. かぴ)",
            "artist": "HoneyWorks",
            "id": 1969519579
        },
        {
            "name": "ghost town",
            "artist": "JVKE",
            "id": 1984540917
        },
        {
            "name": "Heaven",
            "artist": "Ailee",
            "id": 1851715422
        },
        {
            "name": "三拜红尘凉 (X0.8降速降调版)",
            "artist": "尹昔眠",
            "id": 2035703826
        },
        {
            "name": "やわらかな光",
            "artist": "やまだ豊",
            "id": 28287132
        },
        {
            "name": "What It Is (Block Boy)",
            "artist": "Doechii",
            "id": 2031003603
        },
        {
            "name": "最初的爱 (Live版)",
            "artist": "张靓颖",
            "id": 2057718113
        },
        {
            "name": "Nu",
            "artist": "DJ Project",
            "id": 1910994242
        },
        {
            "name": "Made in China",
            "artist": "Higher Brothers",
            "id": 1338957393
        },
        {
            "name": "我要开花",
            "artist": "二手玫瑰",
            "id": 1328892588
        },
        {
            "name": "Riptide",
            "artist": "Vancouver Sleep Clinic",
            "id": 2013823506
        },
        {
            "name": "As It Was",
            "artist": "Harry Grover",
            "id": 1974125151
        },
        {
            "name": "Sick Of You",
            "artist": "Mason Murphy",
            "id": 1936154986
        },
        {
            "name": "喜欢就一定要得到吗",
            "artist": "易谢斌",
            "id": 2012137045
        },
        {
            "name": "夏夜露天电影(Summer Night Open-Air Movie)",
            "artist": "白色海岸The White Coast",
            "id": 1948694170
        },
        {
            "name": "记·念",
            "artist": "雷雨心",
            "id": 36229053
        },
        {
            "name": "21",
            "artist": "Gracie Abrams",
            "id": 1462753116
        },
        {
            "name": "偷星星的人",
            "artist": "yihuik苡慧",
            "id": 2056207554
        },
        {
            "name": "因为你",
            "artist": "方大同",
            "id": 81979
        },
        {
            "name": "As It Was",
            "artist": "Harry Styles",
            "id": 1933791692
        },
        {
            "name": "生日快乐",
            "artist": "yihuik苡慧",
            "id": 1963443271
        },
        {
            "name": "心动节奏",
            "artist": "Ayi",
            "id": 1804880018
        },
        {
            "name": "A Thousand Years",
            "artist": "Jada Facer",
            "id": 1937340367
        },
        {
            "name": "See You Again",
            "artist": "The Chainsmokers",
            "id": 2056399805
        },
        {
            "name": "Kiss Me, Kill Me",
            "artist": "ARI HICKS",
            "id": 1483979868
        },
        {
            "name": "最坚强的艺术家",
            "artist": "扬布拉德",
            "id": 1902242699
        },
        {
            "name": "花日完整",
            "artist": "aoao真棒",
            "id": 1919295740
        },
        {
            "name": "ONLY LOOK AT ME (TAEYANG 2017 WORLD TOUR <WHITE NIGHT> IN JAPAN)",
            "artist": "TAEYANG",
            "id": 534066129
        },
        {
            "name": "Every summertime",
            "artist": "Jerry1",
            "id": 1909814194
        },
        {
            "name": "Falling",
            "artist": "INTERSECTION",
            "id": 1385109619
        },
        {
            "name": "trust me",
            "artist": "Dx",
            "id": 1901109775
        },
        {
            "name": "鸟人 (Live版)",
            "artist": "吉克隽逸",
            "id": 2057716380
        },
        {
            "name": "像极了℡.",
            "artist": "AD钙",
            "id": 1908670475
        },
        {
            "name": "下次有缘就别再分开了",
            "artist": "美蛋",
            "id": 1988150002
        },
        {
            "name": "Braving Love",
            "artist": "余佳运",
            "id": 2055273512
        },
        {
            "name": "New Things",
            "artist": "zzz鱼尾",
            "id": 1888773106
        },
        {
            "name": "我爱你,你知不知道",
            "artist": "13z",
            "id": 2045101792
        },
        {
            "name": "karap tur",
            "artist": "艾珂",
            "id": 1830753136
        },
        {
            "name": "爱人错过 (Live版)",
            "artist": "告五人",
            "id": 2052368796
        },
        {
            "name": "致爱 A song for beloved",
            "artist": "宴宁",
            "id": 1973314938
        },
        {
            "name": "下个，路口，见",
            "artist": "李宇春",
            "id": 490602335
        },
        {
            "name": "画中游",
            "artist": "清洢",
            "id": 1994762345
        },
        {
            "name": "雨是神的烟花",
            "artist": "韶程",
            "id": 2055917609
        },
        {
            "name": "DINOSAUR",
            "artist": "AKMU",
            "id": 491950112
        },
        {
            "name": "我们的明天",
            "artist": "鹿晗",
            "id": 29771231
        },
        {
            "name": "近代史-下",
            "artist": "Jason(刘杏华)",
            "id": 1460394537
        },
        {
            "name": "如何 (From \"แปลรักฉันด้วยใจเธอ\")",
            "artist": "PP Krit",
            "id": 1492362609
        },
        {
            "name": "沙發上的白日夢",
            "artist": "SoulFa 灵魂沙发",
            "id": 2022140578
        },
        {
            "name": "mmashup:138z",
            "artist": "刘楚",
            "id": 2042594225
        },
        {
            "name": "我讨厌新鲜感",
            "artist": "易谢斌",
            "id": 2016245945
        },
        {
            "name": "Sea Of Problems (Sped Up)",
            "artist": "Glichery",
            "id": 2035279873
        },
        {
            "name": "一个傻子（0.8x）",
            "artist": "枯林",
            "id": 2036063954
        },
        {
            "name": "Catch My Breath",
            "artist": "Kelly Clarkson",
            "id": 26226510
        },
        {
            "name": "时落叶影",
            "artist": "Maple暖枫",
            "id": 1379958635
        },
        {
            "name": "留不住的樱花",
            "artist": "苏星婕",
            "id": 2057275534
        },
        {
            "name": "Fallin' Out",
            "artist": "Keyshia Cole",
            "id": 1616018
        },
        {
            "name": "Baby you",
            "artist": "有華",
            "id": 2008987398
        },
        {
            "name": "Travelers' encore",
            "artist": "Andrew Prahlow",
            "id": 1879098277
        },
        {
            "name": "一般的一天",
            "artist": "Wiz_H张子豪",
            "id": 2054300084
        },
        {
            "name": "なんでもないや（没什么大不了）",
            "artist": "江意间",
            "id": 2019972021
        },
        {
            "name": "Giant",
            "artist": "宋雨琦",
            "id": 1844442254
        },
        {
            "name": "化身孤岛的鲸 (Live版)",
            "artist": "张靓颖",
            "id": 2057718225
        },
        {
            "name": "Some Days",
            "artist": "Mree",
            "id": 1929622155
        },
        {
            "name": "唯一 (Live)",
            "artist": "胡海泉",
            "id": 1945875456
        },
        {
            "name": "All My Life",
            "artist": "Lil Durk",
            "id": 2044734734
        },
        {
            "name": "The job song",
            "artist": "贝卡",
            "id": 1980023227
        },
        {
            "name": "最后一次花盛开",
            "artist": "BlackDD",
            "id": 2047080642
        },
        {
            "name": "Kate Bush-Running Up That Hill",
            "artist": "LINGZEA",
            "id": 2047985543
        },
        {
            "name": "逃避行",
            "artist": "imase",
            "id": 1916370539
        },
        {
            "name": "什么b动静",
            "artist": "Dr.Nur单",
            "id": 2049493924
        },
        {
            "name": "Vroom",
            "artist": "Hoodie Allen",
            "id": 2040474776
        },
        {
            "name": "谁家",
            "artist": "池鱼",
            "id": 2024225492
        },
        {
            "name": "World Class Sinner / I’m A Freak",
            "artist": "Lily-Rose Depp",
            "id": 2054207130
        },
        {
            "name": "ブルーバード",
            "artist": "いきものがかり",
            "id": 718765
        },
        {
            "name": "Tell you all my love",
            "artist": "dollyy99",
            "id": 2056951849
        },
        {
            "name": "大千世界",
            "artist": "李小眼",
            "id": 2022700137
        },
        {
            "name": "致爱 Your Song",
            "artist": "鹿晗",
            "id": 34852348
        },
        {
            "name": "novacaine (addicted to you) (sped up)",
            "artist": "Lofuu",
            "id": 2029086426
        },
        {
            "name": "kaytip kalma",
            "artist": "elijangupur",
            "id": 2056780007
        },
        {
            "name": "多余的解释(0.8)",
            "artist": "1coco",
            "id": 2026900838
        },
        {
            "name": "要 像 荷 花 一 樣",
            "artist": "heaten_",
            "id": 1905315244
        },
        {
            "name": "照亮",
            "artist": "杨宗纬",
            "id": 2055859740
        },
        {
            "name": "Bitter",
            "artist": "Jahkoy",
            "id": 1998606050
        },
        {
            "name": "璃云月海",
            "artist": "宴宁",
            "id": 1913819637
        },
        {
            "name": "Fake Love (Orchestral Version)",
            "artist": "MDP",
            "id": 1988202864
        },
        {
            "name": "Baby, Don't Cry (人鱼的眼泪)",
            "artist": "EXO",
            "id": 26428032
        },
        {
            "name": "Wicked Games (Sped Up)",
            "artist": "Kiana Ledé",
            "id": 2034490879
        },
        {
            "name": "游荡的人 (feat. 李玖哲 Nicky Lee)",
            "artist": "好乐团",
            "id": 1992746370
        },
        {
            "name": "Overdose",
            "artist": "なとり",
            "id": 1974104377
        },
        {
            "name": "4U",
            "artist": "Vinida (万妮达)",
            "id": 1335841187
        },
        {
            "name": "黒い涙",
            "artist": "土屋アンナ",
            "id": 22733274
        },
        {
            "name": "this is what sadness feels like",
            "artist": "JVKE",
            "id": 1984537508
        },
        {
            "name": "フィナーレ。",
            "artist": "eill",
            "id": 1972395036
        },
        {
            "name": "告诉我",
            "artist": "陈绮贞",
            "id": 209494
        },
        {
            "name": "What You Wanna Try",
            "artist": "Masego",
            "id": 2027160988
        },
        {
            "name": "美好的事可不可以发生在我身上",
            "artist": "康士坦的变化球",
            "id": 1499917735
        },
        {
            "name": "Go Again (feat. ELYSA)",
            "artist": "King CAAN",
            "id": 1952112969
        },
        {
            "name": "꽃(FLOWER)",
            "artist": "JISOO",
            "id": 2035161156
        },
        {
            "name": "枫原万叶",
            "artist": "Bethybai",
            "id": 1943481344
        },
        {
            "name": "As It Was",
            "artist": "Harry Styles",
            "id": 1948620191
        },
        {
            "name": "在意识里过一生",
            "artist": "张婉清",
            "id": 1908001823
        },
        {
            "name": "Mystery of Love",
            "artist": "Luke Pickman",
            "id": 1457681678
        },
        {
            "name": "Hug me(Remix版)",
            "artist": "蔡徐坤",
            "id": 2057546701
        },
        {
            "name": "who do you cry for?",
            "artist": "CPRCRN",
            "id": 2012616388
        },
        {
            "name": "世界上的另一个我 (Live版)",
            "artist": "张碧晨",
            "id": 2056170674
        },
        {
            "name": "Jealous Guy",
            "artist": "The Weeknd",
            "id": 2058141721
        },
        {
            "name": "Masquerade",
            "artist": "Lindsey Stirling",
            "id": 1390430684
        },
        {
            "name": "Starboy",
            "artist": "The Weeknd",
            "id": 461544117
        },
        {
            "name": "FATALITY",
            "artist": "Kordhell",
            "id": 1943523171
        }
    ]
}