{
    "playlist_info": {
        "name": "日系慵懒❦蓝色郁金香，风车轻转",
        "trackcount": 39,
        "playcount": 1241,
        "creator": "Blue_L",
        "createDate": "2023-04-16",
        "heat": 16.0
    },
    "songs": [
        {
            "name": "こいのうた",
            "artist": "MONGOL800",
            "id": 22781037
        },
        {
            "name": "いつも何度でも",
            "artist": "伊藤サチコ",
            "id": 584155
        },
        {
            "name": "想い出",
            "artist": "つじあやの",
            "id": 643409
        },
        {
            "name": "さがしもの",
            "artist": "ハンバート ハンバート",
            "id": 28587152
        },
        {
            "name": "Story of Our Life",
            "artist": "平井 大",
            "id": 488256310
        },
        {
            "name": "夢のつづき",
            "artist": "玉置浩二",
            "id": 523567
        },
        {
            "name": "风来坊",
            "artist": "ふきのとう",
            "id": 741963
        },
        {
            "name": "君が好きです",
            "artist": "つじあやの",
            "id": 26085700
        },
        {
            "name": "僕らの手には何もないけど、",
            "artist": "RAM WIRE",
            "id": 32317208
        },
        {
            "name": "ヒロインたるもの！",
            "artist": "HoneyWorks",
            "id": 1467909539
        },
        {
            "name": "カプセル",
            "artist": "鎖那",
            "id": 1993092062
        },
        {
            "name": "おじゃま虫",
            "artist": "DECO*27",
            "id": 28364361
        },
        {
            "name": "なのです!",
            "artist": "ななひら",
            "id": 415787008
        },
        {
            "name": "君が夢を連れてきた",
            "artist": "ペットな彼女たち",
            "id": 26093675
        },
        {
            "name": "可愛くなりたい",
            "artist": "鎖那",
            "id": 427419509
        },
        {
            "name": "チカっとチカ千花っ♡ (TV Size)",
            "artist": "小原好美",
            "id": 1343946237
        },
        {
            "name": "Taste of home",
            "artist": "陶典",
            "id": 1374489488
        },
        {
            "name": "可愛くてごめん (feat. かぴ)",
            "artist": "HoneyWorks",
            "id": 1969519579
        },
        {
            "name": "好きだから。",
            "artist": "『ユイカ』",
            "id": 1856722728
        },
        {
            "name": "可愛くなりたい",
            "artist": "HoneyWorks",
            "id": 461301621
        },
        {
            "name": "ひとり旅 (feat. 鎖那)",
            "artist": "瀬名航",
            "id": 1311345944
        },
        {
            "name": "秘密",
            "artist": "日向文",
            "id": 484249934
        },
        {
            "name": "夕暮れパラレリズム (rework)",
            "artist": "西原健一郎",
            "id": 33410324
        },
        {
            "name": "二言目",
            "artist": "斎藤千和",
            "id": 460638
        },
        {
            "name": "白金ディスコ",
            "artist": "井口裕香",
            "id": 460528
        },
        {
            "name": "彼女は旅に出る",
            "artist": "鎖那",
            "id": 509106775
        },
        {
            "name": "恋ノ行方",
            "artist": "あかせあかり",
            "id": 1902312172
        },
        {
            "name": "夏休みの転校生",
            "artist": "鎖那",
            "id": 468517764
        },
        {
            "name": "menhera酱-亲爱的你（Feat.约谈人参）",
            "artist": "多多poi",
            "id": 1322517422
        },
        {
            "name": "ピンポンがなんない",
            "artist": "きゃりーぱみゅぱみゅ",
            "id": 22658099
        },
        {
            "name": "Tokyo (Lo-Fi version)",
            "artist": "Leat'eq",
            "id": 1813987184
        },
        {
            "name": "夏恋慕",
            "artist": "kobasolo",
            "id": 1335529596
        },
        {
            "name": "drop pop candy",
            "artist": "Reol",
            "id": 28941711
        },
        {
            "name": "なきむし（Cover 沢井美空）",
            "artist": "十九遥",
            "id": 444706081
        },
        {
            "name": "にんじゃりばんばん",
            "artist": "きゃりーぱみゅぱみゅ",
            "id": 26115345
        },
        {
            "name": "転校前夜 (cover)",
            "artist": "鎖那",
            "id": 41416573
        },
        {
            "name": "もふもふファジーハート",
            "artist": "大西沙織",
            "id": 1320100029
        },
        {
            "name": "恋愛サーキュレーション",
            "artist": "花澤香菜",
            "id": 579954
        },
        {
            "name": "恋をしたような（翻自 初音ミク/巡音ルカ）",
            "artist": "熊子",
            "id": 553866156
        }
    ]
}