{
    "playlist_info": {
        "name": "文可择山谷幽居 武可入洌酒游龙",
        "trackcount": 56,
        "playcount": 932554,
        "creator": "夕阳下的盛宴",
        "createDate": "2016-07-02",
        "heat": 365.0
    },
    "songs": [
        {
            "name": "望苍穹",
            "artist": "南无",
            "id": 30967738
        },
        {
            "name": "笑傲江湖",
            "artist": "女子十二乐坊",
            "id": 369815
        },
        {
            "name": "晨月",
            "artist": "浪荡绅士",
            "id": 365047
        },
        {
            "name": "云",
            "artist": "浪荡绅士",
            "id": 365063
        },
        {
            "name": "溪夜",
            "artist": "窦唯",
            "id": 27804058
        },
        {
            "name": "山中问答",
            "artist": "龚琳娜",
            "id": 28012047
        },
        {
            "name": "清夜语",
            "artist": "龙神道",
            "id": 409646749
        },
        {
            "name": "风是外衣",
            "artist": "谢天笑",
            "id": 167564
        },
        {
            "name": "行云流水",
            "artist": "张维良",
            "id": 194212
        },
        {
            "name": "碧涧流泉",
            "artist": "谢俊仁",
            "id": 174438
        },
        {
            "name": "幽居",
            "artist": "秘密後院",
            "id": 365631
        },
        {
            "name": "天净沙",
            "artist": "刘笙",
            "id": 29777743
        },
        {
            "name": "风行水上",
            "artist": "衣湿乐队",
            "id": 28660324
        },
        {
            "name": "山峦下的人们",
            "artist": "左小祖咒",
            "id": 189645
        },
        {
            "name": "云的方向",
            "artist": "莫西子诗",
            "id": 28912315
        },
        {
            "name": "世间劫",
            "artist": "冬子",
            "id": 29049464
        },
        {
            "name": "无去来处",
            "artist": "新乐府",
            "id": 409830268
        },
        {
            "name": "游",
            "artist": "王璠",
            "id": 165228
        },
        {
            "name": "淡若晨风",
            "artist": "巫娜",
            "id": 304849
        },
        {
            "name": "《愁空山》民乐版(第一乐章 Lento-Adagio)",
            "artist": "郭文景",
            "id": 90891
        },
        {
            "name": "乌木",
            "artist": "雪沉乐队",
            "id": 416385912
        },
        {
            "name": "笑傲江湖曲(琴箫合奏)",
            "artist": "胡伟立",
            "id": 30031035
        },
        {
            "name": "空谷幽兰",
            "artist": "许巍",
            "id": 25657380
        },
        {
            "name": "说鸟 (一)",
            "artist": "大忘杠",
            "id": 31108793
        },
        {
            "name": "秋语",
            "artist": "马条",
            "id": 135039
        },
        {
            "name": "喝醉的笛子",
            "artist": "赵照",
            "id": 25986021
        },
        {
            "name": "蛻変~transformation~",
            "artist": "采风乐坊",
            "id": 4917074
        },
        {
            "name": "寒心寺",
            "artist": "文雀",
            "id": 27646212
        },
        {
            "name": "風尾",
            "artist": "川秋沙",
            "id": 350180
        },
        {
            "name": "离骚",
            "artist": "混沌说唱",
            "id": 414979204
        },
        {
            "name": "梦若心莲",
            "artist": "王三溥",
            "id": 28828021
        },
        {
            "name": "石湖仙",
            "artist": "小乐队",
            "id": 5276180
        },
        {
            "name": "藩篱",
            "artist": "表情银行MimikBanka",
            "id": 413831861
        },
        {
            "name": "沉醉不知处",
            "artist": "沼泽",
            "id": 29922172
        },
        {
            "name": "伯爵森林东街的日落",
            "artist": "表情银行MimikBanka",
            "id": 33162870
        },
        {
            "name": "空山",
            "artist": "蒋明",
            "id": 38019455
        },
        {
            "name": "雨霖铃",
            "artist": "尧十三",
            "id": 34125082
        },
        {
            "name": "高山流水",
            "artist": "李炜",
            "id": 5265053
        },
        {
            "name": "低眉抚琴歌声咽",
            "artist": "李建傧",
            "id": 39442037
        },
        {
            "name": "漓江水",
            "artist": "窦唯",
            "id": 77176
        },
        {
            "name": "鱼相忘于江湖",
            "artist": "周云蓬",
            "id": 187951
        },
        {
            "name": "大尾河",
            "artist": "宋雨喆",
            "id": 5241559
        },
        {
            "name": "小山水",
            "artist": "西皮士",
            "id": 169298
        },
        {
            "name": "山居吟",
            "artist": "龚一",
            "id": 88585
        },
        {
            "name": "林语 Whispering Woods",
            "artist": "葬尸湖",
            "id": 363477
        },
        {
            "name": "念奴娇",
            "artist": "杜昆",
            "id": 78115
        },
        {
            "name": "玉笛声阑",
            "artist": "浪荡绅士",
            "id": 365059
        },
        {
            "name": "山水间",
            "artist": "颠覆M",
            "id": 29095673
        },
        {
            "name": "幽梦",
            "artist": "梁铭越",
            "id": 128418
        },
        {
            "name": "心经",
            "artist": "推乐队",
            "id": 31081368
        },
        {
            "name": "大风歌",
            "artist": "唐朝乐队",
            "id": 381807
        },
        {
            "name": "吹箫人",
            "artist": "朱哲琴",
            "id": 327807
        },
        {
            "name": "胜者为王",
            "artist": "窒息乐队",
            "id": 395909
        },
        {
            "name": "天下",
            "artist": "春秋",
            "id": 347982
        },
        {
            "name": "清心普善咒",
            "artist": "废五金",
            "id": 354979
        },
        {
            "name": "云是鹤家乡",
            "artist": "白金",
            "id": 28884095
        }
    ]
}