{
    "playlist_info": {
        "name": "新年特辑 | 不只是施特劳斯",
        "trackcount": 40,
        "playcount": 96153,
        "creator": "拿索斯古典音乐",
        "createDate": "2017-11-08",
        "heat": 46.0
    },
    "songs": [
        {
            "name": "Slavonic Dances, Series 1, Op. 46, B. 83:No. 1 in C Major",
            "artist": "South West German Radio Kaiserslautern Orchestra",
            "id": 559190485
        },
        {
            "name": "Tritsch-Tratsch-Polka, Op. 214:Tritsch-Tratsch Polka, Op. 214",
            "artist": "Thomas Dausgaard",
            "id": 465129246
        },
        {
            "name": "Trumpet Concerto No. 17 in E-Flat Major, Hob.VIIe:1:III. Finale: Allegro",
            "artist": "Helmut Müller-Brühl",
            "id": 465370910
        },
        {
            "name": "Blitz, Op. 106:Blitz-Polka, Op. 106",
            "artist": "Košice Slovak State Philharmonic Orchestra",
            "id": 464828743
        },
        {
            "name": "21 Hungarian Dances, WoO 1 (version for orchestra):21 Hungarian Dances, WoO 1: No. 1 in G Minor",
            "artist": "Swedish Chamber Orchestra",
            "id": 465129244
        },
        {
            "name": "Czech Suite, Op. 39, B. 93:Czech Suite in D Major, Op. 39: II. Polka",
            "artist": "Antoni Wit",
            "id": 465017255
        },
        {
            "name": "Life and Works - Haydn: The Creation ('Die Himmel erzahlen' - 'The Heavens Are Telling')",
            "artist": "David Timson",
            "id": 465247176
        },
        {
            "name": "Keyboard Trio No. 21 in C Major, Hob.XV:21:III. Finale: Presto",
            "artist": "Haydn Trio Eisenstadt",
            "id": 465654543
        },
        {
            "name": "Girl Crazy, Act I: I Got Rhythm",
            "artist": "Pernilla Andersson",
            "id": 465880349
        },
        {
            "name": "Les Patineurs, Op. 183, \"The Skater's Waltz\":Les Patineurs, Waltz, Op. 183",
            "artist": "Košice Slovak State Philharmonic Orchestra",
            "id": 464813577
        },
        {
            "name": "Concerto Grosso in D Major, Op. 2, No. 6: II. Allegro",
            "artist": "I Musici",
            "id": 477932274
        },
        {
            "name": "Quadrille nach Motiven aus der Oper: Die Belagerung von Rochelle, Op. 31",
            "artist": "Košice Slovak State Philharmonic Orchestra",
            "id": 465515610
        },
        {
            "name": "Zolotoy vek (The Golden Age), Op. 22:Zolotoy vek (The Golden Age), Op. 22, Act III: Polka",
            "artist": "Efrem Kurtz",
            "id": 465620689
        },
        {
            "name": "Egyptischer, Op. 335:Egyptischer Marsch (Egyptian March), Op. 335",
            "artist": "Ondrej Lenárd",
            "id": 464917305
        },
        {
            "name": "Masquerade Suite:Waltz",
            "artist": "Andre Anichanov",
            "id": 464974284
        },
        {
            "name": "Aida: Prelude: Aida, Act II: Triumphal March",
            "artist": "Ireland National Symphony Orchestra",
            "id": 504317765
        },
        {
            "name": "Polka, \"Leokadia\"",
            "artist": "Warsaw Philharmonic Orchestra",
            "id": 464683117
        },
        {
            "name": "L'Orfeo:L'Orfeo: Toccata",
            "artist": "San Petronio Cappella Musicale Orchestra",
            "id": 465110130
        },
        {
            "name": "Unter Donner und Blitz (Thunder and Lightning), Polka, Op. 324:Unter Donner und Blitz (Thunder and Lightning), Schnell-Polka, Op. 324",
            "artist": "Herbert von Karajan",
            "id": 465587232
        },
        {
            "name": "Water Music: Suite No. 1 in F Major, HWV 348 *:VIII. Bourree",
            "artist": "Aradia Ensemble",
            "id": 465191588
        },
        {
            "name": "Comptines I-III (version for piano 4 hands):No. 3. J'ai vu dans la lune",
            "artist": "Jordi Masó",
            "id": 465388368
        },
        {
            "name": "Champagner-Polka, Op. 211",
            "artist": "Košice Slovak State Philharmonic Orchestra",
            "id": 465388850
        },
        {
            "name": "Carmen Suite No. 2 (arr. E. Guiraud for orchestra): II. Habanera",
            "artist": "Barcelona Symphony and Catalonia National Orchestra",
            "id": 512764095
        },
        {
            "name": "Frühlingsstimmen (Voices of Spring), Op. 410: Fruhlingsstimmen (Voices of Spring), Op. 410",
            "artist": "Austrian Radio Symphony Orchestra",
            "id": 504346116
        },
        {
            "name": "Waltz No. 11 in G-Flat Major, Op. 70, No. 1 (arr. R. Douglas for orchestra): Waltz No. 11 in G-Flat Major, Op. 70, No. 1 (arr. R. Douglas for orchestra) [Les Sylphides]",
            "artist": "Berlin Radio Symphony Orchestra",
            "id": 501458763
        },
        {
            "name": "Neujahrs-Galopp (New Year's Galop), Op. 61b",
            "artist": "Orchestre Régional de Cannes",
            "id": 465493003
        },
        {
            "name": "Ball-Suite in D Major, Op. 170:II. Mazurka",
            "artist": "Košice Slovak State Philharmonic Orchestra",
            "id": 464828405
        },
        {
            "name": "Fatinitza:Fatinitza March",
            "artist": "Košice Slovak State Philharmonic Orchestra",
            "id": 464829008
        },
        {
            "name": "Quadrille zur allerhochsten Namensfeyer Sr. Majestat des Kaisers Ferdinand I, Op. 151:Ferdinand-Quadrille, Op. 151",
            "artist": "Košice Slovak State Philharmonic Orchestra",
            "id": 464828638
        },
        {
            "name": "La cinquantiane, Op. 215:La cinquantiane, Polka, Op. 215",
            "artist": "Košice Slovak State Philharmonic Orchestra",
            "id": 464837482
        },
        {
            "name": "Ohne Sorgen!, Op. 271",
            "artist": "Košice Slovak State Philharmonic Orchestra",
            "id": 465110160
        },
        {
            "name": "La vie parisienne (Parisian Life): Overture:La Vie parisienne: Overture",
            "artist": "Lille National Orchestra",
            "id": 517894401
        },
        {
            "name": "Slavonic Dances, Series 2, Op. 72, B. 147:Slavonic Dance No. 10 in E Minor, Op. 72, No. 2",
            "artist": "Swedish Chamber Orchestra",
            "id": 465129240
        },
        {
            "name": "Der Feldprediger: Freikorps-Marsch",
            "artist": "Pardubice Czech Chamber Philharmonic Orchestra",
            "id": 512764021
        },
        {
            "name": "Dynamit Polka Schnell, Op. 10 (arr. J. Georgiadis for orchestra)",
            "artist": "Pardubice Czech Chamber Philharmonic Orchestra",
            "id": 512764015
        },
        {
            "name": "Elfen, Op. 74:Elfen-Polka (schnell), Op. 74",
            "artist": "Košice Slovak State Philharmonic Orchestra",
            "id": 464828722
        },
        {
            "name": "Concert Waltz No. 1 in D Major, Op. 47:Concert Waltz No. 1, Op. 47",
            "artist": "Moscow Symphony Orchestra",
            "id": 465104429
        },
        {
            "name": "Im Sturmschritt!, Op. 348:Im Sturmschritt!, Polka schnell, Op. 348",
            "artist": "Johannes Wildner",
            "id": 464795983
        },
        {
            "name": "1812 Festival Overture, Op. 49:1812 Overture, Op. 49",
            "artist": "Ukraine National Symphony Orchestra",
            "id": 465097227
        },
        {
            "name": "Radetzky March, Op. 228",
            "artist": "Herbert von Karajan",
            "id": 465587229
        }
    ]
}