{
    "playlist_info": {
        "name": "星空纯音乐OPQ篇| 如梦如幻 若即若离",
        "trackcount": 147,
        "playcount": 6185,
        "creator": "峯哥牛逼",
        "createDate": "2020-07-19",
        "heat": 5.0
    },
    "songs": [
        {
            "name": "Only The Winds (Pascal Lengagne Remix)",
            "artist": "Ólafur Arnalds",
            "id": 27803675
        },
        {
            "name": "October Redux",
            "artist": "Stephan Moccio",
            "id": 1993646
        },
        {
            "name": "Pinehurst (From the Film \"Pinehurst\")",
            "artist": "Joanie Madden",
            "id": 18782908
        },
        {
            "name": "Please",
            "artist": "Robert J. P. Oberg",
            "id": 28850312
        },
        {
            "name": "Ocean(Inst.ver.)",
            "artist": "佐藤直紀",
            "id": 510165
        },
        {
            "name": "Orchestral Suite No. 3 in D Major, BWV 1068:II. Air",
            "artist": "Joshua Bell",
            "id": 29540404
        },
        {
            "name": "Orphans",
            "artist": "Dustin O'Halloran",
            "id": 442458858
        },
        {
            "name": "Piano Lullaby",
            "artist": "Gary Stadler",
            "id": 18057005
        },
        {
            "name": "Places That Belong To You",
            "artist": "Danny Wright",
            "id": 2420006
        },
        {
            "name": "Opened prisoner",
            "artist": "Silver Forest",
            "id": 823607
        },
        {
            "name": "promise",
            "artist": "大川茂伸",
            "id": 443292588
        },
        {
            "name": "Prelude: Per Aspera Ad Astra",
            "artist": "Alnea",
            "id": 36019998
        },
        {
            "name": "Ocean Blessing",
            "artist": "Nadama",
            "id": 1803063
        },
        {
            "name": "Protagoras",
            "artist": "Tristan Breton",
            "id": 406593196
        },
        {
            "name": "Pavan",
            "artist": "Michael Maxwell",
            "id": 1771074
        },
        {
            "name": "Primi passi",
            "artist": "Fabrizio Paterlini",
            "id": 1369986
        },
        {
            "name": "Omni-heart",
            "artist": "阿保剛",
            "id": 28541051
        },
        {
            "name": "Prelude",
            "artist": "Wayne Gratz",
            "id": 2085706
        },
        {
            "name": "Planning Nice Things",
            "artist": "光宗信吉",
            "id": 472001
        },
        {
            "name": "Prayer",
            "artist": "Daydream",
            "id": 25954099
        },
        {
            "name": "Oceano",
            "artist": "Roberto Cacciapaglia",
            "id": 18495538
        },
        {
            "name": "Plasson",
            "artist": "Bruno Bavota",
            "id": 28841791
        },
        {
            "name": "Perfect Tranquility",
            "artist": "Roger St. Denis",
            "id": 1934083
        },
        {
            "name": "Prelude (Motohiko Hirami & Yann)",
            "artist": "Motohiko Hirami",
            "id": 28587913
        },
        {
            "name": "Outro",
            "artist": "崔成旭",
            "id": 5295220
        },
        {
            "name": "Quiet Moves",
            "artist": "Brian Crain",
            "id": 1091632
        },
        {
            "name": "Pianoforte-AdLib II",
            "artist": "澤野弘之",
            "id": 498022
        },
        {
            "name": "Picking Flowers",
            "artist": "Robin Spielberg",
            "id": 3314809
        },
        {
            "name": "オープニングタイトル",
            "artist": "小瀬村晶",
            "id": 29498701
        },
        {
            "name": "Oversky",
            "artist": "Luke Howard",
            "id": 518076422
        },
        {
            "name": "Prelude For Time Feelers",
            "artist": "Eluvium",
            "id": 19760497
        },
        {
            "name": "O My Father",
            "artist": "Steven Sharp Nelson",
            "id": 1992833
        },
        {
            "name": "Pathway Through Life",
            "artist": "Stuart Jones",
            "id": 532921385
        },
        {
            "name": "Pour les oiseaux",
            "artist": "Sylvain Chauveau",
            "id": 19077226
        },
        {
            "name": "Path 5 (Short Edit)",
            "artist": "Grace Davidson",
            "id": 403392744
        },
        {
            "name": "Planetarium",
            "artist": "岩代太郎",
            "id": 414612
        },
        {
            "name": "One Happier",
            "artist": "Remember Remember",
            "id": 18669363
        },
        {
            "name": "Prayer",
            "artist": "Secret Garden",
            "id": 4278316
        },
        {
            "name": "Prayer",
            "artist": "One Hundred Years",
            "id": 480427500
        },
        {
            "name": "old summer days",
            "artist": "麻枝准",
            "id": 4977951
        },
        {
            "name": "Praire",
            "artist": "Robin Spielberg",
            "id": 3314839
        },
        {
            "name": "Passi",
            "artist": "Bruno Bavota",
            "id": 476646283
        },
        {
            "name": "Palace Memories",
            "artist": "S.E.N.S.",
            "id": 818820
        },
        {
            "name": "primrose",
            "artist": "chimneycrow",
            "id": 515581820
        },
        {
            "name": "Once in the Long Ago",
            "artist": "Kevin Kern",
            "id": 18927580
        },
        {
            "name": "Perfect World",
            "artist": "Akinobu",
            "id": 403646
        },
        {
            "name": "Ori, Lost In the Storm (feat. Aeralie Brighton)",
            "artist": "Gareth Coker",
            "id": 31010743
        },
        {
            "name": "Passes",
            "artist": "Helen Jane Long",
            "id": 28732740
        },
        {
            "name": "Open Spaces",
            "artist": "Stanton Lanier",
            "id": 1360755505
        },
        {
            "name": "One Last Look",
            "artist": "Robin Spielberg",
            "id": 562611581
        },
        {
            "name": "Ostara",
            "artist": "David Hicken",
            "id": 1234421
        },
        {
            "name": "One of Those Days",
            "artist": "Xeuphoria",
            "id": 500684082
        },
        {
            "name": "Procession of the Angels",
            "artist": "Christopher Boscole",
            "id": 1387419885
        },
        {
            "name": "Otto",
            "artist": "Ed Carlsen",
            "id": 521415925
        },
        {
            "name": "Photo Jaunie",
            "artist": "Andre Gagnon",
            "id": 1002371
        },
        {
            "name": "Once Upon a Time",
            "artist": "Dennis Kuo",
            "id": 1293058
        },
        {
            "name": "Postlude (Reverently, Quietly)",
            "artist": "Brad Jacobsen",
            "id": 32337166
        },
        {
            "name": "Quelques Notes Pour Anna",
            "artist": "Nicolas de Angelis",
            "id": 1793357
        },
        {
            "name": "Love in Winter (1st Movement Opus for Love)",
            "artist": "Fiona Joy Hawkins",
            "id": 2638858
        },
        {
            "name": "Pieces Of Dreams",
            "artist": "梁邦彦",
            "id": 28230672
        },
        {
            "name": "Pure Air",
            "artist": "Dexter Britain",
            "id": 31574359
        },
        {
            "name": "Parantica Sita(가을나비)",
            "artist": "Aev",
            "id": 27785192
        },
        {
            "name": "Our vision",
            "artist": "Noicybino",
            "id": 34183394
        },
        {
            "name": "Pursuit of Happiness",
            "artist": "Kavin Hoo",
            "id": 501133293
        },
        {
            "name": "Platonic Love",
            "artist": "October",
            "id": 36492704
        },
        {
            "name": "Portrait of a Waterfall Reprise",
            "artist": "Fiona Joy Hawkins",
            "id": 2638915
        },
        {
            "name": "Passion of the Soul",
            "artist": "Ashaneen",
            "id": 1370576314
        },
        {
            "name": "Opus 37",
            "artist": "Dustin O'Halloran",
            "id": 17241428
        },
        {
            "name": "Permanent yesterday",
            "artist": "吉田靖",
            "id": 22716253
        },
        {
            "name": "Piano B",
            "artist": "Phildel",
            "id": 31789202
        },
        {
            "name": "Primavera",
            "artist": "Ludovico Einaudi",
            "id": 28838100
        },
        {
            "name": "Piano Serenade.",
            "artist": "天門",
            "id": 22697394
        },
        {
            "name": "Peace Of Mind",
            "artist": "Jacoo",
            "id": 28889785
        },
        {
            "name": "Once upon a Time",
            "artist": "Celestial Winds",
            "id": 19643005
        },
        {
            "name": "Piano Ballad",
            "artist": "Dennis Kuo",
            "id": 1293028
        },
        {
            "name": "Pie Jesu",
            "artist": "Andrew Johnston",
            "id": 16275454
        },
        {
            "name": "Only Love",
            "artist": "André Rieu",
            "id": 519157543
        },
        {
            "name": "One Day",
            "artist": "Tommy Emmanuel",
            "id": 26430280
        },
        {
            "name": "On My Mind",
            "artist": "Eric Chiryoku",
            "id": 26137949
        },
        {
            "name": "Psyche",
            "artist": "Mario M",
            "id": 34057043
        },
        {
            "name": "Oana",
            "artist": "Otto A Totland",
            "id": 28245304
        },
        {
            "name": "Papillon",
            "artist": "Secret Garden",
            "id": 21725952
        },
        {
            "name": "pure heart",
            "artist": "松田彬人",
            "id": 4946902
        },
        {
            "name": "Quiet Place",
            "artist": "Stanton Lanier",
            "id": 1992504
        },
        {
            "name": "peace in your mind",
            "artist": "梶浦由記",
            "id": 593963
        },
        {
            "name": "Our Serenity",
            "artist": "Xeuphoria",
            "id": 476324612
        },
        {
            "name": "Oltremare",
            "artist": "Ludovico Einaudi",
            "id": 20952125
        },
        {
            "name": "Outro",
            "artist": "Mili",
            "id": 28921691
        },
        {
            "name": "Only You (Original)",
            "artist": "Dj Rostej",
            "id": 36103723
        },
        {
            "name": "Pastel Reflections",
            "artist": "Kevin Kern",
            "id": 1614278
        },
        {
            "name": "One Hand, One Heart",
            "artist": "David Davidson",
            "id": 1234915
        },
        {
            "name": "Ocean by the Sea",
            "artist": "橙子Miu",
            "id": 1377798529
        },
        {
            "name": "One Last Goodbye",
            "artist": "Dan Gibson",
            "id": 1220832
        },
        {
            "name": "Out of the Darkness into the Light",
            "artist": "Kevin Kern",
            "id": 1614368
        },
        {
            "name": "Over The Moon",
            "artist": "East Root",
            "id": 5299327
        },
        {
            "name": "Prelude in C Major from The Well Tempered Clavier",
            "artist": "Dan Gibson",
            "id": 1217936
        },
        {
            "name": "Pour Toujours (Love Theme)",
            "artist": "Philippe Rombi",
            "id": 1839599
        },
        {
            "name": "Quintana",
            "artist": "Slow Meadow",
            "id": 520404045
        },
        {
            "name": "Peace Of Mind",
            "artist": "Electus",
            "id": 35310154
        },
        {
            "name": "OHANAYA-SAN",
            "artist": "吉俣良",
            "id": 29712149
        },
        {
            "name": "Pier Avenue",
            "artist": "Phil Coulter",
            "id": 1849262
        },
        {
            "name": "Pour Monsieur",
            "artist": "Robin Meloy Goldsby",
            "id": 531513660
        },
        {
            "name": "Prodigal",
            "artist": "Brad Jacobsen",
            "id": 28661569
        },
        {
            "name": "O Come, O Come, Emmanuel",
            "artist": "Simeon Walker",
            "id": 518077278
        },
        {
            "name": "Passing Time",
            "artist": "Paul Cardall",
            "id": 29284556
        },
        {
            "name": "Outdoor",
            "artist": "Roberto Cacciapaglia",
            "id": 1890922
        },
        {
            "name": "Ombre",
            "artist": "Ludovico Einaudi",
            "id": 20952215
        },
        {
            "name": "pole star",
            "artist": "水月陵",
            "id": 31426042
        },
        {
            "name": "On a Gentle Island Breeze",
            "artist": "Daniel Ho",
            "id": 26608283
        },
        {
            "name": "Photograph",
            "artist": "Arcade Fire",
            "id": 28226055
        },
        {
            "name": "Ø",
            "artist": "the tumbled sea",
            "id": 4346235
        },
        {
            "name": "Poland",
            "artist": "Ólafur Arnalds",
            "id": 1807649
        },
        {
            "name": "Offering 2",
            "artist": "Parijat",
            "id": 18215538
        },
        {
            "name": "Perhaps things had finally begun to move",
            "artist": "A Cerulean State",
            "id": 473740152
        },
        {
            "name": "Pastorale",
            "artist": "Secret Garden",
            "id": 4278360
        },
        {
            "name": "Quiet",
            "artist": "小瀬村晶",
            "id": 408140415
        },
        {
            "name": "One Day We Will Be Together",
            "artist": "Nao'ymt",
            "id": 29979592
        },
        {
            "name": "Penn Ar Roc'h",
            "artist": "Yann Tiersen",
            "id": 434732886
        },
        {
            "name": "Pegasus",
            "artist": "JuggShots_RADI8",
            "id": 1362352434
        },
        {
            "name": "Peace of Mind",
            "artist": "S.E.N.S.",
            "id": 818840
        },
        {
            "name": "Origami",
            "artist": "Soulostar",
            "id": 27580686
        },
        {
            "name": "Portraits Pt. 2",
            "artist": "Keith Kenniff",
            "id": 27484590
        },
        {
            "name": "One Fine Spring Day(Instrumental)",
            "artist": "赵成宇",
            "id": 5339264
        },
        {
            "name": "Poéme",
            "artist": "Secret Garden",
            "id": 28798643
        },
        {
            "name": "Oblivion",
            "artist": "Capo Productions",
            "id": 4010720
        },
        {
            "name": "One Wish",
            "artist": "Tanaki Alison",
            "id": 29774729
        },
        {
            "name": "Pitta Sarita",
            "artist": "Jo Blankenburg",
            "id": 1602683
        },
        {
            "name": "Old Memory",
            "artist": "市川淳",
            "id": 477982
        },
        {
            "name": "one's future",
            "artist": "Key Sounds Label",
            "id": 28561005
        },
        {
            "name": "Perfect",
            "artist": "2Cellos",
            "id": 539277641
        },
        {
            "name": "Profesia del condor y el aguila",
            "artist": "Alborada Del Inka",
            "id": 3934868
        },
        {
            "name": "Oak Tree",
            "artist": "Altitude Music",
            "id": 1339404191
        },
        {
            "name": "Over the end<Reprise>",
            "artist": "出羽良彰",
            "id": 28287119
        },
        {
            "name": "Passage",
            "artist": "Capo Productions",
            "id": 31830768
        },
        {
            "name": "Pearl White Story",
            "artist": "S.E.N.S.",
            "id": 816667
        },
        {
            "name": "Prélude",
            "artist": "Alexandra Streliski",
            "id": 2185832
        },
        {
            "name": "Puchai Waltz",
            "artist": "吴俊城",
            "id": 5396851
        },
        {
            "name": "óra ðem núbi chor arcshom",
            "artist": "Hasta La Otra México!",
            "id": 4111195
        },
        {
            "name": "Opening Theme",
            "artist": "PASIKA",
            "id": 571541787
        },
        {
            "name": "Purity",
            "artist": "Painless Destiny",
            "id": 28692665
        },
        {
            "name": "Promise to Your Heart",
            "artist": "Back To Earth",
            "id": 3972518
        },
        {
            "name": "On the Nature of Daylight",
            "artist": "Max Richter",
            "id": 26244421
        },
        {
            "name": "Pudding",
            "artist": "甜睡研究所",
            "id": 547973286
        },
        {
            "name": "Oliver's Lullaby",
            "artist": "Electus",
            "id": 36308890
        },
        {
            "name": "Perfect Shades",
            "artist": "Gecko",
            "id": 36509192
        },
        {
            "name": "Open Your Heart (Piano Solo Version)",
            "artist": "金子隆博",
            "id": 28568088
        },
        {
            "name": "Pres Du Coeur",
            "artist": "Richard Clayderman",
            "id": 1879302
        }
    ]
}