{
    "playlist_info": {
        "name": "柏辽兹 | 颠覆反叛的音乐鬼才",
        "trackcount": 50,
        "playcount": 18146,
        "creator": "云音乐古典星球",
        "createDate": "2023-03-30",
        "heat": 200.0
    },
    "songs": [
        {
            "name": "Harold en Italie Op.16:4. Orgie de brigands (Allegro frenetico - Adagio - Allegro Tempo I)",
            "artist": "Orchestre Symphonique de Montréal",
            "id": 473114926
        },
        {
            "name": "Harold en Italie, Op. 16, H 68: I. Harold aux montagnes. Scènes de mélancolie, de bonheur et de joie",
            "artist": "Antoine Tamestit",
            "id": 511470506
        },
        {
            "name": "La Damnation de Faust, Op. 24, H 111 / Pt. 4:Scène 15. Romance. \"D'amour l'ardente flamme\"",
            "artist": "Sir Georg Solti",
            "id": 522818951
        },
        {
            "name": "Les Troyens, Op. 29, H 133: Act V, No. 38. \"Vallon Sonore\"",
            "artist": "Sir Colin Davis",
            "id": 1891496770
        },
        {
            "name": "Symphonie fantastique, Op. 14, H 48:II. Un bal",
            "artist": "Daniel Barenboim",
            "id": 491237261
        },
        {
            "name": "Symphonie Fantastique, Op. 14: II.  A Ball: Valse.  Allegro non troppo.",
            "artist": "Daniel Barenboim",
            "id": 489414261
        },
        {
            "name": "Grande messe des morts, Op. 5, \"Requiem\":Hostias",
            "artist": "Noel Edison",
            "id": 465074641
        },
        {
            "name": "La Damnation de Faust, Op. 24, H. 111, Pt. I: Scène III: Marche hongroise (Hungarian March)",
            "artist": "London Symphony Orchestra",
            "id": 1344575794
        },
        {
            "name": "Les nuits d'été, Op. 7, H. 81B: No. 4, Absence, H. 85B (Live)",
            "artist": "Théophile Gautier",
            "id": 1453159698
        },
        {
            "name": "Lelio ou le retour à la vie Op.14b H.55:4. Chant de bonheur",
            "artist": "Orchestre Symphonique de Montréal",
            "id": 473114899
        },
        {
            "name": "Les Nuits d'été, Op. 7, H 81b:I. Villanelle, H 82b",
            "artist": "Daniel Zalay",
            "id": 1318508977
        },
        {
            "name": "Symphonie fantastique, Op.14:5. Songe d'une nuit du Sabbat (Larghetto - Allegro - Ronde du Sabbat: Poco meno mosso)",
            "artist": "Pierre Boulez",
            "id": 1806504041
        },
        {
            "name": "L'Enfance du Christ Op.25:Partie 3: L'arrivée à Sais - Trio pour deux fl?tes et harpe",
            "artist": "Carolyn Christie",
            "id": 473114878
        },
        {
            "name": "Roméo et Juliette, Op. 17, H. 79, Pt. 3:Scène d'amour",
            "artist": "Riccardo Muti",
            "id": 1342836253
        },
        {
            "name": "Grande messe des morts, Op. 5, \"Requiem\":Agnus Dei",
            "artist": "Michael Schade",
            "id": 465074643
        },
        {
            "name": "Les nuits d'été Op.7:2. Le spectre de la rose",
            "artist": "Jessye Norman",
            "id": 403392625
        },
        {
            "name": "La Mort de Cleopatre",
            "artist": "Beatrice Uria-Monzon",
            "id": 465093514
        },
        {
            "name": "L'enfance du Christ, Op. 25:Part III: The Arrival At Sais - Scene 3 - Epilogue. Narrator, Chorus",
            "artist": "Fernand Bernardi",
            "id": 465058444
        },
        {
            "name": "Les nuits d'été, Op. 7: Au cimetiere: Clair de lune (At the Cemetery: Moonlight)",
            "artist": "Elsa Maurus",
            "id": 504346767
        },
        {
            "name": "Le carnaval romain, Op. 9",
            "artist": "Lyon National Orchestra",
            "id": 465469244
        },
        {
            "name": "L'enfance du Christ, Op. 25:Part II: The Flight into Egypt - The Shepherd's Farewell to the Holy Family",
            "artist": "Fernand Bernardi",
            "id": 465058433
        },
        {
            "name": "La Mort de Cléopâtre, H. 36:I. \"C'en est donc fait !\"",
            "artist": "Alain Lanceron",
            "id": 1385408828
        },
        {
            "name": "Benvenuto Cellini, Op. 23: Overture",
            "artist": "Lyon National Orchestra",
            "id": 465469246
        },
        {
            "name": "Les Troyens, Op. 29, H. 133, Act 5: \"Ah ! Ah ! Je vais mourir\" (Didon) [Live]",
            "artist": "John Nelson",
            "id": 520521044
        },
        {
            "name": "Harold en Italie, Op. 16: III. Sérénade d'un Montagnard des Abruzzes à sa maîtresse",
            "artist": "London Symphony Orchestra",
            "id": 1892057369
        },
        {
            "name": "Roméo et Juliette, Op. 17:Part II: Fête",
            "artist": "Lyon National Orchestra",
            "id": 1357842645
        },
        {
            "name": "Béatrice et Bénédict / Act 1:Je vais le voir",
            "artist": "Ileana Cotrubas",
            "id": 401621341
        },
        {
            "name": "Roméo et Juliette, Op. 17:Part I: Prologue: Strophes: Premiers transports que nul n'oublie (Mezzo-soprano, Chorus)",
            "artist": "Chœurs et solistes de Lyon-Bernard Tétu",
            "id": 1357842642
        },
        {
            "name": "Les nuits d'été Op.7:3. Sur les lagunes",
            "artist": "Kiri Te Kanawa",
            "id": 472845246
        },
        {
            "name": "Les Francs-Juges, Op. 3",
            "artist": "San Diego Symphony Orchestra",
            "id": 1366661128
        },
        {
            "name": "Messe solennelle, H 20:Resurrexit (Original Version)",
            "artist": "John Eliot Gardiner",
            "id": 493705116
        },
        {
            "name": "Messe solennelle, H. 20a:IX. Resurrexit (Chorus, Baritone)",
            "artist": "John Eliot Gardiner",
            "id": 1342836335
        },
        {
            "name": "Messe solennelle:Resurrexit",
            "artist": "Monteverdi Choir",
            "id": 472844812
        },
        {
            "name": "Grande Symphonie Funèbre et Triomphale: I. Marche Funèbre",
            "artist": "The Wallace Collection",
            "id": 550361694
        },
        {
            "name": "La Damnation de Faust, Op. 24, H. 111, Pt. 1:\"Le vieil hiver a fait place au printemps\" (Faust)",
            "artist": "Michael Spyres",
            "id": 1404821409
        },
        {
            "name": "Harold en Italie Op.16:2. Marche des Pèlerins (Allegretto)",
            "artist": "Orchestre Symphonique de Montréal",
            "id": 473329153
        },
        {
            "name": "Roméo et Juliette, Op. 17:Part III: Finale: Aria: Pauvres enfants que je pleure (Le Père Laurence)",
            "artist": "Frederic Caton",
            "id": 1357842653
        },
        {
            "name": "L'enfance du Christ, Op. 25:Part III: The Arrival at Sais - Trio for two flutes and harp, played by the young Ishmaelites",
            "artist": "Fernand Bernardi",
            "id": 465058440
        },
        {
            "name": "Roméo et Juliette, Op. 17:Part III: Roméo au tombeau des Capulets: Invocation - Réveil de Juliette - Joie délirante, désespoir, dernières angoisses et mort de deux amants",
            "artist": "Lyon National Orchestra",
            "id": 1357842650
        },
        {
            "name": "Béatrice et Bénédict:Overture to Act 1",
            "artist": "John Nelson",
            "id": 406065630
        },
        {
            "name": "Grande messe des morts, Op. 5, \"Requiem\":Rex tremendae",
            "artist": "Michael Schade",
            "id": 465074637
        },
        {
            "name": "Nocturne à 2 voix, H. 31",
            "artist": "Françoise Pollet",
            "id": 1342836265
        },
        {
            "name": "Herminie - Scène lyrique H. 29:2. Air: \"Ah! Si de la tendresse\"",
            "artist": "Janet Baker",
            "id": 473081863
        },
        {
            "name": "Herminie, H. 29:II. \"Ah ! Si de la tendresse\"",
            "artist": "Janet Baker",
            "id": 1342827977
        },
        {
            "name": "Rêverie et caprice, Op. 8:Reverie et Caprice, Op. 8",
            "artist": "Giovanni Radivo",
            "id": 465469245
        },
        {
            "name": "Le corsaire, Op. 21:Le corsaire, ouverture, Op. 21",
            "artist": "Katowice Polish State Philharmonic Orchestra",
            "id": 464908346
        },
        {
            "name": "Le corsaire, op. 21 : ouverture",
            "artist": "Katowice Polish State Philharmonic Orchestra",
            "id": 1425964718
        },
        {
            "name": "Tristia, Op. 18:III. Marche funèbre pour la dernière scène d'Hamlet",
            "artist": "The Cleveland Orchestra",
            "id": 2021069950
        },
        {
            "name": "Tristia, Op.18, H.119:1. Méditation religieuse, H.56b",
            "artist": "Charles Dutoit",
            "id": 456370841
        },
        {
            "name": "Lélio, ou le retour à la vie, Op. 14bis, H. 55b: II. \"L'onde frémit\" (Horatio)",
            "artist": "Jean Martinon",
            "id": 1379701571
        }
    ]
}