{
    "playlist_info": {
        "name": "极致旋律：柔美温醇 氤氲缭绕心间",
        "trackcount": 36,
        "playcount": 2033630,
        "creator": "mayuko然",
        "createDate": "2020-08-18",
        "heat": 1938.0
    },
    "songs": [
        {
            "name": "Limbo",
            "artist": "春野",
            "id": 1976353289
        },
        {
            "name": "Lie",
            "artist": "Sasha Alex Sloan",
            "id": 1468082848
        },
        {
            "name": "In Flames",
            "artist": "Dabin",
            "id": 1462808597
        },
        {
            "name": "More of You",
            "artist": "DAMIAN",
            "id": 1448906443
        },
        {
            "name": "Kryptonite",
            "artist": "Numcha",
            "id": 1470395205
        },
        {
            "name": "Last Goodbye",
            "artist": "Dreweybear",
            "id": 1460652203
        },
        {
            "name": "Sunny Dust",
            "artist": "polarrana",
            "id": 1457649460
        },
        {
            "name": "Walk With Me",
            "artist": "the Hound + the Fox",
            "id": 1449242660
        },
        {
            "name": "The Light",
            "artist": "CHPTRS",
            "id": 1442471417
        },
        {
            "name": "Tonight",
            "artist": "Axel Flóvent",
            "id": 1466489365
        },
        {
            "name": "Lose",
            "artist": "NIKI",
            "id": 1469350038
        },
        {
            "name": "Glitter",
            "artist": "Patrick Droney",
            "id": 1470303102
        },
        {
            "name": "Dreaming, backwards",
            "artist": "Ella Vos",
            "id": 1461411903
        },
        {
            "name": "slow summer",
            "artist": "Zachary Knowles",
            "id": 1470913822
        },
        {
            "name": "Opaline",
            "artist": "Novo Amor",
            "id": 1459729315
        },
        {
            "name": "Just Like Heaven",
            "artist": "Brandon Lake",
            "id": 1466932594
        },
        {
            "name": "Drop Dead",
            "artist": "Holly Humberstone",
            "id": 1464563836
        },
        {
            "name": "you!",
            "artist": "LANY",
            "id": 1470899958
        },
        {
            "name": "Arizona",
            "artist": "Josh Kerr",
            "id": 1447778297
        },
        {
            "name": "Raincoat",
            "artist": "Taylor Piggott",
            "id": 1461077052
        },
        {
            "name": "Cross My Mind",
            "artist": "Tessa Odden",
            "id": 1459672694
        },
        {
            "name": "Had Enough",
            "artist": "Elliphant",
            "id": 1461530075
        },
        {
            "name": "Sunday",
            "artist": "Lawson Hull",
            "id": 1454182292
        },
        {
            "name": "Of The Age",
            "artist": "Haux",
            "id": 1434210635
        },
        {
            "name": "Same Sun",
            "artist": "Before You Exit",
            "id": 1457053886
        },
        {
            "name": "I Want You to Stay",
            "artist": "Dayon",
            "id": 1397152124
        },
        {
            "name": "feel it all",
            "artist": "Sød Ven",
            "id": 1458141408
        },
        {
            "name": "Mountain Steeps",
            "artist": "Hayden Calnin",
            "id": 1466478402
        },
        {
            "name": "Crying Over You",
            "artist": "The Band CAMINO",
            "id": 1466489351
        },
        {
            "name": "To Be Alone",
            "artist": "Andrew Belle",
            "id": 1460799202
        },
        {
            "name": "The Dark",
            "artist": "SYML",
            "id": 1466489356
        },
        {
            "name": "Just Because I Can",
            "artist": "Lissie",
            "id": 1463591719
        },
        {
            "name": "Running Circles",
            "artist": "Cody Francis",
            "id": 1464204140
        },
        {
            "name": "Someone Else",
            "artist": "Duncan Laurence",
            "id": 1448121547
        },
        {
            "name": "Unconditional",
            "artist": "Aaron Smith",
            "id": 1461688577
        },
        {
            "name": "Butterflies",
            "artist": "Florrie",
            "id": 1468382793
        }
    ]
}