{
    "playlist_info": {
        "name": "泰语精选",
        "trackcount": 30,
        "playcount": 15387,
        "creator": "云音乐多多",
        "createDate": "2021-03-30",
        "heat": 18.0
    },
    "songs": [
        {
            "name": "รักเท่าไหร่ก็ไม่เอา",
            "artist": "Ten Nararak",
            "id": 412785876
        },
        {
            "name": "ไม่ได้ก็ไม่เอา",
            "artist": "PiXXiE",
            "id": 1981613252
        },
        {
            "name": "พูดจริง",
            "artist": "MEYOU",
            "id": 1478264137
        },
        {
            "name": "กีดกัน (Skyline) (Ost. แปลรักฉันด้วยใจเธอ)",
            "artist": "Billkin",
            "id": 1482927399
        },
        {
            "name": "A Y Mạc",
            "artist": "Ananda Ayu Lestari",
            "id": 1905710164
        },
        {
            "name": "รู้งี้เป็นแฟนกันตั้งนานแล้ว (Safe Zone) (From \"แปลรักฉันด้วยใจเธอ Part 2\")",
            "artist": "Billkin",
            "id": 1840187827
        },
        {
            "name": "ชอบเธออะ",
            "artist": "Bell玲惠",
            "id": 1968032170
        },
        {
            "name": "โต๊ะริม (Melt)",
            "artist": "DoubleBam",
            "id": 1957484204
        },
        {
            "name": "เจอกับตัวเอง...ถึงรู้",
            "artist": "Sara Nusara Poongprasert",
            "id": 3427474
        },
        {
            "name": "It's Okay Not To Be Alright",
            "artist": "PP Krit",
            "id": 1869012840
        },
        {
            "name": "อาจจะมีสักวัน",
            "artist": "Nan Vatiya",
            "id": 526977266
        },
        {
            "name": "ห่มผ้า (Hold Me Tight) (From แปลรักฉันด้วยใจเธอ Part 2)",
            "artist": "PP Krit",
            "id": 1846587839
        },
        {
            "name": "เรื่องเมื่อคืน",
            "artist": "SOYBAD",
            "id": 1823029419
        },
        {
            "name": "คิดไม่ออก",
            "artist": "TangBadVoice",
            "id": 1831549864
        },
        {
            "name": "เพื่อนเล่น ไม่เล่นเพื่อน (Just Being Friendly)",
            "artist": "Tilly Birds",
            "id": 1838876358
        },
        {
            "name": "Who am I (เพลงประกอบซีรีส์ F4 Thailand : หัวใจรักสี่ดวงดาว BOYS OVER FLOWERS)",
            "artist": "Win Metawin",
            "id": 1907129321
        },
        {
            "name": "รักติดไซเรน (My Ambulance) (From รักฉุดใจนายฉุกเฉิน)",
            "artist": "Ice Paris",
            "id": 1382351443
        },
        {
            "name": "ไม่รักไม่ลง (TOO CUTE TO HANDLE)",
            "artist": "Off-Gun",
            "id": 1483639612
        },
        {
            "name": "มันดีเลย",
            "artist": "PEARWAH",
            "id": 1807825477
        },
        {
            "name": "เปลี่ยนคะแนนเป็นแฟนได้ไหม (LOVE SCORE)",
            "artist": "SIZZY",
            "id": 1468362707
        },
        {
            "name": "รักแท้ - True Love (เพลงจากละคร คุณชาย)",
            "artist": "Nunew Chawarin",
            "id": 1984972706
        },
        {
            "name": "แค่เธอ (Why Don't You Stay) [From KinnPorsche The Series]",
            "artist": "Jeff Satur",
            "id": 1946962930
        },
        {
            "name": "Kiat Jud Dai",
            "artist": "DJMuchY",
            "id": 545515443
        },
        {
            "name": "รักได้ป่าว",
            "artist": "Gavin D",
            "id": 1409906066
        },
        {
            "name": "แปะหัวใจ (14th Feb)",
            "artist": "Jaonaay",
            "id": 1826155789
        },
        {
            "name": "คิด(แต่ไม่)ถึง (Same Page?)",
            "artist": "Tilly Birds",
            "id": 1426290630
        },
        {
            "name": "มองกี่ทีก็น่ารัก (Cute Cute)",
            "artist": "Nanon Korapat",
            "id": 1497704159
        },
        {
            "name": "ลาลาลอย (100%)",
            "artist": "THE TOYS",
            "id": 1316888385
        },
        {
            "name": "ขอรักคืนกลับมา",
            "artist": "梨香JZH",
            "id": 1962685899
        },
        {
            "name": "นิทานพันดาว (เพลงประกอบซีรีส์ นิทานพันดาว)",
            "artist": "Gun Napat",
            "id": 1813436237
        }
    ]
}