{
    "playlist_info": {
        "name": "温柔睡眠曲 只有猫和音乐伴我入睡",
        "trackcount": 24,
        "playcount": 4569595,
        "creator": "鹿白川",
        "createDate": "2018-10-30",
        "heat": 2676.0
    },
    "songs": [
        {
            "name": "Winter",
            "artist": "Joshua Radin",
            "id": 1478799
        },
        {
            "name": "Vendredi",
            "artist": "Tamas Wells",
            "id": 2001321
        },
        {
            "name": "Hey Jude (feat. Kina Grannis)",
            "artist": "Imaginary Future",
            "id": 469249441
        },
        {
            "name": "Manitoba",
            "artist": "Daniela Andrade",
            "id": 33916534
        },
        {
            "name": "For a While",
            "artist": "Fenne Lily",
            "id": 525240461
        },
        {
            "name": "Keep It Alive",
            "artist": "Matthew Barber",
            "id": 21116331
        },
        {
            "name": "Simple Beats",
            "artist": "Morrie",
            "id": 22843781
        },
        {
            "name": "Lights Are On",
            "artist": "Tom Rosenthal",
            "id": 1305776444
        },
        {
            "name": "Bury My Head",
            "artist": "Kate walsh",
            "id": 19027584
        },
        {
            "name": "Rule My World",
            "artist": "Kings of Convenience",
            "id": 18938922
        },
        {
            "name": "Little River Run",
            "artist": "Daniel Ledwell",
            "id": 17190451
        },
        {
            "name": "Baby Inchworm",
            "artist": "Linda Draper",
            "id": 2934585
        },
        {
            "name": "Something Else",
            "artist": "Pajaro Sunrise",
            "id": 17950523
        },
        {
            "name": "Gold In Shadow",
            "artist": "William Fitzsimmons",
            "id": 20703749
        },
        {
            "name": "Fly Me to the Moon",
            "artist": "Joshua Radin",
            "id": 1478636
        },
        {
            "name": "Have We Met Before?",
            "artist": "Tom Rosenthal",
            "id": 1305774786
        },
        {
            "name": "I Have And Always Will",
            "artist": "Dave Barnes",
            "id": 17410052
        },
        {
            "name": "Falling Awake",
            "artist": "Gary Jules",
            "id": 17956466
        },
        {
            "name": "Love Against The Grain",
            "artist": "Foreverinmotion",
            "id": 1363232
        },
        {
            "name": "If This City Never Sleeps",
            "artist": "Rosie Thomas",
            "id": 18449185
        },
        {
            "name": "I Can't Make You Love Me",
            "artist": "Dave Thomas Junior",
            "id": 29169438
        },
        {
            "name": "You were always on my mind",
            "artist": "Milkymee",
            "id": 3157236
        },
        {
            "name": "To Someone You're the World",
            "artist": "Ryan Kelly",
            "id": 28068259
        },
        {
            "name": "I Will Spend My Whole Life Loving You",
            "artist": "Kina Grannis",
            "id": 491757270
        }
    ]
}