{
    "playlist_info": {
        "name": "湖南大学听歌品味揭秘",
        "trackcount": 30,
        "playcount": 4769,
        "creator": "云音乐多多",
        "createDate": "2021-04-21",
        "heat": 5.0
    },
    "songs": [
        {
            "name": "湖南大学校歌",
            "artist": "群星",
            "id": 35437187
        },
        {
            "name": "麓山南路的风",
            "artist": "苏丰磊",
            "id": 524627226
        },
        {
            "name": "我知道",
            "artist": "By2",
            "id": 344418
        },
        {
            "name": "其实我还好",
            "artist": "俞灏明",
            "id": 25694250
        },
        {
            "name": "匆匆那年",
            "artist": "王菲",
            "id": 31514406
        },
        {
            "name": "长沙策长沙",
            "artist": "C-BLOCK",
            "id": 28830160
        },
        {
            "name": "Record Player",
            "artist": "Daisy the Great",
            "id": 1874302915
        },
        {
            "name": "MY HERO",
            "artist": "KEY.L刘聪",
            "id": 1808077867
        },
        {
            "name": "极恶都市",
            "artist": "夏日入侵企画",
            "id": 570340213
        },
        {
            "name": "BLUE",
            "artist": "BIGBANG",
            "id": 30854092
        },
        {
            "name": "Where Did U Go",
            "artist": "G.E.M.邓紫棋",
            "id": 234064
        },
        {
            "name": "蹦极",
            "artist": "C-BLOCK",
            "id": 553815247
        },
        {
            "name": "在这深夜里",
            "artist": "贺仙人",
            "id": 1818083944
        },
        {
            "name": "烟火",
            "artist": "光良",
            "id": 85445
        },
        {
            "name": "天下",
            "artist": "张杰",
            "id": 191254
        },
        {
            "name": "怕生",
            "artist": "龚子婕JessieG",
            "id": 41665424
        },
        {
            "name": "灰色轨迹",
            "artist": "Beyond",
            "id": 32701152
        },
        {
            "name": "幸运大门",
            "artist": "郭顶",
            "id": 85569
        },
        {
            "name": "comethru",
            "artist": "Jeremy Zucker",
            "id": 1351923466
        },
        {
            "name": "庐山",
            "artist": "C-BLOCK",
            "id": 553815245
        },
        {
            "name": "Alive",
            "artist": "张艺兴",
            "id": 2047743493
        },
        {
            "name": "告诉我",
            "artist": "陈绮贞",
            "id": 209494
        },
        {
            "name": "这一生关于你的风景",
            "artist": "隔壁老樊",
            "id": 1383927243
        },
        {
            "name": "我们不是只有现在吗",
            "artist": "曾轶可",
            "id": 26387358
        },
        {
            "name": "Starboy",
            "artist": "The Weeknd",
            "id": 431610014
        },
        {
            "name": "一辈子的孤单",
            "artist": "刘若英",
            "id": 254183
        },
        {
            "name": "再也没有",
            "artist": "永彬Ryan.B",
            "id": 480580003
        },
        {
            "name": "最容易的",
            "artist": "龚子婕JessieG",
            "id": 41663358
        },
        {
            "name": "心似烟火",
            "artist": "陈壹千",
            "id": 1399112638
        },
        {
            "name": "哎呀",
            "artist": "李荣浩",
            "id": 29764565
        }
    ]
}