{
    "playlist_info": {
        "name": "深夜emo情歌 | 原来我真的无人问津",
        "trackcount": 74,
        "playcount": 12704231,
        "creator": "四川贫困人口",
        "createDate": "2022-08-22",
        "heat": 40767.0
    },
    "songs": [
        {
            "name": "你从我身边经过像一阵风刮",
            "artist": "KIND",
            "id": 2020080118
        },
        {
            "name": "雪 Distance",
            "artist": "Capper",
            "id": 2026224214
        },
        {
            "name": "是我",
            "artist": "KIND",
            "id": 1432632134
        },
        {
            "name": "孤雏",
            "artist": "AGA",
            "id": 421486605
        },
        {
            "name": "忏悔录",
            "artist": "KKECHO",
            "id": 1970396862
        },
        {
            "name": "她不是我的唯一",
            "artist": "安定區Stable zone",
            "id": 2050058466
        },
        {
            "name": "小胡同",
            "artist": "郑润泽",
            "id": 1926623288
        },
        {
            "name": "风驶过的声音是",
            "artist": "海洋Bo",
            "id": 2041974276
        },
        {
            "name": "灵魂伴侣（Soul Mate）",
            "artist": "KIND",
            "id": 1964850254
        },
        {
            "name": "第三人称",
            "artist": "买辣椒也用券",
            "id": 502043537
        },
        {
            "name": "阿拉斯加海湾",
            "artist": "蓝心羽",
            "id": 1500569811
        },
        {
            "name": "END",
            "artist": "KIND",
            "id": 1945316194
        },
        {
            "name": "指纹",
            "artist": "杜宣达",
            "id": 1887139866
        },
        {
            "name": "流浪",
            "artist": "江辰",
            "id": 1936399142
        },
        {
            "name": "以后不会了",
            "artist": "KIND",
            "id": 2038202805
        },
        {
            "name": "不将就",
            "artist": "李荣浩",
            "id": 31654343
        },
        {
            "name": "楼顶上的小斑鸠",
            "artist": "队长",
            "id": 1844449888
        },
        {
            "name": "在这个年纪也许不配拥有爱情",
            "artist": "KIND",
            "id": 1488077114
        },
        {
            "name": "如果呢",
            "artist": "郑润泽",
            "id": 1842728629
        },
        {
            "name": "红",
            "artist": "罗言",
            "id": 1918576268
        },
        {
            "name": "离世",
            "artist": "KIND",
            "id": 1439153218
        },
        {
            "name": "漠河舞厅·2022",
            "artist": "柳爽",
            "id": 1894094482
        },
        {
            "name": "永不失联的爱",
            "artist": "周兴哲",
            "id": 523250334
        },
        {
            "name": "下雨天",
            "artist": "与少年他",
            "id": 1426112587
        },
        {
            "name": "保留",
            "artist": "郭顶",
            "id": 442869203
        },
        {
            "name": "可不可以",
            "artist": "张紫豪",
            "id": 553755659
        },
        {
            "name": "像鱼",
            "artist": "王贰浪",
            "id": 1331819951
        },
        {
            "name": "再见我的女孩",
            "artist": "烟(许佳豪)",
            "id": 1992338319
        },
        {
            "name": "年少有为",
            "artist": "李荣浩",
            "id": 1293886117
        },
        {
            "name": "暧昧三十三天",
            "artist": "暴躁的兔子",
            "id": 1984488522
        },
        {
            "name": "嘉宾",
            "artist": "路飞文",
            "id": 1846489646
        },
        {
            "name": "他不懂",
            "artist": "张杰",
            "id": 28059417
        },
        {
            "name": "我看过",
            "artist": "周星星",
            "id": 1459935719
        },
        {
            "name": "等",
            "artist": "呆呆破",
            "id": 1982763983
        },
        {
            "name": "账号已注销",
            "artist": "太一",
            "id": 1925452719
        },
        {
            "name": "再次爱上你",
            "artist": "WiFi歪歪",
            "id": 1940334604
        },
        {
            "name": "罗生门（Follow）",
            "artist": "梨冻紧",
            "id": 1456890009
        },
        {
            "name": "哪里都是你",
            "artist": "队长",
            "id": 488249475
        },
        {
            "name": "若把你",
            "artist": "Kirsty刘瑾睿",
            "id": 865632948
        },
        {
            "name": "唯一",
            "artist": "告五人",
            "id": 1807799505
        },
        {
            "name": "把回忆拼好给你",
            "artist": "王贰浪",
            "id": 1403318151
        },
        {
            "name": "多远都要在一起",
            "artist": "G.E.M.邓紫棋",
            "id": 30612793
        },
        {
            "name": "回答",
            "artist": "YOUNG",
            "id": 1994863874
        },
        {
            "name": "致你",
            "artist": "yihuik苡慧",
            "id": 1867217766
        },
        {
            "name": "再等冬天(Memories)",
            "artist": "h3R3",
            "id": 1927693793
        },
        {
            "name": "还是分开",
            "artist": "张叶蕾",
            "id": 465921195
        },
        {
            "name": "错位时空",
            "artist": "艾辰",
            "id": 1808492017
        },
        {
            "name": "晚安",
            "artist": "颜人中",
            "id": 1359356908
        },
        {
            "name": "NUNA",
            "artist": "队长",
            "id": 1971912772
        },
        {
            "name": "R.",
            "artist": "李子豪(HtFR)",
            "id": 1310728498
        },
        {
            "name": "再见莫妮卡",
            "artist": "彭席彦",
            "id": 1824045033
        },
        {
            "name": "Letting Go",
            "artist": "蔡健雅",
            "id": 208891
        },
        {
            "name": "不喜欢下雨天",
            "artist": "PIggy",
            "id": 1371046568
        },
        {
            "name": "love9",
            "artist": "江辰",
            "id": 525086802
        },
        {
            "name": "886",
            "artist": "hanji",
            "id": 1434800877
        },
        {
            "name": "无法坠入爱河",
            "artist": "未来星B3Rich",
            "id": 1405888465
        },
        {
            "name": "來日方長",
            "artist": "张雪飞",
            "id": 1380302185
        },
        {
            "name": "网易云",
            "artist": "姜云升",
            "id": 1307591526
        },
        {
            "name": "糜烂",
            "artist": "KANG",
            "id": 1354081533
        },
        {
            "name": "末班车",
            "artist": "黑羊",
            "id": 417595727
        },
        {
            "name": "话不多说",
            "artist": "wweimm微米",
            "id": 1421789705
        },
        {
            "name": "断线",
            "artist": "Shang",
            "id": 496370620
        },
        {
            "name": "水星记",
            "artist": "郭顶",
            "id": 441491828
        },
        {
            "name": "trust me",
            "artist": "sunkis 宋秉勤",
            "id": 1838763739
        },
        {
            "name": "在你的身边",
            "artist": "盛哲",
            "id": 475479888
        },
        {
            "name": "该死的泪",
            "artist": "罗言",
            "id": 1961262000
        },
        {
            "name": "或许",
            "artist": "LBI利比",
            "id": 1958031074
        },
        {
            "name": "她没在看我",
            "artist": "瘦子E.SO",
            "id": 1447595404
        },
        {
            "name": "般配",
            "artist": "江皓南",
            "id": 1859339684
        },
        {
            "name": "故犯",
            "artist": "暴躁的兔子",
            "id": 1945262840
        },
        {
            "name": "22秒",
            "artist": "Aioz",
            "id": 1849998058
        },
        {
            "name": "踪迹",
            "artist": "wweimm微米",
            "id": 1846565466
        },
        {
            "name": "删了吧",
            "artist": "烟(许佳豪)",
            "id": 1891469546
        },
        {
            "name": "南山南",
            "artist": "马頔",
            "id": 29436904
        }
    ]
}