{
    "playlist_info": {
        "name": "温柔的风｜疲倦落入温柔暮色里",
        "trackcount": 41,
        "playcount": 661187,
        "creator": "Bzstrive",
        "createDate": "2022-07-08",
        "heat": 1836.0
    },
    "songs": [
        {
            "name": "Anew (Acoustic)",
            "artist": "Hollow Coves",
            "id": 1394494943
        },
        {
            "name": "Always You",
            "artist": "Dave Thomas Junior",
            "id": 1840625175
        },
        {
            "name": "Lovesong",
            "artist": "beabadoobee",
            "id": 1943612418
        },
        {
            "name": "Between the Stars",
            "artist": "Canyon City",
            "id": 487003745
        },
        {
            "name": "Trying My Best",
            "artist": "Anson Seabra",
            "id": 1371121803
        },
        {
            "name": "Silence That Scares Me Now",
            "artist": "The Coronas",
            "id": 31967280
        },
        {
            "name": "Closure",
            "artist": "Hayd",
            "id": 1831321963
        },
        {
            "name": "City Lights",
            "artist": "HAEVN",
            "id": 558554185
        },
        {
            "name": "Remedy",
            "artist": "Surfaces",
            "id": 1426844706
        },
        {
            "name": "Car Park",
            "artist": "Fenne Lily",
            "id": 551340498
        },
        {
            "name": "Riptide",
            "artist": "Vancouver Sleep Clinic",
            "id": 2013823506
        },
        {
            "name": "Carried Away",
            "artist": "Surf Mesa",
            "id": 1819813134
        },
        {
            "name": "Odyssey",
            "artist": "Fleurie",
            "id": 1298287274
        },
        {
            "name": "Goodnight & Goodbye",
            "artist": "Mree",
            "id": 3162256
        },
        {
            "name": "All Time Low",
            "artist": "Kurt Hugo Schneider",
            "id": 461544312
        },
        {
            "name": "Water Fountain",
            "artist": "Alec Benjamin",
            "id": 1325350637
        },
        {
            "name": "Shadow Of The Sun",
            "artist": "王OK",
            "id": 1968791360
        },
        {
            "name": "Head In The Clouds",
            "artist": "Hayd",
            "id": 1878812258
        },
        {
            "name": "All To Myself",
            "artist": "Dan + Shay",
            "id": 555933108
        },
        {
            "name": "Too Young",
            "artist": "ayokay",
            "id": 487454262
        },
        {
            "name": "21",
            "artist": "Gracie Abrams",
            "id": 1462753116
        },
        {
            "name": "kleinblue",
            "artist": "青米次仁",
            "id": 1853404806
        },
        {
            "name": "Peace Pipe",
            "artist": "Magic Potion",
            "id": 416011782
        },
        {
            "name": "Rainbow River",
            "artist": "Mutual Benefit",
            "id": 1362521421
        },
        {
            "name": "Up Down",
            "artist": "Fiji Blue",
            "id": 1960545930
        },
        {
            "name": "Set for Life",
            "artist": "Trent Dabbs",
            "id": 1296302555
        },
        {
            "name": "We're Gonna Be Okay",
            "artist": "Cody Francis",
            "id": 1340072471
        },
        {
            "name": "Friends",
            "artist": "E^ST",
            "id": 1320068263
        },
        {
            "name": "Falling like the Stars",
            "artist": "James Arthur",
            "id": 1363642270
        },
        {
            "name": "Oh Yeah",
            "artist": "Wildflowers",
            "id": 1362559457
        },
        {
            "name": "something about december",
            "artist": "Christina Perri",
            "id": 25976485
        },
        {
            "name": "Half the World Away",
            "artist": "AURORA",
            "id": 36307872
        },
        {
            "name": "fly me to the moon",
            "artist": "mxmtoon",
            "id": 499673123
        },
        {
            "name": "Rose In The Garden",
            "artist": "Cody Francis",
            "id": 1312528249
        },
        {
            "name": "Foreign Sounds",
            "artist": "Astronauts, etc.",
            "id": 29144543
        },
        {
            "name": "Starting Over",
            "artist": "Jake Miller",
            "id": 543988545
        },
        {
            "name": "Dreamcatcher",
            "artist": "Sad Souls",
            "id": 19185828
        },
        {
            "name": "Mean It",
            "artist": "Lauv",
            "id": 1401656653
        },
        {
            "name": "Perfectly Wrong",
            "artist": "Shawn Mendes",
            "id": 567145054
        },
        {
            "name": "Forever",
            "artist": "Lewis Capaldi",
            "id": 1365843324
        },
        {
            "name": "No Matter What",
            "artist": "Calum Scott",
            "id": 1318857970
        }
    ]
}