{
    "playlist_info": {
        "name": "温柔系‖等星星都睡着了 再说想你",
        "trackcount": 61,
        "playcount": 5192600,
        "creator": "ClairoToday",
        "createDate": "2019-07-25",
        "heat": 3617.0
    },
    "songs": [
        {
            "name": "云",
            "artist": "于羊羽",
            "id": 2013187098
        },
        {
            "name": "笑面",
            "artist": "兆鸣",
            "id": 2055681081
        },
        {
            "name": "Coisini",
            "artist": "Nacyan",
            "id": 1476292433
        },
        {
            "name": "Say You Won't Let Go (Acoustic)",
            "artist": "Jada Facer",
            "id": 1884117024
        },
        {
            "name": "I Still Want Your Love (feat. Jinnie)",
            "artist": "Sam Ock",
            "id": 1979192239
        },
        {
            "name": "Keep Me Warm",
            "artist": "Sam Ock",
            "id": 1805048148
        },
        {
            "name": "dreamy night",
            "artist": "Us The Duo",
            "id": 1826845981
        },
        {
            "name": "Long long time",
            "artist": "Linda Ronstadt",
            "id": 1911191640
        },
        {
            "name": "I Can Love Anyone (As Long As It's You)",
            "artist": "Anson Seabra",
            "id": 2013893785
        },
        {
            "name": "Here With Me",
            "artist": "d4vd",
            "id": 1965001241
        },
        {
            "name": "Until I Found You",
            "artist": "Stephen Sanchez",
            "id": 1874585362
        },
        {
            "name": "The Reason",
            "artist": "James Vickery",
            "id": 1967958447
        },
        {
            "name": "Snowman",
            "artist": "Harryan Yoonsoan",
            "id": 1902204614
        },
        {
            "name": "18",
            "artist": "Anson Seabra",
            "id": 1981955907
        },
        {
            "name": "Falling for You",
            "artist": "BoyWithUke",
            "id": 1821073603
        },
        {
            "name": "Lucky Charms",
            "artist": "Anson Seabra",
            "id": 1887203177
        },
        {
            "name": "Sleeptalking",
            "artist": "imfinenow",
            "id": 1481323654
        },
        {
            "name": "Blouse",
            "artist": "Clairo",
            "id": 1852244550
        },
        {
            "name": "foryou",
            "artist": "vietra",
            "id": 532940220
        },
        {
            "name": "I Will",
            "artist": "Imaginary Future",
            "id": 469249501
        },
        {
            "name": "Easily",
            "artist": "Bruno Major",
            "id": 449577802
        },
        {
            "name": "Honey",
            "artist": "Raveena",
            "id": 557583289
        },
        {
            "name": "in love",
            "artist": "vietra",
            "id": 862102221
        },
        {
            "name": "Clouds",
            "artist": "Before You Exit",
            "id": 448147038
        },
        {
            "name": "Fiction",
            "artist": "Adib Sin",
            "id": 1337981999
        },
        {
            "name": "Vincent",
            "artist": "Ellie Goulding",
            "id": 538278914
        },
        {
            "name": "call me.",
            "artist": "rainlord.",
            "id": 531051299
        },
        {
            "name": "Weather",
            "artist": "Novo Amor",
            "id": 28381440
        },
        {
            "name": "Changes",
            "artist": "Jeff Bernat",
            "id": 552651043
        },
        {
            "name": "Missing?",
            "artist": "Emme Packer",
            "id": 2532696
        },
        {
            "name": "Reprieve",
            "artist": "Vallis Alps",
            "id": 30569879
        },
        {
            "name": "Airwaves",
            "artist": "Adib Sin",
            "id": 515803398
        },
        {
            "name": "Waterfall",
            "artist": "Christopher",
            "id": 28310702
        },
        {
            "name": "If It Hurts",
            "artist": "FRND",
            "id": 1328289001
        },
        {
            "name": "Lucky One",
            "artist": "mich",
            "id": 530986903
        },
        {
            "name": "ineedyou.",
            "artist": "vietra",
            "id": 486999077
        },
        {
            "name": "Something",
            "artist": "mxmtoon",
            "id": 473740220
        },
        {
            "name": "Moon River",
            "artist": "Carla Bruni",
            "id": 511416952
        },
        {
            "name": "Bubble Gum",
            "artist": "Clairo",
            "id": 475070014
        },
        {
            "name": "Fresh Roses",
            "artist": "Juke Ross",
            "id": 574906258
        },
        {
            "name": "Big Jet Plane",
            "artist": "Daniela Andrade",
            "id": 33638529
        },
        {
            "name": "Like a Balloon",
            "artist": "RENEE",
            "id": 3404383
        },
        {
            "name": "La Vie En Rose",
            "artist": "Daniela Andrade",
            "id": 37820801
        },
        {
            "name": "Safe and Sound",
            "artist": "MADILYN",
            "id": 3163120
        },
        {
            "name": "One Last Dance",
            "artist": "Us The Duo",
            "id": 445666828
        },
        {
            "name": "feelings are fatal",
            "artist": "mxmtoon",
            "id": 523248510
        },
        {
            "name": "In Between Days",
            "artist": "Karen Souza",
            "id": 526415597
        },
        {
            "name": "Banana Pancakes",
            "artist": "Jack Johnson",
            "id": 18602364
        },
        {
            "name": "Once Upon a Time",
            "artist": "Jeff Bernat",
            "id": 566519771
        },
        {
            "name": "Can We Kiss Forever?",
            "artist": "Kina",
            "id": 1306507078
        },
        {
            "name": "Soon You’ll Get Better",
            "artist": "Taylor Swift",
            "id": 1382781478
        },
        {
            "name": "she was a pretty one",
            "artist": "lanie ❀",
            "id": 494407929
        },
        {
            "name": "You Sure Look Swell",
            "artist": "Sondre Lerche",
            "id": 3412612
        },
        {
            "name": "World Spins Madly On",
            "artist": "Joshua Hyslop",
            "id": 468596001
        },
        {
            "name": "Places We Won't Walk",
            "artist": "Bruno Major",
            "id": 482395086
        },
        {
            "name": "Can't Help Falling in Love",
            "artist": "Haley Reinhart",
            "id": 411349945
        },
        {
            "name": "Conversations With Stars",
            "artist": "Brightwood",
            "id": 3971680
        },
        {
            "name": "Let's Fall in Love for the Night",
            "artist": "FINNEAS",
            "id": 1314353013
        },
        {
            "name": "What Can I Do (But Love You)",
            "artist": "Joy Williams",
            "id": 2786284
        },
        {
            "name": "You're Gonna Live Forever in Me",
            "artist": "John Mayer",
            "id": 472050059
        },
        {
            "name": "I Didn't Have Any Summer Romance",
            "artist": "Simone White",
            "id": 19163294
        }
    ]
}