{
    "playlist_info": {
        "name": "清净纯音 | 听日落晚霞与清风悄语",
        "trackcount": 35,
        "playcount": 1241304,
        "creator": "四川贫困人口",
        "createDate": "2022-09-07",
        "heat": 4212.0
    },
    "songs": [
        {
            "name": "⅞",
            "artist": "紫薯米昔",
            "id": 1811895987
        },
        {
            "name": "✘",
            "artist": "紫薯米昔",
            "id": 1814473634
        },
        {
            "name": "☆═━┈",
            "artist": "HOPERUI",
            "id": 1449116720
        },
        {
            "name": "不 再 联 系",
            "artist": "一只眼睛的鹿",
            "id": 1919499125
        },
        {
            "name": "不 止 在 落 日 黄 昏 时 爱 你",
            "artist": "HOPERUI",
            "id": 1467240495
        },
        {
            "name": "nagashi",
            "artist": "idealism",
            "id": 504264247
        },
        {
            "name": "ａｓｌｅｅｐ",
            "artist": "6loom.",
            "id": 1445184836
        },
        {
            "name": "Watching the Shorebirds",
            "artist": "Richard Evans",
            "id": 1925208
        },
        {
            "name": "Night, moon, wind, you",
            "artist": "DeadForest",
            "id": 473742686
        },
        {
            "name": "norway",
            "artist": "菅野よう子",
            "id": 26402040
        },
        {
            "name": "Sopro seu",
            "artist": "Andrei Machado",
            "id": 28273863
        },
        {
            "name": "☾",
            "artist": "沙皮",
            "id": 1348688293
        },
        {
            "name": "=̴̶̷̤̄",
            "artist": "沙皮",
            "id": 1416430733
        },
        {
            "name": "ζ",
            "artist": "α·Pav",
            "id": 29137872
        },
        {
            "name": "η",
            "artist": "α·Pav",
            "id": 29137871
        },
        {
            "name": "☾",
            "artist": "水仙LONE",
            "id": 1806854425
        },
        {
            "name": "K.",
            "artist": "Aron Bergen",
            "id": 28699005
        },
        {
            "name": "ɪsᴏʟᴀᴛɪᴏɴ",
            "artist": "Stevieboi",
            "id": 1442191755
        },
        {
            "name": "Threnody",
            "artist": "Goldmund",
            "id": 18057484
        },
        {
            "name": "霜枫",
            "artist": "月下散落出世",
            "id": 1806540575
        },
        {
            "name": "西星",
            "artist": "郑物尘",
            "id": 1430762386
        },
        {
            "name": "言の叶",
            "artist": "春野杉卉",
            "id": 1401353332
        },
        {
            "name": "In One Piece",
            "artist": "Tennyson",
            "id": 1311864778
        },
        {
            "name": "rain",
            "artist": "ねこぼーろ",
            "id": 29713218
        },
        {
            "name": "The Wind Wings",
            "artist": "Goldmund",
            "id": 5064939
        },
        {
            "name": "A Song For The Morning Star",
            "artist": "Endless Melancholy",
            "id": 4064275
        },
        {
            "name": "一个人的星空",
            "artist": "马路通",
            "id": 479713267
        },
        {
            "name": "水星上的鲸",
            "artist": "hui sonata",
            "id": 535093555
        },
        {
            "name": "A Minute For The Beginning",
            "artist": "Endless Melancholy",
            "id": 4064247
        },
        {
            "name": "七月Inside the Hut",
            "artist": "陈越龙",
            "id": 1865240766
        },
        {
            "name": "wa1c oo",
            "artist": "nunu",
            "id": 3204370
        },
        {
            "name": "serce polska",
            "artist": "nunu",
            "id": 3204385
        },
        {
            "name": "Unbraiding the Sun",
            "artist": "Goldmund",
            "id": 2640782
        },
        {
            "name": "Unreachable",
            "artist": "Robert J. P. Oberg",
            "id": 1924518
        },
        {
            "name": "Gymnopedie Nr. 1",
            "artist": "Martin Ermen",
            "id": 20110046
        }
    ]
}