{
    "playlist_info": {
        "name": "浪漫婚礼专用 | 今天开始，一起幸福下去吧",
        "trackcount": 30,
        "playcount": 2665249,
        "creator": "云音乐官方歌单",
        "createDate": "2013-05-17",
        "heat": 721.0
    },
    "songs": [
        {
            "name": "Waving At Cars",
            "artist": "Isac Elliot",
            "id": 1815892497
        },
        {
            "name": "Colourful",
            "artist": "Virginia To Vegas",
            "id": 28727903
        },
        {
            "name": "Could I Love You Any More",
            "artist": "Reneé Dominique",
            "id": 1368707835
        },
        {
            "name": "Love You Like the Movies",
            "artist": "Anthem Lights",
            "id": 29498914
        },
        {
            "name": "Valentine",
            "artist": "Kina Grannis",
            "id": 2912506
        },
        {
            "name": "Everybody",
            "artist": "Ingrid Michaelson",
            "id": 18374823
        },
        {
            "name": "Unusual",
            "artist": "Mads Langer",
            "id": 482988748
        },
        {
            "name": "Un Año",
            "artist": "Sebastián Yatra",
            "id": 1340519788
        },
        {
            "name": "One Man Band",
            "artist": "Old Dominion",
            "id": 1340396273
        },
        {
            "name": "I Do",
            "artist": "911",
            "id": 28256115
        },
        {
            "name": "Until I Found You",
            "artist": "Stephen Sanchez",
            "id": 1874585362
        },
        {
            "name": "Falling like the Stars",
            "artist": "James Arthur",
            "id": 1363642270
        },
        {
            "name": "We Can't Stop",
            "artist": "Miley Cyrus",
            "id": 26429346
        },
        {
            "name": "Good Day",
            "artist": "Lucky Stroke",
            "id": 28493605
        },
        {
            "name": "The Day After Tomorrow",
            "artist": "David Archuleta",
            "id": 31446645
        },
        {
            "name": "Stay Here Forever",
            "artist": "Jewel",
            "id": 34614711
        },
        {
            "name": "Somebody To You",
            "artist": "The Vamps",
            "id": 28845022
        },
        {
            "name": "Better Half of Me",
            "artist": "Tom Walker",
            "id": 1394136154
        },
        {
            "name": "Perfectly You",
            "artist": "Tim Urban",
            "id": 29092874
        },
        {
            "name": "With You",
            "artist": "窦靖童",
            "id": 25657309
        },
        {
            "name": "고백하던 날",
            "artist": "赵权",
            "id": 5339359
        },
        {
            "name": "Goldmine",
            "artist": "Colbie Caillat",
            "id": 422094813
        },
        {
            "name": "Feels Like Home",
            "artist": "Chantal Kreviazuk",
            "id": 2311902
        },
        {
            "name": "Vinyl is My Bible",
            "artist": "Brother Strut",
            "id": 484344232
        },
        {
            "name": "Die A Happy Man",
            "artist": "Thomas Rhett",
            "id": 34743038
        },
        {
            "name": "Something So Beautiful",
            "artist": "Emma Bunton",
            "id": 2533874
        },
        {
            "name": "When You Say Nothing At All",
            "artist": "Ronan Keating",
            "id": 5054926
        },
        {
            "name": "Beautiful Crazy",
            "artist": "Luke Combs",
            "id": 556076025
        },
        {
            "name": "Snow Globe",
            "artist": "Matt Wertz",
            "id": 21127718
        },
        {
            "name": "I Just Can't Stop Loving You",
            "artist": "Michael Jackson",
            "id": 1698378
        }
    ]
}