{
    "playlist_info": {
        "name": "深夜专属｜一个人的时候别去看歌词",
        "trackcount": 21,
        "playcount": 1398552,
        "creator": "帐号已注销",
        "createDate": "2021-08-17",
        "heat": 2051.0
    },
    "songs": [
        {
            "name": "暗恋是一个人的事",
            "artist": "宿羽阳",
            "id": 1380075991
        },
        {
            "name": "不找了",
            "artist": "郁欢",
            "id": 463425497
        },
        {
            "name": "椿",
            "artist": "沈以诚",
            "id": 479598964
        },
        {
            "name": "外愈",
            "artist": "任然",
            "id": 473440527
        },
        {
            "name": "余香",
            "artist": "张小九",
            "id": 487885426
        },
        {
            "name": "童话",
            "artist": "光良",
            "id": 85580
        },
        {
            "name": "等我先说",
            "artist": "夏天Alex",
            "id": 26609650
        },
        {
            "name": "不要忘记我爱你",
            "artist": "张碧晨",
            "id": 32507737
        },
        {
            "name": "不只是想你",
            "artist": "梦然",
            "id": 1382765705
        },
        {
            "name": "年少有为",
            "artist": "李荣浩",
            "id": 1293886117
        },
        {
            "name": "孤身",
            "artist": "徐秉龙",
            "id": 1365393542
        },
        {
            "name": "不谈爱情",
            "artist": "东南",
            "id": 25703039
        },
        {
            "name": "勇气",
            "artist": "棉子",
            "id": 1411358329
        },
        {
            "name": "有可能的夜晚",
            "artist": "颜人中",
            "id": 1344814341
        },
        {
            "name": "我走后",
            "artist": "小咪",
            "id": 1370047789
        },
        {
            "name": "把孤独当做晚餐",
            "artist": "井胧",
            "id": 1379456709
        },
        {
            "name": "可乐",
            "artist": "赵紫骅",
            "id": 29759733
        },
        {
            "name": "多余的解释",
            "artist": "许嵩",
            "id": 167873
        },
        {
            "name": "即兴",
            "artist": "小咪",
            "id": 1325896149
        },
        {
            "name": "疏远",
            "artist": "刘初寻 (二逗)",
            "id": 526468083
        },
        {
            "name": "往事清零",
            "artist": "陈子霖",
            "id": 1844931390
        }
    ]
}