{
    "playlist_info": {
        "name": "民谣像酒有故事的人不能听",
        "trackcount": 163,
        "playcount": 11224062,
        "creator": "吵可爱的苗苗呀",
        "createDate": "2018-08-26",
        "heat": 6333.0
    },
    "songs": [
        {
            "name": "晃",
            "artist": "透透文",
            "id": 2031493315
        },
        {
            "name": "总有一天你会出现在我身边",
            "artist": "棱镜乐队",
            "id": 1303027499
        },
        {
            "name": "你们",
            "artist": "程璧",
            "id": 28656170
        },
        {
            "name": "那是什么样一个地方",
            "artist": "鹿与少年",
            "id": 1954406468
        },
        {
            "name": "小行迹",
            "artist": "赵雷",
            "id": 1974444808
        },
        {
            "name": "凌晨计程车",
            "artist": "赵雷",
            "id": 1974443813
        },
        {
            "name": "人间世",
            "artist": "马頔",
            "id": 1971797168
        },
        {
            "name": "半杯酒",
            "artist": "要不要买菜",
            "id": 1990429324
        },
        {
            "name": "我记得",
            "artist": "赵雷",
            "id": 1974443814
        },
        {
            "name": "晴天和猫",
            "artist": "花粥",
            "id": 1955651132
        },
        {
            "name": "我的姑娘 她在远方",
            "artist": "隔壁老樊",
            "id": 1405319676
        },
        {
            "name": "玫瑰",
            "artist": "贰佰",
            "id": 458238990
        },
        {
            "name": "小镇姑娘",
            "artist": "你的九儿",
            "id": 1397282233
        },
        {
            "name": "一滴泪的时间 (L)",
            "artist": "赵紫骅",
            "id": 1413374550
        },
        {
            "name": "离开",
            "artist": "姜铭杨",
            "id": 1822449871
        },
        {
            "name": "偏爱和例外",
            "artist": "烟(许佳豪)",
            "id": 1882041535
        },
        {
            "name": "我在北方想起了你",
            "artist": "邻间少年",
            "id": 1809117552
        },
        {
            "name": "来信",
            "artist": "陈鸿宇",
            "id": 399340140
        },
        {
            "name": "米店",
            "artist": "张玮玮",
            "id": 26494698
        },
        {
            "name": "怀园",
            "artist": "侯磊",
            "id": 1838314411
        },
        {
            "name": "立秋",
            "artist": "筠子",
            "id": 247416
        },
        {
            "name": "浮生",
            "artist": "徐海俏",
            "id": 453386046
        },
        {
            "name": "临客",
            "artist": "方天雷",
            "id": 449577773
        },
        {
            "name": "涩",
            "artist": "纣王老胡",
            "id": 28310930
        },
        {
            "name": "我在昨天的梦里又看见了你",
            "artist": "枯木逢春",
            "id": 1417136425
        },
        {
            "name": "这个年纪",
            "artist": "齐一",
            "id": 35476049
        },
        {
            "name": "活着",
            "artist": "郝云",
            "id": 27646786
        },
        {
            "name": "你是我六点十分的想念",
            "artist": "姜铭杨",
            "id": 571463691
        },
        {
            "name": "夏日终极浪漫",
            "artist": "邵帅",
            "id": 1444691726
        },
        {
            "name": "再见了我的姑娘",
            "artist": "陈硕子",
            "id": 1448215194
        },
        {
            "name": "暖一杯茶",
            "artist": "邵帅",
            "id": 1371780785
        },
        {
            "name": "愿山海皆平",
            "artist": "邻间少年",
            "id": 1437935065
        },
        {
            "name": "让我倒在颠沛的路上",
            "artist": "邻间少年",
            "id": 1377379884
        },
        {
            "name": "探清水河",
            "artist": "晓月老板",
            "id": 544070223
        },
        {
            "name": "最后一次看着你",
            "artist": "马頔",
            "id": 33166564
        },
        {
            "name": "假如我",
            "artist": "邵帅",
            "id": 1353236929
        },
        {
            "name": "山下",
            "artist": "方拾贰（方十二）",
            "id": 490106148
        },
        {
            "name": "大梦",
            "artist": "枯木逢春",
            "id": 1407998782
        },
        {
            "name": "走向孤独",
            "artist": "邻间少年",
            "id": 1402709635
        },
        {
            "name": "这一生关于你的风景",
            "artist": "隔壁老樊",
            "id": 1383927243
        },
        {
            "name": "解忧",
            "artist": "邵帅",
            "id": 1349381229
        },
        {
            "name": "听众的故事",
            "artist": "邵帅",
            "id": 1351723410
        },
        {
            "name": "逝年",
            "artist": "夏小虎",
            "id": 32957955
        },
        {
            "name": "我不是你的宋冬野",
            "artist": "林啟得",
            "id": 1333150792
        },
        {
            "name": "酒空人醒",
            "artist": "李冠霖",
            "id": 1376149370
        },
        {
            "name": "这城市风总是很大",
            "artist": "枯木逢春",
            "id": 1378945187
        },
        {
            "name": "平胸女子",
            "artist": "枯木逢春",
            "id": 1374701777
        },
        {
            "name": "如谁所愿",
            "artist": "隔壁老樊",
            "id": 1379445889
        },
        {
            "name": "你是我所有的梦",
            "artist": "邵帅",
            "id": 1317542136
        },
        {
            "name": "你是人间四月天",
            "artist": "邵帅",
            "id": 1344897943
        },
        {
            "name": "在冬天和奶奶一起晒太阳",
            "artist": "赵照",
            "id": 202341
        },
        {
            "name": "一把破吉他1999",
            "artist": "赵照",
            "id": 32785269
        },
        {
            "name": "福建如你",
            "artist": "赵照",
            "id": 534067125
        },
        {
            "name": "梦回家乡",
            "artist": "赵照",
            "id": 25986020
        },
        {
            "name": "你就是我想要的丫头",
            "artist": "赵照",
            "id": 141609
        },
        {
            "name": "今晚的月亮",
            "artist": "赵照",
            "id": 34875092
        },
        {
            "name": "舍不得过",
            "artist": "赵照",
            "id": 30870581
        },
        {
            "name": "犀安路999号",
            "artist": "赵照",
            "id": 411315552
        },
        {
            "name": "火车开往落日",
            "artist": "赵照",
            "id": 25986025
        },
        {
            "name": "慢慢的",
            "artist": "赵照",
            "id": 202325
        },
        {
            "name": "在山上",
            "artist": "赵照",
            "id": 202327
        },
        {
            "name": "一棵树",
            "artist": "赵照",
            "id": 25986022
        },
        {
            "name": "一字歌",
            "artist": "赵照",
            "id": 534540441
        },
        {
            "name": "扑火",
            "artist": "赵照",
            "id": 202334
        },
        {
            "name": "在火光中唱歌",
            "artist": "高夫",
            "id": 33187518
        },
        {
            "name": "一朵",
            "artist": "赵照",
            "id": 29819603
        },
        {
            "name": "无论",
            "artist": "赵照",
            "id": 554241667
        },
        {
            "name": "彩虹下面",
            "artist": "赵雷",
            "id": 1295824647
        },
        {
            "name": "十九岁",
            "artist": "赵雷",
            "id": 530995556
        },
        {
            "name": "阿刁",
            "artist": "赵雷",
            "id": 447925059
        },
        {
            "name": "玛丽",
            "artist": "赵雷",
            "id": 447925058
        },
        {
            "name": "八十年代的歌",
            "artist": "赵雷",
            "id": 447925066
        },
        {
            "name": "鼓楼",
            "artist": "赵雷",
            "id": 447926067
        },
        {
            "name": "朵",
            "artist": "赵雷",
            "id": 447926063
        },
        {
            "name": "吉姆餐厅",
            "artist": "赵雷",
            "id": 29567187
        },
        {
            "name": "无法长大",
            "artist": "赵雷",
            "id": 437608773
        },
        {
            "name": "小屋",
            "artist": "赵雷",
            "id": 29567194
        },
        {
            "name": "梦中的哈德森",
            "artist": "赵雷",
            "id": 29567190
        },
        {
            "name": "再也不会去丽江",
            "artist": "赵雷",
            "id": 34852810
        },
        {
            "name": "未给姐姐递出的信",
            "artist": "赵雷",
            "id": 202368
        },
        {
            "name": "少年锦时",
            "artist": "赵雷",
            "id": 29567192
        },
        {
            "name": "北京的冬天",
            "artist": "赵雷",
            "id": 29567185
        },
        {
            "name": "人家",
            "artist": "赵雷",
            "id": 202367
        },
        {
            "name": "开往北京的火车",
            "artist": "赵雷",
            "id": 202375
        },
        {
            "name": "三十岁的女人",
            "artist": "赵雷",
            "id": 29567191
        },
        {
            "name": "理想",
            "artist": "赵雷",
            "id": 29567189
        },
        {
            "name": "画",
            "artist": "赵雷",
            "id": 202369
        },
        {
            "name": "过期的青春",
            "artist": "邵帅",
            "id": 1378926893
        },
        {
            "name": "得不到你",
            "artist": "隔壁老樊",
            "id": 1373236574
        },
        {
            "name": "荒岛",
            "artist": "谢春花",
            "id": 412319476
        },
        {
            "name": "桥豆麻袋",
            "artist": "陈粒",
            "id": 421563713
        },
        {
            "name": "城南谣",
            "artist": "木小雅",
            "id": 862099930
        },
        {
            "name": "我一定会爱上你",
            "artist": "谢春花",
            "id": 479219330
        },
        {
            "name": "来日方长",
            "artist": "李上安",
            "id": 41634014
        },
        {
            "name": "余生很长",
            "artist": "杨骑瑞",
            "id": 1308012527
        },
        {
            "name": "四块五",
            "artist": "隔壁老樊",
            "id": 1365221826
        },
        {
            "name": "这一生关于你的风景",
            "artist": "枯木逢春",
            "id": 1356350562
        },
        {
            "name": "世本常态",
            "artist": "隔壁老樊",
            "id": 1334327077
        },
        {
            "name": "南风北巷（demo）",
            "artist": "邵帅",
            "id": 1325702742
        },
        {
            "name": "游",
            "artist": "隔壁老樊",
            "id": 1361195373
        },
        {
            "name": "我曾",
            "artist": "隔壁老樊",
            "id": 1336856777
        },
        {
            "name": "姬和不如",
            "artist": "隔壁老樊",
            "id": 1325484613
        },
        {
            "name": "关于孤独我想说的话 ",
            "artist": "隔壁老樊",
            "id": 1346093140
        },
        {
            "name": "你的姑娘",
            "artist": "隔壁老樊",
            "id": 1356499052
        },
        {
            "name": "多想在平庸的生活拥抱你",
            "artist": "隔壁老樊",
            "id": 1346104327
        },
        {
            "name": "写给黄淮",
            "artist": "邵帅",
            "id": 1334295185
        },
        {
            "name": "年少的爱情",
            "artist": "曹瑞典",
            "id": 507058109
        },
        {
            "name": "旅人的梦",
            "artist": "不冷先生（巍泠）",
            "id": 1331938932
        },
        {
            "name": "写给时光的信",
            "artist": "一盆張大瑞",
            "id": 1338217146
        },
        {
            "name": "心底最柔软的地方demo",
            "artist": "三朴",
            "id": 1340023370
        },
        {
            "name": "空中的蒲公英",
            "artist": "周跃民",
            "id": 1342002902
        },
        {
            "name": "微风曲",
            "artist": "好妹妹",
            "id": 399343763
        },
        {
            "name": "给猫夏的你",
            "artist": "程璧",
            "id": 28656168
        },
        {
            "name": "当你走了",
            "artist": "马良",
            "id": 566978802
        },
        {
            "name": "亲爱的你",
            "artist": "小海",
            "id": 416890049
        },
        {
            "name": "回首仍是少年",
            "artist": "马良",
            "id": 1311345294
        },
        {
            "name": "活该",
            "artist": "徐真真",
            "id": 1313107233
        },
        {
            "name": "知秋",
            "artist": "孟凡明",
            "id": 509343394
        },
        {
            "name": "去远方",
            "artist": "大乔小乔",
            "id": 571599643
        },
        {
            "name": "晚安晚安",
            "artist": "魏如萱",
            "id": 297715
        },
        {
            "name": "易燃易爆炸",
            "artist": "陈粒",
            "id": 30431376
        },
        {
            "name": "一个人的北京",
            "artist": "好妹妹",
            "id": 26427662
        },
        {
            "name": "我说今晚月光那么美,你说是的",
            "artist": "好妹妹",
            "id": 26427666
        },
        {
            "name": "等我们老了，就定居在重庆",
            "artist": "房东的猫",
            "id": 529319768
        },
        {
            "name": "啊朋友 再见",
            "artist": "冬子",
            "id": 28267047
        },
        {
            "name": "关于我爱你",
            "artist": "张悬",
            "id": 326705
        },
        {
            "name": "所以来吧",
            "artist": "房东的猫",
            "id": 451991164
        },
        {
            "name": "给少年的歌",
            "artist": "程璧",
            "id": 31517567
        },
        {
            "name": "春夏秋冬的你",
            "artist": "王宇良",
            "id": 412175360
        },
        {
            "name": "我喜欢你胜过削好的水果周末的零食延后的死线冰镇西瓜正中间的那一口肆无忌惮的赖床和空调房里盖棉被的感觉但我就是不敢告诉你（翻自 魏如萱）",
            "artist": "森冬",
            "id": 434070103
        },
        {
            "name": "香格里拉",
            "artist": "魏如萱",
            "id": 297748
        },
        {
            "name": "你有多久没有看过星星",
            "artist": "陈小熊",
            "id": 417595364
        },
        {
            "name": "下一站茶山刘",
            "artist": "房东的猫",
            "id": 486188245
        },
        {
            "name": "白兰鸽巡游记",
            "artist": "丢火车",
            "id": 29593805
        },
        {
            "name": "理想三旬 (Live)",
            "artist": "谢春花",
            "id": 512359558
        },
        {
            "name": "嘿，我喜欢你",
            "artist": "拾柒先生",
            "id": 526864721
        },
        {
            "name": "你是我最愚蠢的一次浪漫",
            "artist": "房东的猫",
            "id": 502103677
        },
        {
            "name": "觅香",
            "artist": "栗先达",
            "id": 507815173
        },
        {
            "name": "我想和你吃个饭 demo",
            "artist": "林啟得",
            "id": 408280671
        },
        {
            "name": "云烟成雨",
            "artist": "房东的猫",
            "id": 513360721
        },
        {
            "name": "骑自行车的人",
            "artist": "伏仪",
            "id": 524148266
        },
        {
            "name": "繁华之处",
            "artist": "栗先达",
            "id": 521780143
        },
        {
            "name": "光",
            "artist": "陈粒",
            "id": 30431364
        },
        {
            "name": "秋酿",
            "artist": "房东的猫",
            "id": 30635613
        },
        {
            "name": "那些花儿",
            "artist": "朴树",
            "id": 139377
        },
        {
            "name": "可能否",
            "artist": "木小雅",
            "id": 569214126
        },
        {
            "name": "早春的树",
            "artist": "陈鸿宇",
            "id": 35476188
        },
        {
            "name": "南方 南方",
            "artist": "张小九",
            "id": 418602584
        },
        {
            "name": "奇妙能力歌",
            "artist": "陈粒",
            "id": 29431066
        },
        {
            "name": "我们的时光",
            "artist": "赵雷",
            "id": 29567193
        },
        {
            "name": "这是你想要的生活吗",
            "artist": "房东的猫",
            "id": 1297750680
        },
        {
            "name": "二十岁的某一天",
            "artist": "花粥",
            "id": 247172
        },
        {
            "name": "美好事物",
            "artist": "房东的猫",
            "id": 417596830
        },
        {
            "name": "借我",
            "artist": "谢春花",
            "id": 408814900
        },
        {
            "name": "春风十里",
            "artist": "鹿先森乐队",
            "id": 38576323
        },
        {
            "name": "七月上",
            "artist": "Jam",
            "id": 31445554
        },
        {
            "name": "南方姑娘",
            "artist": "赵雷",
            "id": 202373
        },
        {
            "name": "成都",
            "artist": "赵雷",
            "id": 436514312
        },
        {
            "name": "远方的姑娘我想念你 你可知道",
            "artist": "秋野",
            "id": 450612833
        },
        {
            "name": "我的名字叫做安",
            "artist": "安来宁",
            "id": 28935309
        },
        {
            "name": "走马",
            "artist": "陈粒",
            "id": 29414037
        },
        {
            "name": "北方",
            "artist": "倪健",
            "id": 41640165
        },
        {
            "name": "声声慢",
            "artist": "崔开潮",
            "id": 439139384
        }
    ]
}