{
    "playlist_info": {
        "name": "治愈纯音乐|风和你都很温柔",
        "trackcount": 50,
        "playcount": 980,
        "creator": "踏惜",
        "createDate": "2023-04-11",
        "heat": 12.0
    },
    "songs": [
        {
            "name": "冬の花",
            "artist": "池煜",
            "id": 2051410117
        },
        {
            "name": "柠檬味的阳光",
            "artist": "蓝云木",
            "id": 1887140296
        },
        {
            "name": "Sea（海）",
            "artist": "Pam_dinosaur",
            "id": 1465424152
        },
        {
            "name": "FlowerDance MC音效版",
            "artist": "池煜",
            "id": 2039768572
        },
        {
            "name": "The thoughts of the night",
            "artist": "Pam_dinosaur",
            "id": 1355394867
        },
        {
            "name": "双向奔赴",
            "artist": "CMJ",
            "id": 1911960795
        },
        {
            "name": "独 守 烟 花 渐 凉",
            "artist": "万古",
            "id": 1841408508
        },
        {
            "name": "萤火之森",
            "artist": "三石阿",
            "id": 1474975104
        },
        {
            "name": "云边有个小卖部",
            "artist": "知晏",
            "id": 1953047554
        },
        {
            "name": "二人の時間",
            "artist": "RADWIMPS",
            "id": 1992687952
        },
        {
            "name": "さようなら、また明日",
            "artist": "はちみつれもん",
            "id": 40915678
        },
        {
            "name": "烟花落",
            "artist": "DarkSpirit",
            "id": 1314010312
        },
        {
            "name": "Only You",
            "artist": "Lights & Motion",
            "id": 1320027824
        },
        {
            "name": "与光同尘",
            "artist": "逆时针向",
            "id": 1900362809
        },
        {
            "name": "yellow",
            "artist": "eel.",
            "id": 499675131
        },
        {
            "name": "Here",
            "artist": "Little End",
            "id": 1461445180
        },
        {
            "name": "失散的城市",
            "artist": "武言圣",
            "id": 1368868337
        },
        {
            "name": "Disappear in Light",
            "artist": "Equal Stones",
            "id": 29406314
        },
        {
            "name": "When I see the light at that Time",
            "artist": "Snigellin",
            "id": 510309106
        },
        {
            "name": "云端循环",
            "artist": "逆时针向",
            "id": 1882828557
        },
        {
            "name": "消えゆく陽菜",
            "artist": "RADWIMPS",
            "id": 1378491288
        },
        {
            "name": "青藤色仲夏",
            "artist": "逆时针向",
            "id": 1866180834
        },
        {
            "name": "Old Memory",
            "artist": "蓝云木",
            "id": 559227860
        },
        {
            "name": "Cry for the moon",
            "artist": "出羽良彰",
            "id": 28445796
        },
        {
            "name": "夏雨",
            "artist": "La.Warden",
            "id": 1473185330
        },
        {
            "name": "I See You",
            "artist": "July",
            "id": 1384046623
        },
        {
            "name": "雲流れ",
            "artist": "みかん箱",
            "id": 785902
        },
        {
            "name": "轻风",
            "artist": "四季音色",
            "id": 410715788
        },
        {
            "name": "花火が瞬く夜に",
            "artist": "羽肿",
            "id": 434902428
        },
        {
            "name": "Insomnia (治愈版)",
            "artist": "Alisa",
            "id": 2035362216
        },
        {
            "name": "かたわれ時",
            "artist": "RADWIMPS",
            "id": 426881502
        },
        {
            "name": "デート2",
            "artist": "RADWIMPS",
            "id": 426881504
        },
        {
            "name": "Summer",
            "artist": "久石譲",
            "id": 443242
        },
        {
            "name": "樱",
            "artist": "蓝云木",
            "id": 468589354
        },
        {
            "name": "Bloom of Youth",
            "artist": "清水淳一",
            "id": 1974436218
        },
        {
            "name": "Starry Sky",
            "artist": "Pam_dinosaur",
            "id": 1413571582
        },
        {
            "name": "Hometown",
            "artist": "Little End",
            "id": 530425152
        },
        {
            "name": "夏夜",
            "artist": "四季音色",
            "id": 410042763
        },
        {
            "name": "风夏",
            "artist": "Cutei",
            "id": 476515542
        },
        {
            "name": "秒 · 流云",
            "artist": "八云轨",
            "id": 1399286389
        },
        {
            "name": "画云",
            "artist": "柳不贰",
            "id": 1831242001
        },
        {
            "name": "和煦的糖果风",
            "artist": "Candy_Wind",
            "id": 439142564
        },
        {
            "name": "风摇盛夏",
            "artist": "逆时针向",
            "id": 1843577172
        },
        {
            "name": "Late Night Melancholy",
            "artist": "Rude Boy",
            "id": 1455200688
        },
        {
            "name": "another perspective",
            "artist": "idealism",
            "id": 1302186033
        },
        {
            "name": "海 で待っています",
            "artist": "Alisa",
            "id": 2036286644
        },
        {
            "name": "Cloud（云）",
            "artist": "Pam_dinosaur",
            "id": 1491825952
        },
        {
            "name": "Fall in star river-坠入星河",
            "artist": "MappleZS",
            "id": 1854814682
        },
        {
            "name": "Serendipity",
            "artist": "Wthegg",
            "id": 1422727202
        },
        {
            "name": "Light tonight",
            "artist": "Miraisan",
            "id": 1318284480
        }
    ]
}