{
    "playlist_info": {
        "name": "水声雨声鸟鸣声~声声悦耳Ⅱ[乐器融和版]",
        "trackcount": 31,
        "playcount": 7289,
        "creator": "怡语芸",
        "createDate": "2015-09-08",
        "heat": 2.0
    },
    "songs": [
        {
            "name": "竹山听雨",
            "artist": "怀一法师",
            "id": 1298407182
        },
        {
            "name": "Rain (Chill Mix)",
            "artist": "InfiniteMusic",
            "id": 33252353
        },
        {
            "name": "Medicine Woman",
            "artist": "Medwyn Goodall",
            "id": 21105671
        },
        {
            "name": "Storm On The Meadow",
            "artist": "David Arkenstone",
            "id": 1234561
        },
        {
            "name": "Orchestral Suite No. 3 /Air [Looped with Nature Sounds]",
            "artist": "Dan Gibson",
            "id": 1218774
        },
        {
            "name": "Espirito Brasileiro (Beach Mix)",
            "artist": "Stereo Gringos",
            "id": 29008922
        },
        {
            "name": "A Day In Paradies (Bodymood Album Mix)",
            "artist": "Ibiza Sunset",
            "id": 5140108
        },
        {
            "name": "Across The Desert",
            "artist": "Paul Heinerman",
            "id": 5224688
        },
        {
            "name": "Clansman - part I",
            "artist": "Medwyn Goodall",
            "id": 1704941
        },
        {
            "name": "The Prophecy",
            "artist": "Llewellyn",
            "id": 1663337
        },
        {
            "name": "Jungle Heart",
            "artist": "Medwyn Goodall",
            "id": 21106160
        },
        {
            "name": "Reverie",
            "artist": "Dan Gibson",
            "id": 5023086
        },
        {
            "name": "缘心",
            "artist": "Aosaki",
            "id": 28100905
        },
        {
            "name": "The Rain",
            "artist": "Anjey Satori",
            "id": 16270147
        },
        {
            "name": "Big River",
            "artist": "Echoes of Nature",
            "id": 17673481
        },
        {
            "name": "Morning Light",
            "artist": "Dan Gibson",
            "id": 1217375
        },
        {
            "name": "On the Beach (Album Version)",
            "artist": "Dinka",
            "id": 17404255
        },
        {
            "name": "Cool Forest Rain",
            "artist": "Dan Gibson",
            "id": 1220792
        },
        {
            "name": "Lancelot-The Forbidden Love",
            "artist": "Llewellyn",
            "id": 1663333
        },
        {
            "name": "Inner Journey",
            "artist": "Dan Gibson",
            "id": 1219887
        },
        {
            "name": "Cast Away",
            "artist": "Capo Productions",
            "id": 4010796
        },
        {
            "name": "Winding Path",
            "artist": "Dan Gibson",
            "id": 5022932
        },
        {
            "name": "Autumn Splendor",
            "artist": "Dan Gibson",
            "id": 1220798
        },
        {
            "name": "The Fallen Leaves",
            "artist": "Dan Gibson",
            "id": 1220809
        },
        {
            "name": "Late Summer Rain",
            "artist": "Mystic Diversions",
            "id": 3050262
        },
        {
            "name": "Bluebird Story",
            "artist": "DJ Okawari",
            "id": 5112926
        },
        {
            "name": "Rain",
            "artist": "Circadian Eyes",
            "id": 1206866
        },
        {
            "name": "Ночь в мадриде",
            "artist": "德米特里.尤里耶维奇.马里科夫",
            "id": 1068621
        },
        {
            "name": "E komo mai (Welcome)",
            "artist": "Dan Gibson",
            "id": 1218407
        },
        {
            "name": "No kau a kau (Always and Forever)",
            "artist": "Dan Gibson",
            "id": 1218414
        },
        {
            "name": "Sunrise",
            "artist": "Enigma",
            "id": 22265576
        }
    ]
}