{
    "playlist_info": {
        "name": "“祝你前程似锦 再难遇我”",
        "trackcount": 201,
        "playcount": 8209538,
        "creator": "孤身星河",
        "createDate": "2020-06-17",
        "heat": 7414.0
    },
    "songs": [
        {
            "name": "妈妈的二十岁",
            "artist": "海洋Bo",
            "id": 2045946501
        },
        {
            "name": "最后一页",
            "artist": "江语晨",
            "id": 247936
        },
        {
            "name": "第三人称",
            "artist": "买辣椒也用券",
            "id": 502043537
        },
        {
            "name": "小胡同",
            "artist": "郑润泽",
            "id": 1926623288
        },
        {
            "name": "Losing Time(失去时光)",
            "artist": "邱之昊",
            "id": 2046737016
        },
        {
            "name": "Peaches",
            "artist": "Justin Bieber",
            "id": 1830419924
        },
        {
            "name": "爱丫爱丫",
            "artist": "By2",
            "id": 344442
        },
        {
            "name": "Letting Go",
            "artist": "蔡健雅",
            "id": 208891
        },
        {
            "name": "灰色头像",
            "artist": "许嵩",
            "id": 167844
        },
        {
            "name": "一样的月光",
            "artist": "徐佳莹",
            "id": 306665
        },
        {
            "name": "江南",
            "artist": "林俊杰",
            "id": 26305527
        },
        {
            "name": "以爱致命",
            "artist": "当个幺m",
            "id": 1925158350
        },
        {
            "name": "脱胎换骨",
            "artist": "李荣浩",
            "id": 1925396986
        },
        {
            "name": "坏女孩",
            "artist": "徐良",
            "id": 174956
        },
        {
            "name": "修炼爱情",
            "artist": "林俊杰",
            "id": 25727803
        },
        {
            "name": "红色高跟鞋",
            "artist": "蔡健雅",
            "id": 208902
        },
        {
            "name": "新地球",
            "artist": "林俊杰",
            "id": 29774171
        },
        {
            "name": "哪里都是你",
            "artist": "队长",
            "id": 488249475
        },
        {
            "name": "Letting Go",
            "artist": "刘大拿",
            "id": 1923184888
        },
        {
            "name": "11",
            "artist": "队长",
            "id": 1907766514
        },
        {
            "name": "多云转晴",
            "artist": "于梓贝",
            "id": 1925100299
        },
        {
            "name": "可惜没如果",
            "artist": "林俊杰",
            "id": 29814898
        },
        {
            "name": "无人之岛",
            "artist": "任然",
            "id": 493735012
        },
        {
            "name": "漠河舞厅·2022",
            "artist": "柳爽",
            "id": 1894094482
        },
        {
            "name": "夏日漱石 (Summer Cozy Rock)",
            "artist": "橘子海 (Orange Ocean)",
            "id": 1359818052
        },
        {
            "name": "屏蔽浪漫",
            "artist": "暴躁的兔子",
            "id": 1919485846
        },
        {
            "name": "会 有 人 爱 我 很 久 吗",
            "artist": "风起",
            "id": 1497523206
        },
        {
            "name": "你走后",
            "artist": "高宇Slient",
            "id": 1918681818
        },
        {
            "name": "你从未离去",
            "artist": "于佰万",
            "id": 1918650503
        },
        {
            "name": "One And Only (唯你)",
            "artist": "满舒克",
            "id": 1919524258
        },
        {
            "name": "男二号",
            "artist": "薛之谦",
            "id": 1915297033
        },
        {
            "name": "Letting Go",
            "artist": "陈老兮",
            "id": 1336205537
        },
        {
            "name": "门没锁",
            "artist": "品冠儿子Jayden",
            "id": 1909604321
        },
        {
            "name": "一分一寸",
            "artist": "不是花火呀",
            "id": 1804614734
        },
        {
            "name": "删了吧",
            "artist": "烟(许佳豪)",
            "id": 1891469546
        },
        {
            "name": "罗生门（Follow）",
            "artist": "梨冻紧",
            "id": 1456890009
        },
        {
            "name": "孤勇者",
            "artist": "陈奕迅",
            "id": 1901371647
        },
        {
            "name": "予你",
            "artist": "队长",
            "id": 1895330088
        },
        {
            "name": "凤毛麟角",
            "artist": "薛之谦",
            "id": 1906034595
        },
        {
            "name": "人间四季",
            "artist": "尤长靖",
            "id": 1905157827
        },
        {
            "name": "星星还是那么亮（翻自 爱如潮水） ",
            "artist": "王逸辰",
            "id": 1412572805
        },
        {
            "name": "乘风破浪",
            "artist": "金志文",
            "id": 1915259735
        },
        {
            "name": "雨过之后（抖音版）",
            "artist": "Bater official",
            "id": 1386639837
        },
        {
            "name": "这世界那么多人",
            "artist": "莫文蔚",
            "id": 1842025914
        },
        {
            "name": "反正禁止相拥",
            "artist": "徐梓淳",
            "id": 1901359386
        },
        {
            "name": "爱",
            "artist": "小虎队",
            "id": 387948
        },
        {
            "name": "说散就散（说唱版）",
            "artist": "ᵉE",
            "id": 1492183423
        },
        {
            "name": "爱如潮水（抖音弹唱）（翻自 张信哲）",
            "artist": "顾绍灿",
            "id": 1461676491
        },
        {
            "name": "后来（Cover 刘若英）",
            "artist": "王贰浪",
            "id": 565200659
        },
        {
            "name": "嘉宾",
            "artist": "路飞文",
            "id": 1846489646
        },
        {
            "name": "追",
            "artist": "孟琦",
            "id": 1825647671
        },
        {
            "name": "夜是克莱因蓝的忧伤",
            "artist": "蓝心羽",
            "id": 1900190434
        },
        {
            "name": "星河万里",
            "artist": "Rom邢锐",
            "id": 1843704418
        },
        {
            "name": "醒着醉",
            "artist": "柳岸",
            "id": 1481394121
        },
        {
            "name": "会不会（翻自 刘大壮）",
            "artist": "旺仔小乔",
            "id": 1482169092
        },
        {
            "name": "17.18岁（网易云高考助力曲目）",
            "artist": "孟琦",
            "id": 1845373241
        },
        {
            "name": "若是没有身份吃醋都要把握分寸",
            "artist": "孟琦",
            "id": 1475436266
        },
        {
            "name": "爱如潮水 刘大壮",
            "artist": "路过",
            "id": 1489664788
        },
        {
            "name": "还是会想你",
            "artist": "林达浪",
            "id": 1827600686
        },
        {
            "name": "你永远是我的宝贝，宝贝",
            "artist": "康姆士COM'Z",
            "id": 1854105063
        },
        {
            "name": "阿拉斯加海湾",
            "artist": "蓝心羽",
            "id": 1500569811
        },
        {
            "name": "与我无关",
            "artist": "王雨桐",
            "id": 1433831191
        },
        {
            "name": "日不落",
            "artist": "筱天才",
            "id": 1466133934
        },
        {
            "name": "雾里",
            "artist": "姚六一",
            "id": 1815085049
        },
        {
            "name": "失眠城市",
            "artist": "是你的垚",
            "id": 1822538249
        },
        {
            "name": "事关孤独",
            "artist": "李热河",
            "id": 1451682680
        },
        {
            "name": "三号线（自弹片段）",
            "artist": "李大大",
            "id": 1498317434
        },
        {
            "name": "默",
            "artist": "柳岸",
            "id": 1468908179
        },
        {
            "name": "雨爱（抖音温柔版）",
            "artist": "北沫",
            "id": 1454236322
        },
        {
            "name": "雨爱（翻自 杨丞琳）",
            "artist": "迷人耗子精",
            "id": 1467090928
        },
        {
            "name": "对不起我爱你（翻自 1983） ",
            "artist": "透透扛不住",
            "id": 1431880739
        },
        {
            "name": "幕后者（电子琴版）",
            "artist": "JojoChen的秋天",
            "id": 1419843575
        },
        {
            "name": "丢了你",
            "artist": "许DaTou",
            "id": 1447185292
        },
        {
            "name": "外婆桥（吉他：王巨星）",
            "artist": "立生Sulis",
            "id": 1433228815
        },
        {
            "name": "呓语",
            "artist": "马越敏",
            "id": 1456026072
        },
        {
            "name": "年轮",
            "artist": "Taooyy",
            "id": 1446072173
        },
        {
            "name": "有一种悲伤",
            "artist": "许DaTou",
            "id": 1424507713
        },
        {
            "name": "和你",
            "artist": "赵飞机",
            "id": 1452470023
        },
        {
            "name": "没了我你依然拥有太阳",
            "artist": "季文钊",
            "id": 1406934370
        },
        {
            "name": "她不是",
            "artist": "泽pp",
            "id": 1450265949
        },
        {
            "name": "幕后者",
            "artist": "斯居居",
            "id": 1438489642
        },
        {
            "name": "信仰",
            "artist": "守夜冠军专用证",
            "id": 1454266725
        },
        {
            "name": "洋葱",
            "artist": "刘大壮",
            "id": 1463102760
        },
        {
            "name": "山妖（翻自 小星星Aurora）",
            "artist": "是你的垚",
            "id": 1458931009
        },
        {
            "name": "错的人",
            "artist": "千里狗",
            "id": 1427090442
        },
        {
            "name": "晴",
            "artist": "千里狗",
            "id": 1403053170
        },
        {
            "name": "此生不换",
            "artist": "千里狗",
            "id": 1412847323
        },
        {
            "name": "有我呢（片段版）（翻自 郭一凡）",
            "artist": "袁王月",
            "id": 1442246535
        },
        {
            "name": "事关孤独（片段版）（翻自 马良） ",
            "artist": "袁王月",
            "id": 1435162076
        },
        {
            "name": "Wonderful U（片段版）",
            "artist": "袁王月",
            "id": 1441938283
        },
        {
            "name": "洋葱",
            "artist": "马常九日",
            "id": 1463391011
        },
        {
            "name": "信仰（翻自 张信哲）",
            "artist": "是你的羊羊呐",
            "id": 1447796107
        },
        {
            "name": "多喜欢你",
            "artist": "是你的垚",
            "id": 1442587707
        },
        {
            "name": "雨爱",
            "artist": "李柯君",
            "id": 1450753455
        },
        {
            "name": "蓝",
            "artist": "陈阳",
            "id": 1433831232
        },
        {
            "name": "我想念那个不下雪的冬天",
            "artist": "南浔",
            "id": 1451518058
        },
        {
            "name": "什么样的爱情",
            "artist": "千里狗",
            "id": 1443613715
        },
        {
            "name": "wonderful u",
            "artist": "如懿",
            "id": 1447848829
        },
        {
            "name": "什么样的爱情",
            "artist": "杨依贤",
            "id": 1448138988
        },
        {
            "name": "山海",
            "artist": "劉",
            "id": 1419457616
        },
        {
            "name": "爱自己更深（翻自 DIOR 大颖）",
            "artist": "吴大文",
            "id": 1449420683
        },
        {
            "name": "迷人的危险",
            "artist": "Bater official",
            "id": 1433904168
        },
        {
            "name": "拾忆 (片段)",
            "artist": "房大佬",
            "id": 1424649336
        },
        {
            "name": "虞美人+初见",
            "artist": "小班圆妹妹",
            "id": 1440597489
        },
        {
            "name": "雨爱",
            "artist": "王浩",
            "id": 1455714903
        },
        {
            "name": "尘埃",
            "artist": "袁王月",
            "id": 1435158305
        },
        {
            "name": "夜半",
            "artist": "沈辞.",
            "id": 1439884195
        },
        {
            "name": "蓝",
            "artist": "CaoLi",
            "id": 1439125289
        },
        {
            "name": "下雨天",
            "artist": "廖亚桐",
            "id": 1434631084
        },
        {
            "name": "够爱（深情女声版）",
            "artist": "马越敏",
            "id": 1424018194
        },
        {
            "name": "什么样的爱情（翻自 吴秃秃） ",
            "artist": "ck曼曼",
            "id": 1430850579
        },
        {
            "name": "偏爱",
            "artist": "熊宇赫",
            "id": 1422727081
        },
        {
            "name": "有一种悲伤",
            "artist": "是你的垚",
            "id": 1430628817
        },
        {
            "name": "不分手的恋爱（片段）",
            "artist": "不二宸",
            "id": 1433470767
        },
        {
            "name": "可惜不是你",
            "artist": "刘大壮",
            "id": 1424220262
        },
        {
            "name": "信仰",
            "artist": "陈阳",
            "id": 1417784917
        },
        {
            "name": "不找了(副歌片段）",
            "artist": "许DaTou",
            "id": 1420287353
        },
        {
            "name": "烟火",
            "artist": "赵飞机",
            "id": 1455485876
        },
        {
            "name": "爱存在（抖音版）（翻自 魏奇奇）",
            "artist": "如懿",
            "id": 1454687317
        },
        {
            "name": "独行侠+爱如潮水（remix）",
            "artist": "sea蕊",
            "id": 1432968475
        },
        {
            "name": "Love Is Gone（女生弹唱）（翻自 SLANDER）",
            "artist": "旺仔小乔",
            "id": 1452097105
        },
        {
            "name": "愿",
            "artist": "鲨鲨",
            "id": 1433807553
        },
        {
            "name": "第一次爱的人",
            "artist": "许DaTou",
            "id": 1422778987
        },
        {
            "name": "盗墓笔记 ·十年人间",
            "artist": "千里狗",
            "id": 1412846581
        },
        {
            "name": "第三人称 (片段)",
            "artist": "房大佬",
            "id": 1424647603
        },
        {
            "name": "那个男孩",
            "artist": "千里狗",
            "id": 1387608452
        },
        {
            "name": "爱的回归线",
            "artist": "JojoChen的秋天",
            "id": 1427049829
        },
        {
            "name": "鲸落（钢琴版）（翻自 赵俊铭）",
            "artist": "赵俊铭",
            "id": 1459436775
        },
        {
            "name": "忘记拥抱",
            "artist": "南橘ya",
            "id": 1429787141
        },
        {
            "name": "夜半",
            "artist": "陈阳",
            "id": 1383966924
        },
        {
            "name": "猜不透（完整版）",
            "artist": "守夜冠军专用证",
            "id": 1431866741
        },
        {
            "name": "越界",
            "artist": "睡不饱的老笨蛋",
            "id": 1445247227
        },
        {
            "name": "盗墓笔记·十年人间",
            "artist": "袁王月",
            "id": 1435132254
        },
        {
            "name": "爱存在",
            "artist": "是你的垚",
            "id": 1459023076
        },
        {
            "name": "信仰",
            "artist": "斯居居",
            "id": 1461676431
        },
        {
            "name": "幕后者",
            "artist": "落云轻",
            "id": 1458062876
        },
        {
            "name": "冬眠",
            "artist": "陈阳",
            "id": 1426436764
        },
        {
            "name": "pull up~1（翻自 Luh Kel） ",
            "artist": "李斯迈",
            "id": 1427200303
        },
        {
            "name": "时迁",
            "artist": "向文涛",
            "id": 1395302566
        },
        {
            "name": "少一点天分",
            "artist": "薛八万",
            "id": 1434438519
        },
        {
            "name": "冬眠",
            "artist": "马越敏",
            "id": 1426971434
        },
        {
            "name": "可惜不是你",
            "artist": "吴大海",
            "id": 1460187096
        },
        {
            "name": "与我无关（片段版）",
            "artist": "小乐哥（王唯乐）",
            "id": 1431880021
        },
        {
            "name": "九万字（温柔男声）",
            "artist": "向文涛",
            "id": 1375319263
        },
        {
            "name": "什么样的爱情",
            "artist": "野望绿川",
            "id": 1423753681
        },
        {
            "name": "无孟子（翻自 无孟子） ",
            "artist": "酷盖不酷",
            "id": 1413162944
        },
        {
            "name": "下雨天",
            "artist": "是你的垚",
            "id": 1438643335
        },
        {
            "name": "我走后",
            "artist": "千里狗",
            "id": 1412847322
        },
        {
            "name": "BINGBIAN病变",
            "artist": "是你的垚",
            "id": 1430633278
        },
        {
            "name": "有我呢",
            "artist": "王雨桐",
            "id": 1438825241
        },
        {
            "name": "迷人的危险（片段版）",
            "artist": "袁王月",
            "id": 1430444978
        },
        {
            "name": "又是一个睡不着的夜晚（翻自 无孟子） ",
            "artist": "一口一斤猪肉",
            "id": 1430620302
        },
        {
            "name": "与我无关",
            "artist": "薛八万",
            "id": 1434442050
        },
        {
            "name": "幕后者",
            "artist": "杨依贤",
            "id": 1421457004
        },
        {
            "name": "关于我们",
            "artist": "王雨桐",
            "id": 1438820947
        },
        {
            "name": "下雨天",
            "artist": "薛八万",
            "id": 1431929338
        },
        {
            "name": "可惜不是你（片段版）",
            "artist": "袁王月",
            "id": 1436853551
        },
        {
            "name": "有一种悲伤",
            "artist": "陈阳",
            "id": 1358575160
        },
        {
            "name": "忘记拥抱",
            "artist": "是你的垚",
            "id": 1442600205
        },
        {
            "name": "红色高跟鞋",
            "artist": "喔喔",
            "id": 1441080789
        },
        {
            "name": "考其正 下雨天",
            "artist": "考其正",
            "id": 1433795646
        },
        {
            "name": "人间不值得",
            "artist": "千里狗",
            "id": 1371378897
        },
        {
            "name": "空白格",
            "artist": "毛亦周",
            "id": 1405161871
        },
        {
            "name": "起风了（片段版）",
            "artist": "袁王月",
            "id": 1433421603
        },
        {
            "name": "淡黄的长裙（翻自 秦牛正威） ",
            "artist": "不称职歌手",
            "id": 1435428286
        },
        {
            "name": "蓝",
            "artist": "穌北北",
            "id": 1433013289
        },
        {
            "name": "岁月神偷",
            "artist": "陈阳",
            "id": 1363593434
        },
        {
            "name": "我好像在哪见过你（翻自 邹念慈） ",
            "artist": "九千七",
            "id": 1426557520
        },
        {
            "name": "与我无关 穌北北",
            "artist": "穌北北",
            "id": 1432993576
        },
        {
            "name": "忽而今夏",
            "artist": "陈阳",
            "id": 1345901541
        },
        {
            "name": "pure imagination",
            "artist": "辛辛君",
            "id": 1407993755
        },
        {
            "name": "鱼仔",
            "artist": "jiajia不熬夜",
            "id": 1438452787
        },
        {
            "name": "丢了你（抖音版）（翻自 井胧）",
            "artist": "Haagen Dazs",
            "id": 1446673879
        },
        {
            "name": "愿",
            "artist": "千里狗",
            "id": 1379252766
        },
        {
            "name": "喜欢（Cover 阿肆）",
            "artist": "王贰浪",
            "id": 565203857
        },
        {
            "name": "没有你的房间真的变得很大很大",
            "artist": "记忆病人",
            "id": 1430712577
        },
        {
            "name": "白山茶（合唱版）（翻自 陈雪凝） ",
            "artist": "张家旺",
            "id": 1423527466
        },
        {
            "name": "有我呢",
            "artist": "迷人耗子精",
            "id": 1439354783
        },
        {
            "name": "山海",
            "artist": "万豹",
            "id": 1431393883
        },
        {
            "name": "不值得",
            "artist": "陈阳",
            "id": 1377981143
        },
        {
            "name": "可惜不是你（吉他 治愈版）",
            "artist": "林加弦-",
            "id": 1457180545
        },
        {
            "name": "丢了你",
            "artist": "林加弦-",
            "id": 1449485010
        },
        {
            "name": "与我无关",
            "artist": "林加弦-",
            "id": 1432913600
        },
        {
            "name": "秋天不回来",
            "artist": "Bater official",
            "id": 1436423847
        },
        {
            "name": "丢了你",
            "artist": "泽pp",
            "id": 1444947562
        },
        {
            "name": "pull up+爱如潮水（翻自 Luh Kel）（翻自 Luh Kel）",
            "artist": "李斯迈",
            "id": 1441256078
        },
        {
            "name": "我的宝贝",
            "artist": "M学长",
            "id": 1389664235
        },
        {
            "name": "错的人",
            "artist": "M学长",
            "id": 1389663359
        },
        {
            "name": "冬眠 王巨星",
            "artist": "王巨星",
            "id": 1418852960
        },
        {
            "name": "鱼仔",
            "artist": "吴炳文",
            "id": 1425898176
        },
        {
            "name": "足够",
            "artist": "路与熊",
            "id": 1312993764
        },
        {
            "name": "问",
            "artist": "占二曦",
            "id": 1351743204
        },
        {
            "name": "拾忆（弹唱版）（翻自 张翰）",
            "artist": "向文涛",
            "id": 1387051024
        },
        {
            "name": "离歌",
            "artist": "任玲辉",
            "id": 1407272623
        },
        {
            "name": "什么样的爱情-片段（翻自 张阳阳） ",
            "artist": "北田共",
            "id": 1426361558
        },
        {
            "name": "可惜不是你",
            "artist": "是你的垚",
            "id": 1425587051
        },
        {
            "name": "下雨天",
            "artist": "林加弦-",
            "id": 1431464716
        },
        {
            "name": "把你抱住",
            "artist": "你的张向前",
            "id": 1403589204
        },
        {
            "name": "Crush/Punch-爱如潮水remix（kpasian/situasian张太郎 Remix）",
            "artist": "Kp",
            "id": 445154960
        },
        {
            "name": "收敛（吉他 治愈版）（翻自 不够）",
            "artist": "林加弦-",
            "id": 1450630238
        },
        {
            "name": "醒着醉",
            "artist": "姜鹏Calm",
            "id": 1334761781
        }
    ]
}