{
    "playlist_info": {
        "name": "“我好像总是学不会把感情控制的刚刚好”",
        "trackcount": 543,
        "playcount": 1427033,
        "creator": "浅原两度",
        "createDate": "2020-08-12",
        "heat": 1357.0
    },
    "songs": [
        {
            "name": "Kingdom Hearts • Xion's Theme",
            "artist": "Jenny",
            "id": 490602730
        },
        {
            "name": "mmashup:138z",
            "artist": "刘楚",
            "id": 2042594225
        },
        {
            "name": "来不及（Live）",
            "artist": "刘瑞琦",
            "id": 1407424616
        },
        {
            "name": "凄美地",
            "artist": "郭顶",
            "id": 436346833
        },
        {
            "name": "IFYOU(0.8)",
            "artist": "谢随",
            "id": 2021449817
        },
        {
            "name": "最初的记忆",
            "artist": "徐佳莹",
            "id": 479979440
        },
        {
            "name": "不想你",
            "artist": "TC",
            "id": 2034520894
        },
        {
            "name": "想想就烦",
            "artist": "Mikey-18",
            "id": 2045117743
        },
        {
            "name": "来年后·少年",
            "artist": "AFMC黑子",
            "id": 2000381011
        },
        {
            "name": "I‘M YOURS PT.2",
            "artist": "h3R3",
            "id": 571758505
        },
        {
            "name": "不断Part2（h3R3 remix）",
            "artist": "h3R3",
            "id": 1425898822
        },
        {
            "name": "我又想你了",
            "artist": "h3R3",
            "id": 2026587136
        },
        {
            "name": "Heaven",
            "artist": "田木子",
            "id": 1968584689
        },
        {
            "name": "Baby, Don't Cry (인어의 눈물)",
            "artist": "EXO",
            "id": 26428002
        },
        {
            "name": "礼物",
            "artist": "方沁",
            "id": 2038927423
        },
        {
            "name": "愿与愁",
            "artist": "林俊杰",
            "id": 2041026502
        },
        {
            "name": "如果你也听说",
            "artist": "张惠妹",
            "id": 326904
        },
        {
            "name": "后来的我们",
            "artist": "五月天",
            "id": 422104138
        },
        {
            "name": "流沙",
            "artist": "陶喆",
            "id": 150667
        },
        {
            "name": "我的美丽feat.海洋Bo",
            "artist": "海洋Bo",
            "id": 1979417838
        },
        {
            "name": "戒不掉（原声版）",
            "artist": "欧阳耀莹",
            "id": 1299889486
        },
        {
            "name": "Homeless",
            "artist": "Heyo",
            "id": 1305806513
        },
        {
            "name": "等你回家",
            "artist": "曾祚 ZigZag",
            "id": 1424818132
        },
        {
            "name": "鸣谢",
            "artist": "奥力",
            "id": 1890764647
        },
        {
            "name": "Saranghae",
            "artist": "侧田",
            "id": 1360515282
        },
        {
            "name": "不浪漫罪名",
            "artist": "张智霖",
            "id": 1366874488
        },
        {
            "name": "夜机",
            "artist": "陈慧娴",
            "id": 212652
        },
        {
            "name": "傻女",
            "artist": "李克勤",
            "id": 113610
        },
        {
            "name": "平淡日子里的刺",
            "artist": "屈俊伟",
            "id": 1966631938
        },
        {
            "name": "月球下的人",
            "artist": "李幸倪",
            "id": 407927304
        },
        {
            "name": "你想要的",
            "artist": "颜人中",
            "id": 1434309927
        },
        {
            "name": "还是会想你 2023",
            "artist": "h3R3",
            "id": 2012147291
        },
        {
            "name": "心墙",
            "artist": "林俊杰",
            "id": 108263
        },
        {
            "name": "雪 Distance",
            "artist": "Capper",
            "id": 2026224214
        },
        {
            "name": "于是",
            "artist": "郑润泽",
            "id": 1303464858
        },
        {
            "name": "遐想",
            "artist": "郑润泽",
            "id": 2018733994
        },
        {
            "name": "刻在我心底的名字",
            "artist": "桃德李Todd Li",
            "id": 1806926338
        },
        {
            "name": "拉过勾的",
            "artist": "陆虎",
            "id": 26387325
        },
        {
            "name": "想去海边",
            "artist": "夏日入侵企画",
            "id": 1413863166
        },
        {
            "name": "乌梅子酱",
            "artist": "李荣浩",
            "id": 1997438791
        },
        {
            "name": "爱如火",
            "artist": "一只瓜瓜",
            "id": 2021849994
        },
        {
            "name": "我们的歌",
            "artist": "王力宏",
            "id": 25642952
        },
        {
            "name": "不将就",
            "artist": "李荣浩",
            "id": 31654343
        },
        {
            "name": "我不愿让你一个人",
            "artist": "五月天",
            "id": 385554
        },
        {
            "name": "失语者",
            "artist": "蔡健雅",
            "id": 36024442
        },
        {
            "name": "恶作剧",
            "artist": "林依晨",
            "id": 255574
        },
        {
            "name": "就让这大雨全都落下",
            "artist": "容祖儿",
            "id": 1984475097
        },
        {
            "name": "和每天讲再见",
            "artist": "李幸倪",
            "id": 484755733
        },
        {
            "name": "粤语残片",
            "artist": "陈奕迅",
            "id": 65778
        },
        {
            "name": "别",
            "artist": "薛之谦",
            "id": 515803379
        },
        {
            "name": "最好的都给你",
            "artist": "余佳运",
            "id": 1845651956
        },
        {
            "name": "祝君好",
            "artist": "张智霖",
            "id": 192392
        },
        {
            "name": "讲不出声(Live)",
            "artist": "林峯",
            "id": 112729
        },
        {
            "name": "拥抱爱（TVB《爱回家》主题曲）",
            "artist": "乐栖谷",
            "id": 1876064143
        },
        {
            "name": "圆谎",
            "artist": "容祖儿",
            "id": 286917
        },
        {
            "name": "背过手",
            "artist": "薛之谦",
            "id": 520458481
        },
        {
            "name": "致你",
            "artist": "yihuik苡慧",
            "id": 1867217766
        },
        {
            "name": "心里的伤无法分享",
            "artist": "云山风",
            "id": 1857622523
        },
        {
            "name": "她不是",
            "artist": "BigYear大年",
            "id": 1387183835
        },
        {
            "name": "逸后",
            "artist": "陈柏宇",
            "id": 66753
        },
        {
            "name": "你是我的风景",
            "artist": "何洁",
            "id": 240147
        },
        {
            "name": "靠近",
            "artist": "罗震环",
            "id": 25639009
        },
        {
            "name": "认真如初",
            "artist": "陈柏宇",
            "id": 1302556232
        },
        {
            "name": "紫荆花盛开",
            "artist": "李荣浩",
            "id": 1959528822
        },
        {
            "name": "赛勒斯的爱",
            "artist": "张敬轩",
            "id": 1946610374
        },
        {
            "name": "灵魂相认",
            "artist": "张敬轩",
            "id": 29544620
        },
        {
            "name": "裂缝中的阳光",
            "artist": "林俊杰",
            "id": 25794009
        },
        {
            "name": "漂浮女孩",
            "artist": "王灏儿",
            "id": 28274496
        },
        {
            "name": "赖床",
            "artist": "谢安琪",
            "id": 308035
        },
        {
            "name": "先说谎的人",
            "artist": "h3R3",
            "id": 1903876057
        },
        {
            "name": "我的天",
            "artist": "张敬轩",
            "id": 189155
        },
        {
            "name": "Call your name ＜Gv＞",
            "artist": "Shmily",
            "id": 1957920200
        },
        {
            "name": "Duvet",
            "artist": "Bôa",
            "id": 3956956
        },
        {
            "name": "暴雨（抒情版）",
            "artist": "CHENMENGNAN",
            "id": 1993171023
        },
        {
            "name": "时间囊",
            "artist": "方皓玟",
            "id": 1333345153
        },
        {
            "name": "有没有",
            "artist": "薛之谦",
            "id": 27955656
        },
        {
            "name": "从此一个人",
            "artist": "褚晨茜",
            "id": 1994181686
        },
        {
            "name": "急救中",
            "artist": "Robynn & Kendy",
            "id": 500406833
        },
        {
            "name": "我不是你的观赏鱼",
            "artist": "李幸倪",
            "id": 25703028
        },
        {
            "name": "独活 (剧场版)",
            "artist": "洪卓立",
            "id": 34078475
        },
        {
            "name": "哪里只得我共你.kie.",
            "artist": "Kie Music",
            "id": 1365681724
        },
        {
            "name": "不将就 (电影\"何以笙箫默\"片尾曲)",
            "artist": "李荣浩",
            "id": 1468114202
        },
        {
            "name": "陪在你身边",
            "artist": "h3R3",
            "id": 1999010719
        },
        {
            "name": "无赖0.8",
            "artist": "sakura",
            "id": 1962783969
        },
        {
            "name": "心似烟火（0.8x）",
            "artist": "WF_Liang",
            "id": 1959234814
        },
        {
            "name": "男孩像你",
            "artist": "薛凯琪",
            "id": 307115
        },
        {
            "name": "隔夜茶",
            "artist": "张敬轩",
            "id": 188568
        },
        {
            "name": "流浪",
            "artist": "江辰",
            "id": 1941265858
        },
        {
            "name": "石径",
            "artist": "张敬轩",
            "id": 188556
        },
        {
            "name": "老派约会之必要",
            "artist": "MC 张天赋",
            "id": 1965085154
        },
        {
            "name": "火星人来过",
            "artist": "薛之谦",
            "id": 443277013
        },
        {
            "name": "here to stay",
            "artist": "鷺巣詩郎",
            "id": 504326
        },
        {
            "name": "红",
            "artist": "罗言",
            "id": 1918576268
        },
        {
            "name": "方圆几里",
            "artist": "薛之谦",
            "id": 27955658
        },
        {
            "name": "记忆棉",
            "artist": "MC 张天赋",
            "id": 1888154699
        },
        {
            "name": "到底发生过什么事",
            "artist": "Dear Jane",
            "id": 1991436069
        },
        {
            "name": "爱没有假如",
            "artist": "卫兰",
            "id": 25657574
        },
        {
            "name": "十指紧扣",
            "artist": "张智霖",
            "id": 192384
        },
        {
            "name": "For When You Are Alone",
            "artist": "Xeuphoria",
            "id": 421148106
        },
        {
            "name": "连续剧",
            "artist": "容祖儿",
            "id": 409931849
        },
        {
            "name": "还记得",
            "artist": "周柏豪",
            "id": 29379544
        },
        {
            "name": "偷情的礼仪",
            "artist": "谢安琪",
            "id": 1380100575
        },
        {
            "name": "愛？",
            "artist": "Seto",
            "id": 1965902593
        },
        {
            "name": "NUNA 2.0",
            "artist": "队长",
            "id": 1979731860
        },
        {
            "name": "【Slowed】EverySummertime-NIKI",
            "artist": "i8",
            "id": 1913585791
        },
        {
            "name": "Call of Silence x YouSeeBIGGIRL",
            "artist": "EYAir",
            "id": 496507504
        },
        {
            "name": "挂住你",
            "artist": "王灏儿",
            "id": 28391342
        },
        {
            "name": "你",
            "artist": "郑润泽",
            "id": 1406083061
        },
        {
            "name": "MoreanP-不要用爱绑架我（v7777777 remix）",
            "artist": "v7777777",
            "id": 1980324422
        },
        {
            "name": "Fantasy Theme.",
            "artist": "雪奈",
            "id": 1948673313
        },
        {
            "name": "理性与任性之间",
            "artist": "AGA",
            "id": 1873047958
        },
        {
            "name": "想念拟人化",
            "artist": "孟慧圆",
            "id": 1379662223
        },
        {
            "name": "gamble (feat. demxntia)",
            "artist": "Alys",
            "id": 1842902461
        },
        {
            "name": "Heaven",
            "artist": "Emilee",
            "id": 1439148825
        },
        {
            "name": "九月底 ",
            "artist": "余佳运",
            "id": 1325711261
        },
        {
            "name": "被人",
            "artist": "薛之谦",
            "id": 1982706722
        },
        {
            "name": "呼吸决定",
            "artist": "Fine乐团",
            "id": 35678875
        },
        {
            "name": "恋无可恋",
            "artist": "古巨基",
            "id": 1897936001
        },
        {
            "name": "弥敦道 - 完整版",
            "artist": "洪卓立",
            "id": 402306373
        },
        {
            "name": "我心中尚未崩坏的部分",
            "artist": "黄妍",
            "id": 1492179180
        },
        {
            "name": "Hold Me Tight  김예지",
            "artist": "Socand1ce",
            "id": 1960789008
        },
        {
            "name": "我们 (Live)",
            "artist": "范本桐",
            "id": 1973672948
        },
        {
            "name": "情歌 (Live)",
            "artist": "范本桐",
            "id": 1977886211
        },
        {
            "name": "续集",
            "artist": "蔡鹤峰",
            "id": 1887304731
        },
        {
            "name": "自我感觉还好",
            "artist": "李幸倪",
            "id": 574648201
        },
        {
            "name": "一格格",
            "artist": "卫兰",
            "id": 493581463
        },
        {
            "name": "NUNA",
            "artist": "队长",
            "id": 1971912772
        },
        {
            "name": "好人",
            "artist": "侧田",
            "id": 5260326
        },
        {
            "name": "情歌",
            "artist": "侧田",
            "id": 5256764
        },
        {
            "name": "还原成长",
            "artist": "Mr.",
            "id": 471411145
        },
        {
            "name": "小传奇",
            "artist": "Mr.",
            "id": 365922
        },
        {
            "name": "暗涌 (live)",
            "artist": "Mr.",
            "id": 365875
        },
        {
            "name": "无谓再假",
            "artist": "Mr.",
            "id": 366021
        },
        {
            "name": "Saranghae",
            "artist": "侧田",
            "id": 5232542
        },
        {
            "name": "遗失的心跳 0.8x 完整版",
            "artist": "薇薇",
            "id": 1954223039
        },
        {
            "name": "浪漫血液",
            "artist": "林俊杰",
            "id": 29850683
        },
        {
            "name": "默",
            "artist": "简弘亦",
            "id": 33340067
        },
        {
            "name": "GLASSY SKY",
            "artist": "Donna Burke",
            "id": 30706129
        },
        {
            "name": "Avid",
            "artist": "SawanoHiroyuki[nZk]",
            "id": 1835951859
        },
        {
            "name": "命硬 (Live)",
            "artist": "侧田",
            "id": 460514436
        },
        {
            "name": "倾城 (Live)",
            "artist": "陈奕迅",
            "id": 27867449
        },
        {
            "name": "遗憾 (Live)",
            "artist": "薛之谦",
            "id": 512489621
        },
        {
            "name": "小白",
            "artist": "周柏豪",
            "id": 31514959
        },
        {
            "name": "江南(粤语版)",
            "artist": "林俊杰",
            "id": 25729758
        },
        {
            "name": "阴霾",
            "artist": "高旭",
            "id": 1973433042
        },
        {
            "name": "沉沦与遐想（0.8x）",
            "artist": "WF_Liang",
            "id": 1954924353
        },
        {
            "name": "Let’s Get Wet",
            "artist": "林峯",
            "id": 29761036
        },
        {
            "name": "你要的爱",
            "artist": "戴佩妮",
            "id": 4878094
        },
        {
            "name": "爱，存在",
            "artist": "魏奇奇",
            "id": 864647494
        },
        {
            "name": "思念是一把刀(0.8x)",
            "artist": "Cubi",
            "id": 1973177450
        },
        {
            "name": "李香兰",
            "artist": "张学友",
            "id": 32688998
        },
        {
            "name": "李香兰",
            "artist": "周星驰",
            "id": 95447
        },
        {
            "name": "李香兰",
            "artist": "陈奕迅",
            "id": 27904284
        },
        {
            "name": "暗恋航空",
            "artist": "官恩娜",
            "id": 26260469
        },
        {
            "name": "空姐",
            "artist": "李幸倪",
            "id": 470563212
        },
        {
            "name": "电灯胆",
            "artist": "邓丽欣",
            "id": 224086
        },
        {
            "name": "好好恋爱",
            "artist": "邓丽欣",
            "id": 5261521
        },
        {
            "name": "一双手",
            "artist": "林奕匡",
            "id": 36569474
        },
        {
            "name": "红蔷薇白玫瑰(Live)",
            "artist": "G.E.M.邓紫棋",
            "id": 420500381
        },
        {
            "name": "其实寂寞",
            "artist": "谢安琪",
            "id": 1351743678
        },
        {
            "name": "柑橘乌云",
            "artist": "HAPPY",
            "id": 1931767917
        },
        {
            "name": "给你一瓶魔法药水",
            "artist": "告五人",
            "id": 1959667345
        },
        {
            "name": "夜班车(「First Date俩少无猜」allenvee Bootleg)",
            "artist": "allenvee",
            "id": 492256479
        },
        {
            "name": "关于你",
            "artist": "薛之谦",
            "id": 1964644539
        },
        {
            "name": "勇 (Live)",
            "artist": "杨千嬅",
            "id": 1942989841
        },
        {
            "name": "小孩",
            "artist": "薛之谦",
            "id": 35288183
        },
        {
            "name": "遥远的她 (Live)",
            "artist": "毛不易",
            "id": 1940770243
        },
        {
            "name": "弥敦道 (Live)",
            "artist": "Mike 曾比特",
            "id": 1957017400
        },
        {
            "name": "每当我",
            "artist": "刘诗人",
            "id": 1805175448
        },
        {
            "name": "可惜我是水瓶座 (Live)",
            "artist": "杨千嬅",
            "id": 1960868406
        },
        {
            "name": "百年不合",
            "artist": "周柏豪",
            "id": 31514961
        },
        {
            "name": "哪里只得我共你",
            "artist": "Dear Jane",
            "id": 405790387
        },
        {
            "name": "暗涌",
            "artist": "王菲",
            "id": 300136
        },
        {
            "name": "蜚蜚",
            "artist": "陈僖仪",
            "id": 26353080
        },
        {
            "name": "约定",
            "artist": "王菲",
            "id": 299116
        },
        {
            "name": "梦伴",
            "artist": "Ericaceae",
            "id": 26584453
        },
        {
            "name": "不浪漫罪名",
            "artist": "王杰",
            "id": 156846
        },
        {
            "name": "不要说话",
            "artist": "陈奕迅",
            "id": 25906124
        },
        {
            "name": "一首情歌",
            "artist": "Mr.",
            "id": 25985010
        },
        {
            "name": "寻找一千遍",
            "artist": "Mr.",
            "id": 471411086
        },
        {
            "name": "昨天",
            "artist": "Mr.",
            "id": 365852
        },
        {
            "name": "边城",
            "artist": "Mr.",
            "id": 31446447
        },
        {
            "name": "如果我是陈奕迅",
            "artist": "Mr.",
            "id": 366011
        },
        {
            "name": "再见悲哀",
            "artist": "林忆莲",
            "id": 28838055
        },
        {
            "name": "灰姑娘",
            "artist": "梁咏琪",
            "id": 254740
        },
        {
            "name": "遇到了",
            "artist": "Mr.",
            "id": 366024
        },
        {
            "name": "不懂事",
            "artist": "刘梓炎",
            "id": 1455294115
        },
        {
            "name": "我怀念的 (Live)",
            "artist": "林俊杰",
            "id": 440207933
        },
        {
            "name": "不许你注定一人",
            "artist": "Dear Jane",
            "id": 28406634
        },
        {
            "name": "再见莫妮卡",
            "artist": "彭席彦",
            "id": 1824045033
        },
        {
            "name": "账号已注销",
            "artist": "Strictlyviolin荀博",
            "id": 1953828422
        },
        {
            "name": "不再需要你",
            "artist": "h3R3",
            "id": 1956525809
        },
        {
            "name": "遇见你（粤语版）",
            "artist": "欧阳耀莹",
            "id": 1345827147
        },
        {
            "name": "背叛",
            "artist": "曹格",
            "id": 63574
        },
        {
            "name": "旅行中忘记",
            "artist": "袁娅维TIA RAY",
            "id": 28240533
        },
        {
            "name": "岁月如歌 (Live)",
            "artist": "张智霖",
            "id": 1951521781
        },
        {
            "name": "h3R3-忘不掉先说谎的你(TOKBINL 2023 MASH UP)",
            "artist": "TOKBINL",
            "id": 1952509634
        },
        {
            "name": "可",
            "artist": "薛之谦",
            "id": 1954420092
        },
        {
            "name": "孤独患者 (Live)",
            "artist": "毛不易",
            "id": 1953435812
        },
        {
            "name": "喜欢",
            "artist": "张悬",
            "id": 326719
        },
        {
            "name": "我只能离开",
            "artist": "颜人中",
            "id": 1398283847
        },
        {
            "name": "如果你要走，请告诉我",
            "artist": "冯泳",
            "id": 1813041013
        },
        {
            "name": "灰尘",
            "artist": "阿细",
            "id": 1386859485
        },
        {
            "name": "就这样和你在一起",
            "artist": "蝴蝶效应(B.E.)",
            "id": 1326773330
        },
        {
            "name": "不做你的朋友",
            "artist": "高旭",
            "id": 1494283005
        },
        {
            "name": "For You",
            "artist": "AZU",
            "id": 27969778
        },
        {
            "name": "连名带姓",
            "artist": "张惠妹",
            "id": 522352195
        },
        {
            "name": "念念不忘",
            "artist": "麦浚龙",
            "id": 33471533
        },
        {
            "name": "虚拟",
            "artist": "陈粒",
            "id": 421423808
        },
        {
            "name": "无名的人",
            "artist": "毛不易",
            "id": 1903149553
        },
        {
            "name": "Letting Go",
            "artist": "陈老兮",
            "id": 1336205537
        },
        {
            "name": "如果说 (Live)",
            "artist": "薛之谦",
            "id": 1891169712
        },
        {
            "name": "烟霞",
            "artist": "容祖儿",
            "id": 287744
        },
        {
            "name": "28214（去别处）",
            "artist": "KEY.L刘聪",
            "id": 1855121473
        },
        {
            "name": "给我一个理由忘记 (Live)",
            "artist": "黄丽玲",
            "id": 31877074
        },
        {
            "name": "嗯",
            "artist": "UM",
            "id": 1851650952
        },
        {
            "name": "小胡同",
            "artist": "郑润泽",
            "id": 1926623288
        },
        {
            "name": "简单的心",
            "artist": "h3R3",
            "id": 1808831742
        },
        {
            "name": "告白 (V.O. Version)",
            "artist": "吴雨霏",
            "id": 298089
        },
        {
            "name": "够钟",
            "artist": "周柏豪",
            "id": 191528
        },
        {
            "name": "Exile",
            "artist": "Josh Rabenold",
            "id": 1467948248
        },
        {
            "name": "Here We Are",
            "artist": "华晨宇",
            "id": 420125810
        },
        {
            "name": "16号爱人",
            "artist": "容祖儿",
            "id": 287011
        },
        {
            "name": "这么久没见",
            "artist": "薛之谦",
            "id": 1374061036
        },
        {
            "name": "美丽之最",
            "artist": "侧田",
            "id": 64412
        },
        {
            "name": "痛醒",
            "artist": "威廉W",
            "id": 1455767815
        },
        {
            "name": "再等冬天(Memories)",
            "artist": "h3R3",
            "id": 1927693793
        },
        {
            "name": "山海",
            "artist": "小姚与不苦",
            "id": 1810458142
        },
        {
            "name": "我看过",
            "artist": "周星星",
            "id": 1459935719
        },
        {
            "name": "匿名的好友",
            "artist": "小包Zerinn",
            "id": 1927402478
        },
        {
            "name": "再一起",
            "artist": "余佳运",
            "id": 424496769
        },
        {
            "name": "和你",
            "artist": "余佳运",
            "id": 420401511
        },
        {
            "name": "忘不掉的你（钢琴版）",
            "artist": "h3R3",
            "id": 1924578028
        },
        {
            "name": "某年某月某天",
            "artist": "颜人中",
            "id": 1454723856
        },
        {
            "name": "我想",
            "artist": "余佳运",
            "id": 407435011
        },
        {
            "name": "唱情歌",
            "artist": "余佳运",
            "id": 1382428964
        },
        {
            "name": "到此为止",
            "artist": "徐佳莹",
            "id": 526081111
        },
        {
            "name": "風情萬種",
            "artist": "周星星",
            "id": 1812937356
        },
        {
            "name": "一个",
            "artist": "余佳运",
            "id": 1384283834
        },
        {
            "name": "断线",
            "artist": "Shang",
            "id": 496370620
        },
        {
            "name": "Lost ",
            "artist": "满舒克",
            "id": 479979029
        },
        {
            "name": "For You（Prod.ROOK1E/J’san）",
            "artist": "奇诺",
            "id": 574014422
        },
        {
            "name": "Mean It",
            "artist": "Gracie Abrams",
            "id": 1398862465
        },
        {
            "name": "新地球",
            "artist": "林俊杰",
            "id": 29774171
        },
        {
            "name": "读自",
            "artist": "刘思鉴",
            "id": 1451762098
        },
        {
            "name": "我们啊",
            "artist": "三块木头",
            "id": 1911907981
        },
        {
            "name": "留不低",
            "artist": "吴雨霏",
            "id": 28403108
        },
        {
            "name": "多此一爱",
            "artist": "陈柏宇",
            "id": 27511491
        },
        {
            "name": "3AM",
            "artist": "AGA",
            "id": 469508217
        },
        {
            "name": "前所未见",
            "artist": "陈慧琳",
            "id": 213673
        },
        {
            "name": "梦醒",
            "artist": "handsome lau",
            "id": 1395222212
        },
        {
            "name": "钟无艳",
            "artist": "谢安琪",
            "id": 308353
        },
        {
            "name": "戒不掉",
            "artist": "KYS",
            "id": 573359962
        },
        {
            "name": "幼稚完",
            "artist": "林峯",
            "id": 25638257
        },
        {
            "name": "幼稚未完",
            "artist": "林峯",
            "id": 1919508396
        },
        {
            "name": "未婚妻(Live)",
            "artist": "张智霖",
            "id": 192326
        },
        {
            "name": "断绝来往",
            "artist": "陈柏宇",
            "id": 66765
        },
        {
            "name": "亲爱的",
            "artist": "h3R3",
            "id": 1919891734
        },
        {
            "name": "男二号",
            "artist": "薛之谦",
            "id": 1915297033
        },
        {
            "name": "我好想你",
            "artist": "徐佳莹",
            "id": 402070928
        },
        {
            "name": "天若有情",
            "artist": "黄丽玲",
            "id": 438204707
        },
        {
            "name": "层海",
            "artist": "好色银河",
            "id": 1887578339
        },
        {
            "name": "高山低谷",
            "artist": "林奕匡",
            "id": 28457932
        },
        {
            "name": "带我走",
            "artist": "杨丞琳",
            "id": 5243349
        },
        {
            "name": "年轮说",
            "artist": "杨丞琳",
            "id": 1844385599
        },
        {
            "name": "半句再见",
            "artist": "孙燕姿",
            "id": 548556869
        },
        {
            "name": "雨",
            "artist": "沈以诚",
            "id": 1469005999
        },
        {
            "name": "一样的月光",
            "artist": "徐佳莹",
            "id": 306665
        },
        {
            "name": "无感",
            "artist": "江辰",
            "id": 1354504985
        },
        {
            "name": "雨 下 一 整 夜",
            "artist": "EDT",
            "id": 1806965973
        },
        {
            "name": "11",
            "artist": "队长",
            "id": 1907766514
        },
        {
            "name": "反正禁止相拥",
            "artist": "徐梓淳",
            "id": 1901359386
        },
        {
            "name": "给自己的情书",
            "artist": "王菲",
            "id": 299604
        },
        {
            "name": "反对无效",
            "artist": "MC 张天赋",
            "id": 1849074502
        },
        {
            "name": "续集-cover容（翻自 Joey Yung）",
            "artist": "曲祁coooolki",
            "id": 1816259402
        },
        {
            "name": "多远都要在一起",
            "artist": "杜宣达",
            "id": 1906301231
        },
        {
            "name": "忘不掉的你",
            "artist": "h3R3",
            "id": 1851652156
        },
        {
            "name": "予你",
            "artist": "队长",
            "id": 1895330088
        },
        {
            "name": "哪里都是你",
            "artist": "队长",
            "id": 488249475
        },
        {
            "name": "哪里都是你2.0",
            "artist": "队长",
            "id": 1363642136
        },
        {
            "name": "未婚妻",
            "artist": "张智霖",
            "id": 192357
        },
        {
            "name": "Slow Down (Feat.bzp)",
            "artist": "Wenasa嘉雯",
            "id": 1893835081
        },
        {
            "name": "圣诞结",
            "artist": "陈奕迅",
            "id": 65355
        },
        {
            "name": "凤毛麟角",
            "artist": "薛之谦",
            "id": 1906034595
        },
        {
            "name": "不要废话了",
            "artist": "陈势安",
            "id": 435288314
        },
        {
            "name": "困",
            "artist": "大D(DLyn)",
            "id": 467934742
        },
        {
            "name": "失落沙洲 (Live)",
            "artist": "徐佳莹",
            "id": 400161588
        },
        {
            "name": "寂寞先生",
            "artist": "马英伦",
            "id": 516571913
        },
        {
            "name": "迟迟",
            "artist": "薛之谦",
            "id": 1808053189
        },
        {
            "name": "城市逃离计划",
            "artist": "NickTheWorld",
            "id": 1822834628
        },
        {
            "name": "黑夜问白天",
            "artist": "林俊杰",
            "id": 525278976
        },
        {
            "name": "午夜心碎俱乐部4.0",
            "artist": "大D(DLyn)",
            "id": 863110394
        },
        {
            "name": "Love me R&B drill",
            "artist": "guesswhois45",
            "id": 1863715702
        },
        {
            "name": "罗生门（Follow）",
            "artist": "梨冻紧",
            "id": 1456890009
        },
        {
            "name": "雨声渐缓（翻自 我是土豆）",
            "artist": "源曦",
            "id": 1894490214
        },
        {
            "name": "无条件",
            "artist": "陈奕迅",
            "id": 473194652
        },
        {
            "name": "走了",
            "artist": "Britneylee小暖",
            "id": 1497805108
        },
        {
            "name": "年轮",
            "artist": "Sylvia",
            "id": 1423905375
        },
        {
            "name": "唯一",
            "artist": "告五人",
            "id": 1807799505
        },
        {
            "name": "陪你度过漫长岁月",
            "artist": "张钰琪",
            "id": 1806071453
        },
        {
            "name": "无人知晓的我",
            "artist": "黄丽玲",
            "id": 507364094
        },
        {
            "name": "忘记拥抱",
            "artist": "南橘ya",
            "id": 1429787141
        },
        {
            "name": "你曾说天塌下来会陪我（Without Voice）",
            "artist": "盼钰",
            "id": 1474965057
        },
        {
            "name": "如果呢（女声版）",
            "artist": "yihuik苡慧",
            "id": 1860614598
        },
        {
            "name": "Low Light",
            "artist": "Steve Gibbs",
            "id": 29540378
        },
        {
            "name": "读自（Live）",
            "artist": "刘思鉴",
            "id": 1451749554
        },
        {
            "name": "变废为宝",
            "artist": "薛之谦",
            "id": 1861640530
        },
        {
            "name": "小城大事",
            "artist": "杨千嬅",
            "id": 316756
        },
        {
            "name": "触碰不到的你",
            "artist": "余佳运",
            "id": 1454670699
        },
        {
            "name": "樱花树下",
            "artist": "张敬轩",
            "id": 28111647
        },
        {
            "name": "大哥",
            "artist": "卫兰",
            "id": 5256469
        },
        {
            "name": "浪漫主义小红歌",
            "artist": "徐清阳",
            "id": 1841030429
        },
        {
            "name": "孤岛星愿",
            "artist": "陈子晴",
            "id": 1829153932
        },
        {
            "name": "海浪 wave啊",
            "artist": "闲置青年王大钊",
            "id": 1849058176
        },
        {
            "name": "远在咫尺",
            "artist": "陈奕迅",
            "id": 27483206
        },
        {
            "name": "无人之境",
            "artist": "陈奕迅",
            "id": 64625
        },
        {
            "name": "Where Did You Go",
            "artist": "G.E.M.邓紫棋",
            "id": 1331885158
        },
        {
            "name": "heartbreaker",
            "artist": "AllHailSun",
            "id": 480769728
        },
        {
            "name": "Coastal Town",
            "artist": "Kupla",
            "id": 1387659220
        },
        {
            "name": "I Dont Sleep",
            "artist": "Whize",
            "id": 532950265
        },
        {
            "name": "Will You Stay Here with Me",
            "artist": "Tomppabeats",
            "id": 412187367
        },
        {
            "name": "I Can't Help",
            "artist": "Sarcastic Sounds",
            "id": 523041065
        },
        {
            "name": "Isla Bella",
            "artist": "Kendall Miles",
            "id": 529823094
        },
        {
            "name": "Studybreak",
            "artist": "Joe Bae",
            "id": 526116028
        },
        {
            "name": "I need to paint my walls",
            "artist": "a l e x",
            "id": 1346272002
        },
        {
            "name": "we'll go to the beach",
            "artist": "aimless",
            "id": 475073681
        },
        {
            "name": "ddrip",
            "artist": "karson",
            "id": 1344555736
        },
        {
            "name": "You're Cute",
            "artist": "Tomppabeats",
            "id": 412175395
        },
        {
            "name": "feeling empty inside because there's no more spaghetti",
            "artist": "In Love With A Ghost",
            "id": 549304083
        },
        {
            "name": "I Don't Sleep",
            "artist": "Sarcastic Sounds",
            "id": 534542159
        },
        {
            "name": "you don't know me anymore",
            "artist": "Guardin",
            "id": 525239836
        },
        {
            "name": "everything 4u",
            "artist": "Halberd",
            "id": 522510235
        },
        {
            "name": "Shadows",
            "artist": "Nara",
            "id": 419594607
        },
        {
            "name": "will u stay just for a minute",
            "artist": "with you'",
            "id": 481859544
        },
        {
            "name": "keep",
            "artist": "sulu",
            "id": 445450318
        },
        {
            "name": "mall rats",
            "artist": "crwsox",
            "id": 1336866343
        },
        {
            "name": "Driving on New Year's Eve (Alone)",
            "artist": "nosubject",
            "id": 529815000
        },
        {
            "name": "disposable",
            "artist": "gdnight",
            "id": 493735160
        },
        {
            "name": "Pazz Jiano",
            "artist": "I eat Plants for a living",
            "id": 449578757
        },
        {
            "name": "how",
            "artist": "crwsox",
            "id": 473440567
        },
        {
            "name": "Strange Days",
            "artist": "ODD PALMER",
            "id": 493735175
        },
        {
            "name": "noora pt. 2",
            "artist": "mt. marcy",
            "id": 412902215
        },
        {
            "name": "rip vine",
            "artist": "steelix",
            "id": 448742148
        },
        {
            "name": "pure",
            "artist": "E e v e e",
            "id": 448518296
        },
        {
            "name": "manmade waterfalls",
            "artist": "BLVK",
            "id": 524148143
        },
        {
            "name": "Her Smile",
            "artist": "bsd.u",
            "id": 28841043
        },
        {
            "name": "Letting Go",
            "artist": "蔡健雅",
            "id": 208891
        },
        {
            "name": "看着我跳下去",
            "artist": "MISTERK",
            "id": 1314566094
        },
        {
            "name": "还是会想你",
            "artist": "林达浪",
            "id": 1827600686
        },
        {
            "name": "Luh Kel So Sick Freestyle",
            "artist": "Luh Kel",
            "id": 1350121233
        },
        {
            "name": "尘埃",
            "artist": "袁王月",
            "id": 1435158305
        },
        {
            "name": "一吻天荒(吉他片段)",
            "artist": "李大大",
            "id": 1486953056
        },
        {
            "name": "鱼仔",
            "artist": "吴炳文",
            "id": 1425898176
        },
        {
            "name": "有我呢",
            "artist": "迷人耗子精",
            "id": 1439354783
        },
        {
            "name": "画心",
            "artist": "赖蕊",
            "id": 1809667026
        },
        {
            "name": "姑娘",
            "artist": "满目山河空念远",
            "id": 1475887786
        },
        {
            "name": "时间煮雨",
            "artist": "池鱼",
            "id": 1496049783
        },
        {
            "name": "患",
            "artist": "筱天才",
            "id": 1496558773
        },
        {
            "name": "没有人能在那个秋雨飘零的黄昏紧紧拥抱自己.",
            "artist": "赖蕊",
            "id": 1856753481
        },
        {
            "name": "玫瑰（片段）（翻自 贰佰）",
            "artist": "陈智凌",
            "id": 1441444061
        },
        {
            "name": "我们的爱",
            "artist": "赖蕊",
            "id": 1856297499
        },
        {
            "name": "防不胜防 (Live)",
            "artist": "陈奕迅",
            "id": 65900
        },
        {
            "name": "苦瓜",
            "artist": "陈奕迅",
            "id": 64293
        },
        {
            "name": "孤独患者",
            "artist": "陈奕迅",
            "id": 64093
        },
        {
            "name": "多远都要在一起",
            "artist": "杏仁c",
            "id": 1329101457
        },
        {
            "name": "七友",
            "artist": "梁汉文",
            "id": 118261
        },
        {
            "name": "阁楼",
            "artist": "陈慧琳",
            "id": 213791
        },
        {
            "name": "晚夜微雨问海棠",
            "artist": "宋欢度",
            "id": 1485326573
        },
        {
            "name": "我想（翻自 余佳运）",
            "artist": "迷人耗子精",
            "id": 1467099418
        },
        {
            "name": "有幸来过（抖音明歆悦版）",
            "artist": "夕阳",
            "id": 1477511737
        },
        {
            "name": "玫瑰",
            "artist": "鱼饼鱼i",
            "id": 1449686387
        },
        {
            "name": "爱如潮水",
            "artist": "是你的小辉",
            "id": 1444211787
        },
        {
            "name": "是但求其爱",
            "artist": "陈奕迅",
            "id": 1496602290
        },
        {
            "name": "我好像在哪见过你（翻自 抖音）",
            "artist": "超爱喝奶盖",
            "id": 1810602385
        },
        {
            "name": "永不失联的爱（一口神探抖音版）",
            "artist": "李承陽",
            "id": 1478336049
        },
        {
            "name": "关键词 片段（翻自 狮子头）",
            "artist": "刘思彤",
            "id": 1804728691
        },
        {
            "name": "内疚",
            "artist": "陈奕迅",
            "id": 64126
        },
        {
            "name": "phone kisses",
            "artist": "Viruses.Z",
            "id": 559226407
        },
        {
            "name": "蓝",
            "artist": "向文涛",
            "id": 1440563289
        },
        {
            "name": "山海",
            "artist": "劉",
            "id": 1419457616
        },
        {
            "name": "爱的回归线",
            "artist": "俞佳乐（猫桑）",
            "id": 1382623765
        },
        {
            "name": "Ariana Grande-One Last Time+珊瑚海(完整版)（Bootleg Remix）（贺健(Jian) remix）",
            "artist": "是小健哇",
            "id": 1808157023
        },
        {
            "name": "清醒梦",
            "artist": "赵晨唏",
            "id": 1491516022
        },
        {
            "name": "晚风",
            "artist": "7copy",
            "id": 1441758494
        },
        {
            "name": "Call of Silence",
            "artist": "Eternal Raijin",
            "id": 1388595437
        },
        {
            "name": "告白",
            "artist": "千里狗",
            "id": 1365503354
        },
        {
            "name": "空白格",
            "artist": "李曦臣",
            "id": 1429791177
        },
        {
            "name": "第一次爱的人 弹唱",
            "artist": "薛定谔的猫",
            "id": 1372794968
        },
        {
            "name": "你是我眼里的星辰大海",
            "artist": "无名之爱",
            "id": 1466857881
        },
        {
            "name": "你走（翻自 松紧先生（李宗锦））",
            "artist": "王雨桐",
            "id": 1459651561
        },
        {
            "name": "洋葱",
            "artist": "顾欲",
            "id": 1469348415
        },
        {
            "name": "角落",
            "artist": "南浔",
            "id": 1449430703
        },
        {
            "name": "欢（翻自 咬一口小彤）",
            "artist": "咬一口小彤",
            "id": 1497197213
        },
        {
            "name": "pop/stars",
            "artist": "任舒瞳",
            "id": 1481612536
        },
        {
            "name": "烟火过境",
            "artist": "方续Cuz",
            "id": 1483553812
        },
        {
            "name": "可乐（吉他治愈版）",
            "artist": "林加弦-",
            "id": 1474928308
        },
        {
            "name": "你就不要想起我了",
            "artist": "李曦臣",
            "id": 1429791218
        },
        {
            "name": "对不起我爱你（翻自 1983） ",
            "artist": "透透扛不住",
            "id": 1431880739
        },
        {
            "name": "失踪",
            "artist": "方续Cuz",
            "id": 1482207373
        },
        {
            "name": "狂恋你",
            "artist": "李嘉音",
            "id": 1481619814
        },
        {
            "name": "疑心病",
            "artist": "轲轲睡不着",
            "id": 1472269713
        },
        {
            "name": "圆",
            "artist": "AGA",
            "id": 406475388
        },
        {
            "name": "一加一 (剧场版)",
            "artist": "AGA",
            "id": 29723421
        },
        {
            "name": "备胎日记",
            "artist": "Bo Peep",
            "id": 1358765446
        },
        {
            "name": "灰色",
            "artist": "郁欢",
            "id": 1394369896
        },
        {
            "name": "十面埋伏 (Live)",
            "artist": "陈奕迅",
            "id": 65904
        },
        {
            "name": "小问题",
            "artist": "AGA",
            "id": 566506089
        },
        {
            "name": "那么骄傲",
            "artist": "陈阳",
            "id": 1417781799
        },
        {
            "name": "说句实话magnolia",
            "artist": "Ciennk",
            "id": 1433384066
        },
        {
            "name": "奇迹再现",
            "artist": "来一碗老于",
            "id": 1472723985
        },
        {
            "name": "ᵕ᷄≀ ̠˘",
            "artist": "Lil Dragon",
            "id": 1428396134
        },
        {
            "name": "红色高跟鞋",
            "artist": "喔喔",
            "id": 1441080789
        },
        {
            "name": "你就不要想起我",
            "artist": "守夜冠军专用证",
            "id": 1423067322
        },
        {
            "name": "If - 徐薇（Cover 丁可）（翻自 丁可） ",
            "artist": "徐薇",
            "id": 1327637018
        },
        {
            "name": "小一",
            "artist": "Joysaaaa",
            "id": 1395794292
        },
        {
            "name": "你瞒我瞒",
            "artist": "陈柏宇",
            "id": 455345415
        },
        {
            "name": "宏愿",
            "artist": "周柏豪",
            "id": 191534
        },
        {
            "name": "这一秒只想在爱里沉溺（治愈《恋愛の資格》日语念白-溯 (Reverse).feat",
            "artist": "Leon不太冷",
            "id": 1383715787
        },
        {
            "name": "春秋",
            "artist": "张敬轩",
            "id": 188550
        },
        {
            "name": "归暑",
            "artist": "SUIYU",
            "id": 1387600215
        },
        {
            "name": "No Reason",
            "artist": "VELVETEARS",
            "id": 424474948
        },
        {
            "name": "seto",
            "artist": "鲨鲨",
            "id": 1433810742
        },
        {
            "name": "我走后",
            "artist": "马越敏",
            "id": 1475319715
        },
        {
            "name": "爱如潮水（抖音弹唱）（翻自 张信哲）",
            "artist": "顾绍灿",
            "id": 1461676491
        },
        {
            "name": "她不是",
            "artist": "泽pp",
            "id": 1450265949
        },
        {
            "name": "关于我们",
            "artist": "李柯君",
            "id": 1449772332
        },
        {
            "name": "罗生门",
            "artist": "麦浚龙",
            "id": 33471531
        },
        {
            "name": "病变",
            "artist": "睡不饱的老笨蛋",
            "id": 1445247246
        },
        {
            "name": "等不到",
            "artist": "郁欢",
            "id": 1368930648
        },
        {
            "name": "还是分开",
            "artist": "睡不饱的老笨蛋",
            "id": 1445247233
        },
        {
            "name": "红色高跟鞋",
            "artist": "张大蕾",
            "id": 1444295317
        },
        {
            "name": "呼吸决定",
            "artist": "别听我的歌",
            "id": 1433815195
        },
        {
            "name": "我想我不一样",
            "artist": "张紫宁",
            "id": 1462342189
        },
        {
            "name": "玫瑰",
            "artist": "吴炳文",
            "id": 1458966839
        },
        {
            "name": "孤独遇",
            "artist": "蘇山海",
            "id": 1346802907
        },
        {
            "name": "验伤",
            "artist": "卫兰",
            "id": 451473846
        },
        {
            "name": "江南（翻自 林俊杰）",
            "artist": "柳岸",
            "id": 1467842665
        },
        {
            "name": "you are blue",
            "artist": "方续Cuz",
            "id": 1464836695
        },
        {
            "name": "暴雨",
            "artist": "Lil Jet",
            "id": 423058210
        },
        {
            "name": "終生老友",
            "artist": "张诗莉",
            "id": 1350079138
        },
        {
            "name": "孤雏",
            "artist": "AGA",
            "id": 421486605
        },
        {
            "name": "柳叶笺",
            "artist": "朱彦安",
            "id": 553795744
        },
        {
            "name": "失眠飞行",
            "artist": "NINE20",
            "id": 1479828349
        },
        {
            "name": "伤感人类回收站",
            "artist": "大D(DLyn)",
            "id": 1377090355
        },
        {
            "name": "琉璃",
            "artist": "王雨澄",
            "id": 1388868911
        },
        {
            "name": "I Can't Carry This Anymore",
            "artist": "Anson Seabra",
            "id": 1333336680
        },
        {
            "name": "红色高跟鞋",
            "artist": "Superluckyqi",
            "id": 1327824691
        },
        {
            "name": "雨爱",
            "artist": "不是花火呀",
            "id": 1467444619
        },
        {
            "name": "Love Is Gone（翻自 SLANDER）",
            "artist": "菜篮中的菜",
            "id": 1451973332
        },
        {
            "name": "「 沒 有 感 同 身 受 」",
            "artist": "Slitmy7",
            "id": 1443022767
        },
        {
            "name": "Beautiful",
            "artist": "IAN-T",
            "id": 862460559
        },
        {
            "name": "你走",
            "artist": "是你的垚",
            "id": 1463503505
        },
        {
            "name": "山海",
            "artist": "万豹",
            "id": 1431393883
        },
        {
            "name": "你走",
            "artist": "Cheng橙zzzz",
            "id": 1460656959
        },
        {
            "name": "失眠症 Insomnia (抒情版) ",
            "artist": "姚智鑫",
            "id": 1408713927
        },
        {
            "name": "鼬的真相",
            "artist": "北檀",
            "id": 1295528114
        },
        {
            "name": "我不配-抢先试听瓜子版",
            "artist": "反犬良乐队",
            "id": 559829400
        },
        {
            "name": "韦礼安 - 有没有（祺媛吖 remix）",
            "artist": "七元",
            "id": 574679824
        },
        {
            "name": "你回头看",
            "artist": "张叶蕾",
            "id": 1323303260
        },
        {
            "name": "第一次爱的人",
            "artist": "如懿",
            "id": 1429781378
        },
        {
            "name": "幸福了 然后呢",
            "artist": "吴炳文",
            "id": 1425896565
        },
        {
            "name": "下雨天（live）",
            "artist": "李锐涵（Rayhan）",
            "id": 1423746121
        },
        {
            "name": "危険の富江",
            "artist": "郝向阳",
            "id": 1357049655
        },
        {
            "name": "绕圈",
            "artist": "泽pp",
            "id": 1455289982
        },
        {
            "name": "猜不透（完整版）",
            "artist": "守夜冠军专用证",
            "id": 1431866741
        },
        {
            "name": "有我呢",
            "artist": "小亨",
            "id": 1439410187
        },
        {
            "name": "BAD IDEA",
            "artist": "Aziry",
            "id": 1300415554
        },
        {
            "name": "午夜心碎俱乐部6.0",
            "artist": "大D(DLyn)",
            "id": 1380075341
        },
        {
            "name": "again",
            "artist": "timmies",
            "id": 529661081
        },
        {
            "name": "午夜心碎俱乐部5.20",
            "artist": "大D(DLyn)",
            "id": 1359783158
        },
        {
            "name": "我不再想你",
            "artist": "大熊YOUNG-Z",
            "id": 1308624384
        },
        {
            "name": "你不要我了 我怎么跟你一辈子啊",
            "artist": "田由甲",
            "id": 1368101093
        },
        {
            "name": "日 暮 温 柔",
            "artist": "Riva",
            "id": 1294156428
        },
        {
            "name": "诗情化意",
            "artist": "金石",
            "id": 1390505858
        },
        {
            "name": "白天假装开心的人在夜晚开始腐烂",
            "artist": "明",
            "id": 1306332293
        },
        {
            "name": "ㅤ",
            "artist": "Setton",
            "id": 479223232
        },
        {
            "name": "Glass",
            "artist": "nekoi",
            "id": 1384541499
        },
        {
            "name": "i don't love you anymore",
            "artist": "erc grcc",
            "id": 1323083542
        },
        {
            "name": "反正你也不会听",
            "artist": "Chifoov",
            "id": 571828086
        },
        {
            "name": "it'll be okay",
            "artist": "LoFish",
            "id": 1358918318
        },
        {
            "name": "什么样的爱情-片段（翻自 张阳阳） ",
            "artist": "北田共",
            "id": 1426361558
        },
        {
            "name": "那些你很冒险的梦",
            "artist": "是你的垚",
            "id": 1451145684
        },
        {
            "name": "想自由",
            "artist": "陈阳",
            "id": 1392317882
        },
        {
            "name": "那些你很冒险的梦",
            "artist": "林加弦-",
            "id": 1453658971
        },
        {
            "name": "信仰",
            "artist": "是你的垚",
            "id": 1459023707
        },
        {
            "name": "爱存在",
            "artist": "是你的垚",
            "id": 1459023076
        },
        {
            "name": "洋葱",
            "artist": "苗田雨",
            "id": 1457801270
        },
        {
            "name": "心墙",
            "artist": "你的星冰乐",
            "id": 1454710095
        },
        {
            "name": "下雨天（抖音版）",
            "artist": "小蜗",
            "id": 1450468988
        },
        {
            "name": "蓝",
            "artist": "薛八万",
            "id": 1429271155
        },
        {
            "name": "又是一个睡不着的夜晚（翻自 无孟子） ",
            "artist": "一口一斤猪肉",
            "id": 1430620302
        },
        {
            "name": "鲸落（钢琴版）（翻自 赵俊铭）",
            "artist": "赵俊铭",
            "id": 1459436775
        },
        {
            "name": "丢了你",
            "artist": "泽pp",
            "id": 1444947562
        },
        {
            "name": "demo（翻自 是你的垚）",
            "artist": "是你的垚",
            "id": 1463497964
        },
        {
            "name": "她不是（翻自 BigYear大年）",
            "artist": "dylan_",
            "id": 1446522223
        },
        {
            "name": "曹操",
            "artist": "李柯君",
            "id": 1456023044
        },
        {
            "name": "守候 (2020重唱版)",
            "artist": "薛之谦",
            "id": 1472577555
        },
        {
            "name": "MOM（抖音男版）",
            "artist": "穌北北",
            "id": 1434282010
        },
        {
            "name": "你走（翻自 松紧先生（李宗锦））",
            "artist": "如懿",
            "id": 1443133367
        },
        {
            "name": "红色高跟鞋",
            "artist": "褚凯乐",
            "id": 1446259459
        },
        {
            "name": "不跟你好了",
            "artist": "我要吃泡芙",
            "id": 1435487101
        },
        {
            "name": "画皮（翻自 纸砚）",
            "artist": "是你的垚",
            "id": 1450494818
        },
        {
            "name": "烟火",
            "artist": "赵飞机",
            "id": 1455485876
        },
        {
            "name": "Svanur",
            "artist": "Rökkurró",
            "id": 4271397
        },
        {
            "name": "幻听（片段版）",
            "artist": "袁王月",
            "id": 1429172582
        },
        {
            "name": "好想爱这个世界啊 (Live)",
            "artist": "华晨宇",
            "id": 1436910205
        },
        {
            "name": "分开旅行 (翻自 刘若英/黄立行) ",
            "artist": "姚智鑫",
            "id": 1388010329
        },
        {
            "name": "信仰",
            "artist": "文玖言",
            "id": 1466215561
        },
        {
            "name": "我好像在哪见过你（翻自 邹念慈） ",
            "artist": "九千七",
            "id": 1426557520
        },
        {
            "name": "糜烂",
            "artist": "KANG",
            "id": 1354081533
        },
        {
            "name": "不说（翻自 周公）",
            "artist": "小恒在这里",
            "id": 1466867610
        },
        {
            "name": "曹操（翻自 林俊杰）",
            "artist": "小恒在这里",
            "id": 1467105337
        },
        {
            "name": "江南（翻自 林俊杰）",
            "artist": "小恒在这里",
            "id": 1467105867
        },
        {
            "name": "她她她（翻自 金池/谭维维/魏雪漫）",
            "artist": "小恒在这里",
            "id": 1467107482
        },
        {
            "name": "就让",
            "artist": "呆呆破",
            "id": 1459905452
        },
        {
            "name": "Bubblegum (Orca Vibes Remix)",
            "artist": "Orca Vibes",
            "id": 496619835
        },
        {
            "name": "你害怕大雨吗？（翻自 周柏豪） ",
            "artist": "小羊好饿",
            "id": 1429954271
        },
        {
            "name": "一吻天荒",
            "artist": "苏玮玮",
            "id": 1471314340
        },
        {
            "name": "囹圄",
            "artist": "姜没",
            "id": 572906215
        },
        {
            "name": "丧 prod by 524（FTF）",
            "artist": "张雪飞",
            "id": 553702717
        },
        {
            "name": "不爱我",
            "artist": "薛之谦",
            "id": 1463168014
        },
        {
            "name": "Love Is Gone（女生弹唱）（翻自 SLANDER）",
            "artist": "旺仔小乔",
            "id": 1452097105
        },
        {
            "name": "“鹿”死谁手",
            "artist": "未果_Crazy_World_Official",
            "id": 524958563
        },
        {
            "name": "不跟你好了+不做你的共同好友（翻自 BigYear大年）",
            "artist": "是你的垚",
            "id": 1449020316
        },
        {
            "name": "我为这首歌想过无数个名字，却都删掉了",
            "artist": "MisssszDy",
            "id": 1421343396
        },
        {
            "name": "船票",
            "artist": "MyT1aN",
            "id": 480341703
        },
        {
            "name": "对不起 我把你弄丢了//",
            "artist": "张彵凡",
            "id": 1317164955
        },
        {
            "name": "回收站",
            "artist": "庄周",
            "id": 1413201106
        },
        {
            "name": "溢",
            "artist": "蘇山海",
            "id": 1374766486
        },
        {
            "name": "srry",
            "artist": "Kalko",
            "id": 466126478
        },
        {
            "name": "✘ 申 請 批 准 人 間 長 假",
            "artist": "Mei",
            "id": 1415525548
        },
        {
            "name": "☹",
            "artist": "Gray Planet",
            "id": 525443824
        },
        {
            "name": "ＦＲＥＥ",
            "artist": "TRA$H",
            "id": 532777410
        },
        {
            "name": "抑郁症以及其他  (Bouns Track 03)",
            "artist": "蛋卷",
            "id": 435307088
        },
        {
            "name": "luv u 2",
            "artist": "Seto",
            "id": 1411258523
        },
        {
            "name": "AME TO SAKURA",
            "artist": "Seto",
            "id": 1384311632
        },
        {
            "name": "正 在 退 出 人 類 遊 戲 ▁ ▂ ▃",
            "artist": "Seto",
            "id": 1376035521
        },
        {
            "name": "you don't have to cry",
            "artist": "Nohidea",
            "id": 505446673
        },
        {
            "name": "傷感故事回收站ᵕ᷄≀ ̠˘᷅",
            "artist": "ADG",
            "id": 1425069934
        },
        {
            "name": "❣️  =)",
            "artist": "Jack1936",
            "id": 465030985
        },
        {
            "name": "沒 有 知 覺",
            "artist": "Slim Fey",
            "id": 1344563426
        },
        {
            "name": "Ø",
            "artist": "the tumbled sea",
            "id": 4346235
        },
        {
            "name": "miss u",
            "artist": "jssx",
            "id": 437608817
        }
    ]
}