{
    "playlist_info": {
        "name": "“红色感叹号是有多失望.”",
        "trackcount": 193,
        "playcount": 10235931,
        "creator": "顾淳先生",
        "createDate": "2017-10-06",
        "heat": 4892.0
    },
    "songs": [
        {
            "name": "爱你是孤单的心事",
            "artist": "馬恰却",
            "id": 1865004695
        },
        {
            "name": "把回忆拼好给你（片段）",
            "artist": "我与神明画押",
            "id": 1961246658
        },
        {
            "name": "鱼仔",
            "artist": "吴炳文",
            "id": 1425898176
        },
        {
            "name": "红色高跟鞋",
            "artist": "张大蕾",
            "id": 1444295317
        },
        {
            "name": "才发现爱不代表一切",
            "artist": "Elijann",
            "id": 1900247871
        },
        {
            "name": "会呼吸的痛-耳朵玥",
            "artist": "Ezhar-Music",
            "id": 1845390337
        },
        {
            "name": "陨落(片段)",
            "artist": "气质隆Sir",
            "id": 1831494935
        },
        {
            "name": "奇迹",
            "artist": "Elijann",
            "id": 1888435098
        },
        {
            "name": "爱如潮水(Remix说唱版)",
            "artist": "南辰Music",
            "id": 1831768216
        },
        {
            "name": "懂一个人也许要忍耐",
            "artist": "Elijann",
            "id": 1902537240
        },
        {
            "name": "多远都要在一起",
            "artist": "杜宣达",
            "id": 1906301231
        },
        {
            "name": "裹着心的光 (热播BGM)",
            "artist": "宋善恩",
            "id": 1928386237
        },
        {
            "name": "也许会很久 但到最后 总会释怀",
            "artist": "至此间",
            "id": 1913880307
        },
        {
            "name": "王菲-百年孤寂（zyboy忠宇 remix）",
            "artist": "山海意难平",
            "id": 1856552222
        },
        {
            "name": "还是会想你 (Live)",
            "artist": "蓝心羽",
            "id": 1834297339
        },
        {
            "name": "泡沫（伤感版）",
            "artist": "陶江平",
            "id": 1810299649
        },
        {
            "name": "没有意外（翻自 蔡徐坤）",
            "artist": "yihuik苡慧",
            "id": 1828747550
        },
        {
            "name": "保留",
            "artist": "鹿眸",
            "id": 1877048722
        },
        {
            "name": "你还要我怎样",
            "artist": "苏亦洋Music",
            "id": 1818178300
        },
        {
            "name": "那个男孩（抒情版）（翻自 汪苏泷）",
            "artist": "小五",
            "id": 1825216577
        },
        {
            "name": "在很久很久以前",
            "artist": "阮斯羽",
            "id": 1898922128
        },
        {
            "name": "再见(抖音版)",
            "artist": "北川同学",
            "id": 1831459326
        },
        {
            "name": "你在就好了",
            "artist": "小段.",
            "id": 1900262493
        },
        {
            "name": "姬和不如（弹唱）",
            "artist": "小汤没吃饱",
            "id": 1336607015
        },
        {
            "name": "雨天（多讨厌的雨天）（翻自 汪苏泷）",
            "artist": "姚淳淳",
            "id": 1458206205
        },
        {
            "name": "好想好想（翻自 古巨基）",
            "artist": "是你的垚",
            "id": 1464541600
        },
        {
            "name": "blue（翻自 Troye Sivan）",
            "artist": "Brando",
            "id": 1440089355
        },
        {
            "name": "可不可以",
            "artist": "李鑫ya",
            "id": 1872682272
        },
        {
            "name": "像我一样普普通通的人",
            "artist": "云山风",
            "id": 1856560314
        },
        {
            "name": "爱如潮水（抖音弹唱）（翻自 张信哲）",
            "artist": "顾绍灿",
            "id": 1461676491
        },
        {
            "name": "我的宝贝",
            "artist": "筱天才",
            "id": 1496094860
        },
        {
            "name": "难逃",
            "artist": "赖蕊",
            "id": 1811651931
        },
        {
            "name": "心里的伤无法分享",
            "artist": "云山风",
            "id": 1857622523
        },
        {
            "name": "你为什么说谎",
            "artist": "赵飞机",
            "id": 1457113551
        },
        {
            "name": "桃诺《zyboy与cici合唱》（原唱G.E.M邓紫棋）",
            "artist": "Song sun",
            "id": 1844957527
        },
        {
            "name": "我想念（翻自 汪苏泷）",
            "artist": "你灰87",
            "id": 1462614949
        },
        {
            "name": "爱人错过",
            "artist": "白度",
            "id": 1810633837
        },
        {
            "name": "我好像在哪见过你（翻自 邹念慈） ",
            "artist": "九千七",
            "id": 1426557520
        },
        {
            "name": "身边碎碎念念的人也要成为岁岁年年的人",
            "artist": "赖蕊",
            "id": 1811926022
        },
        {
            "name": "患",
            "artist": "筱天才",
            "id": 1496558773
        },
        {
            "name": "若是没有身份吃醋都要把握分寸",
            "artist": "孟琦",
            "id": 1475436266
        },
        {
            "name": "你的收场就像没爱过我一样",
            "artist": "会心疼我嘛",
            "id": 1835523242
        },
        {
            "name": "爱自己更深（翻自 DIOR 大颖）",
            "artist": "吴大文",
            "id": 1449420683
        },
        {
            "name": "爱，存在",
            "artist": "刘大壮",
            "id": 1462322169
        },
        {
            "name": "张信哲-爱如潮水（男嗓深情版）（马泽龙 remix）",
            "artist": "马泽龙",
            "id": 1809160716
        },
        {
            "name": "心跳的证明",
            "artist": "不是花火呀",
            "id": 1486264538
        },
        {
            "name": "陋室铭（翻自 卢一帆）",
            "artist": "不是花火呀",
            "id": 1467880542
        },
        {
            "name": "你怎么这样对我（翻自 sapientdream）",
            "artist": "不成风",
            "id": 1458408573
        },
        {
            "name": "雨爱",
            "artist": "不是花火呀",
            "id": 1467444619
        },
        {
            "name": "一分一寸",
            "artist": "不是花火呀",
            "id": 1804614734
        },
        {
            "name": "大眠【吉他弹唱版】",
            "artist": "张某某学长",
            "id": 1423819001
        },
        {
            "name": "说散就散（说唱版）",
            "artist": "ᵉE",
            "id": 1492183423
        },
        {
            "name": "忘记拥抱",
            "artist": "南橘ya",
            "id": 1429787141
        },
        {
            "name": "越界",
            "artist": "睡不饱的老笨蛋",
            "id": 1445247227
        },
        {
            "name": "总在四下无人的夜里想起你",
            "artist": "是阿呆ma",
            "id": 1475196237
        },
        {
            "name": "日不落（抖音片段版）（翻自 蔡依林）",
            "artist": "野望绿川",
            "id": 1452284697
        },
        {
            "name": "隔离区（片段） ",
            "artist": "王泽科",
            "id": 1375247118
        },
        {
            "name": "我想念（吉他男声版）（翻自 汪苏泷）",
            "artist": "关贺",
            "id": 1453768614
        },
        {
            "name": "不值得",
            "artist": "陈阳",
            "id": 1377981143
        },
        {
            "name": "幕后者",
            "artist": "安大仙",
            "id": 1423241444
        },
        {
            "name": "我多么想和你见一面（剪辑女版）",
            "artist": "浪子然哥",
            "id": 1806870192
        },
        {
            "name": "等下一个天亮 抖音版",
            "artist": "瑞洋RayYoung",
            "id": 1424784276
        },
        {
            "name": "他梦星辰+草木（吉他串烧）（翻自 若以止白） ",
            "artist": "向文涛",
            "id": 1405619057
        },
        {
            "name": "左肩",
            "artist": "石頭的Demo",
            "id": 1408738715
        },
        {
            "name": "独行侠+爱如潮水（remix）",
            "artist": "sea蕊",
            "id": 1432968475
        },
        {
            "name": "有些（片段）（翻自 颜人中）",
            "artist": "Yomi",
            "id": 1462201709
        },
        {
            "name": "雨爱",
            "artist": "王浩",
            "id": 1455714903
        },
        {
            "name": "丢了你（片段）",
            "artist": "崔豪",
            "id": 1484660795
        },
        {
            "name": "Stitches",
            "artist": "小天才鸭",
            "id": 1414009929
        },
        {
            "name": "蓝",
            "artist": "薛八万",
            "id": 1429271155
        },
        {
            "name": "迷人的危险",
            "artist": "尚士达",
            "id": 1383876635
        },
        {
            "name": "说散就散(抖音版)",
            "artist": "李思源",
            "id": 1495496315
        },
        {
            "name": "小宇宙",
            "artist": "Bater official",
            "id": 1442560072
        },
        {
            "name": "别渴望",
            "artist": "根根干嘛了",
            "id": 1405258902
        },
        {
            "name": "你走",
            "artist": "毛亦周",
            "id": 1470371109
        },
        {
            "name": "烟火过境",
            "artist": "方续Cuz",
            "id": 1483553812
        },
        {
            "name": "什么样的爱情（翻自 吴秃秃） ",
            "artist": "ck曼曼",
            "id": 1430850579
        },
        {
            "name": "我想念那个不下雪的冬天",
            "artist": "南浔",
            "id": 1451518058
        },
        {
            "name": "爱会消失吗",
            "artist": "无名之爱",
            "id": 1477609668
        },
        {
            "name": "失踪",
            "artist": "方续Cuz",
            "id": 1482207373
        },
        {
            "name": "爱隔山海",
            "artist": "高宇Slient",
            "id": 1397903360
        },
        {
            "name": "三号线（深情男声版）",
            "artist": "青盏",
            "id": 1498207735
        },
        {
            "name": "洋葱",
            "artist": "刘大壮",
            "id": 1463102760
        },
        {
            "name": "山海（翻自 草东没有派对）",
            "artist": "Mccree",
            "id": 1342544321
        },
        {
            "name": "我只要你（翻自 那英）",
            "artist": "许温酒",
            "id": 1466032843
        },
        {
            "name": "对不起我爱你（翻自 1983） ",
            "artist": "透透扛不住",
            "id": 1431880739
        },
        {
            "name": "呓语",
            "artist": "马越敏",
            "id": 1456026072
        },
        {
            "name": "DEAR JOHN",
            "artist": "野区歌神",
            "id": 1488849064
        },
        {
            "name": "好心分手（30秒版）",
            "artist": "王小帅",
            "id": 1379656441
        },
        {
            "name": "愿",
            "artist": "鲨鲨",
            "id": 1433807553
        },
        {
            "name": "喜欢（Cover 阿肆）",
            "artist": "王贰浪",
            "id": 565203857
        },
        {
            "name": "攀登（抖音版）",
            "artist": "李永康",
            "id": 1499114661
        },
        {
            "name": "一步之遥",
            "artist": "如懿",
            "id": 1446535284
        },
        {
            "name": "Ayasa绚沙-告白之夜(换子弹版)（阿祥 remix）",
            "artist": "阿祥",
            "id": 1352614154
        },
        {
            "name": "雨爱(蓝心羽)",
            "artist": "用户",
            "id": 1489638180
        },
        {
            "name": "可乐（吉他治愈版）",
            "artist": "林加弦-",
            "id": 1474928308
        },
        {
            "name": "收敛",
            "artist": "CaoLi",
            "id": 1450474543
        },
        {
            "name": "嚣张",
            "artist": "蛋姐",
            "id": 1441777586
        },
        {
            "name": "辞九门回忆",
            "artist": "马越敏",
            "id": 1452712327
        },
        {
            "name": "事关孤独",
            "artist": "李热河",
            "id": 1451682680
        },
        {
            "name": "雨爱",
            "artist": "卢卢快闭嘴",
            "id": 1451998522
        },
        {
            "name": "角落",
            "artist": "南浔",
            "id": 1449430703
        },
        {
            "name": "你不知道的事",
            "artist": "蛋姐",
            "id": 1444647610
        },
        {
            "name": "迷人的危险",
            "artist": "邹月莹",
            "id": 1452068951
        },
        {
            "name": "我很好（吉他版）",
            "artist": "刘大壮",
            "id": 1491221473
        },
        {
            "name": "一定要爱你",
            "artist": "贾天洋",
            "id": 1428948873
        },
        {
            "name": "经济舱 (Live)",
            "artist": "Kafe.Hu",
            "id": 1487528112
        },
        {
            "name": "幸福了 然后呢",
            "artist": "吴炳文",
            "id": 1425896565
        },
        {
            "name": "没有理由（吉他版）",
            "artist": "枝",
            "id": 1443866113
        },
        {
            "name": "爱如潮水",
            "artist": "是你的小辉",
            "id": 1444211787
        },
        {
            "name": "可乐",
            "artist": "赵紫骅",
            "id": 1340200924
        },
        {
            "name": "夏天的风",
            "artist": "想拉shi",
            "id": 1443692841
        },
        {
            "name": "我 去 宇 宙 偷 星 星，放 在 夜 里 等 你♡",
            "artist": "ADG",
            "id": 1458114010
        },
        {
            "name": "我 還 想 和 你 一 起 欣 賞 日 落♡",
            "artist": "陈季林",
            "id": 1446352532
        },
        {
            "name": "想你想你想我（抖音版）",
            "artist": "李小杰",
            "id": 1474181437
        },
        {
            "name": "我有多么爱你",
            "artist": "jiajia不熬夜",
            "id": 1467662607
        },
        {
            "name": "醒着醉",
            "artist": "Eliauk",
            "id": 1456173507
        },
        {
            "name": "我走后",
            "artist": "来一碗老于",
            "id": 1475463413
        },
        {
            "name": "你走以后1.0",
            "artist": "王恩信Est",
            "id": 1363205817
        },
        {
            "name": "你走（抖音男版）",
            "artist": "稚屿学长",
            "id": 1470105881
        },
        {
            "name": "失 恋 收 留 所",
            "artist": "FfanMW",
            "id": 1388608779
        },
        {
            "name": "最近(女生版)",
            "artist": "吕口口",
            "id": 1440671310
        },
        {
            "name": "少一点天分（Cover 孙盛希）",
            "artist": "王贰浪",
            "id": 567999629
        },
        {
            "name": "有我呢",
            "artist": "迷人耗子精",
            "id": 1439354783
        },
        {
            "name": "山海",
            "artist": "劉",
            "id": 1419457616
        },
        {
            "name": "剑伤",
            "artist": "谁说敢敢是哑巴",
            "id": 1441963602
        },
        {
            "name": "幕后者",
            "artist": "杨依贤",
            "id": 1421457004
        },
        {
            "name": "故里逢春（李飘飘抖音版）（翻自 喔喔）",
            "artist": "抖音热歌DJ",
            "id": 1466319568
        },
        {
            "name": "有幸",
            "artist": "李曦臣",
            "id": 1433281637
        },
        {
            "name": "Love Is GONE（翻自 SLANDER）",
            "artist": "是你的垚",
            "id": 1452400445
        },
        {
            "name": "错的人",
            "artist": "许DaTou",
            "id": 1442620137
        },
        {
            "name": "连名带姓",
            "artist": "春夏",
            "id": 1431904864
        },
        {
            "name": "下雨天",
            "artist": "许DaTou",
            "id": 1428255390
        },
        {
            "name": "不找了(副歌片段）",
            "artist": "许DaTou",
            "id": 1420287353
        },
        {
            "name": "有一种悲伤",
            "artist": "许DaTou",
            "id": 1424507713
        },
        {
            "name": "wonderful u",
            "artist": "如懿",
            "id": 1447848829
        },
        {
            "name": "不跟你好了+不做你的共同好友（翻自 BigYear大年）",
            "artist": "是你的垚",
            "id": 1449020316
        },
        {
            "name": "官方回答",
            "artist": "dollyy99",
            "id": 1461647979
        },
        {
            "name": "山妖（翻自 小星星Aurora）",
            "artist": "是你的垚",
            "id": 1458931009
        },
        {
            "name": "太早",
            "artist": "王富贵",
            "id": 1453080496
        },
        {
            "name": "没有你的房间真的变得很大很大",
            "artist": "记忆病人",
            "id": 1430712577
        },
        {
            "name": "多喜欢你",
            "artist": "是你的垚",
            "id": 1442587707
        },
        {
            "name": "你走",
            "artist": "是你的垚",
            "id": 1463503505
        },
        {
            "name": "所 以 愛 會 消 失 對 不 對",
            "artist": "东东",
            "id": 1468039556
        },
        {
            "name": "一个人想着一个人 ",
            "artist": "如懿",
            "id": 1429716422
        },
        {
            "name": "你就不要想起我",
            "artist": "罗先举",
            "id": 864643329
        },
        {
            "name": "猜 不 透",
            "artist": "野望绿川",
            "id": 1425007199
        },
        {
            "name": "即兴",
            "artist": "離影",
            "id": 1439111226
        },
        {
            "name": "够爱",
            "artist": "张大蕾",
            "id": 1426731272
        },
        {
            "name": "我不是你的宋冬野",
            "artist": "石酒钙片",
            "id": 1431044899
        },
        {
            "name": "我是一只鱼",
            "artist": "吴炳文",
            "id": 1425896353
        },
        {
            "name": "丢了你",
            "artist": "泽pp",
            "id": 1444947562
        },
        {
            "name": "与我无关",
            "artist": "王雨桐",
            "id": 1433831191
        },
        {
            "name": "愿你余生漫长",
            "artist": "拜非凡",
            "id": 1436999573
        },
        {
            "name": "忽而今夏",
            "artist": "陈阳",
            "id": 1345901541
        },
        {
            "name": "蝴蝶泉边",
            "artist": "李飘飘",
            "id": 1443150888
        },
        {
            "name": "你是人间四月天",
            "artist": "一个跑调伟",
            "id": 1433615406
        },
        {
            "name": "我的一个道姑朋友",
            "artist": "王雨桐",
            "id": 1457113433
        },
        {
            "name": "遇见",
            "artist": "王浩",
            "id": 1453934263
        },
        {
            "name": "鲸落（钢琴版）（翻自 赵俊铭）",
            "artist": "赵俊铭",
            "id": 1459436775
        },
        {
            "name": "小镇姑娘",
            "artist": "王浩",
            "id": 1459692648
        },
        {
            "name": "下一站茶山刘",
            "artist": "房东的猫",
            "id": 486188245
        },
        {
            "name": "BINGBIAN病变",
            "artist": "是你的垚",
            "id": 1430633278
        },
        {
            "name": "越来越不懂",
            "artist": "崔佳凡",
            "id": 1442096109
        },
        {
            "name": "收敛（抖音男声版）（翻自 不够）",
            "artist": "康博文",
            "id": 1448125484
        },
        {
            "name": "忽然之间",
            "artist": "阿虾",
            "id": 1336631279
        },
        {
            "name": "山海",
            "artist": "万豹",
            "id": 1431393883
        },
        {
            "name": "撒野",
            "artist": "凯瑟喵",
            "id": 483937795
        },
        {
            "name": "可能否",
            "artist": "二嘉",
            "id": 573848842
        },
        {
            "name": "可惜不是你（吉他 治愈版）",
            "artist": "林加弦-",
            "id": 1457180545
        },
        {
            "name": "你是寻不到的人间",
            "artist": "YN1",
            "id": 1445299059
        },
        {
            "name": "奇怪吗",
            "artist": "晚山",
            "id": 1415682131
        },
        {
            "name": "迷人的危险",
            "artist": "Bater official",
            "id": 1433904168
        },
        {
            "name": "起风了（片段版）",
            "artist": "袁王月",
            "id": 1433421603
        },
        {
            "name": "分寸",
            "artist": "王雨桐",
            "id": 1431802712
        },
        {
            "name": "和你",
            "artist": "赵飞机",
            "id": 1452470023
        },
        {
            "name": "梁静茹-暖暖-吴兆龙（吴兆龙 remix）",
            "artist": "×",
            "id": 1391411005
        },
        {
            "name": "烟火",
            "artist": "赵飞机",
            "id": 1455485876
        },
        {
            "name": "她不是（翻自 BigYear大年）",
            "artist": "dylan_",
            "id": 1446522223
        },
        {
            "name": "信仰",
            "artist": "火羊瞌睡了",
            "id": 1463134838
        },
        {
            "name": "错的人(片段版)",
            "artist": "王泽科",
            "id": 1365032837
        },
        {
            "name": "什么样的爱情",
            "artist": "jiajia不熬夜",
            "id": 1465245956
        },
        {
            "name": "后继者",
            "artist": "苏晗",
            "id": 1391101614
        },
        {
            "name": "错过",
            "artist": "是你的垚",
            "id": 1445733547
        },
        {
            "name": "迪士尼在逃公主",
            "artist": "宇航员",
            "id": 1441060344
        },
        {
            "name": "夜半",
            "artist": "沈辞.",
            "id": 1439884195
        },
        {
            "name": "忘记拥抱",
            "artist": "是你的垚",
            "id": 1442600205
        },
        {
            "name": "后来（Cover 刘若英）",
            "artist": "王贰浪",
            "id": 565200659
        },
        {
            "name": "冬眠",
            "artist": "等什么君(邓寓君)",
            "id": 1421028283
        },
        {
            "name": "离歌",
            "artist": "任玲辉",
            "id": 1407272623
        },
        {
            "name": "够爱（深情女声版）",
            "artist": "马越敏",
            "id": 1424018194
        },
        {
            "name": "不分手的恋爱（片段）",
            "artist": "不二宸",
            "id": 1433470767
        },
        {
            "name": "时迁（片段版demo）",
            "artist": "耳朵玥",
            "id": 1379083033
        }
    ]
}