{
    "playlist_info": {
        "name": "“哭完了吗 挂了”",
        "trackcount": 264,
        "playcount": 3935040,
        "creator": "网络且舔狗",
        "createDate": "2020-08-18",
        "heat": 3764.0
    },
    "songs": [
        {
            "name": "心做し丿remix（少女哭腔0.9x）",
            "artist": "李佩琪",
            "id": 2024401189
        },
        {
            "name": "Letting Go",
            "artist": "水王惠子",
            "id": 2015047009
        },
        {
            "name": "女儿情（0.8x）",
            "artist": "情字何解",
            "id": 2011340913
        },
        {
            "name": "风驶过的声音是",
            "artist": "海洋Bo",
            "id": 2041974276
        },
        {
            "name": "如果你要走，请告诉我（0.8x）",
            "artist": "WF_Liang",
            "id": 1947603361
        },
        {
            "name": "See You Again",
            "artist": "Wiz Khalifa",
            "id": 30953009
        },
        {
            "name": "向云端",
            "artist": "小霞",
            "id": 2049512697
        },
        {
            "name": "有人释怀 有人不在风里热情",
            "artist": "易谢斌",
            "id": 2011394079
        },
        {
            "name": "风驶过的声音是",
            "artist": "Zy",
            "id": 1982285682
        },
        {
            "name": "我们的未来",
            "artist": "Ex_Paris",
            "id": 1995515885
        },
        {
            "name": "到此为止(0.8)",
            "artist": "诗忆",
            "id": 1970973216
        },
        {
            "name": "也该释怀了",
            "artist": "戼",
            "id": 2006625752
        },
        {
            "name": "第三人称",
            "artist": "桃德李Todd Li",
            "id": 453413861
        },
        {
            "name": "第三人称（伴奏）",
            "artist": "桃德李Todd Li",
            "id": 1397680093
        },
        {
            "name": "若生命等候",
            "artist": "黄凯芹",
            "id": 94809
        },
        {
            "name": "若生命等候",
            "artist": "Shine",
            "id": 2009788229
        },
        {
            "name": "若梦（cover周深）",
            "artist": "Ada",
            "id": 1973457138
        },
        {
            "name": "路不通就转弯心不悦就看淡",
            "artist": "马犇犇",
            "id": 2013266568
        },
        {
            "name": "落空",
            "artist": "印子月",
            "id": 548885986
        },
        {
            "name": "紫荆花盛开",
            "artist": "李荣浩",
            "id": 1959528822
        },
        {
            "name": "So Low",
            "artist": "CPRCRN",
            "id": 2017217006
        },
        {
            "name": "So Low",
            "artist": "东 百 下 小 雨",
            "id": 2022702896
        },
        {
            "name": "此生不换(DJ版)",
            "artist": "AKA小健",
            "id": 1831400693
        },
        {
            "name": "Experience",
            "artist": "Snyk3r",
            "id": 1441226964
        },
        {
            "name": "Lost ",
            "artist": "满舒克",
            "id": 479979029
        },
        {
            "name": "春娇与志明（永恒燃烧的羽翼）",
            "artist": "辰辰子",
            "id": 2022089284
        },
        {
            "name": "我记得",
            "artist": "赵雷",
            "id": 1974443814
        },
        {
            "name": "循迹",
            "artist": "王子健",
            "id": 2018432856
        },
        {
            "name": "悲伤的歌（泡沫remix） 伴奏",
            "artist": "PL101",
            "id": 1811479094
        },
        {
            "name": "还是会想你",
            "artist": "林达浪",
            "id": 1827600686
        },
        {
            "name": "唯一（伤感伴奏）",
            "artist": "DJ阿智",
            "id": 1995177939
        },
        {
            "name": "哪里都是你 伴奏",
            "artist": "小小王",
            "id": 1942726672
        },
        {
            "name": "最后一页",
            "artist": "江语晨",
            "id": 247936
        },
        {
            "name": "回忆观影券(Acoustic)",
            "artist": "淺茶",
            "id": 1897356046
        },
        {
            "name": "不将就",
            "artist": "李荣浩",
            "id": 31654343
        },
        {
            "name": "困侍",
            "artist": "沈修穆",
            "id": 2000374325
        },
        {
            "name": "忘不掉的你（0.8x）",
            "artist": "立青",
            "id": 1948237753
        },
        {
            "name": "《Letting GO》-蔡健雅（伴奏）",
            "artist": "丰",
            "id": 1939628963
        },
        {
            "name": "我的美丽feat.海洋Bo",
            "artist": "海洋Bo",
            "id": 1979417838
        },
        {
            "name": "Letting go片段伴奏",
            "artist": "林子然",
            "id": 1998675562
        },
        {
            "name": "心做（0.8x）",
            "artist": "给我温柔一刀",
            "id": 1974228177
        },
        {
            "name": "Letting Go（0.8）",
            "artist": "Felix-zor",
            "id": 1983501304
        },
        {
            "name": "我希望__________",
            "artist": "HOPERUI",
            "id": 1969841968
        },
        {
            "name": "我的美丽",
            "artist": "小霞",
            "id": 1901319325
        },
        {
            "name": "此生不换",
            "artist": "青鸟飞鱼",
            "id": 1934168650
        },
        {
            "name": "我走后",
            "artist": "小咪",
            "id": 1370047789
        },
        {
            "name": "迷失幻境（0.8x）",
            "artist": "秦嘉宇",
            "id": 1998246171
        },
        {
            "name": "心之火（0.8x）",
            "artist": "秦嘉宇",
            "id": 1997559337
        },
        {
            "name": "达尔文·2022",
            "artist": "yihuik苡慧",
            "id": 1992083081
        },
        {
            "name": "春娇与志明（0.9x变速降调）",
            "artist": "SongLong",
            "id": 1986771025
        },
        {
            "name": "我用什么把你留住",
            "artist": "福禄寿FloruitShow",
            "id": 1306923998
        },
        {
            "name": "love罗生门_裁剪",
            "artist": "南遇川.",
            "id": 1894980738
        },
        {
            "name": "那个初夏 (Perfect.Mix)",
            "artist": "DJ野马",
            "id": 1858049715
        },
        {
            "name": "必杀技",
            "artist": "古巨基",
            "id": 86943
        },
        {
            "name": "你瞒我瞒",
            "artist": "陈柏宇",
            "id": 25718007
        },
        {
            "name": "再见",
            "artist": "G.E.M.邓紫棋",
            "id": 36024806
        },
        {
            "name": "借月",
            "artist": "王天阳",
            "id": 1817431690
        },
        {
            "name": "唯一",
            "artist": "告五人",
            "id": 1807799505
        },
        {
            "name": "海街寺庙",
            "artist": "七月的星期七",
            "id": 1917818990
        },
        {
            "name": "再等冬天（emo慢版）",
            "artist": "圈圈菌",
            "id": 1958119516
        },
        {
            "name": "走马",
            "artist": "江意间",
            "id": 1911963166
        },
        {
            "name": "南山南",
            "artist": "张磊",
            "id": 33599003
        },
        {
            "name": "再等冬天(Memories)",
            "artist": "h3R3",
            "id": 1927693793
        },
        {
            "name": "在你的身边 (0.8x)",
            "artist": "慢热的气球",
            "id": 1963213974
        },
        {
            "name": "Jungle与我（Prod.by Feelø）",
            "artist": "Jungle",
            "id": 478785164
        },
        {
            "name": "Улетали птицами гордыми",
            "artist": "NUANHAO",
            "id": 1377164042
        },
        {
            "name": "11",
            "artist": "队长",
            "id": 1907766514
        },
        {
            "name": "问风",
            "artist": "金渔",
            "id": 1882420127
        },
        {
            "name": "21号备忘录",
            "artist": "王子明",
            "id": 1913898927
        },
        {
            "name": "You Are Beautiful",
            "artist": "刘沁",
            "id": 481535277
        },
        {
            "name": "寂寞先生",
            "artist": "马英伦",
            "id": 516571913
        },
        {
            "name": "counter attack mankind （小提琴）",
            "artist": "海绵",
            "id": 1933248441
        },
        {
            "name": "海海海（0.9X 纯音乐 luv remix）",
            "artist": "luv",
            "id": 1944508268
        },
        {
            "name": "多远都要在一起",
            "artist": "G.E.M.邓紫棋",
            "id": 30612793
        },
        {
            "name": "真的有点舍不得（热搜）",
            "artist": "彭小羽",
            "id": 1922296934
        },
        {
            "name": "海誓山盟",
            "artist": "王震",
            "id": 34586275
        },
        {
            "name": "Gentleman",
            "artist": "戴爱玲",
            "id": 28219175
        },
        {
            "name": "最后一页（完整版）",
            "artist": "洛尘鞅_",
            "id": 445154140
        },
        {
            "name": "坏女孩",
            "artist": "徐良",
            "id": 174956
        },
        {
            "name": "遗失的心跳",
            "artist": "萧亚轩",
            "id": 306877
        },
        {
            "name": "爱丫爱丫",
            "artist": "By2",
            "id": 344442
        },
        {
            "name": "爱丫爱丫",
            "artist": "反方向的钟",
            "id": 1930032302
        },
        {
            "name": "十个字",
            "artist": "褚晨茜",
            "id": 1923458630
        },
        {
            "name": "美人鱼 (Live)",
            "artist": "林俊杰",
            "id": 108673
        },
        {
            "name": "好好生活就是美好生活",
            "artist": "周深",
            "id": 1906097379
        },
        {
            "name": "孤矢-月亮之矢（remix）（什么什么六一呀 remix）",
            "artist": "M.liuyi******",
            "id": 1863644087
        },
        {
            "name": "断掉了的爱",
            "artist": "1个球",
            "id": 1843720688
        },
        {
            "name": "刚好遇见你(万人合唱版)",
            "artist": "苏小宝（腾）",
            "id": 1857177980
        },
        {
            "name": "忘不掉的你",
            "artist": "h3R3",
            "id": 1851652156
        },
        {
            "name": "我还想她",
            "artist": "林俊杰",
            "id": 108493
        },
        {
            "name": "断线（抖音版）",
            "artist": "XIR-Three",
            "id": 1843110727
        },
        {
            "name": "A.I.N.Y. 爱你",
            "artist": "G.E.M.邓紫棋",
            "id": 234015
        },
        {
            "name": "Letting Go",
            "artist": "小林睡不醒",
            "id": 1917884300
        },
        {
            "name": "Letting go",
            "artist": "遥遥无期的幌子",
            "id": 1889967892
        },
        {
            "name": "越来越不懂(抖音版)",
            "artist": "气质韩",
            "id": 1826998697
        },
        {
            "name": "反正你也不会听",
            "artist": "Chifoov",
            "id": 571828086
        },
        {
            "name": "是风动（伴奏）",
            "artist": "银临",
            "id": 552178385
        },
        {
            "name": "恶作剧",
            "artist": "王蓝茵",
            "id": 4875084
        },
        {
            "name": "马",
            "artist": "福禄寿FloruitShow",
            "id": 1345353903
        },
        {
            "name": "小幸运",
            "artist": "Jessica",
            "id": 467953710
        },
        {
            "name": "吴哥窟(温柔女声)",
            "artist": "Accelerate1",
            "id": 1416028934
        },
        {
            "name": "予你",
            "artist": "队长",
            "id": 1895330088
        },
        {
            "name": "我们的爱(抖音版)",
            "artist": "晴诚",
            "id": 1831428657
        },
        {
            "name": "残雪",
            "artist": "阿苟",
            "id": 1884010698
        },
        {
            "name": "Letting Go",
            "artist": "蔡健雅",
            "id": 208891
        },
        {
            "name": "曾经不忘",
            "artist": "Ay悸然",
            "id": 1886524646
        },
        {
            "name": "梦醒",
            "artist": "handsome lau",
            "id": 1395222212
        },
        {
            "name": "泡沫",
            "artist": "Swang多雷",
            "id": 518682659
        },
        {
            "name": "梦醒+爱如潮水Remix+说散就散",
            "artist": "腹黑的老吴",
            "id": 1862678836
        },
        {
            "name": "匆匆那年 (纯音乐)",
            "artist": "梁翘柏",
            "id": 31514407
        },
        {
            "name": "Call of Silence x YouSeeBIGGIRL",
            "artist": "EYAir",
            "id": 496507504
        },
        {
            "name": "Counter Attack-Mankind (Sasha Version) (Cover)",
            "artist": "Samuel Kim",
            "id": 1826307499
        },
        {
            "name": "死在江南烟雨中 (伴奏)",
            "artist": "Mc梦柯",
            "id": 485347088
        },
        {
            "name": "时间煮雨",
            "artist": "郁可唯",
            "id": 26418130
        },
        {
            "name": "你的（我的天空Remix）",
            "artist": "张德帅Sway",
            "id": 435307908
        },
        {
            "name": "篝火旁（再启程）",
            "artist": "吕大叶",
            "id": 1869943939
        },
        {
            "name": "匆匆那年",
            "artist": "王菲",
            "id": 31514406
        },
        {
            "name": "罗生门（Follow）",
            "artist": "梨冻紧",
            "id": 1456890009
        },
        {
            "name": "We Are Wonders of Existence",
            "artist": "Madza",
            "id": 34033766
        },
        {
            "name": "意外(片段)",
            "artist": "小杨Remix",
            "id": 1836114290
        },
        {
            "name": "明天过后",
            "artist": "丫蛋蛋",
            "id": 1405128273
        },
        {
            "name": "萱草花",
            "artist": "张小斐",
            "id": 1822761395
        },
        {
            "name": "年轮",
            "artist": "不是花火呀",
            "id": 1830448879
        },
        {
            "name": "戒不掉（原声版）",
            "artist": "欧阳耀莹",
            "id": 1299889486
        },
        {
            "name": "如果你要走，请告诉我",
            "artist": "冯泳",
            "id": 1813041013
        },
        {
            "name": "写给父亲",
            "artist": "卢恒宇",
            "id": 28285730
        },
        {
            "name": "我的歌声里(抖音版)",
            "artist": "灰猫",
            "id": 1829061727
        },
        {
            "name": "Kina-Can We Kiss Forever Deep Mix（Savior remix）",
            "artist": "Savior",
            "id": 1467121320
        },
        {
            "name": "异乡",
            "artist": "王江元",
            "id": 1397105558
        },
        {
            "name": "春娇与志明(治愈钢琴)",
            "artist": "7诗人",
            "id": 1831756607
        },
        {
            "name": "哪里都是你",
            "artist": "队长",
            "id": 488249475
        },
        {
            "name": "JS-这就是爱（超好听女声）（周标 remix）",
            "artist": "周标",
            "id": 1806679060
        },
        {
            "name": "雾里 (官方女版)",
            "artist": "旺仔小乔",
            "id": 1854191696
        },
        {
            "name": "凤凰花开的路口",
            "artist": "皮皮爱习题",
            "id": 1851587563
        },
        {
            "name": "再也不会遇见了",
            "artist": "赵俊飞",
            "id": 1808436572
        },
        {
            "name": "Basim-Stjæler Mit Hjerte（纯音乐）（超人战士 remix）",
            "artist": "超人战士",
            "id": 1828257556
        },
        {
            "name": ".-句号（筱天才 remix）",
            "artist": "筱天才",
            "id": 1841990210
        },
        {
            "name": "鱼Jazzguitar/Lucky",
            "artist": "辛辛君",
            "id": 1486536477
        },
        {
            "name": "太阳（抖音王雨桐版）",
            "artist": "夕阳",
            "id": 1474940840
        },
        {
            "name": "Komorebi",
            "artist": "m-taku",
            "id": 29803287
        },
        {
            "name": "盗墓笔记十年人间(cici)（翻自 bujiayuan）",
            "artist": "辽宁省最后的温柔",
            "id": 1838116089
        },
        {
            "name": "泡沫remix",
            "artist": "瑞车",
            "id": 1427781686
        },
        {
            "name": "观潮",
            "artist": "苏世超",
            "id": 573690973
        },
        {
            "name": "Reaction",
            "artist": "sAr",
            "id": 25731431
        },
        {
            "name": "5:30A.M.",
            "artist": "¥oungz",
            "id": 1352858259
        },
        {
            "name": "谁",
            "artist": "司南",
            "id": 1301889639
        },
        {
            "name": "Autumn Leaf",
            "artist": "re:plus",
            "id": 26111937
        },
        {
            "name": "Call of Silence",
            "artist": "海上锯琴师",
            "id": 1471735827
        },
        {
            "name": "Call of Silence/Eye-water《进击的巨人》(纯钢琴版)",
            "artist": "浅绯色的喵",
            "id": 1493890135
        },
        {
            "name": "散",
            "artist": "王珺南",
            "id": 1341540633
        },
        {
            "name": "说散就散",
            "artist": "不知名网友姚",
            "id": 1806953690
        },
        {
            "name": "ᐇ",
            "artist": "Seto",
            "id": 1334363758
        },
        {
            "name": "万拒（吉他版）",
            "artist": "就是南方凯（项学凯）",
            "id": 1812225658
        },
        {
            "name": "Drowning Love",
            "artist": "Sanmmy Margan",
            "id": 1428495562
        },
        {
            "name": "美丽的神话",
            "artist": "是阿呆ma",
            "id": 1459034229
        },
        {
            "name": "玫瑰花的葬礼",
            "artist": "许嵩",
            "id": 27646687
        },
        {
            "name": "越来越不懂",
            "artist": "蔡健雅",
            "id": 208958
        },
        {
            "name": "Katie Sky-Monsters（DryJo remix）",
            "artist": "DryJo",
            "id": 1367996541
        },
        {
            "name": "-The Loneliest Girl (TSAR / Carole & Tuesday Remix)（TSAR Remix）",
            "artist": "TSAR",
            "id": 1366098786
        },
        {
            "name": "独行侠",
            "artist": "宋恩泽YKEY",
            "id": 462769331
        },
        {
            "name": "【FREE】lucky",
            "artist": "Salder4cash",
            "id": 1392600538
        },
        {
            "name": "终点站 嘉禾望岗",
            "artist": "張良凯",
            "id": 1817079645
        },
        {
            "name": "负重一万斤长大",
            "artist": "太一",
            "id": 1406686876
        },
        {
            "name": "心中的另一个自己",
            "artist": "精灵梦叶罗丽",
            "id": 32102399
        },
        {
            "name": "小宇",
            "artist": "桃德李Todd Li",
            "id": 476659144
        },
        {
            "name": "“你看 ！下雨了”（2018）",
            "artist": "gs.l",
            "id": 1378639867
        },
        {
            "name": "错位时空",
            "artist": "艾辰",
            "id": 1808492017
        },
        {
            "name": "嘻哈爱情浮世绘",
            "artist": "XMASwu(吴骜)",
            "id": 1361384409
        },
        {
            "name": "说散就散(抖音版)",
            "artist": "李思源",
            "id": 1495496315
        },
        {
            "name": "吹灭小山河",
            "artist": "向文涛",
            "id": 1423030465
        },
        {
            "name": "“据说真的有神”（Prod.蛋卷）",
            "artist": "木秦",
            "id": 521955367
        },
        {
            "name": "Home",
            "artist": "蔡徐坤",
            "id": 1438865460
        },
        {
            "name": "Cubi / Fi9江澈-病变Remix（何枫 remix）",
            "artist": "何枫",
            "id": 517198475
        },
        {
            "name": "茫（抖音版）（翻自 李润祺）",
            "artist": "佃井中律",
            "id": 1806067778
        },
        {
            "name": "患",
            "artist": "筱天才",
            "id": 1496558773
        },
        {
            "name": "她不是",
            "artist": "BigYear大年",
            "id": 1387183835
        },
        {
            "name": "她不是（翻自 BigYear大年）",
            "artist": "dylan_",
            "id": 1446522223
        },
        {
            "name": "吴哥窟",
            "artist": "乜秋秋",
            "id": 1480715333
        },
        {
            "name": "Love Is Gone (Acoustic)",
            "artist": "SLANDER",
            "id": 1401671455
        },
        {
            "name": "你不知道的事",
            "artist": "蛋姐",
            "id": 1444647610
        },
        {
            "name": "定（Prod by Red killer）",
            "artist": "阿林",
            "id": 1395082199
        },
        {
            "name": "说散就散（说唱版）",
            "artist": "ᵉE",
            "id": 1492183423
        },
        {
            "name": "アンナチュラル Unnatural Death",
            "artist": "得田真裕",
            "id": 543965748
        },
        {
            "name": "说散就散（dj串烧版）（翻自 群星）",
            "artist": "ᵉE",
            "id": 1495721189
        },
        {
            "name": "与我无关（治愈女声）",
            "artist": "龙昱彤",
            "id": 1429363574
        },
        {
            "name": "隔离期",
            "artist": "Flash",
            "id": 1430365053
        },
        {
            "name": "痛快",
            "artist": "Aioz",
            "id": 1426233208
        },
        {
            "name": "路 口",
            "artist": "5y",
            "id": 1347026812
        },
        {
            "name": "旧忆（demo）",
            "artist": "特污兔",
            "id": 1452017820
        },
        {
            "name": "nagashi",
            "artist": "idealism",
            "id": 504264247
        },
        {
            "name": "收敛",
            "artist": "CaoLi",
            "id": 1450474543
        },
        {
            "name": "再也没有",
            "artist": "永彬Ryan.B",
            "id": 480580003
        },
        {
            "name": "The Last String",
            "artist": "Jacoo",
            "id": 29544534
        },
        {
            "name": "The Way I Still Love You",
            "artist": "Reynard Silva",
            "id": 28718313
        },
        {
            "name": "Can We Kiss Forever?",
            "artist": "Kina",
            "id": 1306507078
        },
        {
            "name": "起风了",
            "artist": "马越敏",
            "id": 1431915849
        },
        {
            "name": "KukriΧll Hop BoomBap type beat\"藤原豆腐店\"",
            "artist": "Kukri",
            "id": 1333134867
        },
        {
            "name": "花开",
            "artist": "7copy",
            "id": 1429392677
        },
        {
            "name": "五六月已经过去啦",
            "artist": "我好讨厌英语课",
            "id": 1399809498
        },
        {
            "name": "暗",
            "artist": "1",
            "id": 1302401401
        },
        {
            "name": "MELANCHOLY",
            "artist": "White Cherry",
            "id": 1297742167
        },
        {
            "name": "追光者 Remix （理想爱情）",
            "artist": "Allzy",
            "id": 558245993
        },
        {
            "name": "收敛（吉他 治愈版）（翻自 不够）",
            "artist": "林加弦-",
            "id": 1450630238
        },
        {
            "name": "张紫豪-王旋-可不可以remix（王旋 Remix）",
            "artist": "王旋",
            "id": 1334067703
        },
        {
            "name": "SAVE ME Remix（翻自 Nug）",
            "artist": "发梦冲",
            "id": 573073651
        },
        {
            "name": "末班车：（REMIX）",
            "artist": "ACEBOI",
            "id": 1340787987
        },
        {
            "name": "有我呢",
            "artist": "迷人耗子精",
            "id": 1439354783
        },
        {
            "name": "她不是",
            "artist": "泽pp",
            "id": 1450265949
        },
        {
            "name": "梦",
            "artist": "大宇",
            "id": 409654241
        },
        {
            "name": "无仙",
            "artist": "Candy_Wind",
            "id": 556673324
        },
        {
            "name": "多情种",
            "artist": "要不要买菜",
            "id": 1398508295
        },
        {
            "name": "起风了",
            "artist": "买辣椒也用券",
            "id": 1330348068
        },
        {
            "name": "April.#19",
            "artist": "柏大輔",
            "id": 26093757
        },
        {
            "name": "打上花火",
            "artist": "Daoko",
            "id": 496869422
        },
        {
            "name": "打上花火（Cover DAOKO / 米津玄師）",
            "artist": "Akie秋绘",
            "id": 504916651
        },
        {
            "name": "我像一个傻瓜（Frowned blueface）",
            "artist": "河北Ye",
            "id": 1394997085
        },
        {
            "name": "丧 prod by 524（FTF）",
            "artist": "张雪飞",
            "id": 553702717
        },
        {
            "name": "为了活着而被迫生活（山海remix）",
            "artist": "阴天NeverDread_B",
            "id": 1328029886
        },
        {
            "name": "山海remix",
            "artist": "鹿头LuTo",
            "id": 1328944284
        },
        {
            "name": "MOM",
            "artist": "蜡笔小心",
            "id": 1387581250
        },
        {
            "name": "疑心病",
            "artist": "轲轲睡不着",
            "id": 1472269713
        },
        {
            "name": "会不会（吉他版）",
            "artist": "刘大壮",
            "id": 1481164987
        },
        {
            "name": "无心斗艳",
            "artist": "大布",
            "id": 1367609755
        },
        {
            "name": "凌晨三点（demo）",
            "artist": "陈硕子",
            "id": 1306431916
        },
        {
            "name": "小熊维尼寻爱记",
            "artist": "方续Cuz",
            "id": 1467479613
        },
        {
            "name": "Collapsing World",
            "artist": "Lightscape",
            "id": 38018486
        },
        {
            "name": "《从你的全世界路过》插曲扒带",
            "artist": "ULY",
            "id": 436667409
        },
        {
            "name": "独行侠+爱如潮水（remix）",
            "artist": "sea蕊",
            "id": 1432968475
        },
        {
            "name": "他只是经过",
            "artist": "h3R3",
            "id": 1443838552
        },
        {
            "name": "别渴望",
            "artist": "老田",
            "id": 1414704336
        },
        {
            "name": "星星还是那么亮（翻自 爱如潮水） ",
            "artist": "王逸辰",
            "id": 1412572805
        },
        {
            "name": "Katie Sky-Monsters（MushrooM remix）",
            "artist": "MushrooM『蘑菇兄弟』",
            "id": 1363551021
        },
        {
            "name": "囍（Chinese Wedding）",
            "artist": "葛东琪",
            "id": 1303289043
        },
        {
            "name": "独行侠",
            "artist": "鬼岛",
            "id": 863575122
        },
        {
            "name": "我的滑板鞋2016 (录音室版)",
            "artist": "华晨宇",
            "id": 440411226
        },
        {
            "name": "下落不明",
            "artist": "王巨星",
            "id": 1455965526
        },
        {
            "name": "下落不明",
            "artist": "张泽历",
            "id": 1457783404
        },
        {
            "name": "Love Is Gone（女生弹唱）（翻自 SLANDER）",
            "artist": "旺仔小乔",
            "id": 1452097105
        },
        {
            "name": "pull up+爱如潮水（翻自 Luh Kel）（翻自 Luh Kel）",
            "artist": "李斯迈",
            "id": 1441256078
        },
        {
            "name": "Love Is GONE（翻自 SLANDER）",
            "artist": "是你的垚",
            "id": 1452400445
        },
        {
            "name": "白山茶（合唱版）（翻自 陈雪凝） ",
            "artist": "张家旺",
            "id": 1423527466
        },
        {
            "name": "下落不明 (伴奏)",
            "artist": "王巨星",
            "id": 1455965528
        },
        {
            "name": "悬溺（女生版）",
            "artist": "旺仔小乔",
            "id": 1399172309
        },
        {
            "name": "Love Is Gone（钢琴版）（翻自 SLANDER）",
            "artist": "柳轻颂",
            "id": 1458236782
        },
        {
            "name": "你走以后1.0",
            "artist": "王恩信Est",
            "id": 1363205817
        },
        {
            "name": "海底",
            "artist": "一支榴莲",
            "id": 1426649237
        },
        {
            "name": "Undertale - His Theme（Hana Bootleg）",
            "artist": "Hana",
            "id": 485805930
        },
        {
            "name": "Lifeline",
            "artist": "Zeraphym 六翼使徒",
            "id": 38019092
        },
        {
            "name": "lamp - late summer ver",
            "artist": "Haruka Nakamura",
            "id": 1424436
        },
        {
            "name": "Kahvia",
            "artist": "Noicybino",
            "id": 1352041357
        },
        {
            "name": "自由 Part II",
            "artist": "Quinn葵因",
            "id": 1321580023
        },
        {
            "name": "还是分开",
            "artist": "张叶蕾",
            "id": 465921195
        },
        {
            "name": "船票",
            "artist": "MyT1aN",
            "id": 480341703
        },
        {
            "name": "溺れるナイフ-Chasing Kou/追逐阿航（Öxacillis remix）",
            "artist": "Öxacillis",
            "id": 1437311884
        },
        {
            "name": "故里逢春（李飘飘抖音版）（翻自 喔喔）",
            "artist": "抖音热歌DJ",
            "id": 1466319568
        },
        {
            "name": "MOM(钢琴治愈版）",
            "artist": "九千七",
            "id": 1445713297
        },
        {
            "name": "My Heart Will Go On",
            "artist": "满舒克",
            "id": 26524701
        },
        {
            "name": "风居住的街道（钢琴版）",
            "artist": "柳轻颂",
            "id": 1461001377
        },
        {
            "name": "买辣椒也用券-起风了 （钢琴版）（柳轻颂 remix）",
            "artist": "柳轻颂",
            "id": 1441615130
        },
        {
            "name": "断线（钢琴版）",
            "artist": "柳轻颂",
            "id": 1430829871
        },
        {
            "name": "夏天的风（男声 吉他版）",
            "artist": "林加弦-",
            "id": 1434181586
        },
        {
            "name": "好想爱这个世界啊 (Live)",
            "artist": "华晨宇",
            "id": 1436910205
        },
        {
            "name": "好想爱这个世界啊",
            "artist": "华晨宇",
            "id": 1407358755
        },
        {
            "name": "执迷不悟",
            "artist": "鱿籽酱",
            "id": 1477539203
        }
    ]
}