{
    "playlist_info": {
        "name": "♬ 吉他天皇不是盖的 ➳ 木村好夫全集",
        "trackcount": 253,
        "playcount": 85149,
        "creator": "Bingolee灬",
        "createDate": "2015-05-27",
        "heat": 28.0
    },
    "songs": [
        {
            "name": "柳濑小镇",
            "artist": "木村好夫",
            "id": 5264826
        },
        {
            "name": "北国の春",
            "artist": "木村好夫",
            "id": 454013
        },
        {
            "name": "爱の奇迹",
            "artist": "木村好夫",
            "id": 26235122
        },
        {
            "name": "魅せられて",
            "artist": "木村好夫",
            "id": 26235119
        },
        {
            "name": "あなただけを",
            "artist": "木村好夫",
            "id": 26235118
        },
        {
            "name": "禁じられた恋",
            "artist": "木村好夫",
            "id": 26235125
        },
        {
            "name": "三年目の浮気",
            "artist": "木村好夫",
            "id": 28194747
        },
        {
            "name": "浪花恋しぐれ",
            "artist": "木村好夫",
            "id": 454011
        },
        {
            "name": "恋人",
            "artist": "木村好夫",
            "id": 26235131
        },
        {
            "name": "路边的草帽",
            "artist": "木村好夫",
            "id": 25833359
        },
        {
            "name": "おまえとふたり",
            "artist": "木村好夫",
            "id": 454004
        },
        {
            "name": "喝酒",
            "artist": "木村好夫",
            "id": 25833356
        },
        {
            "name": "小指の思い出",
            "artist": "木村好夫",
            "id": 26235121
        },
        {
            "name": "冰雨",
            "artist": "木村好夫",
            "id": 25833351
        },
        {
            "name": "夕焼け云の歌",
            "artist": "木村好夫",
            "id": 454036
        },
        {
            "name": "女心の呗",
            "artist": "木村好夫",
            "id": 454015
        },
        {
            "name": "夜明けのスキャット",
            "artist": "木村好夫",
            "id": 26235124
        },
        {
            "name": "影を慕いて",
            "artist": "木村好夫",
            "id": 453999
        },
        {
            "name": "里町人生",
            "artist": "木村好夫",
            "id": 26235137
        },
        {
            "name": "异邦人",
            "artist": "木村好夫",
            "id": 26235127
        },
        {
            "name": "云にのりたい",
            "artist": "木村好夫",
            "id": 26235128
        },
        {
            "name": "冬のリヴィエラ",
            "artist": "木村好夫",
            "id": 26235120
        },
        {
            "name": "みちづれ",
            "artist": "木村好夫",
            "id": 28194707
        },
        {
            "name": "兄弟船",
            "artist": "木村好夫",
            "id": 454022
        },
        {
            "name": "木村好夫吉他之难寻旧梦",
            "artist": "群星",
            "id": 5232591
        },
        {
            "name": "ある日突然",
            "artist": "木村好夫",
            "id": 26235126
        },
        {
            "name": "城ダ崎ブルース",
            "artist": "木村好夫",
            "id": 454006
        },
        {
            "name": "あゝ上野駅",
            "artist": "木村好夫",
            "id": 454027
        },
        {
            "name": "花と蝶",
            "artist": "木村好夫",
            "id": 454017
        },
        {
            "name": "悲しみは駈け足でやってくる",
            "artist": "木村好夫",
            "id": 26235129
        },
        {
            "name": "足手まとい",
            "artist": "木村好夫",
            "id": 26246013
        },
        {
            "name": "别れても好きな人",
            "artist": "木村好夫",
            "id": 26246003
        },
        {
            "name": "白いブランコ",
            "artist": "木村好夫",
            "id": 26235123
        },
        {
            "name": "流恋草 (はぐれそう)",
            "artist": "木村好夫",
            "id": 28194631
        },
        {
            "name": "かえり船",
            "artist": "木村好夫",
            "id": 26235132
        },
        {
            "name": "おんなの宿",
            "artist": "木村好夫",
            "id": 454039
        },
        {
            "name": "あなたの心に",
            "artist": "木村好夫",
            "id": 26235130
        },
        {
            "name": "哀愁海峡",
            "artist": "木村好夫",
            "id": 25833348
        },
        {
            "name": "やすらぎ",
            "artist": "木村好夫",
            "id": 26235134
        },
        {
            "name": "逢わずに爱して",
            "artist": "木村好夫",
            "id": 26246010
        },
        {
            "name": "针叶树",
            "artist": "木村好夫",
            "id": 26235136
        },
        {
            "name": "意気地なし",
            "artist": "木村好夫",
            "id": 26246012
        },
        {
            "name": "今は幸せかい",
            "artist": "木村好夫",
            "id": 26246007
        },
        {
            "name": "女の意地",
            "artist": "木村好夫",
            "id": 26246004
        },
        {
            "name": "爱の水中花",
            "artist": "木村好夫",
            "id": 26246017
        },
        {
            "name": "ブランデーグラス",
            "artist": "木村好夫",
            "id": 26246002
        },
        {
            "name": "君恋し",
            "artist": "木村好夫",
            "id": 26246009
        },
        {
            "name": "想い出まくら",
            "artist": "木村好夫",
            "id": 26235135
        },
        {
            "name": "知りすぎたのね",
            "artist": "木村好夫",
            "id": 26246006
        },
        {
            "name": "恋挽歌",
            "artist": "木村好夫",
            "id": 28194623
        },
        {
            "name": "木绵のハンカチーフ",
            "artist": "木村好夫",
            "id": 26235133
        },
        {
            "name": "コモエスタ赤坂",
            "artist": "木村好夫",
            "id": 26246005
        },
        {
            "name": "ウナセラディ东京",
            "artist": "木村好夫",
            "id": 26246008
        },
        {
            "name": "胜手にしやがれ",
            "artist": "木村好夫",
            "id": 26246014
        },
        {
            "name": "うそ",
            "artist": "木村好夫",
            "id": 26246011
        },
        {
            "name": "片想い",
            "artist": "木村好夫",
            "id": 26246015
        },
        {
            "name": "ゆうべの秘密",
            "artist": "木村好夫",
            "id": 26246016
        },
        {
            "name": "东京ららばい",
            "artist": "木村好夫",
            "id": 26246018
        },
        {
            "name": "含泪爱情",
            "artist": "木村好夫",
            "id": 25833360
        },
        {
            "name": "通往小岛的游船",
            "artist": "木村好夫",
            "id": 25833343
        },
        {
            "name": "小巷人生",
            "artist": "木村好夫",
            "id": 25833350
        },
        {
            "name": "萤火虫",
            "artist": "木村好夫",
            "id": 25833354
        },
        {
            "name": "轮回变迁",
            "artist": "木村好夫",
            "id": 25833358
        },
        {
            "name": "空白日记",
            "artist": "木村好夫",
            "id": 25833345
        },
        {
            "name": "凤仙花",
            "artist": "木村好夫",
            "id": 25833349
        },
        {
            "name": "品酒",
            "artist": "木村好夫",
            "id": 25833342
        },
        {
            "name": "往返的船",
            "artist": "木村好夫",
            "id": 25833344
        },
        {
            "name": "女人的阶层",
            "artist": "木村好夫",
            "id": 25833357
        },
        {
            "name": "幸福",
            "artist": "木村好夫",
            "id": 25833353
        },
        {
            "name": "堪太郎的月夜",
            "artist": "木村好夫",
            "id": 25833355
        },
        {
            "name": "酒馆",
            "artist": "木村好夫",
            "id": 25833347
        },
        {
            "name": "酒啊，含泪的叹息",
            "artist": "木村好夫",
            "id": 25833346
        },
        {
            "name": "左渡情话",
            "artist": "木村好夫",
            "id": 25833352
        },
        {
            "name": "夜のめぐり逢い",
            "artist": "木村好夫",
            "id": 454032
        },
        {
            "name": "银座の恋の物语",
            "artist": "木村好夫",
            "id": 454041
        },
        {
            "name": "ふるさと邮便",
            "artist": "木村好夫",
            "id": 454043
        },
        {
            "name": "他人船",
            "artist": "木村好夫",
            "id": 454047
        },
        {
            "name": "知りすぎたのね",
            "artist": "木村好夫",
            "id": 454051
        },
        {
            "name": "居酒屋",
            "artist": "木村好夫",
            "id": 454057
        },
        {
            "name": "母恋吹雪",
            "artist": "木村好夫",
            "id": 454062
        },
        {
            "name": "夕阳の丘",
            "artist": "木村好夫",
            "id": 454067
        },
        {
            "name": "男の港",
            "artist": "木村好夫",
            "id": 454072
        },
        {
            "name": "影を慕いて",
            "artist": "木村好夫",
            "id": 454091
        },
        {
            "name": "异国の丘",
            "artist": "木村好夫",
            "id": 454095
        },
        {
            "name": "赤いランプの终列车",
            "artist": "木村好夫",
            "id": 454099
        },
        {
            "name": "旅姿三人男",
            "artist": "木村好夫",
            "id": 454104
        },
        {
            "name": "上海の花売娘",
            "artist": "木村好夫",
            "id": 454108
        },
        {
            "name": "人生剧场",
            "artist": "木村好夫",
            "id": 454111
        },
        {
            "name": "花の三度笠",
            "artist": "木村好夫",
            "id": 454114
        },
        {
            "name": "上海の街角で",
            "artist": "木村好夫",
            "id": 454116
        },
        {
            "name": "憧れのハワイ航路",
            "artist": "木村好夫",
            "id": 454119
        },
        {
            "name": "啼くな小鸠よ",
            "artist": "木村好夫",
            "id": 454122
        },
        {
            "name": "汤の町エレジー",
            "artist": "木村好夫",
            "id": 454125
        },
        {
            "name": "别れ船",
            "artist": "木村好夫",
            "id": 454130
        },
        {
            "name": "柿の木坂の家",
            "artist": "木村好夫",
            "id": 454135
        },
        {
            "name": "涙の酒",
            "artist": "木村好夫",
            "id": 454140
        },
        {
            "name": "星の流れに",
            "artist": "木村好夫",
            "id": 454144
        },
        {
            "name": "别れの一本杉",
            "artist": "木村好夫",
            "id": 454148
        },
        {
            "name": "哀愁列车",
            "artist": "木村好夫",
            "id": 454166
        },
        {
            "name": "新妻镜",
            "artist": "木村好夫",
            "id": 454171
        },
        {
            "name": "青い山脉",
            "artist": "木村好夫",
            "id": 454175
        },
        {
            "name": "君待てども",
            "artist": "木村好夫",
            "id": 454179
        },
        {
            "name": "雨のオランダ坂",
            "artist": "木村好夫",
            "id": 454183
        },
        {
            "name": "逢いたかったぜ",
            "artist": "木村好夫",
            "id": 454186
        },
        {
            "name": "高原の駅よさようなら",
            "artist": "木村好夫",
            "id": 454189
        },
        {
            "name": "赤いハンカチ",
            "artist": "木村好夫",
            "id": 454192
        },
        {
            "name": "マロニエの木荫",
            "artist": "木村好夫",
            "id": 454196
        },
        {
            "name": "雨降る街角",
            "artist": "木村好夫",
            "id": 454200
        },
        {
            "name": "いつでも梦を",
            "artist": "木村好夫",
            "id": 454204
        },
        {
            "name": "江の岛恋歌(エレジー)",
            "artist": "木村好夫",
            "id": 454209
        },
        {
            "name": "落叶しぐれ",
            "artist": "木村好夫",
            "id": 454214
        },
        {
            "name": "月がとっても青いから",
            "artist": "木村好夫",
            "id": 454219
        },
        {
            "name": "ふるさとの灯台",
            "artist": "木村好夫",
            "id": 454224
        },
        {
            "name": "古城",
            "artist": "木村好夫",
            "id": 454228
        },
        {
            "name": "とんぼり",
            "artist": "木村好夫",
            "id": 28194639
        },
        {
            "name": "みれん雨",
            "artist": "木村好夫",
            "id": 28194647
        },
        {
            "name": "しあわせ酒",
            "artist": "木村好夫",
            "id": 28194655
        },
        {
            "name": "離愁…秋から冬へ",
            "artist": "木村好夫",
            "id": 28194663
        },
        {
            "name": "雪割草",
            "artist": "木村好夫",
            "id": 28194671
        },
        {
            "name": "師匠 (おやじ)",
            "artist": "木村好夫",
            "id": 28194679
        },
        {
            "name": "待ちわびて哀愁",
            "artist": "木村好夫",
            "id": 28194687
        },
        {
            "name": "北の大地",
            "artist": "木村好夫",
            "id": 28194695
        },
        {
            "name": "火の国の女",
            "artist": "木村好夫",
            "id": 28194703
        },
        {
            "name": "嵯峨野の女",
            "artist": "木村好夫",
            "id": 28194711
        },
        {
            "name": "陽炎 (かげろう)",
            "artist": "木村好夫",
            "id": 28194719
        },
        {
            "name": "炎情歌",
            "artist": "木村好夫",
            "id": 28194727
        },
        {
            "name": "偲ぶ雨",
            "artist": "木村好夫",
            "id": 28194735
        },
        {
            "name": "吹きだまり",
            "artist": "木村好夫",
            "id": 28194743
        },
        {
            "name": "越前竹舞い",
            "artist": "木村好夫",
            "id": 28194751
        },
        {
            "name": "恋唄綴り",
            "artist": "木村好夫",
            "id": 28194759
        },
        {
            "name": "奥飛騨慕情",
            "artist": "木村好夫",
            "id": 28194632
        },
        {
            "name": "雪国",
            "artist": "木村好夫",
            "id": 28194640
        },
        {
            "name": "哀愁の高山",
            "artist": "木村好夫",
            "id": 28194648
        },
        {
            "name": "北国へ",
            "artist": "木村好夫",
            "id": 28194656
        },
        {
            "name": "津軽平野",
            "artist": "木村好夫",
            "id": 28194664
        },
        {
            "name": "望郷じょんがら",
            "artist": "木村好夫",
            "id": 28194672
        },
        {
            "name": "夕焼け雲",
            "artist": "木村好夫",
            "id": 28194680
        },
        {
            "name": "川",
            "artist": "木村好夫",
            "id": 28194688
        },
        {
            "name": "能登はいらんかね",
            "artist": "木村好夫",
            "id": 28194696
        },
        {
            "name": "無錫旅情",
            "artist": "木村好夫",
            "id": 28194704
        },
        {
            "name": "望郷酒場",
            "artist": "木村好夫",
            "id": 28194712
        },
        {
            "name": "風雪ながれ旅",
            "artist": "木村好夫",
            "id": 28194720
        },
        {
            "name": "面影の郷",
            "artist": "木村好夫",
            "id": 28194728
        },
        {
            "name": "帰ってこいよ",
            "artist": "木村好夫",
            "id": 28194736
        },
        {
            "name": "昔の名前で出ています",
            "artist": "木村好夫",
            "id": 28194744
        },
        {
            "name": "故郷",
            "artist": "木村好夫",
            "id": 28194752
        },
        {
            "name": "長良川艶歌",
            "artist": "木村好夫",
            "id": 28194760
        },
        {
            "name": "海峡",
            "artist": "木村好夫",
            "id": 28194625
        },
        {
            "name": "津軽海峡・冬景色",
            "artist": "木村好夫",
            "id": 28194633
        },
        {
            "name": "兄弟船",
            "artist": "木村好夫",
            "id": 28194641
        },
        {
            "name": "女泣き砂日本海",
            "artist": "木村好夫",
            "id": 28194649
        },
        {
            "name": "おんなの出船",
            "artist": "木村好夫",
            "id": 28194657
        },
        {
            "name": "じょっぱり船",
            "artist": "木村好夫",
            "id": 28194665
        },
        {
            "name": "下北漁場",
            "artist": "木村好夫",
            "id": 28194673
        },
        {
            "name": "豊予海峡",
            "artist": "木村好夫",
            "id": 28194681
        },
        {
            "name": "北斗船",
            "artist": "木村好夫",
            "id": 28194689
        },
        {
            "name": "北の漁場",
            "artist": "木村好夫",
            "id": 28194697
        },
        {
            "name": "演歌船",
            "artist": "木村好夫",
            "id": 28194705
        },
        {
            "name": "魚歌",
            "artist": "木村好夫",
            "id": 28194713
        },
        {
            "name": "祝い船",
            "artist": "木村好夫",
            "id": 28194721
        },
        {
            "name": "哀愁海峡",
            "artist": "木村好夫",
            "id": 28194729
        },
        {
            "name": "北の鴎唄",
            "artist": "木村好夫",
            "id": 28194737
        },
        {
            "name": "連絡線恋唄",
            "artist": "木村好夫",
            "id": 28194745
        },
        {
            "name": "波止場しぐれ",
            "artist": "木村好夫",
            "id": 28194753
        },
        {
            "name": "海の祈り",
            "artist": "木村好夫",
            "id": 28194761
        },
        {
            "name": "雨酒場",
            "artist": "木村好夫",
            "id": 28194626
        },
        {
            "name": "夢追い酒",
            "artist": "木村好夫",
            "id": 28194634
        },
        {
            "name": "酒よ",
            "artist": "木村好夫",
            "id": 28194642
        },
        {
            "name": "ひとり酒",
            "artist": "木村好夫",
            "id": 28194650
        },
        {
            "name": "酒場",
            "artist": "木村好夫",
            "id": 28194658
        },
        {
            "name": "恋あざみ",
            "artist": "木村好夫",
            "id": 28194666
        },
        {
            "name": "浮草情話",
            "artist": "木村好夫",
            "id": 28194674
        },
        {
            "name": "裏町酒場",
            "artist": "木村好夫",
            "id": 28194682
        },
        {
            "name": "道頓堀川",
            "artist": "木村好夫",
            "id": 28194690
        },
        {
            "name": "暖簾",
            "artist": "木村好夫",
            "id": 28194698
        },
        {
            "name": "片恋酒",
            "artist": "木村好夫",
            "id": 28194706
        },
        {
            "name": "時代おくれの酒場",
            "artist": "木村好夫",
            "id": 28194714
        },
        {
            "name": "おもいで酒",
            "artist": "木村好夫",
            "id": 28194722
        },
        {
            "name": "北の酒場にいた女",
            "artist": "木村好夫",
            "id": 28194730
        },
        {
            "name": "他人船",
            "artist": "木村好夫",
            "id": 28194738
        },
        {
            "name": "コップ酒",
            "artist": "木村好夫",
            "id": 28194746
        },
        {
            "name": "盛り場おんな酒",
            "artist": "木村好夫",
            "id": 28194754
        },
        {
            "name": "北酒場",
            "artist": "木村好夫",
            "id": 28194762
        },
        {
            "name": "男の情話",
            "artist": "木村好夫",
            "id": 28194627
        },
        {
            "name": "兄弟仁義",
            "artist": "木村好夫",
            "id": 28194635
        },
        {
            "name": "男船",
            "artist": "木村好夫",
            "id": 28194643
        },
        {
            "name": "男なら",
            "artist": "木村好夫",
            "id": 28194651
        },
        {
            "name": "すきま風",
            "artist": "木村好夫",
            "id": 28194659
        },
        {
            "name": "熱き心に",
            "artist": "木村好夫",
            "id": 28194667
        },
        {
            "name": "こころ花",
            "artist": "木村好夫",
            "id": 28194675
        },
        {
            "name": "おまえとふたり",
            "artist": "木村好夫",
            "id": 28194683
        },
        {
            "name": "おゆき",
            "artist": "木村好夫",
            "id": 28194691
        },
        {
            "name": "みちのくひとり旅",
            "artist": "木村好夫",
            "id": 28194699
        },
        {
            "name": "与作",
            "artist": "木村好夫",
            "id": 28194715
        },
        {
            "name": "昭和時次郎",
            "artist": "木村好夫",
            "id": 28194723
        },
        {
            "name": "人生かくれんぼ",
            "artist": "木村好夫",
            "id": 28194731
        },
        {
            "name": "がまん坂",
            "artist": "木村好夫",
            "id": 28194739
        },
        {
            "name": "おやじの海",
            "artist": "木村好夫",
            "id": 28194755
        },
        {
            "name": "山",
            "artist": "木村好夫",
            "id": 28194763
        },
        {
            "name": "女の港",
            "artist": "木村好夫",
            "id": 28194628
        },
        {
            "name": "女の駅",
            "artist": "木村好夫",
            "id": 28194636
        },
        {
            "name": "花街の母",
            "artist": "木村好夫",
            "id": 28194644
        },
        {
            "name": "戻り川",
            "artist": "木村好夫",
            "id": 28194652
        },
        {
            "name": "なみだの操",
            "artist": "木村好夫",
            "id": 28194660
        },
        {
            "name": "女の流転",
            "artist": "木村好夫",
            "id": 28194668
        },
        {
            "name": "いでゆ橋",
            "artist": "木村好夫",
            "id": 28194676
        },
        {
            "name": "人生いろいろ",
            "artist": "木村好夫",
            "id": 28194684
        },
        {
            "name": "お久しぶりね",
            "artist": "木村好夫",
            "id": 28194692
        },
        {
            "name": "女のみち",
            "artist": "木村好夫",
            "id": 28194700
        },
        {
            "name": "恋舟",
            "artist": "木村好夫",
            "id": 28194708
        },
        {
            "name": "命くれない",
            "artist": "木村好夫",
            "id": 28194716
        },
        {
            "name": "みだれ髪",
            "artist": "木村好夫",
            "id": 28194724
        },
        {
            "name": "夫婦舟",
            "artist": "木村好夫",
            "id": 28194732
        },
        {
            "name": "乱れ花",
            "artist": "木村好夫",
            "id": 28194740
        },
        {
            "name": "さざんかの宿",
            "artist": "木村好夫",
            "id": 28194748
        },
        {
            "name": "夫婦坂",
            "artist": "木村好夫",
            "id": 28194756
        },
        {
            "name": "蛍",
            "artist": "木村好夫",
            "id": 28194764
        },
        {
            "name": "矢切の渡し",
            "artist": "木村好夫",
            "id": 28194629
        },
        {
            "name": "宗右衛門町ブルース",
            "artist": "木村好夫",
            "id": 28194637
        },
        {
            "name": "道頓堀人情",
            "artist": "木村好夫",
            "id": 28194645
        },
        {
            "name": "薩摩の女",
            "artist": "木村好夫",
            "id": 28194653
        },
        {
            "name": "浪花盃",
            "artist": "木村好夫",
            "id": 28194661
        },
        {
            "name": "津軽のじょつぱり",
            "artist": "木村好夫",
            "id": 28194669
        },
        {
            "name": "浪花恋しぐれ",
            "artist": "木村好夫",
            "id": 28194677
        },
        {
            "name": "大阪しぐれ",
            "artist": "木村好夫",
            "id": 28194685
        },
        {
            "name": "冬の桑港 「シスコ」",
            "artist": "木村好夫",
            "id": 28194693
        },
        {
            "name": "雪椿",
            "artist": "木村好夫",
            "id": 28194701
        },
        {
            "name": "友禅流し",
            "artist": "木村好夫",
            "id": 28194709
        },
        {
            "name": "なみだ恋",
            "artist": "木村好夫",
            "id": 28194717
        },
        {
            "name": "豊後水道",
            "artist": "木村好夫",
            "id": 28194725
        },
        {
            "name": "浪花姉妹",
            "artist": "木村好夫",
            "id": 28194733
        },
        {
            "name": "風の盆恋歌",
            "artist": "木村好夫",
            "id": 28194741
        },
        {
            "name": "春夏秋冬屋形船",
            "artist": "木村好夫",
            "id": 28194749
        },
        {
            "name": "忍路海岸わかれ雪",
            "artist": "木村好夫",
            "id": 28194757
        },
        {
            "name": "大連の街から",
            "artist": "木村好夫",
            "id": 28194765
        },
        {
            "name": "ラヴ・イズ・オーヴァー",
            "artist": "木村好夫",
            "id": 28194630
        },
        {
            "name": "グッドバイ・ラヴ",
            "artist": "木村好夫",
            "id": 28194638
        },
        {
            "name": "愛人",
            "artist": "木村好夫",
            "id": 28194646
        },
        {
            "name": "冬桜",
            "artist": "木村好夫",
            "id": 28194654
        },
        {
            "name": "抱きしめて",
            "artist": "木村好夫",
            "id": 28194662
        },
        {
            "name": "氷雨",
            "artist": "木村好夫",
            "id": 28194670
        },
        {
            "name": "倖さがして",
            "artist": "木村好夫",
            "id": 28194678
        },
        {
            "name": "そんな夕子にほれました",
            "artist": "木村好夫",
            "id": 28194686
        },
        {
            "name": "そんな女のひとりごと",
            "artist": "木村好夫",
            "id": 28194694
        },
        {
            "name": "夜霧よ今夜も有難う",
            "artist": "木村好夫",
            "id": 28194702
        },
        {
            "name": "くちなしの花",
            "artist": "木村好夫",
            "id": 28194710
        },
        {
            "name": "そして･･･めぐり逢い",
            "artist": "木村好夫",
            "id": 28194718
        },
        {
            "name": "北の旅人",
            "artist": "木村好夫",
            "id": 28194726
        },
        {
            "name": "それは････黄昏",
            "artist": "木村好夫",
            "id": 28194734
        },
        {
            "name": "メランコリック・ママ",
            "artist": "木村好夫",
            "id": 28194742
        },
        {
            "name": "秋冬",
            "artist": "木村好夫",
            "id": 28194750
        },
        {
            "name": "つぐない",
            "artist": "木村好夫",
            "id": 28194758
        },
        {
            "name": "時の流れに身をまかせ",
            "artist": "木村好夫",
            "id": 28194766
        }
    ]
}