{
    "playlist_info": {
        "name": "青春不散场 毕业是没有再见的骊歌",
        "trackcount": 51,
        "playcount": 5214044,
        "creator": "YouTube全球音乐",
        "createDate": "2019-06-21",
        "heat": 3540.0
    },
    "songs": [
        {
            "name": "再见,再见",
            "artist": "逃跑计划",
            "id": 25706285
        },
        {
            "name": "耿耿于怀",
            "artist": "王笑文",
            "id": 407679465
        },
        {
            "name": "岁月轻狂",
            "artist": "李治廷",
            "id": 130051
        },
        {
            "name": "下一站茶山刘",
            "artist": "房东的猫",
            "id": 486188245
        },
        {
            "name": "那些花儿",
            "artist": "朴树",
            "id": 139377
        },
        {
            "name": "大学时代",
            "artist": "海口飞曲",
            "id": 1298973397
        },
        {
            "name": "毕业留言",
            "artist": "孟凡明",
            "id": 1861640513
        },
        {
            "name": "再见",
            "artist": "张震岳",
            "id": 185711
        },
        {
            "name": "同桌的你(风行版)",
            "artist": "老狼",
            "id": 108128
        },
        {
            "name": "哗啦啦少年再见",
            "artist": "焦迈奇",
            "id": 1323301155
        },
        {
            "name": "橘子汽水",
            "artist": "南拳妈妈",
            "id": 368942
        },
        {
            "name": "把这青春唱完",
            "artist": "木小雅",
            "id": 1367648100
        },
        {
            "name": "骊歌",
            "artist": "GALA",
            "id": 355995
        },
        {
            "name": "下个，路口，见",
            "artist": "李宇春",
            "id": 254285
        },
        {
            "name": "匆匆那年",
            "artist": "王菲",
            "id": 29713754
        },
        {
            "name": "再见，昨天",
            "artist": "牛奶咖啡",
            "id": 571545218
        },
        {
            "name": "北京东路的日子",
            "artist": "汪源",
            "id": 5240550
        },
        {
            "name": "时光正好",
            "artist": "郁可唯",
            "id": 421203086
        },
        {
            "name": "很久以前",
            "artist": "鹿先森乐队",
            "id": 412493245
        },
        {
            "name": "再见，昨天 (特别版)",
            "artist": "牛奶咖啡",
            "id": 1949960204
        },
        {
            "name": "关于我们",
            "artist": "周笔畅",
            "id": 34916665
        },
        {
            "name": "我唯一青春里的路人",
            "artist": "陈雪凝",
            "id": 474922552
        },
        {
            "name": "年年",
            "artist": "徐秉龙",
            "id": 528271077
        },
        {
            "name": "那些你很冒险的梦",
            "artist": "林俊杰",
            "id": 108138
        },
        {
            "name": "至此流年各天涯",
            "artist": "我不理智",
            "id": 470057375
        },
        {
            "name": "那年的情书",
            "artist": "江美琪",
            "id": 247498
        },
        {
            "name": "等再会如期",
            "artist": "文橘",
            "id": 524149319
        },
        {
            "name": "匆匆",
            "artist": "赵钶",
            "id": 551338687
        },
        {
            "name": "青茫",
            "artist": "白敬亭",
            "id": 411314159
        },
        {
            "name": "少年锦时",
            "artist": "赵雷",
            "id": 29567192
        },
        {
            "name": "昨日青空",
            "artist": "尤长靖",
            "id": 1293951677
        },
        {
            "name": "心如少年",
            "artist": "时光胶囊",
            "id": 569997011
        },
        {
            "name": "我还年轻 我还年轻",
            "artist": "老王乐队",
            "id": 509512457
        },
        {
            "name": "没有时间了",
            "artist": "李晋",
            "id": 28940205
        },
        {
            "name": "前座后座",
            "artist": "蔡淳佳",
            "id": 210025
        },
        {
            "name": "年少心事",
            "artist": "王一博",
            "id": 1318610333
        },
        {
            "name": "我与青春在赛跑",
            "artist": "刘惜君",
            "id": 1356486334
        },
        {
            "name": "忽而今夏",
            "artist": "汪苏泷",
            "id": 553310138
        },
        {
            "name": "念念",
            "artist": "谷柏杉",
            "id": 41500356
        },
        {
            "name": "不说再见",
            "artist": "好妹妹",
            "id": 399354289
        },
        {
            "name": "美好的昨天",
            "artist": "胡夏",
            "id": 31477213
        },
        {
            "name": "青涩的时光",
            "artist": "三班王强",
            "id": 549321266
        },
        {
            "name": "十七岁的夏天",
            "artist": "钟易轩",
            "id": 562594264
        },
        {
            "name": "那时的我们",
            "artist": "毛不易",
            "id": 1325897605
        },
        {
            "name": "青春不散",
            "artist": "CRITTY",
            "id": 33162294
        },
        {
            "name": "记念",
            "artist": "RAiNBOW计划",
            "id": 35625821
        },
        {
            "name": "他夏了夏天",
            "artist": "苏打绿",
            "id": 374910
        },
        {
            "name": "当我们一起走过",
            "artist": "苏打绿",
            "id": 374612
        },
        {
            "name": "你曾是少年",
            "artist": "S.H.E",
            "id": 426027293
        },
        {
            "name": "勿忘",
            "artist": "李代沫",
            "id": 1369564749
        },
        {
            "name": "后会无期",
            "artist": "G.E.M.邓紫棋",
            "id": 28793502
        }
    ]
}