{
    "playlist_info": {
        "name": "静下心来学习的纯音乐",
        "trackcount": 57,
        "playcount": 80000,
        "creator": "阿姨又来洗铁路了",
        "createDate": "2016-10-23",
        "heat": 32.0
    },
    "songs": [
        {
            "name": "Rylynn",
            "artist": "Andy McKee",
            "id": 16323797
        },
        {
            "name": "天空云海",
            "artist": "dylanf",
            "id": 1348892301
        },
        {
            "name": "風の詩",
            "artist": "押尾コータロー",
            "id": 22822602
        },
        {
            "name": "安和桥间奏",
            "artist": "林芬宇",
            "id": 1343789653
        },
        {
            "name": "Bloom of Youth",
            "artist": "Key Sounds Label",
            "id": 760058
        },
        {
            "name": "求婚",
            "artist": "音乐人小笨喵",
            "id": 1858840490
        },
        {
            "name": "Dusk",
            "artist": "Peter Jeremias",
            "id": 36953776
        },
        {
            "name": "Give Me Your Hand / La Valse...",
            "artist": "George Winston",
            "id": 17953719
        },
        {
            "name": "Finding It There",
            "artist": "Goldmund",
            "id": 18057482
        },
        {
            "name": "I saw you smile today. I almost forgot that you faded away",
            "artist": "Xeuphoria",
            "id": 405377983
        },
        {
            "name": "月花 (Acoustic Ver.)",
            "artist": "中西亮輔",
            "id": 26584144
        },
        {
            "name": "K.",
            "artist": "Aron Bergen",
            "id": 28699005
        },
        {
            "name": "Cry for the moon",
            "artist": "出羽良彰",
            "id": 28445796
        },
        {
            "name": "雲流れ",
            "artist": "みかん箱",
            "id": 785902
        },
        {
            "name": "Nuit Silencieuse",
            "artist": "Days",
            "id": 34916301
        },
        {
            "name": "canon in d",
            "artist": "Brian Crain",
            "id": 1091088
        },
        {
            "name": "風見鶏",
            "artist": "DEPAPEPE",
            "id": 22688487
        },
        {
            "name": "いつも何度でも",
            "artist": "宗次郎",
            "id": 480353
        },
        {
            "name": "Somnambulating",
            "artist": "羽肿",
            "id": 427015054
        },
        {
            "name": "NaNa's Theme (inst.)",
            "artist": "V.A.",
            "id": 5397592
        },
        {
            "name": "Utakata",
            "artist": "阿南亮子",
            "id": 22712182
        },
        {
            "name": "Do You?",
            "artist": "Yiruma",
            "id": 22829926
        },
        {
            "name": "青空",
            "artist": "Candy_Wind",
            "id": 32717172
        },
        {
            "name": "祈り",
            "artist": "MANYO",
            "id": 28481646
        },
        {
            "name": "The Right Path",
            "artist": "Thomas Greenberg",
            "id": 2061452
        },
        {
            "name": "Dear",
            "artist": "まらしぃ",
            "id": 22678650
        },
        {
            "name": "Ten Thousand To Flight (inst.)",
            "artist": "Elyonbeats",
            "id": 29724403
        },
        {
            "name": "Adagio for Summer Wind",
            "artist": "Key Sounds Label",
            "id": 760037
        },
        {
            "name": "A Little Story",
            "artist": "Valentin",
            "id": 857896
        },
        {
            "name": "사랑에 베이다",
            "artist": "July",
            "id": 5308001
        },
        {
            "name": "Karma -Piano version-",
            "artist": "阿保剛",
            "id": 402878
        },
        {
            "name": "勿念他归",
            "artist": "V.A.",
            "id": 28253999
        },
        {
            "name": "One More Chance (幻梦 Piano.Ver)",
            "artist": "十指流玉",
            "id": 431794174
        },
        {
            "name": "安静的午后",
            "artist": "Pianoboy高至豪",
            "id": 139730
        },
        {
            "name": "夏の喚く",
            "artist": "邱有句",
            "id": 434871406
        },
        {
            "name": "The truth that you leave",
            "artist": "Pianoboy高至豪",
            "id": 139774
        },
        {
            "name": "Journey",
            "artist": "Capo Productions",
            "id": 16846088
        },
        {
            "name": "1967",
            "artist": "ゴンチチ",
            "id": 757567
        },
        {
            "name": "Rain after Summer",
            "artist": "羽肿",
            "id": 430685732
        },
        {
            "name": "With Soft You like Cappuccino",
            "artist": "Nadan",
            "id": 28941364
        },
        {
            "name": "託された想い",
            "artist": "増田俊郎",
            "id": 28411043
        },
        {
            "name": "Weekend",
            "artist": "Dirk Reichardt",
            "id": 26624725
        },
        {
            "name": "Somewhere",
            "artist": "July",
            "id": 5307932
        },
        {
            "name": "寂静之空",
            "artist": "傅许",
            "id": 461074907
        },
        {
            "name": "Eternal Hope",
            "artist": "Clinton Ngan",
            "id": 28996642
        },
        {
            "name": "Don Coi (Instrumental)",
            "artist": "Truong Quynh Anh",
            "id": 29747816
        },
        {
            "name": "冬之韵",
            "artist": "文武贝",
            "id": 40249973
        },
        {
            "name": "繁华的寂静",
            "artist": "文武贝",
            "id": 40257852
        },
        {
            "name": "In the Wind-文武贝",
            "artist": "文武贝",
            "id": 437250343
        },
        {
            "name": "M01",
            "artist": "梶浦由記",
            "id": 591797
        },
        {
            "name": "Refrain",
            "artist": "阿南亮子",
            "id": 22712173
        },
        {
            "name": "森林古堡",
            "artist": "文武贝",
            "id": 40257854
        },
        {
            "name": "Tassel",
            "artist": "Cymophane",
            "id": 357126
        },
        {
            "name": "Una Mattina",
            "artist": "Ludovico Einaudi",
            "id": 1648647
        },
        {
            "name": "夏夜",
            "artist": "四季音色",
            "id": 410042763
        },
        {
            "name": "you",
            "artist": "M.Graveyard",
            "id": 786262
        },
        {
            "name": "24小时书店",
            "artist": "李欣芸",
            "id": 256288
        }
    ]
}