{
    "playlist_info": {
        "name": "钻头说唱 | 燥起来！接受低音轰炸吧",
        "trackcount": 60,
        "playcount": 484586,
        "creator": "云音乐官方歌单",
        "createDate": "2022-10-19",
        "heat": 1920.0
    },
    "songs": [
        {
            "name": "Dior",
            "artist": "Pop Smoke",
            "id": 1865555340
        },
        {
            "name": "Fallen Blixkys",
            "artist": "22Gz",
            "id": 1922736459
        },
        {
            "name": "Love Sosa",
            "artist": "Chief Keef",
            "id": 27043151
        },
        {
            "name": "Neva Cared",
            "artist": "Polo G",
            "id": 1440988998
        },
        {
            "name": "Ready for Em",
            "artist": "Lil Durk",
            "id": 28788694
        },
        {
            "name": "Practice Makes Perfect",
            "artist": "SR",
            "id": 1835675880
        },
        {
            "name": "Doja",
            "artist": "Central Cee",
            "id": 1965392316
        },
        {
            "name": "Maths",
            "artist": "K-Trap",
            "id": 1852156109
        },
        {
            "name": "Goals",
            "artist": "teeway",
            "id": 1888658403
        },
        {
            "name": "Militant",
            "artist": "Jim Jones",
            "id": 1909897024
        },
        {
            "name": "First Day Out",
            "artist": "LD",
            "id": 1895500297
        },
        {
            "name": "Rolling",
            "artist": "Digga D",
            "id": 1403949294
        },
        {
            "name": "Whoopty",
            "artist": "CJ",
            "id": 1493183839
        },
        {
            "name": "In Da Trap",
            "artist": "TPL",
            "id": 1843858014
        },
        {
            "name": "Floatin (feat. Fivio Foreign)",
            "artist": "Bnizz",
            "id": 1885067268
        },
        {
            "name": "Strip Club",
            "artist": "Moonchild Sanelly",
            "id": 1954067412
        },
        {
            "name": "Diario del Bando",
            "artist": "Mikush",
            "id": 1882502400
        },
        {
            "name": "The Generals Corner (Teeway)",
            "artist": "Kenny Allstar",
            "id": 1891732940
        },
        {
            "name": "Essex Boys",
            "artist": "French The Kid",
            "id": 1846172264
        },
        {
            "name": "Screama - HB Freestyle (Season 3)",
            "artist": "Screama",
            "id": 1880315508
        },
        {
            "name": "Plugged In Part 2",
            "artist": "abido2tappy",
            "id": 1812373665
        },
        {
            "name": "Straight To It",
            "artist": "King Von",
            "id": 1925027382
        },
        {
            "name": "GAME OVER",
            "artist": "KETA",
            "id": 1901062868
        },
        {
            "name": "Why",
            "artist": "22Gz",
            "id": 1312711313
        },
        {
            "name": "Wow",
            "artist": "Tion Wayne",
            "id": 1878327706
        },
        {
            "name": "Big Drip",
            "artist": "Fivio Foreign",
            "id": 1403136299
        },
        {
            "name": "No Suburban, Pt. 2",
            "artist": "Sheff G",
            "id": 1446254483
        },
        {
            "name": "French Drill 6",
            "artist": "Saamou Skuu",
            "id": 1929840807
        },
        {
            "name": "Life Support",
            "artist": "DigDat",
            "id": 1959971433
        },
        {
            "name": "#BORISISAPUSSIO",
            "artist": "Drillminister",
            "id": 1454588232
        },
        {
            "name": "Mixtape Mode",
            "artist": "Leeky G Bando",
            "id": 1492154292
        },
        {
            "name": "Spinna Block",
            "artist": "YellowTapee",
            "id": 1914260042
        },
        {
            "name": "Free Gherbo",
            "artist": "Sos B4l",
            "id": 1835291182
        },
        {
            "name": "Menace",
            "artist": "Eli Fross",
            "id": 1950532779
        },
        {
            "name": "Can't Slip",
            "artist": "26ar",
            "id": 1938229946
        },
        {
            "name": "GATTI",
            "artist": "JACKBOYS",
            "id": 1412468948
        },
        {
            "name": "Ring Ring Ring",
            "artist": "Young Chop",
            "id": 416700590
        },
        {
            "name": "Mobbin",
            "artist": "M1llionz",
            "id": 1878787743
        },
        {
            "name": "13 Going On 30",
            "artist": "Fivio Foreign",
            "id": 1471945956
        },
        {
            "name": "WOO Forever",
            "artist": "Rah Swish",
            "id": 1455880282
        },
        {
            "name": "Hot Ni**a",
            "artist": "Bobby Shmurda",
            "id": 29007425
        },
        {
            "name": "Gltt Bow",
            "artist": "Axl Beats",
            "id": 1347541291
        },
        {
            "name": "demoversfourteen",
            "artist": "Roland Jones",
            "id": 1879460231
        },
        {
            "name": "GLEE",
            "artist": "Unknown T",
            "id": 1865075689
        },
        {
            "name": "Rap Cap",
            "artist": "DoRoad",
            "id": 1878853125
        },
        {
            "name": "What's Good",
            "artist": "SR",
            "id": 1956065954
        },
        {
            "name": "Daily Duppy",
            "artist": "Double Lz",
            "id": 1970005916
        },
        {
            "name": "Tally Sh*t Freestyle",
            "artist": "Billy Billions",
            "id": 1980847755
        },
        {
            "name": "Daily Duppy (GRM Daily)",
            "artist": "Kyze & RB The Producer",
            "id": 1819260990
        },
        {
            "name": "Broni",
            "artist": "Headie One",
            "id": 862263132
        },
        {
            "name": "She Fell In Love",
            "artist": "Sneakbo",
            "id": 1443002909
        },
        {
            "name": "Khabib",
            "artist": "Central Cee",
            "id": 1922587632
        },
        {
            "name": "Welcome To The Party",
            "artist": "Pop Smoke",
            "id": 1824933238
        },
        {
            "name": "WET (feat. RiskDat & KD Queens Road)",
            "artist": "Kairo Keyz",
            "id": 1937005359
        },
        {
            "name": "3arby",
            "artist": "$ick",
            "id": 1965010094
        },
        {
            "name": "Hello Mate",
            "artist": "ArrDee",
            "id": 1964185526
        },
        {
            "name": "Talk to Me Nice",
            "artist": "Russ Millions",
            "id": 1965808268
        },
        {
            "name": "Whadown (feat. Fredo Santana)",
            "artist": "Lil Reese",
            "id": 27690643
        },
        {
            "name": "Takeover",
            "artist": "Sosa Geek",
            "id": 1813495763
        },
        {
            "name": "Why Would I Lack? (feat. SPMB Bills)",
            "artist": "22Gz",
            "id": 1973808151
        }
    ]
}