{
    "playlist_info": {
        "name": "适合广播站放的纯音乐——给站长的歌单",
        "trackcount": 232,
        "playcount": 121689,
        "creator": "_木卿",
        "createDate": "2018-09-06",
        "heat": 69.0
    },
    "songs": [
        {
            "name": "清晨，树林，幺小喵",
            "artist": "花飞飞",
            "id": 1485796242
        },
        {
            "name": "Pahoittelut",
            "artist": "Perseids",
            "id": 1845724162
        },
        {
            "name": "天空的彼端没有城堡",
            "artist": "Perseids",
            "id": 1836881494
        },
        {
            "name": "Parting",
            "artist": "Perseids",
            "id": 1846568891
        },
        {
            "name": "任世间灯火阑珊",
            "artist": "Perseids",
            "id": 1849701377
        },
        {
            "name": "山河皆似你",
            "artist": "Perseids",
            "id": 1852266901
        },
        {
            "name": "クリスタル",
            "artist": "三凰姬",
            "id": 1461835896
        },
        {
            "name": "在流星消失前许愿",
            "artist": "拾光",
            "id": 1817702891
        },
        {
            "name": "序言(intro)",
            "artist": "拾光",
            "id": 1818353441
        },
        {
            "name": "睡前故事(outro)",
            "artist": "拾光",
            "id": 1818353447
        },
        {
            "name": "当我再次遇见你",
            "artist": "拾光",
            "id": 1825035396
        },
        {
            "name": "追逐繁星的孩子",
            "artist": "拾光",
            "id": 1816835537
        },
        {
            "name": "夕阳下小心翼翼的你",
            "artist": "拾光",
            "id": 1818352568
        },
        {
            "name": "遥远的愿望",
            "artist": "Esther",
            "id": 1480014234
        },
        {
            "name": "那天下很大雨我送给你一个大的熊娃娃你双手抱着娃娃我在后面给你打伞看着你我淋的湿透那年我16你15",
            "artist": "叶轻衣",
            "id": 1449808251
        },
        {
            "name": "last",
            "artist": "叶轻衣",
            "id": 1450273773
        },
        {
            "name": "不要为我的死而悲伤",
            "artist": "叶轻衣",
            "id": 1442818173
        },
        {
            "name": "Old Memories",
            "artist": "叶轻衣",
            "id": 1429934718
        },
        {
            "name": "山海皆可平",
            "artist": "CMJ",
            "id": 1377053293
        },
        {
            "name": "孤单成双",
            "artist": "景随风",
            "id": 1376873919
        },
        {
            "name": "waiting for nothing",
            "artist": "Catty.L",
            "id": 1486085519
        },
        {
            "name": "Tomorrow",
            "artist": "Catty.L",
            "id": 1477839276
        },
        {
            "name": "海的呼唤",
            "artist": "Catty.L",
            "id": 1427705692
        },
        {
            "name": "三月的海",
            "artist": "Catty.L",
            "id": 1427705538
        },
        {
            "name": "星河不可及",
            "artist": "CMJ",
            "id": 1409136605
        },
        {
            "name": "山海不可平",
            "artist": "CMJ",
            "id": 1352045760
        },
        {
            "name": "風の手紙",
            "artist": "春野杉卉",
            "id": 1401354249
        },
        {
            "name": "似此星辰非昨夜",
            "artist": "七结音",
            "id": 1449553970
        },
        {
            "name": "朱颜",
            "artist": "柳不贰",
            "id": 1449116812
        },
        {
            "name": "青衣",
            "artist": "九鸢Music",
            "id": 1371721382
        },
        {
            "name": "镇魂时间飞行空灵钢琴版（纯音乐）",
            "artist": "曼曼的钢琴城堡",
            "id": 1294832531
        },
        {
            "name": "烟花落",
            "artist": "DarkSpirit",
            "id": 1314010312
        },
        {
            "name": "Moon and You",
            "artist": "Kryust",
            "id": 1452083740
        },
        {
            "name": "日暮里",
            "artist": "JINBAO",
            "id": 1351183637
        },
        {
            "name": "云烟成雨",
            "artist": "昼夜",
            "id": 1300133020
        },
        {
            "name": "【钢琴】岁月神偷（Cover 金玟岐）",
            "artist": "昼夜",
            "id": 419837135
        },
        {
            "name": "平凡的一天 钢琴版",
            "artist": "昼夜",
            "id": 1458087341
        },
        {
            "name": "Lemon",
            "artist": "昼夜",
            "id": 1300140490
        },
        {
            "name": "夏天的风 钢琴版",
            "artist": "昼夜",
            "id": 1448055897
        },
        {
            "name": "所念皆星河 纯钢琴翻奏",
            "artist": "昼夜",
            "id": 1472131920
        },
        {
            "name": "银河赴约",
            "artist": "网易云音乐校园",
            "id": 1453907054
        },
        {
            "name": "ガラスびん",
            "artist": "余佰凌",
            "id": 1434651905
        },
        {
            "name": "天空的彼方",
            "artist": "余佰凌",
            "id": 1431705562
        },
        {
            "name": "夏の日花下顔をあわせる",
            "artist": "千万般遗憾",
            "id": 1432818571
        },
        {
            "name": "世░界░很░暗░",
            "artist": "千万般遗憾",
            "id": 1434026849
        },
        {
            "name": "winter",
            "artist": "千万般遗憾",
            "id": 1435103349
        },
        {
            "name": "spring",
            "artist": "千万般遗憾",
            "id": 1437950311
        },
        {
            "name": "我曾这样想念你",
            "artist": "千万般遗憾",
            "id": 1439138913
        },
        {
            "name": "请笃信一个梦 纯钢琴演奏版",
            "artist": "昼夜",
            "id": 1418260061
        },
        {
            "name": "因为时间不等了",
            "artist": "月海花千野",
            "id": 1418603358
        },
        {
            "name": "爱你就像爱生命",
            "artist": "月海花千野",
            "id": 1419095174
        },
        {
            "name": "桜の花",
            "artist": "月海花千野",
            "id": 1422013737
        },
        {
            "name": "Raining Night",
            "artist": "月海花千野",
            "id": 1423232262
        },
        {
            "name": "破碎の雨",
            "artist": "悲欢行者",
            "id": 1395649174
        },
        {
            "name": "周三的萤之森（Wednesday Firefly Forest）",
            "artist": "王子健",
            "id": 1423763644
        },
        {
            "name": "萤之森",
            "artist": "王子健",
            "id": 1423764350
        },
        {
            "name": "Guertena's Final Masterpiece",
            "artist": "饭碗的彼岸",
            "id": 35566789
        },
        {
            "name": "那家花店（纯音乐）",
            "artist": "CMJ",
            "id": 571866862
        },
        {
            "name": "寄给你全宇宙的爱和自太古至永劫的思念",
            "artist": "TAVOS",
            "id": 537223435
        },
        {
            "name": "四月樱花",
            "artist": "dylanf",
            "id": 1355079681
        },
        {
            "name": "十里樱花",
            "artist": "dylanf",
            "id": 1375319198
        },
        {
            "name": "Ending",
            "artist": "Candy_Wind",
            "id": 440355309
        },
        {
            "name": "所爱隔山海",
            "artist": "CMJ",
            "id": 1348896822
        },
        {
            "name": "Summer in My Heart",
            "artist": "Eric Chiryoku",
            "id": 448147526
        },
        {
            "name": "因你勇敢（武汉加油） 伴奏",
            "artist": "泥鳅Niko",
            "id": 1419449693
        },
        {
            "name": "周二的海（Tuesday Sea）",
            "artist": "王子健",
            "id": 1405156999
        },
        {
            "name": "梦江南（钢琴版）",
            "artist": "音乐人小笨喵",
            "id": 501061949
        },
        {
            "name": "转瞬",
            "artist": "叶轻衣",
            "id": 1411959056
        },
        {
            "name": "last",
            "artist": "MUSE XHIRO",
            "id": 1379150012
        },
        {
            "name": "人間の悲欢并不相通",
            "artist": "MUSE XHIRO",
            "id": 1393932768
        },
        {
            "name": "寂静的夜空",
            "artist": "MUSE XHIRO",
            "id": 1401745012
        },
        {
            "name": "Rainy Dumplings",
            "artist": "饭碗的彼岸",
            "id": 572182643
        },
        {
            "name": "争渡，争渡，惊起一滩鸥鹭（钢琴曲）",
            "artist": "潘佳杰",
            "id": 1390165957
        },
        {
            "name": "【钢琴】牵丝戏（Cover 银临 阿杰）",
            "artist": "昼夜",
            "id": 500021206
        },
        {
            "name": "病变 piano ver（Cover Cubi / BRGang / Aydo$）",
            "artist": "昼夜",
            "id": 535607947
        },
        {
            "name": "【钢琴】渔光曲",
            "artist": "昼夜",
            "id": 526363592
        },
        {
            "name": "夏琪",
            "artist": "昼夜",
            "id": 489270820
        },
        {
            "name": "哄你入睡",
            "artist": "昼夜",
            "id": 537510088
        },
        {
            "name": "静之守候",
            "artist": "Candy_Wind",
            "id": 424495344
        },
        {
            "name": "繁华的寂静",
            "artist": "文武贝",
            "id": 40257852
        },
        {
            "name": "itomori",
            "artist": "SimorE",
            "id": 455962695
        },
        {
            "name": "夏に花が散る",
            "artist": "羽肿",
            "id": 490687121
        },
        {
            "name": "海の涙",
            "artist": "出羽良彰",
            "id": 28445798
        },
        {
            "name": "No Regrets",
            "artist": "Yulia",
            "id": 28941461
        },
        {
            "name": "여름날의 소풍",
            "artist": "Yulia",
            "id": 5362093
        },
        {
            "name": "새벽 그림자",
            "artist": "Yulia",
            "id": 5362102
        },
        {
            "name": "我在那一角落患过伤风(钢琴版)",
            "artist": "群星",
            "id": 28406526
        },
        {
            "name": "《夜色钢琴曲》等你的季节",
            "artist": "赵海洋",
            "id": 31081015
        },
        {
            "name": "风居住的街道（Piano ver） (翻自 磯村由紀子）",
            "artist": "饭碗的彼岸",
            "id": 36897723
        },
        {
            "name": "《夜色钢琴曲》虹之间",
            "artist": "赵海洋",
            "id": 31134607
        },
        {
            "name": "Cry for the moon",
            "artist": "出羽良彰",
            "id": 28445796
        },
        {
            "name": "Something must have been changed since you leave",
            "artist": "SimorE",
            "id": 458321961
        },
        {
            "name": "ひとりにしないで",
            "artist": "岩崎元是",
            "id": 4941336
        },
        {
            "name": "Old Memory",
            "artist": "市川淳",
            "id": 477982
        },
        {
            "name": "The Right Path",
            "artist": "Thomas Greenberg",
            "id": 2061452
        },
        {
            "name": "Secret Base (吉他版)",
            "artist": "uBio高尾和树",
            "id": 33875750
        },
        {
            "name": "進撃gt20130218巨人",
            "artist": "澤野弘之",
            "id": 27853630
        },
        {
            "name": "River Flows In You",
            "artist": "Martin Ermen",
            "id": 20110049
        },
        {
            "name": "Regret",
            "artist": "Eric Chiryoku",
            "id": 26137945
        },
        {
            "name": "序曲-画城",
            "artist": "Candy_Wind",
            "id": 439138622
        },
        {
            "name": "Rainight",
            "artist": "Saiakoup",
            "id": 422427677
        },
        {
            "name": "冬之韵",
            "artist": "文武贝",
            "id": 40249973
        },
        {
            "name": "望天",
            "artist": "孙无忧",
            "id": 32217265
        },
        {
            "name": "Cold Winter",
            "artist": "July",
            "id": 33495597
        },
        {
            "name": "永遠",
            "artist": "岩崎琢",
            "id": 415143
        },
        {
            "name": "Autumn Journey",
            "artist": "Eric Chiryoku",
            "id": 26137944
        },
        {
            "name": "what for?",
            "artist": "sAr",
            "id": 25731432
        },
        {
            "name": "独行",
            "artist": "whtlook",
            "id": 410710596
        },
        {
            "name": "One More Chance (幻梦 Piano.Ver)",
            "artist": "十指流玉",
            "id": 431794174
        },
        {
            "name": "Take My Hand",
            "artist": "Omar Akram",
            "id": 1817328
        },
        {
            "name": "寂静之空",
            "artist": "傅许",
            "id": 461074907
        },
        {
            "name": "Somnambulating",
            "artist": "羽肿",
            "id": 427015054
        },
        {
            "name": "鸟之诗 (八音盒版)",
            "artist": "折戸伸治",
            "id": 28606052
        },
        {
            "name": "City",
            "artist": "羽肿",
            "id": 451319227
        },
        {
            "name": "Again（Cover 横山克）",
            "artist": "怪盗V",
            "id": 429460164
        },
        {
            "name": "繁华的风景",
            "artist": "Candy_Wind",
            "id": 522202385
        },
        {
            "name": "最初",
            "artist": "逆时针向",
            "id": 477417503
        },
        {
            "name": "小童年(钢琴曲)",
            "artist": "张宇桦",
            "id": 28160250
        },
        {
            "name": "葬花",
            "artist": "THT",
            "id": 503426999
        },
        {
            "name": "云村的告别",
            "artist": "邱有句",
            "id": 523863496
        },
        {
            "name": "Feeling The Rain",
            "artist": "MoreanP",
            "id": 496774187
        },
        {
            "name": "いつも何度でも",
            "artist": "宗次郎",
            "id": 480353
        },
        {
            "name": "猫的舞步",
            "artist": "Candy_Wind",
            "id": 523902194
        },
        {
            "name": "Princess",
            "artist": "α·Pav",
            "id": 357023
        },
        {
            "name": "三下五除二",
            "artist": "夏小舟",
            "id": 490994680
        },
        {
            "name": "해를 사랑한 별의 이야기",
            "artist": "Sow Sorrow",
            "id": 150084
        },
        {
            "name": "It's Your Birthday ",
            "artist": "Y.S.J",
            "id": 526294901
        },
        {
            "name": "Fwio",
            "artist": "Saiakoup",
            "id": 515384475
        },
        {
            "name": "Piano Moment",
            "artist": "Various Artists",
            "id": 413834950
        },
        {
            "name": "彼女の笑颜",
            "artist": "SimorE",
            "id": 460368978
        },
        {
            "name": "中二也要弹钢琴",
            "artist": "徐梦圆",
            "id": 34779260
        },
        {
            "name": "君をのせて (天空の城ラピュタ)",
            "artist": "久石譲",
            "id": 442319
        },
        {
            "name": "you",
            "artist": "M.Graveyard",
            "id": 786262
        },
        {
            "name": "夏天的思念",
            "artist": "邱有句",
            "id": 491142223
        },
        {
            "name": "春を知らせるもの~続 夏目友人帳のテーマ",
            "artist": "吉森信",
            "id": 541928
        },
        {
            "name": "Farewell",
            "artist": "十指流玉",
            "id": 491363930
        },
        {
            "name": "Bad Apple (八音盒版)",
            "artist": "Lizz Robinett",
            "id": 33785991
        },
        {
            "name": "许你浮生若梦即兴（piano ver.朱一龙/安悦溪）",
            "artist": "温野",
            "id": 1297489373
        },
        {
            "name": "初めてのデート",
            "artist": "SimorE",
            "id": 475774775
        },
        {
            "name": "Adagio for Summer Wind",
            "artist": "Key Sounds Label",
            "id": 760037
        },
        {
            "name": "Raindruight",
            "artist": "Saiakoup",
            "id": 519110227
        },
        {
            "name": "Last Reincarnation",
            "artist": "AniFace",
            "id": 451543833
        },
        {
            "name": "夜的钢琴曲五（Cover 石进）",
            "artist": "凌阳",
            "id": 530599381
        },
        {
            "name": "walking seasons",
            "artist": "COP",
            "id": 410715433
        },
        {
            "name": "Merry Christmas Mr Lawrence (main theme)",
            "artist": "Federica Fornabaio",
            "id": 17787253
        },
        {
            "name": "In Love",
            "artist": "July",
            "id": 26127161
        },
        {
            "name": "SAKURA",
            "artist": "邱有句",
            "id": 485035919
        },
        {
            "name": "Dusk",
            "artist": "Peter Jeremias",
            "id": 36953776
        },
        {
            "name": "いのちの名前",
            "artist": "広橋真紀子",
            "id": 578090
        },
        {
            "name": "For When You Are Alone",
            "artist": "Xeuphoria",
            "id": 421148106
        },
        {
            "name": "いつまでも一绪にいよう",
            "artist": "三輪学",
            "id": 478384
        },
        {
            "name": "时雨",
            "artist": "徐梦圆",
            "id": 34779255
        },
        {
            "name": "託された想い",
            "artist": "増田俊郎",
            "id": 28411043
        },
        {
            "name": "桜道",
            "artist": "Jusqu'à Grand-Père",
            "id": 756112
        },
        {
            "name": "Rain in the Park",
            "artist": "Marika Takeuchi",
            "id": 31452733
        },
        {
            "name": "アゲイン",
            "artist": "横山克",
            "id": 30245064
        },
        {
            "name": "失",
            "artist": "十指流玉",
            "id": 442899375
        },
        {
            "name": "雨空",
            "artist": "α·Pav",
            "id": 139206
        },
        {
            "name": "雨桜_",
            "artist": "S9ryne",
            "id": 41656794
        },
        {
            "name": "uzumakinoharu",
            "artist": "sasakure.UK",
            "id": 515337
        },
        {
            "name": "人间失格~メインテーマ~",
            "artist": "中島ノブユキ",
            "id": 482823
        },
        {
            "name": "城南花开-吉他版",
            "artist": "三亩地",
            "id": 516137362
        },
        {
            "name": "風見鶏",
            "artist": "DEPAPEPE",
            "id": 22688487
        },
        {
            "name": "Outro",
            "artist": "Mili",
            "id": 28921691
        },
        {
            "name": "桜雪",
            "artist": "V.A.",
            "id": 31477982
        },
        {
            "name": "星夜",
            "artist": "四季音色",
            "id": 411988490
        },
        {
            "name": "Rue des trois frères",
            "artist": "Fabrizio Paterlini",
            "id": 1369959
        },
        {
            "name": "니가 없는 시간 (Piano Ver.)",
            "artist": "Rainy Day",
            "id": 27580010
        },
        {
            "name": "《夜色钢琴曲》猜不透",
            "artist": "赵海洋",
            "id": 31066529
        },
        {
            "name": "【钢琴】海棠（Cover 玄觞）",
            "artist": "昼夜",
            "id": 494785994
        },
        {
            "name": "【钢琴】隔烟水（Cover 晃儿）",
            "artist": "昼夜",
            "id": 484998685
        },
        {
            "name": "【钢琴】清明雨上（Cover 许嵩）",
            "artist": "昼夜",
            "id": 520886838
        },
        {
            "name": "【钢琴】What are words",
            "artist": "昼夜",
            "id": 466652781
        },
        {
            "name": "Nuit Silencieuse",
            "artist": "Days",
            "id": 34916301
        },
        {
            "name": "淡い想い",
            "artist": "出羽良彰",
            "id": 28468136
        },
        {
            "name": "夢の歩みを見上げて",
            "artist": "松本文紀",
            "id": 399367379
        },
        {
            "name": "未言君名（你仍不知道那个夏天我为何没有说出你的名字）",
            "artist": "十指流玉",
            "id": 483204401
        },
        {
            "name": "Dear",
            "artist": "まらしぃ",
            "id": 22678650
        },
        {
            "name": "END THEME",
            "artist": "天門",
            "id": 528306
        },
        {
            "name": "The truth that you leave",
            "artist": "昼夜",
            "id": 413831247
        },
        {
            "name": "五月天 - 你不是真正的快乐 钢琴改编",
            "artist": "吴良友(米良三由屋)",
            "id": 479636227
        },
        {
            "name": "易水两岸",
            "artist": "魏小涵",
            "id": 392380
        },
        {
            "name": "If I were a Bird",
            "artist": "黒石ひとみ",
            "id": 591772
        },
        {
            "name": "【钢琴】《你的名字》插曲《三叶主题曲》",
            "artist": "疯狂粤语",
            "id": 448226072
        },
        {
            "name": "黄昏之时",
            "artist": "昼夜",
            "id": 444803467
        },
        {
            "name": "糸守に東京に（GuitarΠano）",
            "artist": "SimorE",
            "id": 454710238
        },
        {
            "name": "飞雪玉花-净友钢琴版",
            "artist": "净友",
            "id": 422429165
        },
        {
            "name": "我等你到三十五岁",
            "artist": "笛呆子囚牛",
            "id": 480530910
        },
        {
            "name": "【钢琴】撒野（Cover 欸-61）",
            "artist": "昼夜",
            "id": 496766064
        },
        {
            "name": "かたわれ時（翻自 野田洋次郎）",
            "artist": "奏有",
            "id": 444444075
        },
        {
            "name": "リフレイン ~Piano Version~",
            "artist": "Famishin",
            "id": 28838680
        },
        {
            "name": "secret base ～君がくれたもの～",
            "artist": "まらしぃ",
            "id": 428203407
        },
        {
            "name": "有哉と美月",
            "artist": "中西亮輔",
            "id": 30870642
        },
        {
            "name": "《E8r 钢琴曲》What Are Words",
            "artist": "E8r",
            "id": 463909292
        },
        {
            "name": "千百度（钢琴曲）",
            "artist": "钱晨航",
            "id": 417595476
        },
        {
            "name": "想い出は遠くの日々",
            "artist": "Eminence Symphony Orchestra",
            "id": 527573
        },
        {
            "name": "病名为爱 Piano Arrange ver.（Cover Neru & z'5 feat. 镜音铃 / 连）",
            "artist": "灰澈",
            "id": 511112636
        },
        {
            "name": "ふるさとの匂い",
            "artist": "吉森信",
            "id": 541853
        },
        {
            "name": "原来你一直都不曾存在于这个世界上过哪怕一分一秒",
            "artist": "持枪",
            "id": 1309458452
        },
        {
            "name": "Felicity",
            "artist": "Isaac Shepard",
            "id": 19934757
        },
        {
            "name": "别念",
            "artist": "Funton",
            "id": 552560922
        },
        {
            "name": "时间飞行 吉他版",
            "artist": "黎栩晴",
            "id": 863766185
        },
        {
            "name": "白色",
            "artist": "灰澈",
            "id": 494992638
        },
        {
            "name": "【钢琴】钢琴哭（Cover Linda Chung）",
            "artist": "昼夜",
            "id": 507514179
        },
        {
            "name": "地星撞海星抒情版（piano ver.白宇/朱一龙）",
            "artist": "温野",
            "id": 1294481574
        },
        {
            "name": "纯白",
            "artist": "V.K克",
            "id": 155866
        },
        {
            "name": "祝!恋ばな成就!",
            "artist": "増田俊郎",
            "id": 28411059
        },
        {
            "name": "Ascended Vibrations",
            "artist": "¿Téo?",
            "id": 462516170
        },
        {
            "name": "Song for Sienna",
            "artist": "Brian Crain",
            "id": 1091773
        },
        {
            "name": "彼方へ",
            "artist": "世间满樱花",
            "id": 464448450
        },
        {
            "name": "【钢琴】一番星（COVER 田井中彩智）",
            "artist": "昼夜",
            "id": 469083126
        },
        {
            "name": "My Soul",
            "artist": "July",
            "id": 5308028
        },
        {
            "name": "Time To Love",
            "artist": "October",
            "id": 28912659
        },
        {
            "name": "The truth that you leave",
            "artist": "Pianoboy高至豪",
            "id": 139774
        },
        {
            "name": "小幸运钢琴版(Pianoboy_COVER)",
            "artist": "Pianoboy高至豪",
            "id": 413831772
        },
        {
            "name": "海の見える街",
            "artist": "小坂明子",
            "id": 4988618
        },
        {
            "name": "勿念他归",
            "artist": "V.A.",
            "id": 28253999
        },
        {
            "name": "青石巷",
            "artist": "魏琮霏",
            "id": 422429425
        },
        {
            "name": "夜的钢琴曲四",
            "artist": "石进",
            "id": 149294
        },
        {
            "name": "River Flows in You",
            "artist": "Yiruma",
            "id": 26237342
        },
        {
            "name": "拥有Masbfca (广告配乐完整版)",
            "artist": "几米",
            "id": 103301
        },
        {
            "name": "幻想世界",
            "artist": "流派未確定",
            "id": 774472
        },
        {
            "name": "海の见える街",
            "artist": "α波オルゴール",
            "id": 4898912
        },
        {
            "name": "大鱼 钢琴版",
            "artist": "昼夜",
            "id": 414706265
        },
        {
            "name": "前前前世 绝美钢琴抒情柔版(翻自 RADWIMPS)(cover)",
            "artist": "至尊马甲",
            "id": 438431080
        },
        {
            "name": "犬夜叉——To Love's End（穿越时空的思念）",
            "artist": "Pianoking",
            "id": 426341677
        },
        {
            "name": "城南花已开",
            "artist": "三亩地",
            "id": 468176711
        },
        {
            "name": "Letter",
            "artist": "iris",
            "id": 26620638
        },
        {
            "name": "time flows away",
            "artist": "songroger",
            "id": 436668736
        },
        {
            "name": "【钢琴】Lemon（电视剧《非自然死亡》主题曲）",
            "artist": "Luna Safari",
            "id": 539954686
        },
        {
            "name": "Let me hear (Remix)",
            "artist": "S9ryne",
            "id": 30352983
        },
        {
            "name": "不老梦 (伴奏)",
            "artist": "银临",
            "id": 421885058
        }
    ]
}