{
    "playlist_info": {
        "name": "适合循环播放的纯音乐（二）",
        "trackcount": 47,
        "playcount": 740034,
        "creator": "樱井莜木",
        "createDate": "2015-09-13",
        "heat": 259.0
    },
    "songs": [
        {
            "name": "雲流れ",
            "artist": "みかん箱",
            "id": 785902
        },
        {
            "name": "夜明",
            "artist": "佐藤康夫",
            "id": 29047169
        },
        {
            "name": "潮鳴り",
            "artist": "折戸伸治",
            "id": 22707008
        },
        {
            "name": "カノン",
            "artist": "DJ Okawari",
            "id": 4894309
        },
        {
            "name": "与神ひよ",
            "artist": "樋口秀樹",
            "id": 4942608
        },
        {
            "name": "空に光る",
            "artist": "戸越まごめ",
            "id": 22707003
        },
        {
            "name": "寂しい夜",
            "artist": "三輪学",
            "id": 478127
        },
        {
            "name": "原始の森",
            "artist": "Dropの小屋。",
            "id": 22683858
        },
        {
            "name": "暮色蒼然",
            "artist": "はちみつれもん",
            "id": 744376
        },
        {
            "name": "青空教室",
            "artist": "水月陵",
            "id": 28941961
        },
        {
            "name": "what for?",
            "artist": "sAr",
            "id": 25731432
        },
        {
            "name": "Serenade",
            "artist": "Jim Brickman",
            "id": 18582321
        },
        {
            "name": "Everything",
            "artist": "Yinyues",
            "id": 29544794
        },
        {
            "name": "孤独な巡礼",
            "artist": "川井憲次",
            "id": 448065
        },
        {
            "name": "東山花灯路",
            "artist": "我々楽",
            "id": 28302615
        },
        {
            "name": "Represent",
            "artist": "DJ Okawari",
            "id": 22676165
        },
        {
            "name": "Moon Flow",
            "artist": "NOMAK",
            "id": 22844535
        },
        {
            "name": "Piano Beat",
            "artist": "BeaTsGOy",
            "id": 28949390
        },
        {
            "name": "Another Day",
            "artist": "DJ Siesta",
            "id": 28302653
        },
        {
            "name": "歳月-雲流れ-",
            "artist": "Foxtail-Grass Studio",
            "id": 730631
        },
        {
            "name": "騎士王の誇り",
            "artist": "川井憲次",
            "id": 448119
        },
        {
            "name": "さくらの季節",
            "artist": "38BEETS",
            "id": 874229
        },
        {
            "name": "いのちの名前",
            "artist": "広橋真紀子",
            "id": 578090
        },
        {
            "name": "過ぎ去りし夏",
            "artist": "Aleile",
            "id": 689636
        },
        {
            "name": "Mallow Flower",
            "artist": "Otokaze",
            "id": 22802176
        },
        {
            "name": "City of Twilight",
            "artist": "Raujika",
            "id": 496640
        },
        {
            "name": "あの丘を越えて",
            "artist": "MUSICな気分",
            "id": 689642
        },
        {
            "name": "昼下がりの憂鬱",
            "artist": "みかん箱",
            "id": 785887
        },
        {
            "name": "夏祭り、夢花火。",
            "artist": "妹尾武",
            "id": 28411784
        },
        {
            "name": "Neptune Illusion",
            "artist": "Dennis Kuo",
            "id": 1293036
        },
        {
            "name": "過ぎ去りし日々に",
            "artist": "水月陵",
            "id": 28138584
        },
        {
            "name": "水辺に映る白い鳥",
            "artist": "Ciela",
            "id": 689649
        },
        {
            "name": "白银桜华の降る郷",
            "artist": "来夢緑",
            "id": 775348
        },
        {
            "name": "追忆",
            "artist": "渡辺雅二",
            "id": 25860662
        },
        {
            "name": "Tomorrow With You",
            "artist": "Senpai",
            "id": 28996630
        },
        {
            "name": "キミを思うメロディー",
            "artist": "アッチョリケ",
            "id": 4966856
        },
        {
            "name": "幽雅に咲かせ、墨染の桜",
            "artist": "TAMUSIC",
            "id": 849691
        },
        {
            "name": "火宵の月・テーマ~ピアノソロ",
            "artist": "中村由利子",
            "id": 625671
        },
        {
            "name": "土着神の頂点 ～Native Faith",
            "artist": "Like a rabbit",
            "id": 4165168
        },
        {
            "name": "竹取飛翔 ～ Lunatic Princess",
            "artist": "Sensitive Heart",
            "id": 836384
        },
        {
            "name": "いのちの名前 ~ジブリ・メドレー~",
            "artist": "DJ SLY",
            "id": 4900975
        },
        {
            "name": "ゆめのおわりに",
            "artist": "Foxtail-Grass Studio",
            "id": 730690
        },
        {
            "name": "ヨスガノソラ メインテーマ -記憶-",
            "artist": "市川淳",
            "id": 477931
        },
        {
            "name": "秋姉妹のなく頃に in the autumn sky",
            "artist": "ばんばんしー",
            "id": 691506
        },
        {
            "name": "ヨスガノソラ メインテーマ -遠い空へ-",
            "artist": "市川淳",
            "id": 477913
        },
        {
            "name": "風舞う紅葉と実の薫り",
            "artist": "Foxtail-Grass Studio",
            "id": 730783
        },
        {
            "name": "ending     (红楼 ~ Eastern Dream... | 东方红魔乡)",
            "artist": "Sensitive Heart",
            "id": 836352
        }
    ]
}