{
    "playlist_info": {
        "name": "那些惊艳到骨子里的live现场",
        "trackcount": 287,
        "playcount": 719709,
        "creator": "銘訫傑",
        "createDate": "2020-11-19",
        "heat": 755.0
    },
    "songs": [
        {
            "name": "夏天的风 (Live)",
            "artist": "刘瑞琦",
            "id": 34274470
        },
        {
            "name": "丽江7.8",
            "artist": "时少华",
            "id": 2036211587
        },
        {
            "name": "风吹麦浪 (Live)",
            "artist": "李健",
            "id": 25714332
        },
        {
            "name": "歌曲：是妈妈是女儿",
            "artist": "黄绮珊",
            "id": 2016388265
        },
        {
            "name": "痛快通关",
            "artist": "李汶翰",
            "id": 2058723843
        },
        {
            "name": "一直很安静 (Live版)",
            "artist": "毛不易",
            "id": 2053617878
        },
        {
            "name": "开始懂了 (Live版)",
            "artist": "邓岳章",
            "id": 1878632186
        },
        {
            "name": "爱人错过 (Live版)",
            "artist": "告五人",
            "id": 2052368796
        },
        {
            "name": "江南 (Live)",
            "artist": "甄妮",
            "id": 29095128
        },
        {
            "name": "离不开你",
            "artist": "黄绮珊",
            "id": 430208496
        },
        {
            "name": "曾经我也想过一了百了",
            "artist": "林志炫",
            "id": 1884596485
        },
        {
            "name": "推开世界的门 (Live版)",
            "artist": "杨乃文",
            "id": 2040836984
        },
        {
            "name": "曾经的你",
            "artist": "许巍",
            "id": 1960403857
        },
        {
            "name": "崇拜 (Live)",
            "artist": "林俊杰",
            "id": 453491018
        },
        {
            "name": "西安人的歌 (live)",
            "artist": "程渤智",
            "id": 1398435591
        },
        {
            "name": "Love Story (1989 Mix)",
            "artist": "Taylor Swift",
            "id": 1809108646
        },
        {
            "name": "Letting Go (Live版)",
            "artist": "吉克隽逸",
            "id": 2048584480
        },
        {
            "name": "电梯战神 (LIVE版)",
            "artist": "宝石Gem",
            "id": 2048371219
        },
        {
            "name": "出现又离开 (Live)",
            "artist": "梁博",
            "id": 1363553440
        },
        {
            "name": "开往早晨的午夜 (Live)",
            "artist": "张碧晨",
            "id": 1888354408
        },
        {
            "name": "大风吹 (Live)",
            "artist": "刘惜君",
            "id": 1835283152
        },
        {
            "name": "身骑白马 (Live版)",
            "artist": "张杰",
            "id": 2038508476
        },
        {
            "name": "迷途羔羊 (Live)",
            "artist": "顽童MJ116",
            "id": 2007346948
        },
        {
            "name": "哈哈哈",
            "artist": "孟慧圆",
            "id": 1859899373
        },
        {
            "name": "马马嘟嘟骑 (Live)",
            "artist": "斯斯与帆",
            "id": 1370871505
        },
        {
            "name": "心墙 (Live版)",
            "artist": "郭静",
            "id": 2032434515
        },
        {
            "name": "想见你想见你想见你 (Live版)",
            "artist": "张杰",
            "id": 2030766928
        },
        {
            "name": "恋曲1980 (Live版)",
            "artist": "杨宗纬",
            "id": 2030766853
        },
        {
            "name": "少年中国说 (Live)",
            "artist": "张杰",
            "id": 1340001163
        },
        {
            "name": "花田错(Live)",
            "artist": "王力宏",
            "id": 25642227
        },
        {
            "name": "胆小鬼",
            "artist": "戴佩妮",
            "id": 1911866690
        },
        {
            "name": "蜂鸟 (Live)",
            "artist": "吴青峰",
            "id": 1351449986
        },
        {
            "name": "花火 (Live)",
            "artist": "新裤子",
            "id": 1373800857
        },
        {
            "name": "天空之城 (Live)",
            "artist": "蒋敦豪",
            "id": 421423022
        },
        {
            "name": "有一点动心 (Live)",
            "artist": "张信哲",
            "id": 445153131
        },
        {
            "name": "花田错 (Live)",
            "artist": "吴青峰",
            "id": 1353010640
        },
        {
            "name": "成全",
            "artist": "林宥嘉",
            "id": 431259309
        },
        {
            "name": "改变自己(Live)",
            "artist": "王力宏",
            "id": 25642225
        },
        {
            "name": "愿爱无忧 (Live)",
            "artist": "痛仰乐队",
            "id": 1479199254
        },
        {
            "name": "和你一样(Live)",
            "artist": "李宇春",
            "id": 254416
        },
        {
            "name": "慢冷 (Live)",
            "artist": "李荣浩",
            "id": 1969822728
        },
        {
            "name": "爱要怎么说出口 (Live)",
            "artist": "林俊杰",
            "id": 450222687
        },
        {
            "name": "他不懂",
            "artist": "郁可唯",
            "id": 1898194086
        },
        {
            "name": "身骑白马 (Live)",
            "artist": "周深",
            "id": 436699548
        },
        {
            "name": "ONE 一个 (Live 版)",
            "artist": "王力宏",
            "id": 2020252977
        },
        {
            "name": "大鱼（Live）",
            "artist": "郎朗",
            "id": 1491495234
        },
        {
            "name": "想把我唱给你听 (live版)",
            "artist": "李宇春",
            "id": 2010500307
        },
        {
            "name": "形容 (Live)",
            "artist": "告五人",
            "id": 1486060214
        },
        {
            "name": "遗憾 (Live)",
            "artist": "薛之谦",
            "id": 512489621
        },
        {
            "name": "普通朋友(Live)",
            "artist": "陶喆",
            "id": 150411
        },
        {
            "name": "默 (Live)",
            "artist": "李荣浩",
            "id": 1888354230
        },
        {
            "name": "许愿 (Live版)",
            "artist": "梁咏琪",
            "id": 2007332335
        },
        {
            "name": "唯一 (Live)",
            "artist": "苏见信 (信)",
            "id": 1952823709
        },
        {
            "name": "Classic Aftertaste Joanna (Live)",
            "artist": "王若琳",
            "id": 472060885
        },
        {
            "name": "至少还有你(Live)",
            "artist": "张国荣",
            "id": 187092
        },
        {
            "name": "小镇姑娘",
            "artist": "陶喆",
            "id": 150484
        },
        {
            "name": "谁动了我的琴弦 (Live)",
            "artist": "周笔畅",
            "id": 25641640
        },
        {
            "name": "Never Be Alone / Hey There Delilah (Live At Madison Square Garden/ 2016 / Medley)",
            "artist": "Shawn Mendes",
            "id": 448157854
        },
        {
            "name": "我用什么把你留住 (Live)",
            "artist": "福禄寿FloruitShow",
            "id": 1481100356
        },
        {
            "name": "关键词 (Live)",
            "artist": "叶炫清",
            "id": 440207932
        },
        {
            "name": "快乐指南 (Live版)",
            "artist": "孙悦",
            "id": 2005542321
        },
        {
            "name": "流沙(Live)",
            "artist": "陶喆",
            "id": 150405
        },
        {
            "name": "有你的快乐(Live)",
            "artist": "王若琳",
            "id": 25699020
        },
        {
            "name": "呓语 (Live)",
            "artist": "毛不易",
            "id": 1370886432
        },
        {
            "name": "第三人称 (Live)",
            "artist": "hush！",
            "id": 30394959
        },
        {
            "name": "孤勇者 (Live版)",
            "artist": "陈奕迅",
            "id": 1985221664
        },
        {
            "name": "靠近 (Live)",
            "artist": "袁娅维TIA RAY",
            "id": 1938019501
        },
        {
            "name": "春风十里 (Live)",
            "artist": "房东的猫",
            "id": 1300595161
        },
        {
            "name": "为你唱首歌（live in UK）",
            "artist": "痛仰乐队",
            "id": 1294924048
        },
        {
            "name": "梦中的哈德森 (Live版)",
            "artist": "赵雷",
            "id": 553534114
        },
        {
            "name": "你的爱情 (Live)",
            "artist": "逃跑计划",
            "id": 1340001858
        },
        {
            "name": "逆光 (Live)",
            "artist": "吴青峰",
            "id": 1396326032
        },
        {
            "name": "被动(Live)",
            "artist": "伍佰 & China Blue",
            "id": 156717
        },
        {
            "name": "为你我受冷风吹 (Live)",
            "artist": "许茹芸",
            "id": 33789135
        },
        {
            "name": "陷阱 (Live)",
            "artist": "王北车",
            "id": 1971107237
        },
        {
            "name": "越来越不懂 (Live)",
            "artist": "王金金",
            "id": 426881580
        },
        {
            "name": "加油 (Live)",
            "artist": "林俊杰",
            "id": 108190
        },
        {
            "name": "一万次悲伤 (Live) (徐歌阳胜出)",
            "artist": "徐歌阳",
            "id": 426502156
        },
        {
            "name": "把悲伤留给自己 (Live)",
            "artist": "Egemen",
            "id": 427614321
        },
        {
            "name": "记·念 (Live)",
            "artist": "雷雨心",
            "id": 33933412
        },
        {
            "name": "画",
            "artist": "赵雷",
            "id": 28269052
        },
        {
            "name": "小镇姑娘 (Live)",
            "artist": "袁成杰",
            "id": 1396326659
        },
        {
            "name": "庸俗情歌 (Live)",
            "artist": "大宽",
            "id": 1378288845
        },
        {
            "name": "爱人 (Live)",
            "artist": "大宽",
            "id": 1381160934
        },
        {
            "name": "我的秘密",
            "artist": "G.E.M.邓紫棋",
            "id": 233947
        },
        {
            "name": "爱如潮水 (Live)",
            "artist": "卫兰",
            "id": 30432232
        },
        {
            "name": "夕阳之歌(Live)",
            "artist": "梅艳芳",
            "id": 276225
        },
        {
            "name": "父亲写的散文诗 (Live)",
            "artist": "许飞",
            "id": 1342500368
        },
        {
            "name": "恋爱为何物 (Live)",
            "artist": "AGA",
            "id": 463352357
        },
        {
            "name": "爱就一个字",
            "artist": "张信哲",
            "id": 33599439
        },
        {
            "name": "寂寞沙洲冷 (Live)",
            "artist": "周传雄",
            "id": 33916775
        },
        {
            "name": "搜神记 (Live In Hong Kong / 2015)",
            "artist": "容祖儿",
            "id": 40140666
        },
        {
            "name": "可惜我是水瓶座 (Live)",
            "artist": "杨千嬅",
            "id": 27867496
        },
        {
            "name": "红绿灯",
            "artist": "郑融",
            "id": 28921565
        },
        {
            "name": "终身美丽 (Live)",
            "artist": "郑秀文",
            "id": 31246548
        },
        {
            "name": "下一站天后(Live)",
            "artist": "余文乐",
            "id": 178895
        },
        {
            "name": "谁伴我闯荡(Live)",
            "artist": "Beyond",
            "id": 347568
        },
        {
            "name": "记·念 (Live)",
            "artist": "周深",
            "id": 1960650720
        },
        {
            "name": "红日 (Live)",
            "artist": "林子祥",
            "id": 1957017384
        },
        {
            "name": "阳台上",
            "artist": "凤凰传奇",
            "id": 1906257966
        },
        {
            "name": "飞花 (Live)",
            "artist": "李克勤",
            "id": 1953436720
        },
        {
            "name": "挑战 (Live)",
            "artist": "刘惜君",
            "id": 1953435808
        },
        {
            "name": "下一站天后 (Live)",
            "artist": "李克勤",
            "id": 1953436735
        },
        {
            "name": "最佳损友 (Live)",
            "artist": "李克勤",
            "id": 1947537071
        },
        {
            "name": "敢爱敢做 (Live)",
            "artist": "林子祥",
            "id": 1951513476
        },
        {
            "name": "现代爱情故事 (Live)",
            "artist": "林晓峰",
            "id": 1951513479
        },
        {
            "name": "我钟意 (Live)",
            "artist": "魔动闪霸",
            "id": 1951513622
        },
        {
            "name": "今生今世 (Live)",
            "artist": "林晓峰",
            "id": 1949419768
        },
        {
            "name": "凭着爱 (Live)",
            "artist": "叶蒨文",
            "id": 1949413441
        },
        {
            "name": "遗憾 (Live)",
            "artist": "李代沫",
            "id": 1415966717
        },
        {
            "name": "高山低谷 (Live)",
            "artist": "杨千嬅",
            "id": 1947537070
        },
        {
            "name": "宁夏 (Live)",
            "artist": "梁静茹",
            "id": 254232
        },
        {
            "name": "遥远的她 (Live)",
            "artist": "张学友",
            "id": 188230
        },
        {
            "name": "终身美丽 (Live)",
            "artist": "李克勤",
            "id": 113838
        },
        {
            "name": "好歌献给你 (Live)",
            "artist": "林子祥",
            "id": 1940770373
        },
        {
            "name": "傻女 (Live)",
            "artist": "李克勤",
            "id": 1945356805
        },
        {
            "name": "崇拜 (live)",
            "artist": "林忆莲",
            "id": 464647428
        },
        {
            "name": "再见 (Live Piano Session II)",
            "artist": "G.E.M.邓紫棋",
            "id": 413834729
        },
        {
            "name": "单车 (Live)",
            "artist": "林子祥",
            "id": 1942989843
        },
        {
            "name": "在他乡(Live)",
            "artist": "水木年华",
            "id": 376070
        },
        {
            "name": "如果沉默是金 (Live)",
            "artist": "李健",
            "id": 1940769783
        },
        {
            "name": "初恋 (Live)",
            "artist": "Mike 曾比特",
            "id": 1940771892
        },
        {
            "name": "海阔天空 (Live)",
            "artist": "叶蒨文",
            "id": 1940772088
        },
        {
            "name": "生命中的时光 (Live 深圳, 2018)",
            "artist": "齐一",
            "id": 1301568521
        },
        {
            "name": "你瞒我瞒",
            "artist": "陈柏宇",
            "id": 455345415
        },
        {
            "name": "听海(live版)",
            "artist": "张惠妹",
            "id": 27928273
        },
        {
            "name": "童年 (Live)",
            "artist": "纵贯线",
            "id": 394625
        },
        {
            "name": "凄美地 (Live)",
            "artist": "袁娅维TIA RAY",
            "id": 1428598997
        },
        {
            "name": "艾蜜莉 (Live)",
            "artist": "回春丹",
            "id": 1907268718
        },
        {
            "name": "推开世界的门 (Live)",
            "artist": "杨乃文",
            "id": 1350658589
        },
        {
            "name": "亲爱的那不是爱情 (Live)",
            "artist": "张韶涵",
            "id": 36841953
        },
        {
            "name": "乌兰巴托的夜 (Live)",
            "artist": "谭维维",
            "id": 31877470
        },
        {
            "name": "思念是一种病(Live)",
            "artist": "张震岳",
            "id": 394485
        },
        {
            "name": "怪咖 (Live)",
            "artist": "薛之谦",
            "id": 1873374934
        },
        {
            "name": "不要怕 (Live)",
            "artist": "吉克隽逸",
            "id": 1436910063
        },
        {
            "name": "你不爱我我就爱别人",
            "artist": "Peace Hotel(和平饭店)",
            "id": 1861583359
        },
        {
            "name": "我怀念的 (Live)",
            "artist": "林俊杰",
            "id": 440207933
        },
        {
            "name": "你就不要想起我 (live)",
            "artist": "张杰",
            "id": 464674405
        },
        {
            "name": "人质(Live)",
            "artist": "杨宗纬",
            "id": 176035
        },
        {
            "name": "月半小夜曲 (Live)",
            "artist": "陈慧娴",
            "id": 422252223
        },
        {
            "name": "樱花树下 (Live)",
            "artist": "张敬轩",
            "id": 31421051
        },
        {
            "name": "为你钟情(Live)",
            "artist": "张国荣",
            "id": 187083
        },
        {
            "name": "沉默是金(Live)",
            "artist": "许冠杰",
            "id": 171254
        },
        {
            "name": "情人 (Live)",
            "artist": "卫兰",
            "id": 30432207
        },
        {
            "name": "十面埋伏 (Live)",
            "artist": "陈奕迅",
            "id": 65904
        },
        {
            "name": "倩女幽魂(Live)",
            "artist": "张国荣",
            "id": 188474
        },
        {
            "name": "画 (Live Piano Session II)",
            "artist": "G.E.M.邓紫棋",
            "id": 412911436
        },
        {
            "name": "为你我受冷风吹 (Live in Hong Kong/2011)",
            "artist": "林忆莲",
            "id": 255677
        },
        {
            "name": "爱的故事上集(Live)",
            "artist": "张敬轩",
            "id": 188522
        },
        {
            "name": "模特 (Live)",
            "artist": "李荣浩",
            "id": 31877157
        },
        {
            "name": "漠河舞厅live",
            "artist": "柳爽",
            "id": 1814896426
        },
        {
            "name": "爱，很简单",
            "artist": "陶喆",
            "id": 150496
        },
        {
            "name": "那是你离开了北京的生活 (live)",
            "artist": "薛之谦",
            "id": 1313107915
        },
        {
            "name": "美人鱼 (Live)",
            "artist": "林俊杰",
            "id": 108673
        },
        {
            "name": "Last Dance (Live)",
            "artist": "徐佳莹",
            "id": 1432427898
        },
        {
            "name": "夜车 (<歌手)",
            "artist": "陆虎",
            "id": 1848232739
        },
        {
            "name": "奢香夫人 (Live)",
            "artist": "凤凰传奇",
            "id": 1877017100
        },
        {
            "name": "画外人 (Live)",
            "artist": "郁一凡",
            "id": 1882397534
        },
        {
            "name": "Burrito (Live)",
            "artist": "Nono陈童言",
            "id": 1880847193
        },
        {
            "name": "最熟悉的陌生人 ",
            "artist": "张杰",
            "id": 1896178201
        },
        {
            "name": "被动 feat. 伍佰(Live)",
            "artist": "徐佳莹",
            "id": 1408017141
        },
        {
            "name": "保留 (“”歌手)",
            "artist": "彭席彦",
            "id": 1850263923
        },
        {
            "name": "有谱 (Live)",
            "artist": "李昂星",
            "id": 1880849699
        },
        {
            "name": "爱",
            "artist": "黄丽玲",
            "id": 31877581
        },
        {
            "name": "旅行 (Live)",
            "artist": "张磊",
            "id": 520242509
        },
        {
            "name": "童话镇Plus（Live）",
            "artist": "暗杠",
            "id": 566443468
        },
        {
            "name": "爱之初体验",
            "artist": "乌拉乐队",
            "id": 1454222055
        },
        {
            "name": "若把你 (live)",
            "artist": "Kirsty刘瑾睿",
            "id": 1875268926
        },
        {
            "name": "花火(Live)",
            "artist": "汪峰",
            "id": 155940
        },
        {
            "name": "日落大道 (Live)",
            "artist": "梁博",
            "id": 469410729
        },
        {
            "name": "那么骄傲",
            "artist": "金海心",
            "id": 1859899371
        },
        {
            "name": "New Boy",
            "artist": "房东的猫",
            "id": 1857630559
        },
        {
            "name": "悟空",
            "artist": "戴荃",
            "id": 33162226
        },
        {
            "name": "离开地球表面 (Live)",
            "artist": "萧敬腾",
            "id": 26075426
        },
        {
            "name": "鼓楼（live）",
            "artist": "乌拉乐队",
            "id": 1458830599
        },
        {
            "name": "房间（Live）",
            "artist": "刘瑞琦",
            "id": 1407424789
        },
        {
            "name": "理想三旬 (Live)",
            "artist": "谢春花",
            "id": 512359558
        },
        {
            "name": "隐形的翅膀 (Live)",
            "artist": "张韶涵",
            "id": 36871866
        },
        {
            "name": "仙儿 (Live)",
            "artist": "二手玫瑰",
            "id": 1357856747
        },
        {
            "name": "海底（Live）",
            "artist": "凤凰传奇",
            "id": 1840192925
        },
        {
            "name": "老男孩 (live)",
            "artist": "筷子兄弟",
            "id": 29932432
        },
        {
            "name": "绿光(Live)",
            "artist": "孙燕姿",
            "id": 287499
        },
        {
            "name": "路过人间 (Live)",
            "artist": "郁可唯",
            "id": 1495052210
        },
        {
            "name": "特別的爱给特別的你",
            "artist": "满文军",
            "id": 28427792
        },
        {
            "name": "恋曲1990(Live)",
            "artist": "纵贯线",
            "id": 394551
        },
        {
            "name": "IF YOU",
            "artist": "韩红",
            "id": 409941447
        },
        {
            "name": "Just The Way You Are",
            "artist": "张杰",
            "id": 28341144
        },
        {
            "name": "公路(Live)",
            "artist": "纵贯线",
            "id": 394461
        },
        {
            "name": "平凡之路 + See You Again (Live)",
            "artist": "张信哲",
            "id": 406086764
        },
        {
            "name": "亡命之徒(Live)",
            "artist": "纵贯线",
            "id": 394488
        },
        {
            "name": "阿楚姑娘 (Live)",
            "artist": "袁娅维TIA RAY",
            "id": 454924333
        },
        {
            "name": "我们 (Live)",
            "artist": "华晨宇",
            "id": 1428605192
        },
        {
            "name": "鼓楼先生 (Live)",
            "artist": "耿斯汉",
            "id": 1434062410
        },
        {
            "name": "我好想你",
            "artist": "徐佳莹",
            "id": 402070928
        },
        {
            "name": "多想在平庸的生活拥抱你 (Live)",
            "artist": "隔壁老樊",
            "id": 1424766691
        },
        {
            "name": "你的一生我只借一晚 (Live)",
            "artist": "耿斯汉",
            "id": 1440881222
        },
        {
            "name": "喜欢你",
            "artist": "徐佳莹",
            "id": 403710393
        },
        {
            "name": "喜欢你 (Live)",
            "artist": "G.E.M.邓紫棋",
            "id": 28427753
        },
        {
            "name": "他不懂 (Live)",
            "artist": "张杰",
            "id": 28406532
        },
        {
            "name": "第一滴泪 (Live)",
            "artist": "曾一鸣",
            "id": 1425818689
        },
        {
            "name": "突然好想你 (Live)",
            "artist": "徐佳莹",
            "id": 409060879
        },
        {
            "name": "洋葱 (Live)",
            "artist": "茜拉",
            "id": 28341142
        },
        {
            "name": "月亮惹的祸 (Live)",
            "artist": "张宇",
            "id": 28427713
        },
        {
            "name": "长镜头 (Live)",
            "artist": "杨宗纬",
            "id": 31877648
        },
        {
            "name": "月牙湾 (Live)",
            "artist": "袁娅维TIA RAY",
            "id": 1429908226
        },
        {
            "name": "小半 (Live)",
            "artist": "徐佳莹",
            "id": 1424774318
        },
        {
            "name": "烟花易冷 (Live)",
            "artist": "林志炫",
            "id": 25723157
        },
        {
            "name": "愿得一心人 (Live)",
            "artist": "周深",
            "id": 1422989604
        },
        {
            "name": "如果有来生(Live)",
            "artist": "谭维维",
            "id": 31877627
        },
        {
            "name": "给我一个理由忘记 (Live)",
            "artist": "黄丽玲",
            "id": 31877074
        },
        {
            "name": "有可能的夜晚 (Live)",
            "artist": "周深",
            "id": 1432427879
        },
        {
            "name": "有一种悲伤 (Live)",
            "artist": "袁娅维TIA RAY",
            "id": 1424766538
        },
        {
            "name": "春风十里 (Live)",
            "artist": "声入人心男团 Super Vocal",
            "id": 1439111143
        },
        {
            "name": "彩色的黑 (Live)",
            "artist": "吉克隽逸",
            "id": 1434062397
        },
        {
            "name": "天梯 (Live)",
            "artist": "李克勤",
            "id": 407002484
        },
        {
            "name": "Halo (Live)",
            "artist": "黄丽玲",
            "id": 31877482
        },
        {
            "name": "底细",
            "artist": "杨宗纬",
            "id": 28406531
        },
        {
            "name": "情人 (Live)",
            "artist": "古巨基",
            "id": 31877156
        },
        {
            "name": "Bang Bang Bang (Live)",
            "artist": "黄致列",
            "id": 402073801
        },
        {
            "name": "七重人格 (Live)",
            "artist": "华晨宇",
            "id": 1442842748
        },
        {
            "name": "欧若拉 (Live)",
            "artist": "张韶涵",
            "id": 36841951
        },
        {
            "name": "让",
            "artist": "萧煌奇",
            "id": 31877552
        },
        {
            "name": "好想爱这个世界啊 (Live)",
            "artist": "华晨宇",
            "id": 1436910205
        },
        {
            "name": "笑忘书 (Live)",
            "artist": "李荣浩",
            "id": 31877243
        },
        {
            "name": "知足 (Live)",
            "artist": "苏运莹",
            "id": 408332846
        },
        {
            "name": "匆匆那年 (Live)",
            "artist": "古巨基",
            "id": 31877481
        },
        {
            "name": "单车 (Live)",
            "artist": "李克勤",
            "id": 402073899
        },
        {
            "name": "想你的夜 (Live)",
            "artist": "茜拉",
            "id": 28427764
        },
        {
            "name": "可惜不是你 (Live)",
            "artist": "李克勤",
            "id": 406072960
        },
        {
            "name": "味道 (Live)",
            "artist": "胡彦斌",
            "id": 31877395
        },
        {
            "name": "我爱 (Live)",
            "artist": "袁娅维TIA RAY",
            "id": 1421191802
        },
        {
            "name": "来不及（Live）",
            "artist": "刘瑞琦",
            "id": 1407424616
        },
        {
            "name": "Monsters (Live)",
            "artist": "周深",
            "id": 1428598981
        },
        {
            "name": "达拉崩吧 (Live)",
            "artist": "周深",
            "id": 1434062381
        },
        {
            "name": "最长的电影",
            "artist": "茜拉",
            "id": 28427771
        },
        {
            "name": "明年今日 (2007 Live)",
            "artist": "陈奕迅",
            "id": 65312
        },
        {
            "name": "借 (Live)",
            "artist": "毛不易",
            "id": 1421191830
        },
        {
            "name": "天黑黑(Live)",
            "artist": "孙燕姿",
            "id": 287701
        },
        {
            "name": "我",
            "artist": "苏运莹",
            "id": 402070840
        },
        {
            "name": "平凡之路 (Live)",
            "artist": "朴树",
            "id": 500665346
        },
        {
            "name": "袖手旁观",
            "artist": "张宇",
            "id": 28427734
        },
        {
            "name": "浮夸 (Live)",
            "artist": "林志炫",
            "id": 26191007
        },
        {
            "name": "我还年轻 我还年轻 (Live)",
            "artist": "徐佳莹",
            "id": 1425818639
        },
        {
            "name": "17岁 (Live)",
            "artist": "刘德华",
            "id": 29723041
        },
        {
            "name": "信仰 (Live)",
            "artist": "张信哲",
            "id": 402073804
        },
        {
            "name": "谁 (Live版)",
            "artist": "廖俊涛",
            "id": 566436427
        },
        {
            "name": "我的未来不是梦 (Live)",
            "artist": "张杰",
            "id": 28427757
        },
        {
            "name": "夜空中最亮的星 (Live)",
            "artist": "张杰",
            "id": 28427772
        },
        {
            "name": "最美的太阳 (Live)",
            "artist": "张杰",
            "id": 28391017
        },
        {
            "name": "无赖(Live)",
            "artist": "郑中基",
            "id": 191159
        },
        {
            "name": "执迷不悔 (Live)",
            "artist": "王菲",
            "id": 22201021
        },
        {
            "name": "失落沙洲 (Live)",
            "artist": "徐佳莹",
            "id": 400161588
        },
        {
            "name": "可惜没如果(Live)",
            "artist": "林俊杰",
            "id": 399354373
        },
        {
            "name": "一起走过的日子(Live)",
            "artist": "刘德华",
            "id": 110377
        },
        {
            "name": "贝加尔湖畔 (Live)",
            "artist": "李健",
            "id": 31877245
        },
        {
            "name": "挪威的森林(Live)",
            "artist": "伍佰 & China Blue",
            "id": 27867372
        },
        {
            "name": "我要你 (live)",
            "artist": "张杰",
            "id": 466333791
        },
        {
            "name": "春天里 (Live)",
            "artist": "G.E.M.邓紫棋",
            "id": 28391021
        },
        {
            "name": "没离开过 (Live)",
            "artist": "林志炫",
            "id": 25714355
        },
        {
            "name": "无赖",
            "artist": "林忆莲",
            "id": 456185094
        },
        {
            "name": "龙卷风 (Live)",
            "artist": "G.E.M.邓紫棋",
            "id": 28427775
        },
        {
            "name": "月半小夜曲 (Live)",
            "artist": "容祖儿",
            "id": 404746059
        },
        {
            "name": "倒数 (Live)",
            "artist": "G.E.M.邓紫棋",
            "id": 1313107594
        },
        {
            "name": "泡沫 (Live)",
            "artist": "G.E.M.邓紫棋",
            "id": 28427707
        },
        {
            "name": "你不是真正的快乐 (Live)",
            "artist": "G.E.M.邓紫棋",
            "id": 28341146
        },
        {
            "name": "讲不出再见(Live)",
            "artist": "谭咏麟",
            "id": 153762
        },
        {
            "name": "暗里着迷(Live)",
            "artist": "刘德华",
            "id": 110768
        },
        {
            "name": "小城大事 (live)",
            "artist": "张学友",
            "id": 187937
        },
        {
            "name": "单车(Live)",
            "artist": "陈奕迅",
            "id": 64561
        },
        {
            "name": "十年(Live)",
            "artist": "韩红",
            "id": 31877628
        },
        {
            "name": "人来人往 (Live)",
            "artist": "陈奕迅",
            "id": 65923
        },
        {
            "name": "煎熬 (live)",
            "artist": "李佳薇",
            "id": 31877563
        },
        {
            "name": "浪费",
            "artist": "徐佳莹",
            "id": 407002483
        },
        {
            "name": "一样的月光 (Live)",
            "artist": "徐佳莹",
            "id": 1421191920
        },
        {
            "name": "冰雨(Live)",
            "artist": "刘德华",
            "id": 110397
        },
        {
            "name": "车站 (Live)",
            "artist": "李健",
            "id": 31877636
        },
        {
            "name": "人间 (Live)",
            "artist": "王菲",
            "id": 299238
        },
        {
            "name": "鬼迷心窍 (live)",
            "artist": "李宗盛",
            "id": 29932453
        },
        {
            "name": "爱如潮水 (live)",
            "artist": "张学友",
            "id": 187950
        },
        {
            "name": "男孩 (Live)",
            "artist": "梁博",
            "id": 467952048
        },
        {
            "name": "后来(国)(Live)",
            "artist": "张敬轩",
            "id": 188649
        },
        {
            "name": "野子 (Live)",
            "artist": "苏运莹",
            "id": 401723037
        },
        {
            "name": "空白格 (Live)",
            "artist": "杨宗纬",
            "id": 25714352
        },
        {
            "name": "父亲写的散文诗 (live)",
            "artist": "李健",
            "id": 464647429
        },
        {
            "name": "人间 (live)",
            "artist": "王菲",
            "id": 494858042
        },
        {
            "name": "不为谁而作的歌 (Live)",
            "artist": "徐佳莹",
            "id": 409060875
        },
        {
            "name": "半途而废 (Live)",
            "artist": "徐佳莹",
            "id": 1434057755
        }
    ]
}