{
    "playlist_info": {
        "name": "那些单曲循环的中文说唱",
        "trackcount": 165,
        "playcount": 5443861,
        "creator": "云朵西柚",
        "createDate": "2018-07-13",
        "heat": 3004.0
    },
    "songs": [
        {
            "name": "诀爱·尽 (LIVE版)",
            "artist": "盛宇D-SHINE",
            "id": 2054298885
        },
        {
            "name": "通途",
            "artist": "布瑞吉Bridge",
            "id": 1855124032
        },
        {
            "name": "123",
            "artist": "SSr",
            "id": 2002753297
        },
        {
            "name": "写不来情歌",
            "artist": "艾志恒Asen",
            "id": 1995339514
        },
        {
            "name": "回答",
            "artist": "YOUNG",
            "id": 1994863874
        },
        {
            "name": "你",
            "artist": "Tizzy T",
            "id": 1950528149
        },
        {
            "name": "NATASHA",
            "artist": "NINEONE#赵馨玥",
            "id": 1977929314
        },
        {
            "name": "抽象画家",
            "artist": "KKECHO",
            "id": 1970392508
        },
        {
            "name": "谁会被吻 (天气说变冷就变冷)",
            "artist": "Lil Jet",
            "id": 1987986734
        },
        {
            "name": "忏悔录",
            "artist": "KKECHO",
            "id": 1970396862
        },
        {
            "name": "麒麟 (LIVE版)",
            "artist": "早安",
            "id": 1969923877
        },
        {
            "name": "5：30 A.M.",
            "artist": "黄旭",
            "id": 1885943375
        },
        {
            "name": "一席之地（LIVE版）",
            "artist": "杨和苏KeyNG",
            "id": 1966272425
        },
        {
            "name": "隆里电丝 (Live)",
            "artist": "盛宇D-SHINE",
            "id": 1964443044
        },
        {
            "name": "嘻哈帝国 (Empire)",
            "artist": "Higher Brothers",
            "id": 1492886323
        },
        {
            "name": "双子座",
            "artist": "沙一汀EL",
            "id": 1952839183
        },
        {
            "name": "鲁伯特之泪",
            "artist": "Jvlin",
            "id": 1846653916
        },
        {
            "name": "想你",
            "artist": "姜云升",
            "id": 1949052976
        },
        {
            "name": "无名之辈",
            "artist": "法老",
            "id": 1965646815
        },
        {
            "name": "Like Me (feat. 袁娅维TIA RAY)",
            "artist": "马思唯",
            "id": 1929062437
        },
        {
            "name": "CartierMafia",
            "artist": "那奇沃夫",
            "id": 1899473139
        },
        {
            "name": "苦茶子",
            "artist": "Starling8",
            "id": 1922888354
        },
        {
            "name": "bosom friend",
            "artist": "-艾兜",
            "id": 1847268504
        },
        {
            "name": "SNTS",
            "artist": "马思唯",
            "id": 1926887192
        },
        {
            "name": "我的Folykiki",
            "artist": "沙一汀EL",
            "id": 1927412811
        },
        {
            "name": "0755",
            "artist": "Lil Jet",
            "id": 1323303769
        },
        {
            "name": "Fast Lane (feat. Lil Jet, 直火帮Chuck Zigga Jiang)",
            "artist": "直火帮_谢子通",
            "id": 1871204592
        },
        {
            "name": "Shanghai",
            "artist": "YOUNG13DBABY",
            "id": 1396126033
        },
        {
            "name": "浪漫主义2.0",
            "artist": "姜云升",
            "id": 1920025919
        },
        {
            "name": "孤独面店",
            "artist": "姜云升",
            "id": 1909021556
        },
        {
            "name": "蝉",
            "artist": "秃子2z",
            "id": 1907506345
        },
        {
            "name": "坦白",
            "artist": "KnowKnow",
            "id": 1903349476
        },
        {
            "name": "神魂颠倒",
            "artist": "邓典",
            "id": 1896102097
        },
        {
            "name": "危险派对",
            "artist": "王以太",
            "id": 1877996649
        },
        {
            "name": "艺术家",
            "artist": "MaySeventeen",
            "id": 1814636483
        },
        {
            "name": "国王与法老",
            "artist": "杨和苏KeyNG",
            "id": 1858696234
        },
        {
            "name": "少数派报告",
            "artist": "Tizzy T",
            "id": 1844152730
        },
        {
            "name": "梦寐以求",
            "artist": "Jony J",
            "id": 1886366510
        },
        {
            "name": "山脚",
            "artist": "Jony J",
            "id": 1886366521
        },
        {
            "name": "浪漫主义",
            "artist": "姜云升",
            "id": 1887917182
        },
        {
            "name": "欢迎光临",
            "artist": "Jony J",
            "id": 1805842261
        },
        {
            "name": "把握",
            "artist": "Jony J",
            "id": 1490922156
        },
        {
            "name": "SAD",
            "artist": "姜云升",
            "id": 1874158536
        },
        {
            "name": "单身公寓",
            "artist": "KEY.L刘聪",
            "id": 1876480955
        },
        {
            "name": "拼个世界给自己（keeppley 新世代BGM）",
            "artist": "姜云升",
            "id": 1849649776
        },
        {
            "name": "好久不见",
            "artist": "Lil Jet",
            "id": 1847422867
        },
        {
            "name": "花,太阳,彩虹,你",
            "artist": "Mai",
            "id": 1826189041
        },
        {
            "name": "RUNNING",
            "artist": "404 RAPPER",
            "id": 1406881700
        },
        {
            "name": "烟雾弹",
            "artist": "JD",
            "id": 536096107
        },
        {
            "name": "从1002搬到2903",
            "artist": "泥鳅Zinco",
            "id": 1472308044
        },
        {
            "name": "决不投降",
            "artist": "杨和苏KeyNG",
            "id": 1381583063
        },
        {
            "name": "K.O.",
            "artist": "高天佐Trouble.Z",
            "id": 1411990343
        },
        {
            "name": "On The Road",
            "artist": "王以太",
            "id": 1396141673
        },
        {
            "name": "Young Boss 2.0",
            "artist": "Lambert",
            "id": 1498066118
        },
        {
            "name": "荡漾RIPPLES",
            "artist": "ICE杨长青",
            "id": 1447966613
        },
        {
            "name": "Diablo",
            "artist": "沈常楽",
            "id": 1491071724
        },
        {
            "name": "水晶 (Live)",
            "artist": "GALI",
            "id": 1474621496
        },
        {
            "name": "Mr. Bentley",
            "artist": "KnowKnow",
            "id": 1408941727
        },
        {
            "name": "飘向北方 (Live)",
            "artist": "那吾克热-NW",
            "id": 1308818967
        },
        {
            "name": "诙谐",
            "artist": "直火帮_谢子通",
            "id": 1411790451
        },
        {
            "name": "经济舱 (Live)",
            "artist": "Kafe.Hu",
            "id": 1487528112
        },
        {
            "name": "败家子",
            "artist": "JarStick",
            "id": 1459848738
        },
        {
            "name": "麻烦",
            "artist": "Mc光光",
            "id": 509888057
        },
        {
            "name": "24",
            "artist": "泥鳅Zinco",
            "id": 1374653103
        },
        {
            "name": "镜|梦",
            "artist": "隆历奇",
            "id": 1407630181
        },
        {
            "name": "接力棒",
            "artist": "隆历奇",
            "id": 1406999479
        },
        {
            "name": "野格",
            "artist": "TheFEEX凯撒",
            "id": 1397096046
        },
        {
            "name": "Pay",
            "artist": "芮雪",
            "id": 1338104073
        },
        {
            "name": "天赐",
            "artist": "高天佐Trouble.Z",
            "id": 1392869663
        },
        {
            "name": "黑豹",
            "artist": "一泽万Easyone",
            "id": 1416700203
        },
        {
            "name": "不要链",
            "artist": "Mc光光",
            "id": 1354265120
        },
        {
            "name": "不停转",
            "artist": "Lil Jet",
            "id": 1356540295
        },
        {
            "name": "我真的没想好",
            "artist": "Lil Jet",
            "id": 1305366486
        },
        {
            "name": "奈非天",
            "artist": "Ice Paper",
            "id": 1354037219
        },
        {
            "name": "山羊",
            "artist": "王以太",
            "id": 1396005540
        },
        {
            "name": "飞碟ft.Lil Jet(Stay With You Remix Prod.By Cheat Codes&Cade)",
            "artist": "JarStick",
            "id": 498157907
        },
        {
            "name": "大四喜",
            "artist": "Free-Out",
            "id": 1408763453
        },
        {
            "name": "人间天堂",
            "artist": "王以太",
            "id": 1396005548
        },
        {
            "name": "桌球棋牌Feat.Buzzy/Ms.CANG",
            "artist": "Lil Jet",
            "id": 450562488
        },
        {
            "name": "戏精急诊室(ft.Lil Jet)",
            "artist": "孙瑄阳Xtina",
            "id": 1311346765
        },
        {
            "name": "Hey Kong (Live)",
            "artist": "KEY.L刘聪",
            "id": 1384570306
        },
        {
            "name": "红房间",
            "artist": "Ice Paper",
            "id": 1327066230
        },
        {
            "name": "陷阱历险记",
            "artist": "Lil Jet",
            "id": 1336871720
        },
        {
            "name": "好了没有 （feat.Red K）",
            "artist": "Lil Jet",
            "id": 1394068433
        },
        {
            "name": "Merry Xmas/Marry me",
            "artist": "刘思鉴",
            "id": 526161446
        },
        {
            "name": "斗转星移",
            "artist": "Ice Paper",
            "id": 1349279435
        },
        {
            "name": "鹰feat.Yee",
            "artist": "Lil Jet",
            "id": 493959115
        },
        {
            "name": "芭芘(Barbie)",
            "artist": "Kc",
            "id": 1320645226
        },
        {
            "name": "MARIO",
            "artist": "Lil Jet",
            "id": 1365898224
        },
        {
            "name": "容身之地",
            "artist": "Ice Paper",
            "id": 1350571417
        },
        {
            "name": "Holiday",
            "artist": "Round_2",
            "id": 574493049
        },
        {
            "name": "梦",
            "artist": "Lil Jet",
            "id": 1356537436
        },
        {
            "name": "MY BOO",
            "artist": "KEY.L刘聪",
            "id": 1395632515
        },
        {
            "name": "明争暗斗",
            "artist": "Ice Paper",
            "id": 1349279287
        },
        {
            "name": "野狼disco",
            "artist": "宝石Gem",
            "id": 1357785909
        },
        {
            "name": "棕旨",
            "artist": "Ice Paper",
            "id": 1321929928
        },
        {
            "name": "蝴蝶效应",
            "artist": "鬼卞",
            "id": 1336864844
        },
        {
            "name": "两个人的沙漠",
            "artist": "Lil Jet",
            "id": 553815236
        },
        {
            "name": "拖延症",
            "artist": "直火帮 Straight Fire Gang",
            "id": 573787796
        },
        {
            "name": "褓宝",
            "artist": "艾瑞欧ERIOE",
            "id": 1325426215
        },
        {
            "name": "Kill The Game",
            "artist": "Round_2",
            "id": 1340535891
        },
        {
            "name": "此时此刻",
            "artist": "Round_2",
            "id": 1340914733
        },
        {
            "name": "爱如潮水(Remix)",
            "artist": "程浩天MARIO",
            "id": 533548318
        },
        {
            "name": "Wait for you (Live)",
            "artist": "杨和苏KeyNG",
            "id": 1386079926
        },
        {
            "name": "攀登 (Live)",
            "artist": "潘玮柏",
            "id": 1313107926
        },
        {
            "name": "个人简介 Pt.2",
            "artist": "安全着陆",
            "id": 1309823003
        },
        {
            "name": "我知道",
            "artist": "直火帮_谢子通",
            "id": 1294676267
        },
        {
            "name": "世界末日Remix",
            "artist": "BigYear大年",
            "id": 485967984
        },
        {
            "name": "嗯哼?",
            "artist": "丸",
            "id": 501529541
        },
        {
            "name": "庆功酒(Jungle Juice)",
            "artist": "FOX胡天渝",
            "id": 562118482
        },
        {
            "name": "飞行随笔(Airplane Freestyle)",
            "artist": "FOX胡天渝",
            "id": 1320100120
        },
        {
            "name": "人间不值得(Prod.P$YCHO)",
            "artist": "小白羊HUSH",
            "id": 561999698
        },
        {
            "name": "宝藏女友",
            "artist": "张长生",
            "id": 1349965887
        },
        {
            "name": "湖",
            "artist": "李棒棒Muti",
            "id": 1321631043
        },
        {
            "name": "反面教材",
            "artist": "Kc",
            "id": 1322261402
        },
        {
            "name": "'16 Spring Freestyle",
            "artist": "直火帮 Straight Fire Gang",
            "id": 408307995
        },
        {
            "name": "新鲜感",
            "artist": "大能人(雷智皓)",
            "id": 446627373
        },
        {
            "name": "你看得见",
            "artist": "Jony J",
            "id": 501220404
        },
        {
            "name": "登机口",
            "artist": "安全着陆",
            "id": 1294924889
        },
        {
            "name": "不如不见面",
            "artist": "梁老师Tsong",
            "id": 571472967
        },
        {
            "name": "28",
            "artist": "Jony J",
            "id": 1325898283
        },
        {
            "name": "Bad and Boujee",
            "artist": "Migos",
            "id": 427595614
        },
        {
            "name": "10（Prod.By 鹤仙问鹿仙）",
            "artist": "泥鳅Zinco",
            "id": 574852415
        },
        {
            "name": "Gwola",
            "artist": "Honey Cocaine",
            "id": 33469355
        },
        {
            "name": "sik-k - Don't Play (Remix)",
            "artist": "CnYsL_MsaiKY",
            "id": 450385960
        },
        {
            "name": "说句实话",
            "artist": "Lil Jet",
            "id": 496107851
        },
        {
            "name": "MILKETEA",
            "artist": "JAEFOREAL",
            "id": 490264177
        },
        {
            "name": "每一天",
            "artist": "满舒克",
            "id": 41657467
        },
        {
            "name": "Soul",
            "artist": "ZJ",
            "id": 1331981649
        },
        {
            "name": "喽啰",
            "artist": "Jony J",
            "id": 1325896427
        },
        {
            "name": "卸妆后的夜晚",
            "artist": "安全着陆",
            "id": 1294899915
        },
        {
            "name": "Open It Up",
            "artist": "Higher Brothers",
            "id": 1339066481
        },
        {
            "name": "末班车",
            "artist": "黑羊",
            "id": 417595727
        },
        {
            "name": "I don't wanna see u anymore",
            "artist": "NINEONE#赵馨玥",
            "id": 528326686
        },
        {
            "name": "勿念",
            "artist": "PRC",
            "id": 516642884
        },
        {
            "name": "Red",
            "artist": "王嘉尔",
            "id": 1339422595
        },
        {
            "name": "Take It All In",
            "artist": "Russ",
            "id": 459925763
        },
        {
            "name": "自白书 僵尸 feat 梁老师T.$ong",
            "artist": "梁老师Tsong",
            "id": 440090070
        },
        {
            "name": "走心小卖家",
            "artist": "张雪飞",
            "id": 493784861
        },
        {
            "name": "不愿回头",
            "artist": "南征北战NZBZ",
            "id": 409302163
        },
        {
            "name": "Colorful World",
            "artist": "Vinida (万妮达)",
            "id": 405253317
        },
        {
            "name": "DAY LOVE NIGHT",
            "artist": "7JZ",
            "id": 28784206
        },
        {
            "name": "Lover Boy 88",
            "artist": "Higher Brothers",
            "id": 864647456
        },
        {
            "name": "Merry christmas",
            "artist": "gcolt",
            "id": 446177131
        },
        {
            "name": "Mambo",
            "artist": "Tropkillaz",
            "id": 32405074
        },
        {
            "name": "宫城良田",
            "artist": "安全着陆",
            "id": 1294910928
        },
        {
            "name": "执迷Remix",
            "artist": "Buzzy",
            "id": 429460407
        },
        {
            "name": "一点点",
            "artist": "lilMoGo",
            "id": 1320341933
        },
        {
            "name": "迷途羔羊",
            "artist": "张震岳",
            "id": 454698657
        },
        {
            "name": "谢谢你",
            "artist": "Mc光光",
            "id": 462565213
        },
        {
            "name": "我不会说",
            "artist": "wweimm微米",
            "id": 1306448404
        },
        {
            "name": "虚&实",
            "artist": "LegIoN袁乾",
            "id": 1311124567
        },
        {
            "name": "说唱大帝",
            "artist": "俞天时KOZAY",
            "id": 529902688
        },
        {
            "name": "困住",
            "artist": "wweimm微米",
            "id": 1316746069
        },
        {
            "name": "慢慢来",
            "artist": "Jony J",
            "id": 436667978
        },
        {
            "name": "你的前男友",
            "artist": "Young 7",
            "id": 1298219148
        },
        {
            "name": "独行侠",
            "artist": "宋恩泽YKEY",
            "id": 462769331
        },
        {
            "name": "love9",
            "artist": "章宇轩",
            "id": 574786881
        },
        {
            "name": "嘲笑声",
            "artist": "Big Daddy",
            "id": 420401441
        },
        {
            "name": "Moonlight (中文版)",
            "artist": "潘玮柏",
            "id": 1298976829
        },
        {
            "name": "Three Pass (Live)",
            "artist": "那吾克热-NW",
            "id": 1294924176
        },
        {
            "name": "听听我说的吧 (Live)",
            "artist": "蔡徐坤",
            "id": 545592271
        },
        {
            "name": "返老还童",
            "artist": "胡彦斌",
            "id": 530986052
        },
        {
            "name": "信仰",
            "artist": "Jony J",
            "id": 31260611
        },
        {
            "name": "奴隶",
            "artist": "Jony J",
            "id": 534542490
        }
    ]
}