{
    "playlist_info": {
        "name": "那你呢 会忘了她吗",
        "trackcount": 118,
        "playcount": 4290527,
        "creator": "决劣",
        "createDate": "2019-09-07",
        "heat": 3084.0
    },
    "songs": [
        {
            "name": "你的收场就像没爱过我一样",
            "artist": "会心疼我嘛",
            "id": 1835523242
        },
        {
            "name": "夏天遇见的你",
            "artist": "Moly",
            "id": 1498952246
        },
        {
            "name": "真正的喜欢就是不温柔的人为你做温柔的事”——天黑黑",
            "artist": "流行歌手伊布",
            "id": 1854274397
        },
        {
            "name": "桃花诺",
            "artist": "艾酱儿",
            "id": 2058175879
        },
        {
            "name": "晴（女生完整版）",
            "artist": "艾酱儿",
            "id": 2055782774
        },
        {
            "name": "想见你想见你想见你",
            "artist": "阿冗",
            "id": 1430287528
        },
        {
            "name": "三两句（0.8×）",
            "artist": "许星纯",
            "id": 1990086349
        },
        {
            "name": "五年",
            "artist": "SOG",
            "id": 2049573316
        },
        {
            "name": "流星雨又来临（0.9X",
            "artist": "判",
            "id": 1990143903
        },
        {
            "name": "放晴 0.75x",
            "artist": "笨猪boy",
            "id": 2001370702
        },
        {
            "name": "收藏(0.8x)",
            "artist": "呢喃",
            "id": 1958934349
        },
        {
            "name": "希望你以后遇见的人值得你错过我",
            "artist": "会心疼我嘛",
            "id": 1491714569
        },
        {
            "name": "希望你不后悔认识我也真的快乐过",
            "artist": "会心疼我嘛",
            "id": 1805453476
        },
        {
            "name": "就让这大雨全都落下",
            "artist": "WiFi歪歪",
            "id": 2022010209
        },
        {
            "name": "乌云(cover by 董唧唧)",
            "artist": "Double C",
            "id": 2012940066
        },
        {
            "name": "最后一页",
            "artist": "张萧介",
            "id": 1933263161
        },
        {
            "name": "开始懂了",
            "artist": "阿冗",
            "id": 1938049567
        },
        {
            "name": "反正",
            "artist": "一格",
            "id": 1984305554
        },
        {
            "name": "裹着心的光",
            "artist": "Natsu团长",
            "id": 2005250226
        },
        {
            "name": "你从未离去",
            "artist": "市区",
            "id": 1943186437
        },
        {
            "name": "Hold me tight",
            "artist": "Holy",
            "id": 1897277418
        },
        {
            "name": "荷塘月色-间距（别再出现了 remix）",
            "artist": "宁顺标",
            "id": 1966766359
        },
        {
            "name": "【翻唱】步步-五月天",
            "artist": "西轰Eight",
            "id": 420397651
        },
        {
            "name": "结果",
            "artist": "Aioz",
            "id": 1961792088
        },
        {
            "name": "错过",
            "artist": "是你的垚",
            "id": 1445733547
        },
        {
            "name": "很難受吧突然就陌生了",
            "artist": "会心疼我嘛",
            "id": 1487659896
        },
        {
            "name": "遇到喜欢的人就把我忘了吧",
            "artist": "熊念念",
            "id": 1945067141
        },
        {
            "name": "肩并肩的友谊永远胜于敷衍的爱情",
            "artist": "至此间",
            "id": 1909412459
        },
        {
            "name": "也许会很久 但到最后 总会释怀",
            "artist": "至此间",
            "id": 1913880307
        },
        {
            "name": "爱的回归线（旺仔小乔）",
            "artist": "山崎泽野",
            "id": 1924044072
        },
        {
            "name": "一个人想着一个人 ",
            "artist": "如懿",
            "id": 1429716422
        },
        {
            "name": "我看过",
            "artist": "周星星",
            "id": 1459935719
        },
        {
            "name": "海的那边还是海吗",
            "artist": "会心疼我嘛",
            "id": 1865518299
        },
        {
            "name": "达尔文",
            "artist": "杨搏",
            "id": 862832645
        },
        {
            "name": "说了再见(伤感女声版)",
            "artist": "南辰Music",
            "id": 1831803015
        },
        {
            "name": "Letting Go",
            "artist": "陈老兮",
            "id": 1336205537
        },
        {
            "name": "寂寞烟火(弹唱版）",
            "artist": "冠楚",
            "id": 1897637846
        },
        {
            "name": "多希望你能坚定的选择我",
            "artist": "会心疼我嘛",
            "id": 1489664854
        },
        {
            "name": "必杀技",
            "artist": "Ecrolyn",
            "id": 1357399743
        },
        {
            "name": "辜负",
            "artist": "马梓皓",
            "id": 1806791354
        },
        {
            "name": "喷泉0.8x（老田）",
            "artist": "记得每天要说晚安",
            "id": 1841356713
        },
        {
            "name": "Say goodbye",
            "artist": "冰美式不加糖",
            "id": 1879065755
        },
        {
            "name": "开始懂了(抖音版)",
            "artist": "毛一诺",
            "id": 1830745318
        },
        {
            "name": "指纹",
            "artist": "杜宣达",
            "id": 1887139866
        },
        {
            "name": "无关的人",
            "artist": "杜宣达",
            "id": 1824047822
        },
        {
            "name": "别渴望",
            "artist": "KongChou",
            "id": 1442664535
        },
        {
            "name": "终散",
            "artist": "月尘",
            "id": 1822701451
        },
        {
            "name": "会呼吸的痛 (抖音片段)",
            "artist": "连岑兴",
            "id": 1866823337
        },
        {
            "name": "爱你是我最初的梦想（王靖雯片段版）",
            "artist": "枕柯",
            "id": 1836839832
        },
        {
            "name": "你好不好（片段版）",
            "artist": "枕柯",
            "id": 1818751222
        },
        {
            "name": "学不会翻自林俊杰（片段版）",
            "artist": "枕柯",
            "id": 1818754897
        },
        {
            "name": "那么多意外",
            "artist": "吴炳文",
            "id": 1841222260
        },
        {
            "name": "火海(抖音版)",
            "artist": "如梦令",
            "id": 1831467507
        },
        {
            "name": "是想你的声音啊",
            "artist": "傲七爷",
            "id": 1459950258
        },
        {
            "name": "会呼吸的痛",
            "artist": "褚凯乐",
            "id": 1479746851
        },
        {
            "name": "你口中的不合适(说唱版)",
            "artist": "群星",
            "id": 1831426443
        },
        {
            "name": "“被爱当然很好 如果没有也没关系”",
            "artist": "赖蕊",
            "id": 1811651952
        },
        {
            "name": "茫",
            "artist": "李润祺",
            "id": 1495058484
        },
        {
            "name": "嘉宾",
            "artist": "路飞文",
            "id": 1846489646
        },
        {
            "name": "欢",
            "artist": "刘大壮",
            "id": 1806336043
        },
        {
            "name": "到此为止",
            "artist": "昭爻tsuki",
            "id": 1363168477
        },
        {
            "name": "星星在唱歌（片段）（翻自 小乐哥）",
            "artist": "是霖凯阿",
            "id": 1828626974
        },
        {
            "name": "最后没有你（片段）",
            "artist": "王泽科",
            "id": 1369609326
        },
        {
            "name": "讨厌冷冰冰的话",
            "artist": "会心疼我嘛",
            "id": 1858097730
        },
        {
            "name": "JS-这就是爱（超好听女声）（周标 remix）",
            "artist": "周标",
            "id": 1806679060
        },
        {
            "name": "可惜你不爱我///lord sad",
            "artist": "李思楠",
            "id": 1833931051
        },
        {
            "name": "会不会（翻自 刘大壮）",
            "artist": "旺仔小乔",
            "id": 1482169092
        },
        {
            "name": "心跳的证明",
            "artist": "池鱼",
            "id": 1487635743
        },
        {
            "name": "勇气(片段)",
            "artist": "是你的小辉",
            "id": 1444526140
        },
        {
            "name": "怪我太爱你【吉他弹唱版】",
            "artist": "张某某学长",
            "id": 1426938921
        },
        {
            "name": "尘埃",
            "artist": "袁王月",
            "id": 1435158305
        },
        {
            "name": "我走后（抖音段）",
            "artist": "祥云",
            "id": 1428834285
        },
        {
            "name": "洋葱",
            "artist": "苗田雨",
            "id": 1457801270
        },
        {
            "name": "遗憾",
            "artist": "阿虾",
            "id": 1380149450
        },
        {
            "name": "雨爱（抖音版）",
            "artist": "灏灏灏仔",
            "id": 1446137141
        },
        {
            "name": "第一次爱的人",
            "artist": "如懿",
            "id": 1429781378
        },
        {
            "name": "与我无关（治愈女声）",
            "artist": "龙昱彤",
            "id": 1429363574
        },
        {
            "name": "即兴（片段）",
            "artist": "王小红i",
            "id": 1456652797
        },
        {
            "name": "我连未来都想好了（翻自 林达浪）",
            "artist": "小噺",
            "id": 1439644485
        },
        {
            "name": "我走后（女版很难过）",
            "artist": "予瑄",
            "id": 1384645299
        },
        {
            "name": "迷人的危险（片段版）",
            "artist": "袁王月",
            "id": 1430444978
        },
        {
            "name": "连名带姓",
            "artist": "Crush",
            "id": 1479206869
        },
        {
            "name": "日不落(抒情版)",
            "artist": "JjIiHhAaNnGg",
            "id": 1477320048
        },
        {
            "name": "试着忘记",
            "artist": "卢卢快闭嘴",
            "id": 1810711312
        },
        {
            "name": "手心的蔷薇【仿音版】（翻自 邓紫棋）",
            "artist": "熙月月",
            "id": 1821531940
        },
        {
            "name": "中间人(抖音男声版、少数的人知道该怎么走)",
            "artist": "Mpyinma",
            "id": 1818502219
        },
        {
            "name": "手心的蔷薇（翻自 群星）",
            "artist": "湫",
            "id": 1813183766
        },
        {
            "name": "千千万万（男声吉他版）",
            "artist": "林加弦-",
            "id": 1812291447
        },
        {
            "name": "没了我你依然拥有太阳（demo）",
            "artist": "黄霄雲",
            "id": 1402718552
        },
        {
            "name": "黄昏",
            "artist": "王小浪",
            "id": 1443198603
        },
        {
            "name": "阿拉斯加海湾（治愈版）",
            "artist": "林加弦-",
            "id": 1497146954
        },
        {
            "name": "你好不好",
            "artist": "ukakakaxxl",
            "id": 1476879471
        },
        {
            "name": "影子",
            "artist": "樑末",
            "id": 1422013204
        },
        {
            "name": "顽皮Ｖ仔 - 别怕我伤心《烟酒嗓》",
            "artist": "顽皮V仔",
            "id": 1454016206
        },
        {
            "name": "雨爱",
            "artist": "如懿",
            "id": 1450213614
        },
        {
            "name": "故里逢春（李飘飘抖音版）（翻自 喔喔）",
            "artist": "抖音热歌DJ",
            "id": 1466319568
        },
        {
            "name": "雨爱",
            "artist": "不是花火呀",
            "id": 1467444619
        },
        {
            "name": "一分一寸",
            "artist": "不是花火呀",
            "id": 1804614734
        },
        {
            "name": "最（吉他版）",
            "artist": "李大大",
            "id": 1808738137
        },
        {
            "name": "我想念那个不下雪的冬天",
            "artist": "南浔",
            "id": 1451518058
        },
        {
            "name": "下雨天（live）",
            "artist": "李锐涵（Rayhan）",
            "id": 1423746121
        },
        {
            "name": "洋葱",
            "artist": "刘大壮",
            "id": 1463102760
        },
        {
            "name": "不说",
            "artist": "你的星冰乐",
            "id": 1471998731
        },
        {
            "name": "冬眠",
            "artist": "齐欣雨",
            "id": 1422320871
        },
        {
            "name": "你走（抖音版）（翻自 松紧先生（李宗锦））",
            "artist": "来一碗老于",
            "id": 1462822758
        },
        {
            "name": "太多",
            "artist": "阿冗",
            "id": 1339315554
        },
        {
            "name": "不说（翻自 周公）",
            "artist": "小恒在这里",
            "id": 1466867610
        },
        {
            "name": "爱自己更深（翻自 DIOR 大颖）",
            "artist": "吴大文",
            "id": 1449420683
        },
        {
            "name": "红色高跟鞋",
            "artist": "喔喔",
            "id": 1441080789
        },
        {
            "name": "太冲动的我",
            "artist": "黄子彦",
            "id": 1427483213
        },
        {
            "name": "夏天的风（男声 吉他版）",
            "artist": "林加弦-",
            "id": 1434181586
        },
        {
            "name": "丝路",
            "artist": "你的星冰乐",
            "id": 1413185350
        },
        {
            "name": "有幸",
            "artist": "陈阳",
            "id": 1401595021
        },
        {
            "name": "影子（Cover 吴琼）",
            "artist": "洛尘鞅_",
            "id": 505918397
        },
        {
            "name": "时迁（片段版demo）",
            "artist": "耳朵玥",
            "id": 1379083033
        },
        {
            "name": "爱呀（cover金玟岐）（翻自 金玟岐） ",
            "artist": "粥粥和小伙",
            "id": 1316659173
        },
        {
            "name": "隔离区（片段） ",
            "artist": "王泽科",
            "id": 1375247118
        },
        {
            "name": "错的人(片段版)",
            "artist": "王泽科",
            "id": 1365032837
        }
    ]
}