{
    "playlist_info": {
        "name": "那些甜甜的说唱",
        "trackcount": 287,
        "playcount": 1967736,
        "creator": "瞎猫遇上史皓子",
        "createDate": "2018-01-21",
        "heat": 991.0
    },
    "songs": [
        {
            "name": "想你",
            "artist": "姜云升",
            "id": 1949052976
        },
        {
            "name": "Alive",
            "artist": "张艺兴",
            "id": 2047743493
        },
        {
            "name": "苦茶子",
            "artist": "Starling8",
            "id": 1922888354
        },
        {
            "name": "轻描淡写",
            "artist": "抽口Choco",
            "id": 1958755090
        },
        {
            "name": "职场Dangerous（Prod by HeyWIZ）",
            "artist": "徐毅Even",
            "id": 2059031756
        },
        {
            "name": "只要那是你",
            "artist": "CJ 周密",
            "id": 2009999779
        },
        {
            "name": "乐园",
            "artist": "沧桑Cang333",
            "id": 2021379728
        },
        {
            "name": "能否再耽误几分钟",
            "artist": "OB03",
            "id": 1912960614
        },
        {
            "name": "暗恋",
            "artist": "A1 TRIP",
            "id": 1867183963
        },
        {
            "name": "五百二十赫兹",
            "artist": "Capper",
            "id": 1948572170
        },
        {
            "name": "灰原哀",
            "artist": "Ice Paper",
            "id": 1321933263
        },
        {
            "name": "100",
            "artist": "Tizzy T",
            "id": 1983456716
        },
        {
            "name": "我要",
            "artist": "野生三十",
            "id": 1463165960
        },
        {
            "name": "狂恋",
            "artist": "GALI",
            "id": 1983464993
        },
        {
            "name": "明天见面吗",
            "artist": "Sino周夏影",
            "id": 1313740689
        },
        {
            "name": "Accident",
            "artist": "廖效浓",
            "id": 528569345
        },
        {
            "name": "留在身边",
            "artist": "NaCho",
            "id": 1463741292
        },
        {
            "name": "起舞",
            "artist": "艾热 AIR",
            "id": 1880165006
        },
        {
            "name": "橘子",
            "artist": "Tizzy T",
            "id": 1950528144
        },
        {
            "name": "周周",
            "artist": "CJ 周密",
            "id": 1965648349
        },
        {
            "name": "日落沙滩后",
            "artist": "余佳运",
            "id": 1954694243
        },
        {
            "name": "All for my girl",
            "artist": "Lambert",
            "id": 1442576664
        },
        {
            "name": "20",
            "artist": "廖效浓",
            "id": 1297747300
        },
        {
            "name": "Merry Xmas/Marry me",
            "artist": "刘思鉴",
            "id": 526161446
        },
        {
            "name": "love9",
            "artist": "江辰",
            "id": 525086802
        },
        {
            "name": "太多的爱（too much）",
            "artist": "kinkis",
            "id": 1890733342
        },
        {
            "name": "where we go",
            "artist": "Round_2",
            "id": 1461669612
        },
        {
            "name": "Room",
            "artist": "李佳隆",
            "id": 1882029821
        },
        {
            "name": "Be your backup",
            "artist": "zPone",
            "id": 438900346
        },
        {
            "name": "最爱",
            "artist": "SeanT肖恩恩",
            "id": 1924568060
        },
        {
            "name": "Mine",
            "artist": "李迦南Doc",
            "id": 1368167652
        },
        {
            "name": "22秒",
            "artist": "Aioz",
            "id": 1849998058
        },
        {
            "name": "我想 (超火版)",
            "artist": "董昱昆",
            "id": 1499599065
        },
        {
            "name": "呼吸频率",
            "artist": "扬科YANGK",
            "id": 1414095194
        },
        {
            "name": "纵容",
            "artist": "Capper",
            "id": 1819970423
        },
        {
            "name": "粉色星球",
            "artist": "Youngior",
            "id": 1445556953
        },
        {
            "name": "我宝贝",
            "artist": "Dobi",
            "id": 1490689567
        },
        {
            "name": "Nice Girl",
            "artist": "NaCho",
            "id": 482678861
        },
        {
            "name": "Cake",
            "artist": "Capper",
            "id": 485859298
        },
        {
            "name": "脸红接收处",
            "artist": "PIggy",
            "id": 1813590062
        },
        {
            "name": "洛杉矶",
            "artist": "LBI利比",
            "id": 1882716480
        },
        {
            "name": "不得不爱",
            "artist": "Lambert",
            "id": 1384527426
        },
        {
            "name": "Darling",
            "artist": "空匪",
            "id": 1369034061
        },
        {
            "name": "Moonlight",
            "artist": "lil MILK",
            "id": 1475637391
        },
        {
            "name": "老弟和你",
            "artist": "安全着陆",
            "id": 1294889947
        },
        {
            "name": "我想（Cover 董昱昆）",
            "artist": "夏子皓",
            "id": 505154919
        },
        {
            "name": "Best Friend (Remix) 好朋友",
            "artist": "A Few Good Kids Records",
            "id": 1848204642
        },
        {
            "name": "温柔（demo）",
            "artist": "Sino周夏影",
            "id": 558766879
        },
        {
            "name": "浪漫主义2.0",
            "artist": "姜云升",
            "id": 1920025919
        },
        {
            "name": "和你匹配",
            "artist": "阿斯巴田ASPT",
            "id": 1829828597
        },
        {
            "name": "☻",
            "artist": "YounC",
            "id": 466055913
        },
        {
            "name": "慢热",
            "artist": "满舒克",
            "id": 1824025894
        },
        {
            "name": "red lips（被我蒙对）",
            "artist": "沙一汀EL",
            "id": 1456659704
        },
        {
            "name": "粉色苏打",
            "artist": "安全着陆",
            "id": 1309833126
        },
        {
            "name": "湖",
            "artist": "李棒棒Muti",
            "id": 1321631043
        },
        {
            "name": "当我想你的时候",
            "artist": "Binzo",
            "id": 462524979
        },
        {
            "name": "沉沦与遐想",
            "artist": "C.HØPE",
            "id": 1492584510
        },
        {
            "name": "Aye",
            "artist": "刘思达LOFTHESTAR",
            "id": 1358442062
        },
        {
            "name": "Feisty",
            "artist": "Jhameel",
            "id": 567316471
        },
        {
            "name": "发火",
            "artist": "余佳运",
            "id": 1387608205
        },
        {
            "name": "PCH",
            "artist": "Jhameel",
            "id": 471761048
        },
        {
            "name": "夏日奇妙夜",
            "artist": "PRC",
            "id": 1308646798
        },
        {
            "name": "6%",
            "artist": "江辰",
            "id": 1335986185
        },
        {
            "name": "7 %",
            "artist": "XMASwu(吴骜)",
            "id": 1423241987
        },
        {
            "name": "星球坠落 (Live)",
            "artist": "艾热 AIR",
            "id": 1296583188
        },
        {
            "name": "Love the way you Lie",
            "artist": "NaCho",
            "id": 515625756
        },
        {
            "name": "当我",
            "artist": "Fi9江澈",
            "id": 482659529
        },
        {
            "name": "艺术家",
            "artist": "MaySeventeen",
            "id": 1814636483
        },
        {
            "name": "爱的小把戏",
            "artist": "JAC夹克丝",
            "id": 1322389207
        },
        {
            "name": "秘密（Gasping）",
            "artist": "Oceanlee",
            "id": 1300747962
        },
        {
            "name": "此时此刻",
            "artist": "Round_2",
            "id": 1340914733
        },
        {
            "name": "可可",
            "artist": "DouDou",
            "id": 517933613
        },
        {
            "name": "亲密爱人2017（feat. 酷癌）",
            "artist": "法老",
            "id": 465721397
        },
        {
            "name": "心碎莫扎特",
            "artist": "暴躁的兔子",
            "id": 1900224553
        },
        {
            "name": "我只需要你",
            "artist": "3Bangz",
            "id": 487375523
        },
        {
            "name": "❤那你呢❤ ",
            "artist": "穿校服的饶舌歌手（牛牛）",
            "id": 516240264
        },
        {
            "name": "怎么样呢",
            "artist": "Lil Jayce",
            "id": 1878336174
        },
        {
            "name": "撒娇(Prod.by 10K)",
            "artist": "FOX胡天渝",
            "id": 537627444
        },
        {
            "name": "情绪收音机",
            "artist": "侯东Holdon",
            "id": 1906009576
        },
        {
            "name": "夏天，我想和你一起看海",
            "artist": "Realzat",
            "id": 1849705903
        },
        {
            "name": "Summer Holiday",
            "artist": "小田同学",
            "id": 1371508436
        },
        {
            "name": "Much Love",
            "artist": "巴音汗",
            "id": 560830364
        },
        {
            "name": "Lover Boy 88",
            "artist": "Higher Brothers",
            "id": 864647456
        },
        {
            "name": "♡",
            "artist": "Yee",
            "id": 458943753
        },
        {
            "name": "美年达",
            "artist": "江辰",
            "id": 1313802313
        },
        {
            "name": "Say U Love Me",
            "artist": "南拳妈妈",
            "id": 4875074
        },
        {
            "name": "想你",
            "artist": "DouDou",
            "id": 512418299
        },
        {
            "name": "‎・ࡇ・",
            "artist": "空匪",
            "id": 1381644279
        },
        {
            "name": "mua",
            "artist": "DouDou",
            "id": 541103877
        },
        {
            "name": "还要多久",
            "artist": "DouDou",
            "id": 525394933
        },
        {
            "name": "做我的猫 （圣诞特别版）",
            "artist": "满舒克",
            "id": 524868052
        },
        {
            "name": "Lyy",
            "artist": "江辰",
            "id": 1336789981
        },
        {
            "name": "爱(LOVE.)",
            "artist": "FOX胡天渝",
            "id": 865048685
        },
        {
            "name": "山楂树の恋",
            "artist": "大能人(雷智皓)",
            "id": 446557635
        },
        {
            "name": "KillerNong",
            "artist": "廖效浓",
            "id": 481639127
        },
        {
            "name": "陆离光怪",
            "artist": "wweimm微米",
            "id": 1310671195
        },
        {
            "name": "喜欢",
            "artist": "大喜",
            "id": 1300475473
        },
        {
            "name": "4U",
            "artist": "AY楊佬叁",
            "id": 526892072
        },
        {
            "name": "2.14",
            "artist": "DoubleC大宝西",
            "id": 459872690
        },
        {
            "name": "走心小卖家",
            "artist": "张雪飞",
            "id": 493784861
        },
        {
            "name": "今晚有约吗",
            "artist": "阿彻",
            "id": 1869443707
        },
        {
            "name": "DAY LOVE NIGHT",
            "artist": "7JZ",
            "id": 28784206
        },
        {
            "name": "想唱首XXX给你听",
            "artist": "张雪飞",
            "id": 498277536
        },
        {
            "name": "一点点",
            "artist": "lilMoGo",
            "id": 1320341933
        },
        {
            "name": "Like Me",
            "artist": "Mc光光",
            "id": 555684887
        },
        {
            "name": "Nothing",
            "artist": "宋恩泽YKEY",
            "id": 505472843
        },
        {
            "name": "最佳男友 (Which One)",
            "artist": "大能人(雷智皓)",
            "id": 517738440
        },
        {
            "name": "爱人remix",
            "artist": "穿校服的饶舌歌手（牛牛）",
            "id": 482020046
        },
        {
            "name": "做我的猫",
            "artist": "满舒克",
            "id": 519913462
        },
        {
            "name": "叮叮梆梆 (Live)",
            "artist": "李方丁",
            "id": 1377519537
        },
        {
            "name": "未来式情歌",
            "artist": "零6",
            "id": 1434429128
        },
        {
            "name": "零几年听的情歌",
            "artist": "AY楊佬叁",
            "id": 1415829224
        },
        {
            "name": "Hey Girl",
            "artist": "松格森",
            "id": 525587823
        },
        {
            "name": "遇见你",
            "artist": "姜云升",
            "id": 515493921
        },
        {
            "name": "危险派对",
            "artist": "王以太",
            "id": 1877996649
        },
        {
            "name": "不得不爱",
            "artist": "潘玮柏",
            "id": 139764
        },
        {
            "name": "Sweetie(Be_Mine)",
            "artist": "J.Boss",
            "id": 532332486
        },
        {
            "name": "春日部情歌",
            "artist": "陈熙泽Lustre",
            "id": 1439410381
        },
        {
            "name": "夜晚毛衣上的烟火",
            "artist": "Swang多雷",
            "id": 1341359801
        },
        {
            "name": "了解(Knowing)",
            "artist": "余佳运",
            "id": 1315169726
        },
        {
            "name": "我好想你 可是你却不知道",
            "artist": "穿校服的饶舌歌手（牛牛）",
            "id": 1459248438
        },
        {
            "name": "她",
            "artist": "张雪飞",
            "id": 446557013
        },
        {
            "name": "Because of you.[ Feat.李大奔 ]",
            "artist": "廖效浓",
            "id": 555612868
        },
        {
            "name": "想把你留在这里",
            "artist": "Tizzy T",
            "id": 542691145
        },
        {
            "name": "一切像是在昨天Feel like yesterday",
            "artist": "Tino",
            "id": 1881908280
        },
        {
            "name": "家里",
            "artist": "大喜",
            "id": 1309371070
        },
        {
            "name": "了解一下",
            "artist": "AY楊佬叁",
            "id": 1327824730
        },
        {
            "name": "Lazy Bone",
            "artist": "Greg Aram",
            "id": 539982581
        },
        {
            "name": "别理她",
            "artist": "李棒棒Muti",
            "id": 545183409
        },
        {
            "name": "到我怀里",
            "artist": "Pro-Z",
            "id": 538227434
        },
        {
            "name": "South",
            "artist": "NINEJET.",
            "id": 478733968
        },
        {
            "name": "Kiiss",
            "artist": "♰Yung Heart♰",
            "id": 449818524
        },
        {
            "name": "两个人的沙漠",
            "artist": "Lil Jet",
            "id": 553815236
        },
        {
            "name": "Lover Boy 88 (翻自 Phum Viphurit&Higher Brothers) ",
            "artist": "姜鹏Calm",
            "id": 1343311848
        },
        {
            "name": "花,太阳,彩虹,你",
            "artist": "Mai",
            "id": 1826189041
        },
        {
            "name": "昨夜你把星辰投进我梦里",
            "artist": "漫乐酶",
            "id": 1416680616
        },
        {
            "name": "深情 或 愚昧",
            "artist": "刘炫廷",
            "id": 1345823867
        },
        {
            "name": "热",
            "artist": "张赫南",
            "id": 863184430
        },
        {
            "name": "Last girl",
            "artist": "吴海啸Tsunami",
            "id": 518155513
        },
        {
            "name": "My Hot Girl",
            "artist": "Gibb-Z",
            "id": 528094899
        },
        {
            "name": "Rosa",
            "artist": "李棒棒Muti",
            "id": 1343299879
        },
        {
            "name": "给你",
            "artist": "孙瑄阳Xtina",
            "id": 493679836
        },
        {
            "name": "甜",
            "artist": "李迦南Doc",
            "id": 465183718
        },
        {
            "name": "L",
            "artist": "宋恩泽YKEY",
            "id": 459847590
        },
        {
            "name": "「妳」",
            "artist": "XMASwu(吴骜)",
            "id": 1444751456
        },
        {
            "name": "写给遇见",
            "artist": "Fi9江澈",
            "id": 467466661
        },
        {
            "name": "想戀",
            "artist": "KonC",
            "id": 1305863183
        },
        {
            "name": "只想对你说",
            "artist": "掌嘴",
            "id": 488532353
        },
        {
            "name": "Caught My Love",
            "artist": "Ice Paper",
            "id": 532754058
        },
        {
            "name": "AEGEAN SEA",
            "artist": "李迦南Doc",
            "id": 544180773
        },
        {
            "name": "SWEET GIRL",
            "artist": "Dom.T",
            "id": 525238795
        },
        {
            "name": "Princess",
            "artist": "XMASwu(吴骜)",
            "id": 1869248652
        },
        {
            "name": "Wait U",
            "artist": "林一",
            "id": 1323434826
        },
        {
            "name": "着迷",
            "artist": "MAREA",
            "id": 1310137029
        },
        {
            "name": "瘾",
            "artist": "Fi9江澈",
            "id": 521520995
        },
        {
            "name": "Missing U",
            "artist": "Y.A",
            "id": 468856479
        },
        {
            "name": "很高兴认识你",
            "artist": "C-BLOCK",
            "id": 1318571230
        },
        {
            "name": "加糖而已",
            "artist": "夏子皓",
            "id": 558244836
        },
        {
            "name": "暴风雨（大喜 remix）",
            "artist": "大喜",
            "id": 866279886
        },
        {
            "name": "小猪白菜",
            "artist": "SaiKu",
            "id": 1304900029
        },
        {
            "name": "Butterfly",
            "artist": "CGSyc",
            "id": 546376769
        },
        {
            "name": "陪着你走",
            "artist": "Gibb-Z",
            "id": 497034035
        },
        {
            "name": "你的眼角（prod.prakhar）",
            "artist": "G11（关丁凡）",
            "id": 1294279206
        },
        {
            "name": "YEYE",
            "artist": "SharPei 沙皮",
            "id": 515821428
        },
        {
            "name": "爱人Remix",
            "artist": "Bacup八杯",
            "id": 535761231
        },
        {
            "name": "荡漾RIPPLES",
            "artist": "ICE杨长青",
            "id": 1447966613
        },
        {
            "name": "首 席 心 动 选 手",
            "artist": "亚麻困yamakun2333",
            "id": 1317134509
        },
        {
            "name": "想跟你在一起",
            "artist": "绝世的阿非FAFA",
            "id": 1948459342
        },
        {
            "name": "书签（Cover Leessang）",
            "artist": "Fi9江澈",
            "id": 442493536
        },
        {
            "name": "Tik Tok",
            "artist": "穿校服的饶舌歌手（牛牛）",
            "id": 465931294
        },
        {
            "name": "招牌男友",
            "artist": "Villainlee李俊豪",
            "id": 1328287626
        },
        {
            "name": "你泡的茶",
            "artist": "刘明宇Lil-7",
            "id": 552279187
        },
        {
            "name": "药石无医",
            "artist": "SaiKu",
            "id": 544675059
        },
        {
            "name": "路过而已",
            "artist": "执纸大魔王",
            "id": 513183095
        },
        {
            "name": "WANT IT ",
            "artist": "CLOUDWANG 王云",
            "id": 434550921
        },
        {
            "name": "Sweetie（Cover J.Boss / Desweet）",
            "artist": "夏子皓",
            "id": 550730728
        },
        {
            "name": "碳酸饮料",
            "artist": "木秦",
            "id": 564735933
        },
        {
            "name": "Beautiful Day",
            "artist": "陈熙泽Lustre",
            "id": 565262140
        },
        {
            "name": "有你在 .2",
            "artist": "王子为PURPLECOOL",
            "id": 545079912
        },
        {
            "name": "人生苦短",
            "artist": "JSore",
            "id": 1342278329
        },
        {
            "name": "Young Love",
            "artist": "XMASwu(吴骜)",
            "id": 1350335694
        },
        {
            "name": "喜欢你(Travel(여행)Remix）",
            "artist": "王极",
            "id": 862995404
        },
        {
            "name": "女孩们（Remix）",
            "artist": "A-Boy",
            "id": 1323255460
        },
        {
            "name": "头等男友",
            "artist": "Gucci D",
            "id": 493802235
        },
        {
            "name": "甜蜜夏日（Prod.By Allenvave)",
            "artist": "Wizi.",
            "id": 1295686213
        },
        {
            "name": "少年",
            "artist": "Binzo",
            "id": 489342987
        },
        {
            "name": "哪一种女孩",
            "artist": "李迦南Doc",
            "id": 455543831
        },
        {
            "name": "慢慢",
            "artist": "李迦南Doc",
            "id": 1314362668
        },
        {
            "name": "懒得跟你讲",
            "artist": "前男友",
            "id": 1325896816
        },
        {
            "name": "大众女神",
            "artist": "王宇晗",
            "id": 493656991
        },
        {
            "name": "Call You Later",
            "artist": "Weenyben",
            "id": 1371137889
        },
        {
            "name": "有我在",
            "artist": "Q.luv",
            "id": 485960184
        },
        {
            "name": "我的babe",
            "artist": "JAEFOREAL",
            "id": 526966098
        },
        {
            "name": "跟屁虫",
            "artist": "小神仙Boogie",
            "id": 570325968
        },
        {
            "name": "念 -MISS-",
            "artist": "地藏KsitiGarBha",
            "id": 1308601190
        },
        {
            "name": "水果软糖",
            "artist": "Gibb-Z",
            "id": 532575611
        },
        {
            "name": "礼物",
            "artist": "董唧唧",
            "id": 1326935181
        },
        {
            "name": "LUV（PROD BY 30HERTZBEATS）",
            "artist": "MFCg_",
            "id": 1342545630
        },
        {
            "name": "有我在（Remix）",
            "artist": "Daxton煜辰",
            "id": 1823124696
        },
        {
            "name": "4MINUTE-地心引力（Yao兆可 remix）",
            "artist": "YaoZhaoke",
            "id": 1410060547
        },
        {
            "name": "充电宝",
            "artist": "PANDA组合",
            "id": 524498301
        },
        {
            "name": "可不可以给我你的微信？(原版)",
            "artist": "MOONBOI",
            "id": 1314549485
        },
        {
            "name": "爱很简单",
            "artist": "Doooboi",
            "id": 517850678
        },
        {
            "name": "舍不得夏天",
            "artist": "BigYear大年",
            "id": 1306848266
        },
        {
            "name": "ing ing",
            "artist": "BigYear大年",
            "id": 1329538017
        },
        {
            "name": "俗气且油腻",
            "artist": "BigYear大年",
            "id": 1323414620
        },
        {
            "name": "Venus",
            "artist": "Lil Jet",
            "id": 536623272
        },
        {
            "name": "宝贝快睡",
            "artist": "BigYear大年",
            "id": 1334499416
        },
        {
            "name": "Tik Tok",
            "artist": "穿校服的饶舌歌手（牛牛）",
            "id": 422427868
        },
        {
            "name": "In the Summer",
            "artist": "岳伽南K!yo",
            "id": 571336950
        },
        {
            "name": "就怕rapper说情话",
            "artist": "前男友",
            "id": 1299570903
        },
        {
            "name": "足够",
            "artist": "周星星",
            "id": 557667045
        },
        {
            "name": "看見你我這顆cold heart都為你融化（Mix by未果）",
            "artist": "光能使者",
            "id": 1306752535
        },
        {
            "name": "Zombaby",
            "artist": "驼儿",
            "id": 1401263338
        },
        {
            "name": "非自然因素",
            "artist": "TJW",
            "id": 1472655806
        },
        {
            "name": "ıu uɐnɥ ıx oм",
            "artist": "小恶魔",
            "id": 1457156445
        },
        {
            "name": "Sweet.",
            "artist": "Trick G郭一帆",
            "id": 863235698
        },
        {
            "name": "短发女孩,你知道吗Remix",
            "artist": "张赫南",
            "id": 547131486
        },
        {
            "name": "♡+",
            "artist": "Young 7",
            "id": 1296806274
        },
        {
            "name": "买条街",
            "artist": "$唐老师",
            "id": 573843002
        },
        {
            "name": "YoGurT",
            "artist": "-李牙-",
            "id": 569975334
        },
        {
            "name": "都关于你",
            "artist": "刘明宇Lil-7",
            "id": 478590686
        },
        {
            "name": "Sweet",
            "artist": "图图睡不醒",
            "id": 571664820
        },
        {
            "name": "The Top Of The Beautiful World",
            "artist": "PATRIC小帕",
            "id": 1334444003
        },
        {
            "name": "关于你",
            "artist": "CGSyc",
            "id": 529930900
        },
        {
            "name": "This Song For U",
            "artist": "EBO-D兔子",
            "id": 862939874
        },
        {
            "name": "不是你的小清新",
            "artist": "郑傅",
            "id": 515653622
        },
        {
            "name": "Melody Remix（Cover 吴海啸 / 群可）",
            "artist": "林嘉莹",
            "id": 458324468
        },
        {
            "name": "她叫我宝贝",
            "artist": "李宗昱",
            "id": 1930226310
        },
        {
            "name": "7-2-9",
            "artist": "邢翰维",
            "id": 509266148
        },
        {
            "name": "二十五点整",
            "artist": "KOOKDAVIDLOMAN",
            "id": 492678504
        },
        {
            "name": "Pillow Talk (枕边私语)",
            "artist": "J.Boss",
            "id": 553637784
        },
        {
            "name": "闭眼歌",
            "artist": "NINEONE#赵馨玥",
            "id": 460548423
        },
        {
            "name": "如果有机会能和你在一起",
            "artist": "大能人(雷智皓)",
            "id": 1302026377
        },
        {
            "name": "马思唯（MASIWEI） - 暴风雨（台灯家的果妹 / TowC remix）",
            "artist": "果妹",
            "id": 558108606
        },
        {
            "name": "甜甜的情歌",
            "artist": "Young 7",
            "id": 573694152
        },
        {
            "name": "Opium",
            "artist": "NaCho",
            "id": 1294668118
        },
        {
            "name": "被你喂饱",
            "artist": "孙泽成_",
            "id": 564677858
        },
        {
            "name": "触不可及",
            "artist": "Shang",
            "id": 516498971
        },
        {
            "name": "7538(Me U-Remix)",
            "artist": "KT",
            "id": 486111543
        },
        {
            "name": "不亲我就杀了你",
            "artist": "小白羊HUSH",
            "id": 534106709
        },
        {
            "name": "你说",
            "artist": "李迦南Doc",
            "id": 454556889
        },
        {
            "name": "Reviens Moi",
            "artist": "JAWS",
            "id": 27706909
        },
        {
            "name": "你",
            "artist": "NaCho",
            "id": 536094407
        },
        {
            "name": "你 (feat. VC°)",
            "artist": "D4 Music",
            "id": 530740785
        },
        {
            "name": "U",
            "artist": "九块钱",
            "id": 535831731
        },
        {
            "name": "我想（Cover 余佳运）",
            "artist": "大能人(雷智皓)",
            "id": 448488987
        },
        {
            "name": "36.7℃",
            "artist": "吴海啸Tsunami",
            "id": 525650293
        },
        {
            "name": "爱人",
            "artist": "穿校服的饶舌歌手（牛牛）",
            "id": 479836980
        },
        {
            "name": "一起",
            "artist": "执纸大魔王",
            "id": 536624237
        },
        {
            "name": "晚安",
            "artist": "谭响TanX",
            "id": 481278566
        },
        {
            "name": "夏日心动挑战",
            "artist": "小恶魔",
            "id": 1843907286
        },
        {
            "name": "Single",
            "artist": "扬科YANGK",
            "id": 405597630
        },
        {
            "name": "Appear （Remix Prod.by Vexento）",
            "artist": "C-Chan.",
            "id": 544918915
        },
        {
            "name": "2:Girls",
            "artist": "Cubi",
            "id": 458679017
        },
        {
            "name": "Half Moon-70年代（Remix-Half Moon）（CG / 杨莱尔YoungLion remix）",
            "artist": "CG",
            "id": 520127892
        },
        {
            "name": "关于你",
            "artist": "Cubi",
            "id": 482088206
        },
        {
            "name": "拥有你",
            "artist": "王嘉懿",
            "id": 543987768
        },
        {
            "name": "习惯你",
            "artist": "3Bangz",
            "id": 538920912
        },
        {
            "name": "新鲜感",
            "artist": "大能人(雷智皓)",
            "id": 446627373
        },
        {
            "name": "柠檬水",
            "artist": "升值Brother",
            "id": 517607562
        },
        {
            "name": "小眼睛",
            "artist": "Young Time",
            "id": 516839675
        },
        {
            "name": "特别的",
            "artist": "队长",
            "id": 535842228
        },
        {
            "name": "一个人",
            "artist": "G.G张思源",
            "id": 486188481
        },
        {
            "name": "陪你吧",
            "artist": "大能人(雷智皓)",
            "id": 472493221
        },
        {
            "name": "无主情歌",
            "artist": "执纸大魔王",
            "id": 494228593
        },
        {
            "name": "特别的你",
            "artist": "李迦南Doc",
            "id": 455627696
        },
        {
            "name": "知不知道",
            "artist": "Y.A",
            "id": 522528012
        },
        {
            "name": "巨喜欢你❤（Me U Remix）",
            "artist": "Map",
            "id": 534526409
        },
        {
            "name": "Talk To Me",
            "artist": "执纸大魔王",
            "id": 518242468
        },
        {
            "name": "为爱痴狂remix",
            "artist": "张雪飞",
            "id": 446177873
        },
        {
            "name": "为爱痴狂remix",
            "artist": "前男友",
            "id": 516711018
        },
        {
            "name": "Power Girl",
            "artist": "大能人(雷智皓)",
            "id": 478443443
        },
        {
            "name": "假装未成年",
            "artist": "Fi9江澈",
            "id": 496904952
        },
        {
            "name": "魔力潇洒哥",
            "artist": "Fi9江澈",
            "id": 535325415
        },
        {
            "name": "对你的感觉",
            "artist": "Dom.T",
            "id": 475073085
        },
        {
            "name": "做我女朋友",
            "artist": "扬科YANGK",
            "id": 503819010
        },
        {
            "name": "Lemon Love",
            "artist": "Y.A",
            "id": 489893153
        },
        {
            "name": "You be my love",
            "artist": "李迦南Doc",
            "id": 459938112
        },
        {
            "name": "B ur Powerman (Prod.Th?me)",
            "artist": "大能人(雷智皓)",
            "id": 525058010
        },
        {
            "name": "太空相遇计划",
            "artist": "chill boy",
            "id": 525241761
        },
        {
            "name": "我不是ℳr.ℒonely",
            "artist": "大能人(雷智皓)",
            "id": 476729486
        },
        {
            "name": "只做你男友(Comfortable Remix)",
            "artist": "HEAMUSIC",
            "id": 446177340
        },
        {
            "name": "恰巧遇到你",
            "artist": "chill boy",
            "id": 40249308
        },
        {
            "name": "我喜欢如此的你",
            "artist": "G.G张思源",
            "id": 489770114
        },
        {
            "name": "爱我就跟我语音通话70分钟",
            "artist": "大能人(雷智皓)",
            "id": 440796153
        },
        {
            "name": "郭富城 - 《对你爱不完》Remix",
            "artist": "CDE",
            "id": 483584737
        }
    ]
}