{
    "playlist_info": {
        "name": "频繁的聊天，会让人产生恋爱的错觉",
        "trackcount": 48,
        "playcount": 4661425,
        "creator": "爱听歌的狗大叔",
        "createDate": "2021-04-02",
        "heat": 5666.0
    },
    "songs": [
        {
            "name": "我又想你了",
            "artist": "善喜",
            "id": 1490104654
        },
        {
            "name": "不想睡",
            "artist": "周深",
            "id": 1453342107
        },
        {
            "name": "熬夜",
            "artist": "摩登兄弟刘宇宁",
            "id": 1486726254
        },
        {
            "name": "还是会想你",
            "artist": "林达浪",
            "id": 1827600686
        },
        {
            "name": "错觉",
            "artist": "孙燕姿",
            "id": 28283349
        },
        {
            "name": "沦陷",
            "artist": "魏晨",
            "id": 1827109585
        },
        {
            "name": "有可能的夜晚",
            "artist": "曾轶可",
            "id": 26217171
        },
        {
            "name": "聊表心意",
            "artist": "薛之谦",
            "id": 1374061043
        },
        {
            "name": "我在等",
            "artist": "林宝馨",
            "id": 1809976865
        },
        {
            "name": "下雨时候特别想你",
            "artist": "陈壹千",
            "id": 1852267315
        },
        {
            "name": "拿走了什么",
            "artist": "黄丽玲",
            "id": 29897546
        },
        {
            "name": "迷人的危险",
            "artist": "尚士达",
            "id": 1383876635
        },
        {
            "name": "聊天",
            "artist": "梁咏琪",
            "id": 255558
        },
        {
            "name": "失眠城市",
            "artist": "是你的垚",
            "id": 1822538249
        },
        {
            "name": "一个人想着一个人 ",
            "artist": "如懿",
            "id": 1429716422
        },
        {
            "name": "想你想你",
            "artist": "毛不易",
            "id": 569212210
        },
        {
            "name": "暧昧期",
            "artist": "买辣椒也用券",
            "id": 1841252071
        },
        {
            "name": "我在昨天的梦里又看见了你",
            "artist": "枯木逢春",
            "id": 1417136425
        },
        {
            "name": "聊天室",
            "artist": "苏运莹",
            "id": 1492318657
        },
        {
            "name": "我欢喜喜欢你",
            "artist": "焦迈奇",
            "id": 1360807180
        },
        {
            "name": "太多",
            "artist": "阿冗",
            "id": 1343756008
        },
        {
            "name": "念念不忘",
            "artist": "不够",
            "id": 1454932882
        },
        {
            "name": "想要你知道",
            "artist": "许亚童",
            "id": 32507551
        },
        {
            "name": "总有一天你会知道",
            "artist": "颜人中",
            "id": 1440176324
        },
        {
            "name": "明明很爱你",
            "artist": "品冠",
            "id": 141288
        },
        {
            "name": "万有引力",
            "artist": "F*yy",
            "id": 1425626819
        },
        {
            "name": "我也很想他",
            "artist": "孙燕姿",
            "id": 287280
        },
        {
            "name": "等不到你",
            "artist": "汪苏泷",
            "id": 165377
        },
        {
            "name": "多情种",
            "artist": "要不要买菜",
            "id": 1398508295
        },
        {
            "name": "形容",
            "artist": "沈以诚",
            "id": 1336856864
        },
        {
            "name": "为爱痴狂",
            "artist": "刘若英",
            "id": 254499
        },
        {
            "name": "你的轮廓",
            "artist": "叶琼琳",
            "id": 1813864802
        },
        {
            "name": "你我之间",
            "artist": "阿冗",
            "id": 1458994212
        },
        {
            "name": "我还在，你呢",
            "artist": "黄龄",
            "id": 1500163985
        },
        {
            "name": "第三人称",
            "artist": "买辣椒也用券",
            "id": 502043537
        },
        {
            "name": "不仅仅是喜欢",
            "artist": "萧全",
            "id": 1355916808
        },
        {
            "name": "执迷不悟",
            "artist": "鱿籽酱",
            "id": 1477539203
        },
        {
            "name": "分他一些快乐",
            "artist": "邵帅",
            "id": 1480090146
        },
        {
            "name": "这就是爱吗",
            "artist": "十豆彡",
            "id": 1412242872
        },
        {
            "name": "如果你也这样过",
            "artist": "尤长靖",
            "id": 1490343020
        },
        {
            "name": "听你说",
            "artist": "郁可唯",
            "id": 316152
        },
        {
            "name": "有种关系叫知己",
            "artist": "刘大壮",
            "id": 1441251006
        },
        {
            "name": "深信不疑",
            "artist": "张紫宁",
            "id": 1806055136
        },
        {
            "name": "我怀疑你曾来过",
            "artist": "买辣椒也用券",
            "id": 1396377448
        },
        {
            "name": "错位时空",
            "artist": "艾辰",
            "id": 1808492017
        },
        {
            "name": "不具名海岸",
            "artist": "刘人语",
            "id": 1846419185
        },
        {
            "name": "刻在我心底的名字",
            "artist": "卢广仲",
            "id": 1472921626
        },
        {
            "name": "我想道句晚安",
            "artist": "陈壹千",
            "id": 1392985823
        }
    ]
}