{
    "playlist_info": {
        "name": "陈娜娜专属音响",
        "trackcount": 22,
        "playcount": 44,
        "creator": "你好吗公交车",
        "createDate": "2023-04-03",
        "heat": 0.0
    },
    "songs": [
        {
            "name": "说谎",
            "artist": "林欣彤",
            "id": 274483
        },
        {
            "name": "慢慢明白",
            "artist": "19",
            "id": 1981802390
        },
        {
            "name": "总有一天你会出现在我身边",
            "artist": "棱镜乐队",
            "id": 1303027499
        },
        {
            "name": "我走后",
            "artist": "小咪",
            "id": 1370047789
        },
        {
            "name": "我记得",
            "artist": "赵雷",
            "id": 1974443814
        },
        {
            "name": "他真的对你好吗",
            "artist": "微醺大叔",
            "id": 2021437867
        },
        {
            "name": "最后一页",
            "artist": "江语晨",
            "id": 247936
        },
        {
            "name": "我会等",
            "artist": "大黄",
            "id": 2032476050
        },
        {
            "name": "暖一杯茶",
            "artist": "邵帅",
            "id": 1371780785
        },
        {
            "name": "呼吸决定",
            "artist": "Fine乐团",
            "id": 35678875
        },
        {
            "name": "不要怕 (彝语)",
            "artist": "瓦其依合",
            "id": 165356
        },
        {
            "name": "In The Shadow Of The Sun",
            "artist": "Professor Green",
            "id": 29412405
        },
        {
            "name": "Monsters",
            "artist": "Timeflies",
            "id": 28461933
        },
        {
            "name": "你走以后",
            "artist": "Lambert",
            "id": 1403800769
        },
        {
            "name": "再见莫妮卡",
            "artist": "彭席彦",
            "id": 1824045033
        },
        {
            "name": "好烦噢 (寒风吹进我的家)",
            "artist": "穆傲寒",
            "id": 1932464291
        },
        {
            "name": "But U",
            "artist": "NINEONE#赵馨玥",
            "id": 1459232593
        },
        {
            "name": "刘宪华 (Henry)-how to love（_皓宸_ remix）",
            "artist": "_皓宸_",
            "id": 1424258596
        },
        {
            "name": "恋爱画板",
            "artist": "锦零",
            "id": 1837557715
        },
        {
            "name": "遇见",
            "artist": "孙燕姿",
            "id": 454828887
        },
        {
            "name": "目及皆是你",
            "artist": "小蓝背心",
            "id": 1847975477
        },
        {
            "name": "好像掉进爱情海里 (独唱版)",
            "artist": "赵露思",
            "id": 554244157
        }
    ]
}