{
    "playlist_info": {
        "name": "随机抽取世界的一个角落流浪:D",
        "trackcount": 25,
        "playcount": 1,
        "creator": "速冻食人鱼-_-",
        "createDate": "2023-04-09",
        "heat": 0.0
    },
    "songs": [
        {
            "name": "我还年轻 我还年轻",
            "artist": "张叶蕾",
            "id": 1296893537
        },
        {
            "name": "“diary”（RnB type beat）",
            "artist": "47号（No.FortySeven)",
            "id": 1367900235
        },
        {
            "name": "A Place For Us",
            "artist": "Comet Blue",
            "id": 1458183454
        },
        {
            "name": "Lemon",
            "artist": "昼夜",
            "id": 1300140490
        },
        {
            "name": "Asphyxia(Piano Ver)",
            "artist": "逆时针向",
            "id": 527957820
        },
        {
            "name": "Palace Memories",
            "artist": "S.E.N.S.",
            "id": 818820
        },
        {
            "name": "栀月",
            "artist": "Mr Chip",
            "id": 1463138364
        },
        {
            "name": "Palace Memories - Sunset",
            "artist": "S.E.N.S.",
            "id": 818834
        },
        {
            "name": "寄夏予你（off vocal)",
            "artist": "MoreanP",
            "id": 501749278
        },
        {
            "name": "Firefly",
            "artist": "Peter Jeremias",
            "id": 36953777
        },
        {
            "name": "白色",
            "artist": "灰澈",
            "id": 494992638
        },
        {
            "name": "P.S. I Love You",
            "artist": "Bucky Pizzarelli",
            "id": 1116721
        },
        {
            "name": "巴赫:第一号无伴奏大提琴组曲前奏曲《寻羊冒险记》",
            "artist": "Various Artists",
            "id": 5160802
        },
        {
            "name": "这个深海是你的眼眸",
            "artist": "万能日记",
            "id": 1458534239
        },
        {
            "name": "Happy Times",
            "artist": "Dave Greening",
            "id": 1294691
        },
        {
            "name": "那年夏天，阳光正好",
            "artist": "忘乡",
            "id": 428391474
        },
        {
            "name": "打上花火(钢琴翻奏)（Cover DAOKO (ダヲコ);）",
            "artist": "鱼九",
            "id": 525930084
        },
        {
            "name": "Bluebird",
            "artist": "Alexis Ffrench",
            "id": 507924568
        },
        {
            "name": "夏の・想い出・はじめます",
            "artist": "春野杉卉",
            "id": 1825005074
        },
        {
            "name": "omoi",
            "artist": "1n",
            "id": 1495130395
        },
        {
            "name": "Closer",
            "artist": "Matt Stewart-Evans",
            "id": 1461559218
        },
        {
            "name": "Where the Story Begins",
            "artist": "七结音",
            "id": 1869529716
        },
        {
            "name": "ฅ۶•ﻌ•♡",
            "artist": "UM",
            "id": 1826254048
        },
        {
            "name": "遥远的地方",
            "artist": "UM",
            "id": 1870088518
        },
        {
            "name": "复苏",
            "artist": "蟹老板的罐头鱼",
            "id": 1434325219
        }
    ]
}