{
    "playlist_info": {
        "name": "阿尔法脑波音乐【大自然的声音】～",
        "trackcount": 50,
        "playcount": 49084,
        "creator": "帐号已注销",
        "createDate": "2020-02-27",
        "heat": 40.0
    },
    "songs": [
        {
            "name": "ζ",
            "artist": "α·Pav",
            "id": 29137872
        },
        {
            "name": "η",
            "artist": "α·Pav",
            "id": 29137871
        },
        {
            "name": "κ",
            "artist": "α·Pav",
            "id": 139227
        },
        {
            "name": "α",
            "artist": "α·Pav",
            "id": 139232
        },
        {
            "name": "β",
            "artist": "α·Pav",
            "id": 29137869
        },
        {
            "name": "δ",
            "artist": "α·Pav",
            "id": 29137868
        },
        {
            "name": "ξ",
            "artist": "α·Pav",
            "id": 139235
        },
        {
            "name": "λ",
            "artist": "α·Pav",
            "id": 29137870
        },
        {
            "name": "μ¹",
            "artist": "α·Pav",
            "id": 139221
        },
        {
            "name": "τ",
            "artist": "α·Pav",
            "id": 29137873
        },
        {
            "name": "σ",
            "artist": "α·Pav",
            "id": 139224
        },
        {
            "name": "π",
            "artist": "α·Pav",
            "id": 139229
        },
        {
            "name": "μ²",
            "artist": "α·Pav",
            "id": 139238
        },
        {
            "name": "雨空",
            "artist": "α·Pav",
            "id": 139206
        },
        {
            "name": "γ",
            "artist": "α·Pav",
            "id": 29137875
        },
        {
            "name": "秋～華恋～",
            "artist": "α·Pav",
            "id": 139177
        },
        {
            "name": "ρ",
            "artist": "α·Pav",
            "id": 498373298
        },
        {
            "name": "ε",
            "artist": "α·Pav",
            "id": 29137874
        },
        {
            "name": "φ¹",
            "artist": "α·Pav",
            "id": 412175153
        },
        {
            "name": "υ",
            "artist": "α·Pav",
            "id": 498372619
        },
        {
            "name": "ω",
            "artist": "α·Pav",
            "id": 139241
        },
        {
            "name": "ν",
            "artist": "α·Pav",
            "id": 498373340
        },
        {
            "name": "ο",
            "artist": "α·Pav",
            "id": 498373270
        },
        {
            "name": "ι",
            "artist": "α·Pav",
            "id": 498371679
        },
        {
            "name": "θ",
            "artist": "α·Pav",
            "id": 498371654
        },
        {
            "name": "Princess",
            "artist": "α·Pav",
            "id": 357023
        },
        {
            "name": "桜",
            "artist": "α·Pav",
            "id": 139268
        },
        {
            "name": "φ²",
            "artist": "α·Pav",
            "id": 498371701
        },
        {
            "name": "From Here To Somewhere",
            "artist": "α·Pav",
            "id": 25646389
        },
        {
            "name": "花言葉",
            "artist": "α·Pav",
            "id": 139286
        },
        {
            "name": "蝶恋花",
            "artist": "α·Pav",
            "id": 1424272546
        },
        {
            "name": "手紙~Interlude~",
            "artist": "α·Pav",
            "id": 139202
        },
        {
            "name": "雨と電車",
            "artist": "α·Pav",
            "id": 139296
        },
        {
            "name": "Summer Rain",
            "artist": "α·Pav",
            "id": 139284
        },
        {
            "name": "春～旅人～",
            "artist": "α·Pav",
            "id": 139174
        },
        {
            "name": "Capsule",
            "artist": "理一",
            "id": 1321441450
        },
        {
            "name": "「神無月」",
            "artist": "α·Pav",
            "id": 33516022
        },
        {
            "name": "Home",
            "artist": "α·Pav",
            "id": 516773553
        },
        {
            "name": "始まりの春",
            "artist": "α·Pav",
            "id": 139247
        },
        {
            "name": "雨空 - after -",
            "artist": "α·Pav",
            "id": 1363971832
        },
        {
            "name": "Winter Tone",
            "artist": "α·Pav",
            "id": 26487960
        },
        {
            "name": "The Last Shelter",
            "artist": "α·Pav",
            "id": 1301366888
        },
        {
            "name": "Ending Song",
            "artist": "α·Pav",
            "id": 1400424183
        },
        {
            "name": "「桜吹雪」",
            "artist": "α·Pav",
            "id": 33516020
        },
        {
            "name": "秋への时雨",
            "artist": "α·Pav",
            "id": 139251
        },
        {
            "name": "I Need Nothing But Loneliness",
            "artist": "α·Pav",
            "id": 29836542
        },
        {
            "name": "冬～月雫～",
            "artist": "α·Pav",
            "id": 139180
        },
        {
            "name": "Lost Memories",
            "artist": "α·Pav",
            "id": 1377519902
        },
        {
            "name": "「半夏生」",
            "artist": "α·Pav",
            "id": 33516021
        },
        {
            "name": "...Then We Start A New Voyage",
            "artist": "α·Pav",
            "id": 25646386
        }
    ]
}