{
    "playlist_info": {
        "name": "阿杜最好听的20首歌【3月11日主打星】",
        "trackcount": 22,
        "playcount": 2128458,
        "creator": "练依朋",
        "createDate": "2014-03-11",
        "heat": 626.0
    },
    "songs": [
        {
            "name": "他一定很爱你",
            "artist": "阿杜",
            "id": 60263
        },
        {
            "name": "无悔少年",
            "artist": "蒋芸",
            "id": 2058439862
        },
        {
            "name": "Andy",
            "artist": "阿杜",
            "id": 60271
        },
        {
            "name": "离别",
            "artist": "阿杜",
            "id": 60280
        },
        {
            "name": "大哥",
            "artist": "环跳 Ring Jump",
            "id": 2058468217
        },
        {
            "name": "撕夜",
            "artist": "阿杜",
            "id": 60274
        },
        {
            "name": "天黑",
            "artist": "阿杜",
            "id": 60265
        },
        {
            "name": "坚持到底",
            "artist": "阿杜",
            "id": 60238
        },
        {
            "name": "天天看到你",
            "artist": "阿杜",
            "id": 60267
        },
        {
            "name": "一个人住",
            "artist": "阿杜",
            "id": 60269
        },
        {
            "name": "哈啰",
            "artist": "阿杜",
            "id": 60208
        },
        {
            "name": "无法阻挡",
            "artist": "阿杜",
            "id": 60276
        },
        {
            "name": "听见牛在哭",
            "artist": "阿杜",
            "id": 59909
        },
        {
            "name": "下雪",
            "artist": "阿杜",
            "id": 60108
        },
        {
            "name": "差一点 (私藏摇滚版)",
            "artist": "阿杜",
            "id": 59940
        },
        {
            "name": "I...Do",
            "artist": "阿杜",
            "id": 60103
        },
        {
            "name": "爱你比我重要",
            "artist": "阿杜",
            "id": 5264305
        },
        {
            "name": "祝你快乐",
            "artist": "阿杜",
            "id": 60191
        },
        {
            "name": "下雨的时候会想你",
            "artist": "阿杜",
            "id": 60210
        },
        {
            "name": "Right Here Waiting",
            "artist": "阿杜",
            "id": 60282
        },
        {
            "name": "你很好",
            "artist": "阿杜",
            "id": 60278
        },
        {
            "name": "活过",
            "artist": "阿杜",
            "id": 59998
        }
    ]
}