{
    "playlist_info": {
        "name": "韩语小情歌，甜甜蜜蜜到心底",
        "trackcount": 149,
        "playcount": 4108658,
        "creator": "嗷念念",
        "createDate": "2021-01-02",
        "heat": 4503.0
    },
    "songs": [
        {
            "name": "Celebrity (Acoustic Live)",
            "artist": "IU",
            "id": 1835283134
        },
        {
            "name": "신비로운 걸",
            "artist": "VROMANCE",
            "id": 478049011
        },
        {
            "name": "Fever (Medley Song)",
            "artist": "rosy",
            "id": 461124095
        },
        {
            "name": "Love Me Like That",
            "artist": "SAM KIM",
            "id": 1864024587
        },
        {
            "name": "Wishes",
            "artist": "Jamie Miller",
            "id": 1912677325
        },
        {
            "name": "곁에 있어준다면",
            "artist": "成始璄",
            "id": 1905023988
        },
        {
            "name": "Butterfly",
            "artist": "J.UNA",
            "id": 1860822437
        },
        {
            "name": "우린 이미",
            "artist": "KIMMUSEUM",
            "id": 1855398526
        },
        {
            "name": "Friend",
            "artist": "김희원",
            "id": 1907014984
        },
        {
            "name": "DOOR (Your Moon)",
            "artist": "郑世云",
            "id": 1848009732
        },
        {
            "name": "알고있지만",
            "artist": "Night Off",
            "id": 1857058771
        },
        {
            "name": "We all lie",
            "artist": "하진 (HAJIN)",
            "id": 1332662449
        },
        {
            "name": "Heavy Heart",
            "artist": "RIO",
            "id": 1862309275
        },
        {
            "name": "우연이 아닌것만 같아서",
            "artist": "金娜英",
            "id": 1849998332
        },
        {
            "name": "Whisper",
            "artist": "박지우",
            "id": 1859383770
        },
        {
            "name": "SHOWDOWN",
            "artist": "朴宰范",
            "id": 1936298308
        },
        {
            "name": "SWEETEST THING",
            "artist": "SEVENTEEN",
            "id": 1417510292
        },
        {
            "name": "나도 모르는 사이에",
            "artist": "郑宰沅",
            "id": 1865841163
        },
        {
            "name": "Special",
            "artist": "宥斌",
            "id": 1417510296
        },
        {
            "name": "어떤 말도 할 수가 없는 나인데",
            "artist": "Kassy",
            "id": 1856060831
        },
        {
            "name": "Home",
            "artist": "BIG Naughty",
            "id": 1893330974
        },
        {
            "name": "사랑한 후에",
            "artist": "金基泰",
            "id": 1924481235
        },
        {
            "name": "사랑에 빠진 걸까요",
            "artist": "VROMANCE",
            "id": 1407998593
        },
        {
            "name": "운명처럼",
            "artist": "朴宝蓝",
            "id": 475072671
        },
        {
            "name": "그대와 (You & I)",
            "artist": "荣宰",
            "id": 1859631539
        },
        {
            "name": "그대란 정원",
            "artist": "郑恩地",
            "id": 1407998543
        },
        {
            "name": "Talking to the Moon",
            "artist": "김민규",
            "id": 1895116580
        },
        {
            "name": "Looks like a real thing",
            "artist": "제휘",
            "id": 1910686919
        },
        {
            "name": "이만큼 난 너를 사랑해",
            "artist": "Punch",
            "id": 1930158969
        },
        {
            "name": "Honest",
            "artist": "Cotton Candy",
            "id": 1895116579
        },
        {
            "name": "So Tender",
            "artist": "세이수미",
            "id": 1868184123
        },
        {
            "name": "Love, This",
            "artist": "SLAY",
            "id": 1870160487
        },
        {
            "name": "Paradise",
            "artist": "昭宥",
            "id": 1893330975
        },
        {
            "name": "꼬리 (TAIL)",
            "artist": "宣美",
            "id": 1939199626
        },
        {
            "name": "Something In The Rain",
            "artist": "Rachael Yamagata",
            "id": 1335841088
        },
        {
            "name": "빛으로:We Rise",
            "artist": "Cotton Candy",
            "id": 1901082904
        },
        {
            "name": "엄마가 딸에게",
            "artist": "양현경",
            "id": 1909066589
        },
        {
            "name": "시작의 드로잉",
            "artist": "俞延静",
            "id": 1852022468
        },
        {
            "name": "그건 너",
            "artist": "申尤美",
            "id": 1918590283
        },
        {
            "name": "감정의 이름",
            "artist": "JOY",
            "id": 1915002373
        },
        {
            "name": "Snowdrop",
            "artist": "최정인",
            "id": 1918616381
        },
        {
            "name": "그댈 담은 밤",
            "artist": "Yang Dail",
            "id": 1857911867
        },
        {
            "name": "이것밖에",
            "artist": "최유리",
            "id": 1925144524
        },
        {
            "name": "Destiny",
            "artist": "옹성은",
            "id": 1918615348
        },
        {
            "name": "기억이란 사랑보다",
            "artist": "Kevin Oh",
            "id": 1914571200
        },
        {
            "name": "Heartbeat",
            "artist": "Suran",
            "id": 1407999562
        },
        {
            "name": "사랑 안 해",
            "artist": "白智英",
            "id": 1846044035
        },
        {
            "name": "한 걸음 가까이",
            "artist": "Choi Nakta",
            "id": 1854466486
        },
        {
            "name": "너의 하루 끝에",
            "artist": "辉人",
            "id": 1929062369
        },
        {
            "name": "Looks like a real thing (Eng Ver.)",
            "artist": "제휘",
            "id": 1910686920
        },
        {
            "name": "니가 내리는 날에",
            "artist": "John Park",
            "id": 1928102112
        },
        {
            "name": "선물 (White Day) [IDOL (아이돌 : The Coup)]",
            "artist": "Cotton Candy",
            "id": 1891971985
        },
        {
            "name": "이상기후",
            "artist": "Giriboy",
            "id": 1932462126
        },
        {
            "name": "오늘 밤 (Tonight) (feat. 그린)",
            "artist": "李垠尚",
            "id": 1903118245
        },
        {
            "name": "Heaven",
            "artist": "Ailee",
            "id": 1851715422
        },
        {
            "name": "조금 더 아파도",
            "artist": "金娜英",
            "id": 1930152273
        },
        {
            "name": "찻잔",
            "artist": "李炷奕",
            "id": 1913146914
        },
        {
            "name": "My Home",
            "artist": "하진 (HAJIN)",
            "id": 1885179315
        },
        {
            "name": "We all lie (Slow Ver.)",
            "artist": "하진 (HAJIN)",
            "id": 1341939837
        },
        {
            "name": "달",
            "artist": "CHEEZE",
            "id": 1861392256
        },
        {
            "name": "두근두근",
            "artist": "金请夏",
            "id": 1407999573
        },
        {
            "name": "Double Trouble Couple",
            "artist": "Mamamoo",
            "id": 1407999574
        },
        {
            "name": "빗속에서",
            "artist": "류진",
            "id": 1901320236
        },
        {
            "name": "마음주의보",
            "artist": "温流",
            "id": 1924215119
        },
        {
            "name": "I Like You",
            "artist": "V.A.",
            "id": 1389863970
        },
        {
            "name": "사르르쿵",
            "artist": "CHEEZE",
            "id": 1922287987
        },
        {
            "name": "Fly Up",
            "artist": "Queen WA$ABII",
            "id": 1899417136
        },
        {
            "name": "Promise You",
            "artist": "圭贤",
            "id": 1926215647
        },
        {
            "name": "Bloom",
            "artist": "EXY",
            "id": 1895117157
        },
        {
            "name": "Cloud 9 [IDOL (아이돌 : The Coup)]",
            "artist": "MARS",
            "id": 1892562856
        },
        {
            "name": "나 어떡해",
            "artist": "申尤美",
            "id": 1922598707
        },
        {
            "name": "우리네 인생",
            "artist": "윤성",
            "id": 1914950052
        },
        {
            "name": "울어도 좋아",
            "artist": "E.Gen",
            "id": 1895117158
        },
        {
            "name": "오늘의 날씨를 알려드리겠습니다",
            "artist": "개미",
            "id": 1935665248
        },
        {
            "name": "Open Your Heart",
            "artist": "LYn",
            "id": 1934327752
        },
        {
            "name": "그저 바라본다",
            "artist": "Ailee",
            "id": 1417509594
        },
        {
            "name": "Shining Star",
            "artist": "澯熙",
            "id": 1948132910
        },
        {
            "name": "그 사람이 너라서",
            "artist": "朴炯植",
            "id": 1407999591
        },
        {
            "name": "혼잣말",
            "artist": "河东均",
            "id": 1876121223
        },
        {
            "name": "Attic",
            "artist": "최정인",
            "id": 1918616382
        },
        {
            "name": "Paper Airplane",
            "artist": "함병선",
            "id": 1918615347
        },
        {
            "name": "그때 우리가",
            "artist": "강아솔",
            "id": 1920964723
        },
        {
            "name": "우연이 아닌것만 같아",
            "artist": "金娜英",
            "id": 1864915128
        },
        {
            "name": "바람의 노래",
            "artist": "Ulala Session",
            "id": 1920644010
        },
        {
            "name": "내게서 내가",
            "artist": "Sondia",
            "id": 1877722024
        },
        {
            "name": "La La La (Version 1)",
            "artist": "Rachael Yamagata",
            "id": 1335841089
        },
        {
            "name": "소중한 게 생겼나 봐",
            "artist": "Rothy",
            "id": 1928106513
        },
        {
            "name": "Lovey-Dovey",
            "artist": "T-ara",
            "id": 1940871517
        },
        {
            "name": "You Are My Star",
            "artist": "金佑星",
            "id": 1899417117
        },
        {
            "name": "피날레 (Finale)",
            "artist": "Cotton Candy",
            "id": 1903114410
        },
        {
            "name": "FEVER",
            "artist": "Ulala Session",
            "id": 1918590282
        },
        {
            "name": "Get Out My Zone (From \"힙한 선생\")",
            "artist": "이주영",
            "id": 498555919
        },
        {
            "name": "붉은 꽃그늘 아래서",
            "artist": "金润雅",
            "id": 1881432351
        },
        {
            "name": "Take it easy, my life",
            "artist": "Yoon Ddan Ddan",
            "id": 1926219771
        },
        {
            "name": "To U",
            "artist": "김민규",
            "id": 1903114412
        },
        {
            "name": "Pray",
            "artist": "GA EUN",
            "id": 1899417118
        },
        {
            "name": "I was a fool",
            "artist": "Fromm",
            "id": 1922834410
        },
        {
            "name": "UP",
            "artist": "하진 (HAJIN)",
            "id": 1893329769
        },
        {
            "name": "Friend (Inst.)",
            "artist": "김희원",
            "id": 1907012210
        },
        {
            "name": "제발",
            "artist": "金基泰",
            "id": 1914950053
        },
        {
            "name": "The First Snow",
            "artist": "옹성은",
            "id": 1918616383
        },
        {
            "name": "Blueming (Band LIVE)",
            "artist": "IU",
            "id": 2000414741
        },
        {
            "name": "여우",
            "artist": "Leebada",
            "id": 1355199806
        },
        {
            "name": "You Never Know (JP Ver.)",
            "artist": "BLACKPINK",
            "id": 1866116317
        },
        {
            "name": "Let It",
            "artist": "CL",
            "id": 1885074740
        },
        {
            "name": "SCIENTIST -Japanese ver.-",
            "artist": "TWICE",
            "id": 1923925459
        },
        {
            "name": "Trouble Maker",
            "artist": "Trouble Maker",
            "id": 22843672
        },
        {
            "name": "You(=I)（Cover 脸红的思春期）",
            "artist": "朵蜜天女JOY",
            "id": 449254451
        },
        {
            "name": "처음 그 자리에",
            "artist": "李宝蓝",
            "id": 22840623
        },
        {
            "name": "Give It 2 U",
            "artist": "GLAM",
            "id": 28240315
        },
        {
            "name": "Beautiful（鬼怪ost）",
            "artist": "金日辉",
            "id": 1366842367
        },
        {
            "name": "에잇(Prod.&Feat. SUGA of BTS) Live",
            "artist": "IU",
            "id": 1823811479
        },
        {
            "name": "Rollin'",
            "artist": "Brave Girls",
            "id": 463840738
        },
        {
            "name": "살만찌고",
            "artist": "4MINUTE",
            "id": 28211122
        },
        {
            "name": "BBIBBI (삐삐) ft.  ITZY (Live Ver)",
            "artist": "IU",
            "id": 1843736064
        },
        {
            "name": "Santa Tell Me(Live)",
            "artist": "IU",
            "id": 1805891701
        },
        {
            "name": "좋은데이",
            "artist": "青春学概论",
            "id": 424060278
        },
        {
            "name": "Someday",
            "artist": "IU",
            "id": 5398654
        },
        {
            "name": "비오는날",
            "artist": "dollyy99",
            "id": 1361156989
        },
        {
            "name": "에잇(Prod.&Feat. SUGA of BTS)",
            "artist": "IU",
            "id": 1446251500
        },
        {
            "name": "사랑인 줄 알았어",
            "artist": "凌晨攻防",
            "id": 1302943036
        },
        {
            "name": "격정적인 열애설",
            "artist": "dollyy99",
            "id": 1457688664
        },
        {
            "name": "라일락",
            "artist": "IU",
            "id": 1832402687
        },
        {
            "name": "강남역 4번출구) (Elec Ver.)",
            "artist": "Plastic",
            "id": 39436189
        },
        {
            "name": "연애상담",
            "artist": "屋顶月光",
            "id": 470601316
        },
        {
            "name": "나의 대답",
            "artist": "강아솔",
            "id": 33394016
        },
        {
            "name": "Dolphin",
            "artist": "OH MY GIRL",
            "id": 1442010549
        },
        {
            "name": "Love Falling",
            "artist": "Plastic",
            "id": 39443130
        },
        {
            "name": "Hello",
            "artist": "Who r u?",
            "id": 454924335
        },
        {
            "name": "난 니가 좋아",
            "artist": "진호",
            "id": 30621273
        },
        {
            "name": "우주를 줄게",
            "artist": "小白受",
            "id": 1294433071
        },
        {
            "name": "여름",
            "artist": "dollyy99",
            "id": 1361159357
        },
        {
            "name": "너너너",
            "artist": "훤",
            "id": 511920904
        },
        {
            "name": "위로",
            "artist": "J_ust",
            "id": 35847465
        },
        {
            "name": "밤(보고 싶은 가 밤)",
            "artist": "Withyou",
            "id": 1298673199
        },
        {
            "name": "휑해",
            "artist": "Croq",
            "id": 425828129
        },
        {
            "name": "왜인지 모르게",
            "artist": "From.U",
            "id": 437290860
        },
        {
            "name": "헤어진 적 없던 것처럼",
            "artist": "Ignite",
            "id": 399340016
        },
        {
            "name": "울보",
            "artist": "申智熏",
            "id": 29046172
        },
        {
            "name": "뜨겁지가 않아",
            "artist": "Paul Kim",
            "id": 35779017
        },
        {
            "name": "봄이 되어줄게",
            "artist": "郭泰勋",
            "id": 458697927
        },
        {
            "name": "우리 처음 만났을 때",
            "artist": "Goodnight Stand",
            "id": 553398754
        },
        {
            "name": "우리만나요 (샤이니의 월드데이트 삽입곡)",
            "artist": "家庭手工业",
            "id": 34179015
        },
        {
            "name": "돌아가는 길",
            "artist": "青春学概论",
            "id": 424057263
        },
        {
            "name": "베베 (BABE)",
            "artist": "泫雅",
            "id": 502238344
        },
        {
            "name": "웃어줄래",
            "artist": "미유",
            "id": 37092701
        },
        {
            "name": "혼잣말",
            "artist": "As One",
            "id": 31245761
        },
        {
            "name": "설레임",
            "artist": "青春学概论",
            "id": 424060277
        },
        {
            "name": "좋아하는 마음",
            "artist": "Hello Gayoung",
            "id": 400690311
        }
    ]
}