{
    "playlist_info": {
        "name": "韩语 | 一秒沦陷·今日心动韩语歌曲已送达",
        "trackcount": 129,
        "playcount": 2770282,
        "creator": "织秋裤",
        "createDate": "2018-04-05",
        "heat": 1449.0
    },
    "songs": [
        {
            "name": "WAVE",
            "artist": "IVE",
            "id": 2044200355
        },
        {
            "name": "퀸카 (Queencard)",
            "artist": "(G)I-DLE",
            "id": 2046817456
        },
        {
            "name": "꽃(FLOWER)",
            "artist": "JISOO",
            "id": 2035161156
        },
        {
            "name": "알러뷰",
            "artist": "EXID",
            "id": 1326027044
        },
        {
            "name": "KNOCK (Band LIVE)",
            "artist": "李彩演",
            "id": 2042927445
        },
        {
            "name": "Allergy",
            "artist": "(G)I-DLE",
            "id": 2046817458
        },
        {
            "name": "Darl+ing (Holiday ver.)",
            "artist": "SEVENTEEN",
            "id": 1996714082
        },
        {
            "name": "사랑을 했다 (LOVE SCENARIO)",
            "artist": "iKON",
            "id": 1336789882
        },
        {
            "name": "Yesterday (Japanese Version)",
            "artist": "Block B",
            "id": 469104034
        },
        {
            "name": "ELEVEN -Japanese ver.-",
            "artist": "IVE",
            "id": 1981596112
        },
        {
            "name": "FEARLESS (Japanese ver.)",
            "artist": "LE SSERAFIM",
            "id": 2006865725
        },
        {
            "name": "All Eyes On Me",
            "artist": "JISOO",
            "id": 2035162113
        },
        {
            "name": "마지막처럼",
            "artist": "BLACKPINK",
            "id": 485960255
        },
        {
            "name": "I AM (Band LIVE)",
            "artist": "IVE",
            "id": 2040894381
        },
        {
            "name": "LOVE DIVE -Japanese ver.-",
            "artist": "IVE",
            "id": 2009678472
        },
        {
            "name": "Candy",
            "artist": "NCT DREAM",
            "id": 2007351317
        },
        {
            "name": "Cupid",
            "artist": "FIFTY FIFTY",
            "id": 2025227742
        },
        {
            "name": "After LIKE -Japanese ver.-",
            "artist": "IVE",
            "id": 2047735926
        },
        {
            "name": "In The Novel",
            "artist": "MINNIE",
            "id": 2013195821
        },
        {
            "name": "Black",
            "artist": "G-DRAGON",
            "id": 27676680
        },
        {
            "name": "Power Up",
            "artist": "Red Velvet",
            "id": 1297744010
        },
        {
            "name": "POP/STARS",
            "artist": "K/DA",
            "id": 1321385655
        },
        {
            "name": "Next Level",
            "artist": "aespa",
            "id": 1845452960
        },
        {
            "name": "터미널 (Terminal)",
            "artist": "SHAUN",
            "id": 1338146160
        },
        {
            "name": "MY TYPE (취향저격)",
            "artist": "iKON",
            "id": 34614970
        },
        {
            "name": "Swan",
            "artist": "OH MY GIRL",
            "id": 1842019186
        },
        {
            "name": "아무래도 난",
            "artist": "Joosiq",
            "id": 1932897630
        },
        {
            "name": "LATATA",
            "artist": "(G)I-DLE",
            "id": 556203085
        },
        {
            "name": "Friend",
            "artist": "BTOB",
            "id": 1323301539
        },
        {
            "name": "One More Last Time",
            "artist": "Henry Young",
            "id": 1942576027
        },
        {
            "name": "WA DA DA (Japanese ver.)",
            "artist": "KEP1ER",
            "id": 1974391193
        },
        {
            "name": "Mr.Chu (On Stage) -Japanese Ver.-",
            "artist": "Apink",
            "id": 34274948
        },
        {
            "name": "비가 내리면",
            "artist": "Brave Girls",
            "id": 22833782
        },
        {
            "name": "Forever Young",
            "artist": "BLACKPINK",
            "id": 573581048
        },
        {
            "name": "Rollin'",
            "artist": "Brave Girls",
            "id": 463840738
        },
        {
            "name": "Nxde",
            "artist": "(G)I-DLE",
            "id": 1989385007
        },
        {
            "name": "Pink Venom",
            "artist": "BLACKPINK",
            "id": 1973633315
        },
        {
            "name": "다라리 (DARARI)",
            "artist": "TREASURE",
            "id": 1920863738
        },
        {
            "name": "사랑이 그렇게 쉬워",
            "artist": "Namolla Family",
            "id": 25638649
        },
        {
            "name": "Change",
            "artist": "(G)I-DLE",
            "id": 1989382314
        },
        {
            "name": "Ice Cream (with Selena Gomez)",
            "artist": "BLACKPINK",
            "id": 1474621418
        },
        {
            "name": "몸매 (MOMMAE)REMIX【jay park】",
            "artist": "曼尼洛夫",
            "id": 1884502574
        },
        {
            "name": "Shut Down",
            "artist": "BLACKPINK",
            "id": 1981813580
        },
        {
            "name": "Nxde (Steve Aoki Remix)",
            "artist": "(G)I-DLE",
            "id": 2007306615
        },
        {
            "name": "Dolphin",
            "artist": "OH MY GIRL",
            "id": 1442010549
        },
        {
            "name": "Selfish",
            "artist": "YooA",
            "id": 1995503902
        },
        {
            "name": "Typa Girl",
            "artist": "BLACKPINK",
            "id": 1981813581
        },
        {
            "name": "SURRENDER",
            "artist": "李昌燮",
            "id": 1977497331
        },
        {
            "name": "감싸줄게요",
            "artist": "DIA",
            "id": 1456166407
        },
        {
            "name": "열이올라요 (Heart Burn)",
            "artist": "宣美",
            "id": 1958105903
        },
        {
            "name": "TOMBOY",
            "artist": "(G)I-DLE",
            "id": 1927421969
        },
        {
            "name": "천국",
            "artist": "BIGBANG",
            "id": 22673505
        },
        {
            "name": "200%",
            "artist": "AKMU",
            "id": 28391038
        },
        {
            "name": "Don't Know What To Do",
            "artist": "BLACKPINK",
            "id": 1357116204
        },
        {
            "name": "헤어지지 못하는 여자, 떠나가지 못하는 남자 Can't Breakup Girl, Can't Breakaway Boy (feat. 정인 Jung In)",
            "artist": "리쌍 LeeSSang",
            "id": 22842426
        },
        {
            "name": "ISLAND",
            "artist": "YOUHA",
            "id": 1483244527
        },
        {
            "name": "SOLO",
            "artist": "JENNIE",
            "id": 1894278646
        },
        {
            "name": "DINOSAUR",
            "artist": "AKMU",
            "id": 491950112
        },
        {
            "name": "WHISTLE",
            "artist": "BLACKPINK",
            "id": 1325898350
        },
        {
            "name": "나비소녀 (Don't Go)",
            "artist": "EXO",
            "id": 26428005
        },
        {
            "name": "TOMBOY (R3HAB Remix)",
            "artist": "(G)I-DLE",
            "id": 1947530602
        },
        {
            "name": "한 (一)",
            "artist": "(G)I-DLE",
            "id": 1300885831
        },
        {
            "name": "Kill This Love",
            "artist": "BLACKPINK",
            "id": 1357116203
        },
        {
            "name": "DOOM DOOM TA",
            "artist": "TRI.BE",
            "id": 1821021772
        },
        {
            "name": "살짝 설렜어 (Nonstop)",
            "artist": "OH MY GIRL",
            "id": 1442013358
        },
        {
            "name": "밤(보고 싶은 가 밤)",
            "artist": "Withyou",
            "id": 1298673199
        },
        {
            "name": "애인 만들기 (드라마 꽃보다 남자)",
            "artist": "V.A.",
            "id": 504707146
        },
        {
            "name": "Take A Hike（KOR.Ver）",
            "artist": "智妍",
            "id": 1411709714
        },
        {
            "name": "How You Like That",
            "artist": "BLACKPINK",
            "id": 1484052702
        },
        {
            "name": "SOLO (BLACKPINK ARENA TOUR 2018 \"SPECIAL FINAL IN KYOCERA DOME OSAKA\")",
            "artist": "JENNIE",
            "id": 1352975734
        },
        {
            "name": "What You Waiting For",
            "artist": "TWICE",
            "id": 1401296069
        },
        {
            "name": "SUMMER!",
            "artist": "PENTAGON",
            "id": 1378220830
        },
        {
            "name": "Lonely (없구나)",
            "artist": "B1A4",
            "id": 28191857
        },
        {
            "name": "시작 梨泰院class（翻自 가호(Gaho)） ",
            "artist": "Double呆",
            "id": 1422785358
        },
        {
            "name": "DUN DUN",
            "artist": "EVERGLOW",
            "id": 1419772602
        },
        {
            "name": "Bar Bar Bar",
            "artist": "Crayon Pop",
            "id": 506339101
        },
        {
            "name": "Spring Day (Japanese Version)",
            "artist": "BTS (防弹少年团)",
            "id": 549941044
        },
        {
            "name": "오늘밤 뭐해?",
            "artist": "it's",
            "id": 28191934
        },
        {
            "name": "Lovely Day",
            "artist": "朴信惠",
            "id": 5404027
        },
        {
            "name": "No Lie",
            "artist": "EVERGLOW",
            "id": 1419772622
        },
        {
            "name": "재워줘",
            "artist": "수잔",
            "id": 531051015
        },
        {
            "name": "도깨비",
            "artist": "CLC",
            "id": 454069664
        },
        {
            "name": "Senorita",
            "artist": "(G)I-DLE",
            "id": 1348587670
        },
        {
            "name": "베베 (BABE)",
            "artist": "泫雅",
            "id": 502238344
        },
        {
            "name": "사이렌",
            "artist": "宣美",
            "id": 1307376239
        },
        {
            "name": "She",
            "artist": "Jami Soul",
            "id": 5307435
        },
        {
            "name": "Young & One",
            "artist": "泫雅",
            "id": 573168956
        },
        {
            "name": "꼬리쳐",
            "artist": "泫雅",
            "id": 423406119
        },
        {
            "name": "하루하루",
            "artist": "BIGBANG",
            "id": 22673504
        },
        {
            "name": "Trouble Maker",
            "artist": "Trouble Maker",
            "id": 22843672
        },
        {
            "name": "Lip & Hip",
            "artist": "泫雅",
            "id": 522351083
        },
        {
            "name": "Really Really",
            "artist": "DMTN",
            "id": 22833236
        },
        {
            "name": "우와",
            "artist": "DIA",
            "id": 1352830413
        },
        {
            "name": "우리만의 시간",
            "artist": "유지희",
            "id": 488654422
        },
        {
            "name": "투정부리고 싶은데",
            "artist": "郭泰勋",
            "id": 458697928
        },
        {
            "name": "Insomnia (불면증)",
            "artist": "辉星",
            "id": 5301152
        },
        {
            "name": "위아래",
            "artist": "EXID",
            "id": 29011143
        },
        {
            "name": "Way Back Home (Sam Feldt Edit)",
            "artist": "SHAUN",
            "id": 1334246005
        },
        {
            "name": "Across the Uneeverse",
            "artist": "My-Q",
            "id": 32945000
        },
        {
            "name": "니가 없어 (In The Club)",
            "artist": "IMFACT",
            "id": 455502506
        },
        {
            "name": "Way Back Home",
            "artist": "SHAUN",
            "id": 863046037
        },
        {
            "name": "Christmas Day",
            "artist": "Jimin",
            "id": 31917464
        },
        {
            "name": "I (Tobirush Remix)",
            "artist": "Tobirush",
            "id": 430043552
        },
        {
            "name": "걸어 본다",
            "artist": "B1A4",
            "id": 25694004
        },
        {
            "name": "헤어진 적 없던 것처럼",
            "artist": "Ignite",
            "id": 399340016
        },
        {
            "name": "혼잣말",
            "artist": "As One",
            "id": 31245761
        },
        {
            "name": "손잡이",
            "artist": "TAIBIAN",
            "id": 28191680
        },
        {
            "name": "Beautiful Girl",
            "artist": "레게 강 같은 평화 (RGP)",
            "id": 30987373
        },
        {
            "name": "쓰레기 Part.2",
            "artist": "河佑镇",
            "id": 35778199
        },
        {
            "name": "If You Love Me",
            "artist": "NS允智",
            "id": 25706433
        },
        {
            "name": "쓰레기",
            "artist": "河佑镇",
            "id": 27698434
        },
        {
            "name": "MY TYPE (취향저격)",
            "artist": "iKON",
            "id": 414586175
        },
        {
            "name": "예뻐",
            "artist": "My-Q",
            "id": 479979118
        },
        {
            "name": "바람이나 좀 쐐",
            "artist": "Gary",
            "id": 34828971
        },
        {
            "name": "Never Say Good Bye",
            "artist": "Mario",
            "id": 5254474
        },
        {
            "name": "POPPY",
            "artist": "STAYC",
            "id": 1998874975
        },
        {
            "name": "DDU-DU DDU-DU (Japanese Ver.)",
            "artist": "BLACKPINK",
            "id": 1303019042
        },
        {
            "name": "PLAYING WITH FIRE",
            "artist": "BLACKPINK",
            "id": 1325898351
        },
        {
            "name": "What is Love? (Japanese ver.)",
            "artist": "TWICE",
            "id": 1344353923
        },
        {
            "name": "YES or YES (Japanese ver.)",
            "artist": "TWICE",
            "id": 1349960893
        },
        {
            "name": "The Feels (Korean ver.)",
            "artist": "TWICE",
            "id": 1951214168
        },
        {
            "name": "gogobebe -Japanese ver.-",
            "artist": "Mamamoo",
            "id": 1406509080
        },
        {
            "name": "HIP -Japanese ver.-",
            "artist": "Mamamoo",
            "id": 1421990254
        },
        {
            "name": "Dingga -Japanese ver.-",
            "artist": "Mamamoo",
            "id": 1817140848
        },
        {
            "name": "Wind flower -Japanese ver.-",
            "artist": "Mamamoo",
            "id": 1406500058
        },
        {
            "name": "Baby I'm Sorry (Japanese ver)",
            "artist": "MYNAME",
            "id": 1999750254
        },
        {
            "name": "FAKE LOVE (Japanese Version)",
            "artist": "BTS (防弹少年团)",
            "id": 1323303094
        },
        {
            "name": "NoNoNo (Japanese Ver.)",
            "artist": "Apink",
            "id": 29562136
        },
        {
            "name": "Luv (Japanese Version)",
            "artist": "Apink",
            "id": 552448542
        }
    ]
}