{
    "playlist_info": {
        "name": "麦振鸿的仙与侠，配乐(全)",
        "trackcount": 296,
        "playcount": 1790433,
        "creator": "再来咯哦",
        "createDate": "2015-06-13",
        "heat": 609.0
    },
    "songs": [
        {
            "name": "棋只(配乐)",
            "artist": "麦振鸿",
            "id": 4874879
        },
        {
            "name": "二郎神(配乐)",
            "artist": "麦振鸿",
            "id": 4874878
        },
        {
            "name": "彩虹舞曲(配乐)",
            "artist": "麦振鸿",
            "id": 4874877
        },
        {
            "name": "天多高(配乐)",
            "artist": "麦振鸿",
            "id": 4874876
        },
        {
            "name": "从来没有爱过你(配乐)",
            "artist": "麦振鸿",
            "id": 4874875
        },
        {
            "name": "痛苦的幸福(一眼万年演奏曲)",
            "artist": "麦振鸿",
            "id": 4874873
        },
        {
            "name": "爱超越天地(千年泪演奏曲)",
            "artist": "麦振鸿",
            "id": 4874872
        },
        {
            "name": "消逝的灯火(月光演奏曲)",
            "artist": "麦振鸿",
            "id": 4874871
        },
        {
            "name": "天之涯 海之角(千年泪演奏曲)",
            "artist": "麦振鸿",
            "id": 4874869
        },
        {
            "name": "马桑树(一眼万年演奏曲)",
            "artist": "麦振鸿",
            "id": 4874868
        },
        {
            "name": "月光",
            "artist": "胡歌",
            "id": 4874867
        },
        {
            "name": "天亮以后",
            "artist": "胡歌",
            "id": 4874864
        },
        {
            "name": "千年泪",
            "artist": "Tank",
            "id": 4874863
        },
        {
            "name": "一眼万年",
            "artist": "S.H.E",
            "id": 4874862
        },
        {
            "name": "桃花岛",
            "artist": "麦振鸿",
            "id": 4875319
        },
        {
            "name": "情未逝(配乐)",
            "artist": "麦振鸿",
            "id": 4874880
        },
        {
            "name": "莫失莫忘",
            "artist": "麦振鸿",
            "id": 4875323
        },
        {
            "name": "仙剑奇缘",
            "artist": "麦振鸿",
            "id": 4875322
        },
        {
            "name": "大地之母",
            "artist": "麦振鸿",
            "id": 4875317
        },
        {
            "name": "千里姻缘一线牵",
            "artist": "麦振鸿",
            "id": 4875324
        },
        {
            "name": "淌血的心",
            "artist": "麦振鸿",
            "id": 4875330
        },
        {
            "name": "姜氏孤儿",
            "artist": "麦振鸿",
            "id": 4875331
        },
        {
            "name": "时空之钥",
            "artist": "麦振鸿",
            "id": 4875333
        },
        {
            "name": "妖域",
            "artist": "麦振鸿",
            "id": 4875318
        },
        {
            "name": "快乐逍遥",
            "artist": "麦振鸿",
            "id": 4875325
        },
        {
            "name": "人间精灵",
            "artist": "麦振鸿",
            "id": 4875327
        },
        {
            "name": "比翼鸟",
            "artist": "麦振鸿",
            "id": 4875332
        },
        {
            "name": "女娲之后",
            "artist": "麦振鸿",
            "id": 4875320
        },
        {
            "name": "魔与道",
            "artist": "麦振鸿",
            "id": 4875329
        },
        {
            "name": "酒醉三分醒",
            "artist": "麦振鸿",
            "id": 4875328
        },
        {
            "name": "拜月",
            "artist": "麦振鸿",
            "id": 4875321
        },
        {
            "name": "莲花池",
            "artist": "麦振鸿",
            "id": 4875326
        },
        {
            "name": "爱的世界",
            "artist": "麦振鸿",
            "id": 4875334
        },
        {
            "name": "大地之母(出自仙剧)",
            "artist": "麦振鸿",
            "id": 28793538
        },
        {
            "name": "快乐逍遥",
            "artist": "麦振鸿",
            "id": 28793551
        },
        {
            "name": "天地之音",
            "artist": "麦振鸿",
            "id": 34613650
        },
        {
            "name": "思念重重 (深情版)",
            "artist": "麦振鸿",
            "id": 34613652
        },
        {
            "name": "一直想着他 (伴奏)",
            "artist": "麦振鸿",
            "id": 34229315
        },
        {
            "name": "昨日",
            "artist": "麦振鸿",
            "id": 34613675
        },
        {
            "name": "幻境",
            "artist": "麦振鸿",
            "id": 34613637
        },
        {
            "name": "迷途",
            "artist": "麦振鸿",
            "id": 34218249
        },
        {
            "name": "宿命",
            "artist": "麦振鸿",
            "id": 33111979
        },
        {
            "name": "中秋节",
            "artist": "麦振鸿",
            "id": 34613669
        },
        {
            "name": "似海深情 (轻奏版)",
            "artist": "麦振鸿",
            "id": 34613655
        },
        {
            "name": "小翠之恋",
            "artist": "麦振鸿",
            "id": 34613665
        },
        {
            "name": "有你就足够",
            "artist": "麦振鸿",
            "id": 34229302
        },
        {
            "name": "似海深情 (加奏版)",
            "artist": "麦振鸿",
            "id": 34613656
        },
        {
            "name": "往事 (水晶版)",
            "artist": "麦振鸿",
            "id": 34613663
        },
        {
            "name": "主题音乐 (打斗版)",
            "artist": "麦振鸿",
            "id": 34613674
        },
        {
            "name": "道士斗法",
            "artist": "麦振鸿",
            "id": 34613628
        },
        {
            "name": "莲子汤",
            "artist": "麦振鸿",
            "id": 29984789
        },
        {
            "name": "快乐似神仙",
            "artist": "麦振鸿",
            "id": 34229282
        },
        {
            "name": "杀机暗藏 (轻奏版)",
            "artist": "麦振鸿",
            "id": 34613642
        },
        {
            "name": "往事 (深情版)",
            "artist": "麦振鸿",
            "id": 34613662
        },
        {
            "name": "蝴蝶洞",
            "artist": "麦振鸿",
            "id": 34613638
        },
        {
            "name": "皆大欢喜",
            "artist": "麦振鸿",
            "id": 34613634
        },
        {
            "name": "星意",
            "artist": "麦振鸿",
            "id": 34229290
        },
        {
            "name": "天大地大任我游",
            "artist": "麦振鸿",
            "id": 34229292
        },
        {
            "name": "陶望三的嬉戏",
            "artist": "麦振鸿",
            "id": 34613651
        },
        {
            "name": "阴阳判官",
            "artist": "麦振鸿",
            "id": 34613671
        },
        {
            "name": "元丰玩耍",
            "artist": "麦振鸿",
            "id": 34613668
        },
        {
            "name": "烛",
            "artist": "麦振鸿",
            "id": 34613670
        },
        {
            "name": "苗婆婆施法",
            "artist": "麦振鸿",
            "id": 34613647
        },
        {
            "name": "乐乐陶陶",
            "artist": "麦振鸿",
            "id": 34613648
        },
        {
            "name": "田道士",
            "artist": "麦振鸿",
            "id": 34613664
        },
        {
            "name": "不枉爱一场",
            "artist": "麦振鸿",
            "id": 34229285
        },
        {
            "name": "此情不再",
            "artist": "麦振鸿",
            "id": 35040204
        },
        {
            "name": "福星高照",
            "artist": "麦振鸿",
            "id": 34229281
        },
        {
            "name": "游戏人间",
            "artist": "麦振鸿",
            "id": 34229307
        },
        {
            "name": "天梯",
            "artist": "麦振鸿",
            "id": 34229293
        },
        {
            "name": "斗气冤家",
            "artist": "麦振鸿",
            "id": 34229300
        },
        {
            "name": "喜迎迎",
            "artist": "麦振鸿",
            "id": 34229289
        },
        {
            "name": "不可说-只相信你 (纯乐版)",
            "artist": "麦振鸿",
            "id": 33984320
        },
        {
            "name": "有求必应",
            "artist": "麦振鸿",
            "id": 34229280
        },
        {
            "name": "雷神一个",
            "artist": "麦振鸿",
            "id": 34229312
        },
        {
            "name": "侠义心肠",
            "artist": "麦振鸿",
            "id": 34229287
        },
        {
            "name": "不见不散",
            "artist": "麦振鸿",
            "id": 34229286
        },
        {
            "name": "我要我们在一起 (伴奏)",
            "artist": "麦振鸿",
            "id": 34229314
        },
        {
            "name": "有求必应 (伴奏)",
            "artist": "麦振鸿",
            "id": 34229313
        },
        {
            "name": "离不开你",
            "artist": "麦振鸿",
            "id": 34229311
        },
        {
            "name": "都是我的错",
            "artist": "麦振鸿",
            "id": 34229310
        },
        {
            "name": "情是永远让人着迷",
            "artist": "麦振鸿",
            "id": 34229309
        },
        {
            "name": "遥远的祝福",
            "artist": "麦振鸿",
            "id": 34229308
        },
        {
            "name": "缘未尽",
            "artist": "麦振鸿",
            "id": 34229306
        },
        {
            "name": "等花开",
            "artist": "麦振鸿",
            "id": 34229305
        },
        {
            "name": "痴痴的等",
            "artist": "麦振鸿",
            "id": 34229304
        },
        {
            "name": "消散在天边",
            "artist": "麦振鸿",
            "id": 34229303
        },
        {
            "name": "我要我们在一起",
            "artist": "麦振鸿",
            "id": 34229301
        },
        {
            "name": "爱感动天",
            "artist": "麦振鸿",
            "id": 34229299
        },
        {
            "name": "想念你",
            "artist": "麦振鸿",
            "id": 34229298
        },
        {
            "name": "悲欢离合",
            "artist": "麦振鸿",
            "id": 34229297
        },
        {
            "name": "对你不变的心",
            "artist": "麦振鸿",
            "id": 34229296
        },
        {
            "name": "一去不再返",
            "artist": "麦振鸿",
            "id": 34229295
        },
        {
            "name": "威武大神",
            "artist": "麦振鸿",
            "id": 34229294
        },
        {
            "name": "在一起",
            "artist": "麦振鸿",
            "id": 34229291
        },
        {
            "name": "偷龙转凤",
            "artist": "麦振鸿",
            "id": 34229288
        },
        {
            "name": "天上人间地上乐土",
            "artist": "麦振鸿",
            "id": 34229284
        },
        {
            "name": "舞吧舞吧",
            "artist": "麦振鸿",
            "id": 34229283
        },
        {
            "name": "麦振鸿-永恒的回忆（杀破狼 演奏曲)（麦振鸿 remix）",
            "artist": "麦振鸿",
            "id": 471597856
        },
        {
            "name": "杨门女将之女儿当自强",
            "artist": "麦振鸿",
            "id": 34614539
        },
        {
            "name": "昔日种种 小倩抒情曲",
            "artist": "麦振鸿",
            "id": 34613657
        },
        {
            "name": "片头曲",
            "artist": "麦振鸿",
            "id": 34613672
        },
        {
            "name": "妖域(出自仙剧)",
            "artist": "麦振鸿",
            "id": 28793537
        },
        {
            "name": "片尾曲",
            "artist": "麦振鸿",
            "id": 34613673
        },
        {
            "name": "血",
            "artist": "麦振鸿",
            "id": 34613666
        },
        {
            "name": "茅山术",
            "artist": "麦振鸿",
            "id": 34613636
        },
        {
            "name": "南来镇",
            "artist": "麦振鸿",
            "id": 34613645
        },
        {
            "name": "魂归地府",
            "artist": "麦振鸿",
            "id": 34613667
        },
        {
            "name": "鬼域",
            "artist": "麦振鸿",
            "id": 34613640
        },
        {
            "name": "命悬一线",
            "artist": "麦振鸿",
            "id": 34613646
        },
        {
            "name": "丧胆亡魂",
            "artist": "麦振鸿",
            "id": 34613643
        },
        {
            "name": "子楚见阿宝",
            "artist": "麦振鸿",
            "id": 34613629
        },
        {
            "name": "无尽的情",
            "artist": "麦振鸿",
            "id": 34613660
        },
        {
            "name": "抉择",
            "artist": "麦振鸿",
            "id": 34613633
        },
        {
            "name": "舞",
            "artist": "麦振鸿",
            "id": 34613658
        },
        {
            "name": "地府真情",
            "artist": "麦振鸿",
            "id": 34613627
        },
        {
            "name": "茶",
            "artist": "麦振鸿",
            "id": 34613632
        },
        {
            "name": "黑山老妖",
            "artist": "麦振鸿",
            "id": 34613639
        },
        {
            "name": "杀机暗藏",
            "artist": "麦振鸿",
            "id": 34613641
        },
        {
            "name": "无奈的心境",
            "artist": "麦振鸿",
            "id": 34613659
        },
        {
            "name": "思念重重 (加奏版)",
            "artist": "麦振鸿",
            "id": 34613653
        },
        {
            "name": "泛舟湖上",
            "artist": "麦振鸿",
            "id": 34613625
        },
        {
            "name": "回魂夜",
            "artist": "麦振鸿",
            "id": 34613635
        },
        {
            "name": "似海深情 (深情版)",
            "artist": "麦振鸿",
            "id": 34613654
        },
        {
            "name": "隔世情缘",
            "artist": "麦振鸿",
            "id": 34613626
        },
        {
            "name": "采臣的笛",
            "artist": "麦振鸿",
            "id": 34613630
        },
        {
            "name": "猜灯谜",
            "artist": "麦振鸿",
            "id": 34613624
        },
        {
            "name": "兰若寺",
            "artist": "麦振鸿",
            "id": 34613649
        },
        {
            "name": "往事",
            "artist": "麦振鸿",
            "id": 34613661
        },
        {
            "name": "千里寻情",
            "artist": "麦振鸿",
            "id": 34613644
        },
        {
            "name": "爱得深痛更深",
            "artist": "麦振鸿",
            "id": 34613631
        },
        {
            "name": "桃花岛",
            "artist": "麦振鸿",
            "id": 29999528
        },
        {
            "name": "长留山",
            "artist": "麦振鸿",
            "id": 34324551
        },
        {
            "name": "恩断情绝",
            "artist": "麦振鸿",
            "id": 34324552
        },
        {
            "name": "疤痕",
            "artist": "麦振鸿",
            "id": 34324553
        },
        {
            "name": "一心修仙",
            "artist": "麦振鸿",
            "id": 34324554
        },
        {
            "name": "只相信你 (不可说)",
            "artist": "麦振鸿",
            "id": 34324555
        },
        {
            "name": "异香",
            "artist": "麦振鸿",
            "id": 34324556
        },
        {
            "name": "乐天派",
            "artist": "麦振鸿",
            "id": 34324557
        },
        {
            "name": "天水滴",
            "artist": "麦振鸿",
            "id": 34324558
        },
        {
            "name": "痴颜",
            "artist": "麦振鸿",
            "id": 34324559
        },
        {
            "name": "五上仙",
            "artist": "麦振鸿",
            "id": 34324560
        },
        {
            "name": "倒大霉",
            "artist": "麦振鸿",
            "id": 34324561
        },
        {
            "name": "知晓万里",
            "artist": "麦振鸿",
            "id": 34324562
        },
        {
            "name": "牵绊一生 (不可说)",
            "artist": "麦振鸿",
            "id": 34324563
        },
        {
            "name": "不负苍生",
            "artist": "麦振鸿",
            "id": 34324564
        },
        {
            "name": "七分伤",
            "artist": "麦振鸿",
            "id": 34324565
        },
        {
            "name": "遵从本心",
            "artist": "麦振鸿",
            "id": 34324566
        },
        {
            "name": "非礼勿视",
            "artist": "麦振鸿",
            "id": 34324567
        },
        {
            "name": "曾经拥有",
            "artist": "麦振鸿",
            "id": 34324568
        },
        {
            "name": "念难断",
            "artist": "麦振鸿",
            "id": 34324569
        },
        {
            "name": "戒情",
            "artist": "麦振鸿",
            "id": 34324570
        },
        {
            "name": "炎水玉",
            "artist": "麦振鸿",
            "id": 34324571
        },
        {
            "name": "美人的吻 (痴颜)",
            "artist": "麦振鸿",
            "id": 34324572
        },
        {
            "name": "不可说",
            "artist": "霍建华",
            "id": 34324573
        },
        {
            "name": "为她而活",
            "artist": "麦振鸿",
            "id": 34324574
        },
        {
            "name": "疤痕 (音乐伴奏)",
            "artist": "麦振鸿",
            "id": 34324576
        },
        {
            "name": "永恒的爱(一眼万年演奏曲)",
            "artist": "麦振鸿",
            "id": 4874870
        },
        {
            "name": "往事",
            "artist": "麦振鸿",
            "id": 29999397
        },
        {
            "name": "心上人",
            "artist": "麦振鸿",
            "id": 29984906
        },
        {
            "name": "素心的哀愁",
            "artist": "麦振鸿",
            "id": 29984863
        },
        {
            "name": "月圆之夜",
            "artist": "麦振鸿",
            "id": 29984937
        },
        {
            "name": "小八妹",
            "artist": "麦振鸿",
            "id": 29999429
        },
        {
            "name": "张进酒吟诗",
            "artist": "麦振鸿",
            "id": 29999089
        },
        {
            "name": "丧胆亡魂",
            "artist": "麦振鸿",
            "id": 29999140
        },
        {
            "name": "飘絮与天涯",
            "artist": "麦振鸿",
            "id": 29984946
        },
        {
            "name": "主旋律  哀伤",
            "artist": "麦振鸿",
            "id": 29999313
        },
        {
            "name": "心殇",
            "artist": "麦振鸿",
            "id": 29984876
        },
        {
            "name": "悟",
            "artist": "麦振鸿",
            "id": 29999539
        },
        {
            "name": "夜半妖音",
            "artist": "麦振鸿",
            "id": 29999150
        },
        {
            "name": "心兰绝笔",
            "artist": "麦振鸿",
            "id": 30031079
        },
        {
            "name": "千里寻情",
            "artist": "麦振鸿",
            "id": 29999094
        },
        {
            "name": "利秀公主忧国",
            "artist": "麦振鸿",
            "id": 29999092
        },
        {
            "name": "杀机暗藏",
            "artist": "麦振鸿",
            "id": 29999145
        },
        {
            "name": "千里寻情",
            "artist": "麦振鸿",
            "id": 30031076
        },
        {
            "name": "思念",
            "artist": "麦振鸿",
            "id": 29999405
        },
        {
            "name": "情深似海",
            "artist": "麦振鸿",
            "id": 29999015
        },
        {
            "name": "琴音传情",
            "artist": "麦振鸿",
            "id": 29984869
        },
        {
            "name": "小鱼儿的思绪",
            "artist": "麦振鸿",
            "id": 29984860
        },
        {
            "name": "段天涯成亲",
            "artist": "麦振鸿",
            "id": 29984817
        },
        {
            "name": "天下第一",
            "artist": "罗坚",
            "id": 29535179
        },
        {
            "name": "恨爱交加",
            "artist": "麦振鸿",
            "id": 29999532
        },
        {
            "name": "莫失莫忘",
            "artist": "麦振鸿",
            "id": 30474387
        },
        {
            "name": "爱在不知不觉间",
            "artist": "麦振鸿",
            "id": 137342
        },
        {
            "name": "宿世未了缘",
            "artist": "麦振鸿",
            "id": 137344
        },
        {
            "name": "一夫当关",
            "artist": "麦振鸿",
            "id": 137346
        },
        {
            "name": "金童玉女",
            "artist": "麦振鸿",
            "id": 137348
        },
        {
            "name": "三岔口",
            "artist": "吕晶晶",
            "id": 137350
        },
        {
            "name": "捆仙索",
            "artist": "麦振鸿",
            "id": 137352
        },
        {
            "name": "相公",
            "artist": "麦振鸿",
            "id": 137354
        },
        {
            "name": "诛仙剑",
            "artist": "麦振鸿",
            "id": 137355
        },
        {
            "name": "少女的期望",
            "artist": "麦振鸿",
            "id": 137356
        },
        {
            "name": "我本善良",
            "artist": "麦振鸿",
            "id": 137357
        },
        {
            "name": "血与泪的情路",
            "artist": "麦振鸿",
            "id": 137359
        },
        {
            "name": "一生只爱你一人",
            "artist": "麦振鸿",
            "id": 137360
        },
        {
            "name": "光芒",
            "artist": "清莞",
            "id": 137361
        },
        {
            "name": "误毁仙物",
            "artist": "麦振鸿",
            "id": 137362
        },
        {
            "name": "混天棋盘",
            "artist": "麦振鸿",
            "id": 137363
        },
        {
            "name": "恃才自傲",
            "artist": "麦振鸿",
            "id": 137364
        },
        {
            "name": "妖魔转世",
            "artist": "麦振鸿",
            "id": 137365
        },
        {
            "name": "移山倒海",
            "artist": "麦振鸿",
            "id": 137366
        },
        {
            "name": "神鞭",
            "artist": "麦振鸿",
            "id": 137367
        },
        {
            "name": "三擒三纵",
            "artist": "麦振鸿",
            "id": 137368
        },
        {
            "name": "发扬光大",
            "artist": "麦振鸿",
            "id": 137369
        },
        {
            "name": "拜人师门",
            "artist": "麦振鸿",
            "id": 137370
        },
        {
            "name": "童话",
            "artist": "麦振鸿",
            "id": 137371
        },
        {
            "name": "卖汤圆",
            "artist": "麦振鸿",
            "id": 137372
        },
        {
            "name": "Greensleeves(演奏版)",
            "artist": "麦振鸿",
            "id": 137373
        },
        {
            "name": "见义勇为",
            "artist": "麦振鸿",
            "id": 137374
        },
        {
            "name": "相思(国)",
            "artist": "黄奕",
            "id": 137376
        },
        {
            "name": "小礼物",
            "artist": "麦振鸿",
            "id": 137378
        },
        {
            "name": "一分钟",
            "artist": "麦振鸿",
            "id": 137380
        },
        {
            "name": "千尺浪(粤)",
            "artist": "张继聪",
            "id": 137382
        },
        {
            "name": "留力不留手",
            "artist": "麦振鸿",
            "id": 137384
        },
        {
            "name": "强夺领土",
            "artist": "麦振鸿",
            "id": 137386
        },
        {
            "name": "错与对",
            "artist": "麦振鸿",
            "id": 137387
        },
        {
            "name": "你的名字",
            "artist": "麦振鸿",
            "id": 137388
        },
        {
            "name": "心上人",
            "artist": "麦振鸿",
            "id": 137389
        },
        {
            "name": "神秘贺恒",
            "artist": "麦振鸿",
            "id": 137390
        },
        {
            "name": "谁",
            "artist": "麦振鸿",
            "id": 137395
        },
        {
            "name": "嫁祸",
            "artist": "麦振鸿",
            "id": 137397
        },
        {
            "name": "她的心意",
            "artist": "麦振鸿",
            "id": 137401
        },
        {
            "name": "潜进",
            "artist": "麦振鸿",
            "id": 137404
        },
        {
            "name": "无人能挡",
            "artist": "麦振鸿",
            "id": 137407
        },
        {
            "name": "灭亲",
            "artist": "麦振鸿",
            "id": 137408
        },
        {
            "name": "死而无撼",
            "artist": "麦振鸿",
            "id": 137411
        },
        {
            "name": "蓦然回首",
            "artist": "麦振鸿",
            "id": 137413
        },
        {
            "name": "相思(粤)",
            "artist": "陈嘉恒",
            "id": 137415
        },
        {
            "name": "千尺浪(国)",
            "artist": "张继聪",
            "id": 137417
        },
        {
            "name": "Greensleeves(伴奏)",
            "artist": "麦振鸿",
            "id": 137419
        },
        {
            "name": "真假刺客迷",
            "artist": "麦振鸿",
            "id": 29535181
        },
        {
            "name": "女将初征",
            "artist": "麦振鸿",
            "id": 29535182
        },
        {
            "name": "再战金沙滩",
            "artist": "麦振鸿",
            "id": 29535184
        },
        {
            "name": "似是故人来",
            "artist": "麦振鸿",
            "id": 29535186
        },
        {
            "name": "杨八姐游春",
            "artist": "麦振鸿",
            "id": 29535187
        },
        {
            "name": "巧盗凤发",
            "artist": "麦振鸿",
            "id": 29535188
        },
        {
            "name": "山雨欲來",
            "artist": "麦振鸿",
            "id": 29535189
        },
        {
            "name": "穆桂英招亲",
            "artist": "麦振鸿",
            "id": 29535190
        },
        {
            "name": "降龙木",
            "artist": "麦振鸿",
            "id": 29535192
        },
        {
            "name": "辕门斩子",
            "artist": "麦振鸿",
            "id": 29535193
        },
        {
            "name": "穆桂英归宋",
            "artist": "麦振鸿",
            "id": 29535195
        },
        {
            "name": "不归之路",
            "artist": "麦振鸿",
            "id": 29535196
        },
        {
            "name": "大破天门阵",
            "artist": "麦振鸿",
            "id": 29535197
        },
        {
            "name": "俏排风",
            "artist": "麦振鸿",
            "id": 29535198
        },
        {
            "name": "今生缘(宗保与桂英)",
            "artist": "麦振鸿",
            "id": 29535199
        },
        {
            "name": "《杨门女将》新官网主页背景音乐",
            "artist": "麦振鸿",
            "id": 29535202
        },
        {
            "name": "妙想天开",
            "artist": "麦振鸿",
            "id": 137474
        },
        {
            "name": "我行我素",
            "artist": "麦振鸿",
            "id": 137476
        },
        {
            "name": "莫失莫忘",
            "artist": "麦振鸿",
            "id": 29999506
        },
        {
            "name": "永恒的回忆(杀破狼 演奏曲)",
            "artist": "陈忠义",
            "id": 4875304
        },
        {
            "name": "雪见—仙凡之旅",
            "artist": "麦振鸿",
            "id": 86381
        },
        {
            "name": "小鱼儿与花无缺片头音乐",
            "artist": "麦振鸿",
            "id": 29999487
        },
        {
            "name": "仙剑奇缘",
            "artist": "麦振鸿",
            "id": 30031087
        },
        {
            "name": "莫失莫忘(逍遥叹 演奏曲)",
            "artist": "麦振鸿",
            "id": 4875312
        },
        {
            "name": "红色蒲公英(终于明白 演奏曲)",
            "artist": "洪敬尧",
            "id": 4875311
        },
        {
            "name": "共伴闯天涯",
            "artist": "麦振鸿",
            "id": 86384
        },
        {
            "name": "龙葵—千年等待",
            "artist": "麦振鸿",
            "id": 86394
        },
        {
            "name": "长卿—众生平等",
            "artist": "麦振鸿",
            "id": 86391
        },
        {
            "name": "景天—护甲",
            "artist": "麦振鸿",
            "id": 86388
        },
        {
            "name": "君莫悲(逍遥叹 演奏曲)",
            "artist": "麦振鸿",
            "id": 4875314
        },
        {
            "name": "继续奋战(杀破狼 演奏曲)",
            "artist": "麦振鸿",
            "id": 4875316
        },
        {
            "name": "让爱(六月的雨 演奏曲)",
            "artist": "纪佳松",
            "id": 4875313
        },
        {
            "name": "恨爱交加",
            "artist": "麦振鸿",
            "id": 137473
        },
        {
            "name": "无悔光阴(六月的雨 演奏曲)",
            "artist": "麦振鸿",
            "id": 4875315
        },
        {
            "name": "降魔剑",
            "artist": "麦振鸿",
            "id": 86378
        },
        {
            "name": "大地之母",
            "artist": "麦振鸿",
            "id": 30031125
        },
        {
            "name": "姜氏孤儿",
            "artist": "麦振鸿",
            "id": 29999377
        },
        {
            "name": "天下第一",
            "artist": "麦振鸿",
            "id": 29999488
        },
        {
            "name": "蝴蝶舞",
            "artist": "麦振鸿",
            "id": 137467
        },
        {
            "name": "琴箫合奏(聊斋奇女子)",
            "artist": "麦振鸿",
            "id": 30031036
        },
        {
            "name": "千里姻缘一线牵",
            "artist": "麦振鸿",
            "id": 29999327
        },
        {
            "name": "琴箫和鸣",
            "artist": "麦振鸿",
            "id": 137471
        },
        {
            "name": "美若仙",
            "artist": "麦振鸿",
            "id": 137469
        },
        {
            "name": "比翼鸟",
            "artist": "麦振鸿",
            "id": 30031196
        },
        {
            "name": "聊斋志异片头",
            "artist": "麦振鸿",
            "id": 30031174
        },
        {
            "name": "天地之音",
            "artist": "麦振鸿",
            "id": 29999352
        },
        {
            "name": "人间精灵",
            "artist": "麦振鸿",
            "id": 29999417
        },
        {
            "name": "莲子汤",
            "artist": "麦振鸿",
            "id": 137470
        },
        {
            "name": "逍遥游(配乐)",
            "artist": "麦振鸿",
            "id": 29999544
        },
        {
            "name": "六指大夫",
            "artist": "麦振鸿",
            "id": 27946557
        },
        {
            "name": "华山圣母",
            "artist": "麦振鸿",
            "id": 137478
        },
        {
            "name": "仙凡之爱",
            "artist": "麦振鸿",
            "id": 29999286
        },
        {
            "name": "女娲之后",
            "artist": "麦振鸿",
            "id": 30031130
        },
        {
            "name": "许愿",
            "artist": "麦振鸿",
            "id": 137472
        },
        {
            "name": "小仙女",
            "artist": "麦振鸿",
            "id": 29999355
        },
        {
            "name": "爱得深痛更深",
            "artist": "麦振鸿",
            "id": 29999071
        },
        {
            "name": "开天开地",
            "artist": "麦振鸿",
            "id": 137477
        },
        {
            "name": "忘情舞",
            "artist": "麦振鸿",
            "id": 137475
        },
        {
            "name": "拜月",
            "artist": "麦振鸿",
            "id": 30031122
        },
        {
            "name": "昔日种种(小倩抒情曲)",
            "artist": "麦振鸿",
            "id": 29984943
        },
        {
            "name": "大侠燕南天",
            "artist": "麦振鸿",
            "id": 29999484
        },
        {
            "name": "《杨门女将》旧官网主页背景音乐",
            "artist": "麦振鸿",
            "id": 29535201
        },
        {
            "name": "女儿当自强",
            "artist": "麦振鸿",
            "id": 29999474
        },
        {
            "name": "快乐逍遥",
            "artist": "麦振鸿",
            "id": 30031216
        },
        {
            "name": "爱的魔法",
            "artist": "麦振鸿",
            "id": 137340
        },
        {
            "name": "四郎探母",
            "artist": "麦振鸿",
            "id": 29535185
        }
    ]
}