{
    "playlist_info": {
        "name": "鲸之唤・纯音 | 依海听鲸、余音袅袅",
        "trackcount": 84,
        "playcount": 11174,
        "creator": "峯哥牛逼",
        "createDate": "2023-02-24",
        "heat": 90.0
    },
    "songs": [
        {
            "name": "被困住的鲸 Trapped Whale",
            "artist": "TieYann 鐵陽",
            "id": 32823793
        },
        {
            "name": "Ocean (Pacific)",
            "artist": "Zak Gott",
            "id": 475072090
        },
        {
            "name": "Oceanic",
            "artist": "Sacred",
            "id": 34077192
        },
        {
            "name": "Gloam",
            "artist": "Liquid Memoirs",
            "id": 1343362881
        },
        {
            "name": "海",
            "artist": "李欣儒",
            "id": 541148319
        },
        {
            "name": "Inner Sanctum",
            "artist": "Ivan Torrent",
            "id": 1338709610
        },
        {
            "name": "Du Groenland à l'Islande",
            "artist": "Jérôme Hameau",
            "id": 499933441
        },
        {
            "name": "Stand on Your Feet",
            "artist": "比特丧",
            "id": 1363787747
        },
        {
            "name": "The last whale",
            "artist": "Before the Sunrise",
            "id": 511366762
        },
        {
            "name": "Sweet Dream",
            "artist": "赵大鼾",
            "id": 1844005658
        },
        {
            "name": "Waltz Of The Whales",
            "artist": "David Arkenstone",
            "id": 1465222997
        },
        {
            "name": "Ozean",
            "artist": "Resonance",
            "id": 525241779
        },
        {
            "name": "鲸歌",
            "artist": "蟹老板的罐头鱼",
            "id": 572148269
        },
        {
            "name": "Love Is the Key (Furkan Senol Ambient Mix)",
            "artist": "Moonnight",
            "id": 1407341586
        },
        {
            "name": "不 见 不 散",
            "artist": "Jiayi",
            "id": 1962823122
        },
        {
            "name": "Travellers of the Seas",
            "artist": "Kamal",
            "id": 1623569
        },
        {
            "name": "Across the Circular Horizon",
            "artist": "Dan Gibson",
            "id": 5023491
        },
        {
            "name": "Ocean Of Life",
            "artist": "Nadama",
            "id": 1803065
        },
        {
            "name": "Rolling Stones",
            "artist": "Dan Gibson",
            "id": 5023434
        },
        {
            "name": "鲸",
            "artist": "蓝布霖",
            "id": 515433112
        },
        {
            "name": "Ethereal Sigh",
            "artist": "MoreanP",
            "id": 1335075700
        },
        {
            "name": "Passeio das Onda",
            "artist": "Corciolli",
            "id": 1214910
        },
        {
            "name": "Song of the Whale",
            "artist": "Andrew Jasinski",
            "id": 30070481
        },
        {
            "name": "旧 漫 听 海",
            "artist": "拿花负荷",
            "id": 1899459886
        },
        {
            "name": "North",
            "artist": "Rameses B",
            "id": 408532037
        },
        {
            "name": "鲸落",
            "artist": "深蓝降噪",
            "id": 1365288511
        },
        {
            "name": "鲸 伴奏",
            "artist": "ALuuu",
            "id": 1474286046
        },
        {
            "name": "Breath of Nature",
            "artist": "Wildlife",
            "id": 408522170
        },
        {
            "name": "鲸灵传情",
            "artist": "周志宏",
            "id": 199329
        },
        {
            "name": "海的回响",
            "artist": "森水垚",
            "id": 1459793453
        },
        {
            "name": "Good Morning",
            "artist": "Mario M",
            "id": 28054761
        },
        {
            "name": "On the Crest Of A Wave",
            "artist": "Dan Gibson",
            "id": 5023438
        },
        {
            "name": "Sea Of Tears",
            "artist": "Dan Gibson",
            "id": 1219517
        },
        {
            "name": "Deep Blue",
            "artist": "Dan Gibson",
            "id": 1219502
        },
        {
            "name": "Beauty of the ocean",
            "artist": "Cymatics",
            "id": 408532160
        },
        {
            "name": "Claudio MonteverdiDr. Theile, Sabine, Mike",
            "artist": "Various Artists",
            "id": 5177717
        },
        {
            "name": "Ψ",
            "artist": "Quadrant Shield Music",
            "id": 1950938919
        },
        {
            "name": "Samana",
            "artist": "Jérôme Hameau",
            "id": 499933442
        },
        {
            "name": "Grand départ",
            "artist": "Jérôme Hameau",
            "id": 499933440
        },
        {
            "name": "千里吟唱",
            "artist": "风潮音乐",
            "id": 5270262
        },
        {
            "name": "海洋新生",
            "artist": "风潮音乐",
            "id": 5270255
        },
        {
            "name": "海阔天空",
            "artist": "风潮音乐",
            "id": 5270254
        },
        {
            "name": "Whales In Clear Darkness",
            "artist": "Relaxing Zen Nature",
            "id": 493562080
        },
        {
            "name": "遥念",
            "artist": "风潮音乐",
            "id": 5270241
        },
        {
            "name": "Into the Sky",
            "artist": "Dan Gibson",
            "id": 5023495
        },
        {
            "name": "Moonlight Sonata, 1st Movement",
            "artist": "Dan Gibson",
            "id": 5022956
        },
        {
            "name": "Cantos de las Ballenas Jorobadas",
            "artist": "Thors",
            "id": 444111729
        },
        {
            "name": "Viaje al País de las Ballenas",
            "artist": "Thors",
            "id": 444111728
        },
        {
            "name": "The Long Journey",
            "artist": "David Arkenstone",
            "id": 1234631
        },
        {
            "name": "Les joies de Fundi",
            "artist": "Jérôme Hameau",
            "id": 499933443
        },
        {
            "name": "告别",
            "artist": "风潮音乐",
            "id": 5270266
        },
        {
            "name": "鲸声之旅",
            "artist": "风潮音乐",
            "id": 5270264
        },
        {
            "name": "启航",
            "artist": "风潮音乐",
            "id": 5270252
        },
        {
            "name": "Whales Around the World",
            "artist": "Relaxing Zen Nature",
            "id": 493562081
        },
        {
            "name": "Sweetness Whales",
            "artist": "Relaxing Zen Nature",
            "id": 493562083
        },
        {
            "name": "Whales of Hope",
            "artist": "Relaxing Zen Nature",
            "id": 493562082
        },
        {
            "name": "Whale Love",
            "artist": "Gregor Theelen",
            "id": 17963628
        },
        {
            "name": "爱尔兰之海",
            "artist": "风潮音乐",
            "id": 5270244
        },
        {
            "name": "蓝色乡愁",
            "artist": "风潮音乐",
            "id": 5270242
        },
        {
            "name": "鲸鱼情歌",
            "artist": "风潮音乐",
            "id": 5270240
        },
        {
            "name": "远行",
            "artist": "风潮音乐",
            "id": 5270245
        },
        {
            "name": "序曲",
            "artist": "风潮音乐",
            "id": 5270238
        },
        {
            "name": "Journey into the Country of Whales",
            "artist": "Thors",
            "id": 483296542
        },
        {
            "name": "Songs of the Humpback Whales",
            "artist": "Thors",
            "id": 483296543
        },
        {
            "name": "Whale (New Age, Relaxation)",
            "artist": "Bernardo Lafonte",
            "id": 510419189
        },
        {
            "name": "不 过 转 瞬",
            "artist": "FRESH_ye",
            "id": 1872118886
        },
        {
            "name": "Song of the Deep",
            "artist": "Kamal",
            "id": 1623563
        },
        {
            "name": "Whale Rider",
            "artist": "Kamal",
            "id": 1623393
        },
        {
            "name": "As Above, So Below",
            "artist": "Kamal",
            "id": 1623385
        },
        {
            "name": "鲸与海",
            "artist": "陈底里",
            "id": 28798228
        },
        {
            "name": "White Sand (Chill Out Edit)",
            "artist": "Roger Shah",
            "id": 28832005
        },
        {
            "name": "Beauty Of The Ocean (Original Mix)",
            "artist": "Innersync",
            "id": 513327653
        },
        {
            "name": "Above Chiangmai (2004 Digital Remaster)",
            "artist": "Harold Budd",
            "id": 1430360
        },
        {
            "name": "Roaming with the Whales",
            "artist": "Frank Steiner Jr.",
            "id": 17709090
        },
        {
            "name": "Ataraxy",
            "artist": "Flaer Smin",
            "id": 31997902
        },
        {
            "name": "Beauty of the ocean",
            "artist": "Cymatics",
            "id": 399347065
        },
        {
            "name": "The Healing Waters",
            "artist": "Kamal",
            "id": 18914082
        },
        {
            "name": "Coming Home",
            "artist": "Kamal",
            "id": 18914083
        },
        {
            "name": "Breath Of The Ocean",
            "artist": "David Arkenstone",
            "id": 1234627
        },
        {
            "name": "Waltz Of The Whales",
            "artist": "David Arkenstone",
            "id": 1234644
        },
        {
            "name": "Sparkles In The Sea",
            "artist": "David Arkenstone",
            "id": 1234635
        },
        {
            "name": "Majestic Giants",
            "artist": "David Arkenstone",
            "id": 1234641
        },
        {
            "name": "The Deep Blue",
            "artist": "David Arkenstone",
            "id": 1234623
        },
        {
            "name": "Prelude",
            "artist": "David Arkenstone",
            "id": 1234619
        }
    ]
}