{
    "playlist_info": {
        "name": "『机车』摩旅、跑山骑行歌单",
        "trackcount": 260,
        "playcount": 675917,
        "creator": "LinLaugh",
        "createDate": "2020-11-06",
        "heat": 699.0
    },
    "songs": [
        {
            "name": "The Hills",
            "artist": "SheNYi",
            "id": 1853173026
        },
        {
            "name": "Одна",
            "artist": "АДЛИН",
            "id": 1897256092
        },
        {
            "name": "REALITY LINE",
            "artist": "ROCSET MOON",
            "id": 2029258568
        },
        {
            "name": "SHUT UP",
            "artist": "CRYPTZZ COFFIN",
            "id": 2016400337
        },
        {
            "name": "SO TIRED",
            "artist": "NUEKI",
            "id": 2047126369
        },
        {
            "name": "VUK VUK",
            "artist": "Kordhell",
            "id": 2032661143
        },
        {
            "name": "Ex",
            "artist": "АДЛИН",
            "id": 2050607818
        },
        {
            "name": "Nu",
            "artist": "DJ Project",
            "id": 1910994242
        },
        {
            "name": "Scape",
            "artist": "DVRST",
            "id": 2029279971
        },
        {
            "name": "Sea Of Problems",
            "artist": "Glichery",
            "id": 2025457557
        },
        {
            "name": "Midnight Love",
            "artist": "Wilee",
            "id": 1954696352
        },
        {
            "name": "EXTERMINATE",
            "artist": "ROCSET MOON",
            "id": 1990634110
        },
        {
            "name": "Lost Heart",
            "artist": "Wilee",
            "id": 2002990417
        },
        {
            "name": "BABYDOLL (Speed)",
            "artist": "Ari Abdul",
            "id": 1932769322
        },
        {
            "name": "Giga Chad Theme (Phonk House Version)",
            "artist": "T3nzu",
            "id": 2013304235
        },
        {
            "name": "SKY ADVENTURE",
            "artist": "Digital Rey",
            "id": 2019128677
        },
        {
            "name": "Change Your Mind",
            "artist": "Interupt",
            "id": 1818344122
        },
        {
            "name": "Stay With Me",
            "artist": "Wilee",
            "id": 2018080754
        },
        {
            "name": "Around The World",
            "artist": "Ariis",
            "id": 1995664616
        },
        {
            "name": "Hooked",
            "artist": "Notion",
            "id": 1399969224
        },
        {
            "name": "GAME",
            "artist": "Mishashi Sensei",
            "id": 1890675463
        },
        {
            "name": "My Toy",
            "artist": "DVRST",
            "id": 1964701831
        },
        {
            "name": "DESTINY",
            "artist": "MVDX",
            "id": 2020450127
        },
        {
            "name": "SHADOW",
            "artist": "ONIMXRU",
            "id": 1967493421
        },
        {
            "name": "nightriders",
            "artist": "Øneheart",
            "id": 1990921901
        },
        {
            "name": "Let It Out",
            "artist": "my!lane",
            "id": 1946661299
        },
        {
            "name": "CLOUD",
            "artist": "Dxrk ダーク",
            "id": 1876023432
        },
        {
            "name": "ODIUM",
            "artist": "LXST CXNTURY",
            "id": 1404713590
        },
        {
            "name": "The Runner",
            "artist": "Yubik",
            "id": 1963232440
        },
        {
            "name": "Loco",
            "artist": "Max Oazo",
            "id": 1995697000
        },
        {
            "name": "Tokyo 東京",
            "artist": "7vvch",
            "id": 1973749002
        },
        {
            "name": "Never Leave",
            "artist": "DVRST",
            "id": 2025336693
        },
        {
            "name": "Low",
            "artist": "Lylytan_",
            "id": 1897154962
        },
        {
            "name": "Asteroid (feat. blaxervant)",
            "artist": "DJ NECOJITA",
            "id": 1904541316
        },
        {
            "name": "Code Paradiso",
            "artist": "himmel",
            "id": 407759835
        },
        {
            "name": "LET'S RIDE! (Drift Phonk)",
            "artist": "Sxmpra",
            "id": 2021342675
        },
        {
            "name": "Stardust",
            "artist": "LOSTMANE",
            "id": 2017138323
        },
        {
            "name": "MERCENARY",
            "artist": "XAN$X",
            "id": 2014671379
        },
        {
            "name": "ENIGMA",
            "artist": "UMBASA",
            "id": 2020970231
        },
        {
            "name": "I DON'T KNOW YA",
            "artist": "EKASE",
            "id": 2014606499
        },
        {
            "name": "EVERY NIGHT",
            "artist": "Kute",
            "id": 2026613483
        },
        {
            "name": "We Never",
            "artist": "Hi Noise",
            "id": 1414054917
        },
        {
            "name": "Here Comes the Hotstepper (Yuksek Remix)",
            "artist": "Baby & Me",
            "id": 26402202
        },
        {
            "name": "BANKAI",
            "artist": "Aega",
            "id": 1942042826
        },
        {
            "name": "To Hell and Back",
            "artist": "RAIZHELL",
            "id": 1927825522
        },
        {
            "name": "Beautiful Lies",
            "artist": "B-Complex",
            "id": 24851086
        },
        {
            "name": "#ТАМАДА (DJ Mexx & DJ Dikson Remix)",
            "artist": "EA7",
            "id": 1811133274
        },
        {
            "name": "Walk Away",
            "artist": "Facading",
            "id": 1448940932
        },
        {
            "name": "Nobody Like You (RetroVision Flip)",
            "artist": "Landis",
            "id": 1387271644
        },
        {
            "name": "DVRKEST DAYS",
            "artist": "CYRCA4",
            "id": 1931568313
        },
        {
            "name": "Want U More (Radio Edit)",
            "artist": "Hi Noise",
            "id": 1868207326
        },
        {
            "name": "Razor",
            "artist": "VØJ",
            "id": 1989886862
        },
        {
            "name": "LEVIATHAN",
            "artist": "Diutalon",
            "id": 2004271124
        },
        {
            "name": "Pump It Up (Radio Edit)",
            "artist": "Danko",
            "id": 1450158241
        },
        {
            "name": "DAMAGE",
            "artist": "SHADXWBXRN",
            "id": 1939989335
        },
        {
            "name": "50 ROUNDS",
            "artist": "888Playa",
            "id": 2004830833
        },
        {
            "name": "BRIGHT BLOOD",
            "artist": "Snxff",
            "id": 1942597700
        },
        {
            "name": "gxddamn",
            "artist": "MUPP",
            "id": 2003181252
        },
        {
            "name": "KILLA KILLA!",
            "artist": "EL33N",
            "id": 1996456759
        },
        {
            "name": "Machiavelli",
            "artist": "Crazy Donkey",
            "id": 1958151292
        },
        {
            "name": "Shine Over Me",
            "artist": "Kisma",
            "id": 1375539450
        },
        {
            "name": "MURDER PLOT",
            "artist": "Kordhell",
            "id": 2001751496
        },
        {
            "name": "REIGN OF ANUBIS",
            "artist": "OSVISS",
            "id": 1972130047
        },
        {
            "name": "Poltergeist",
            "artist": "RAIZHELL",
            "id": 1984973029
        },
        {
            "name": "Rented Feelings",
            "artist": "АДЛИН",
            "id": 2006390562
        },
        {
            "name": "KNIGHT II",
            "artist": "SHADXWBXRN",
            "id": 2001430757
        },
        {
            "name": "This Feeling",
            "artist": "NEKXSTXZIS",
            "id": 1967223401
        },
        {
            "name": "WARLOCK",
            "artist": "SHADXWBXRN",
            "id": 1892696699
        },
        {
            "name": "Feel",
            "artist": "Mordkey",
            "id": 523541014
        },
        {
            "name": "Freefall",
            "artist": "Metrik",
            "id": 27175305
        },
        {
            "name": "BLAST EM'",
            "artist": "Aega",
            "id": 1981927201
        },
        {
            "name": "After Hours",
            "artist": "The Weeknd",
            "id": 1424460203
        },
        {
            "name": "Have You Never Been Mellow",
            "artist": "Keanu Silva",
            "id": 1418462816
        },
        {
            "name": "Step Back!",
            "artist": "1nonly",
            "id": 1977106849
        },
        {
            "name": "WORTH NOTHING",
            "artist": "TWISTED",
            "id": 1985112078
        },
        {
            "name": "Tell Me You Need Me",
            "artist": "KASTRA",
            "id": 1331714565
        },
        {
            "name": "The Difference",
            "artist": "Daya",
            "id": 1836919943
        },
        {
            "name": "Miracle",
            "artist": "Siks",
            "id": 1428852145
        },
        {
            "name": "Sky High (feat. Nonô)",
            "artist": "Alok",
            "id": 1908151164
        },
        {
            "name": "My Frequency (feat. RebMoe)",
            "artist": "Tiësto",
            "id": 1417982295
        },
        {
            "name": "i'll be there",
            "artist": "wilo wilde",
            "id": 1986853998
        },
        {
            "name": "Click",
            "artist": "Tujamo",
            "id": 1928517375
        },
        {
            "name": "Love You",
            "artist": "Cuebrick",
            "id": 1834149281
        },
        {
            "name": "Rules",
            "artist": "OsMan",
            "id": 1834356811
        },
        {
            "name": "Me & You",
            "artist": "T.L.I.D",
            "id": 1380930863
        },
        {
            "name": "I Wanna Be There",
            "artist": "DubVision",
            "id": 1835274306
        },
        {
            "name": "Just In Case",
            "artist": "Timmy Trumpet",
            "id": 1935340152
        },
        {
            "name": "City 17",
            "artist": "Aega",
            "id": 1962386511
        },
        {
            "name": "Catch My Breath",
            "artist": "Kelly Clarkson",
            "id": 25657526
        },
        {
            "name": "DYNAMIC",
            "artist": "SHADXWBXRN",
            "id": 1966006332
        },
        {
            "name": "My Pony",
            "artist": "R3HAB",
            "id": 1936268951
        },
        {
            "name": "Beside",
            "artist": "Øneheart",
            "id": 1935171677
        },
        {
            "name": "Say You Love Me",
            "artist": "Max Oazo",
            "id": 1899368291
        },
        {
            "name": "Розовое Вино ( Radio Remix )",
            "artist": "еяхат музыка",
            "id": 543943676
        },
        {
            "name": "HEADLIGHTS FLASHES",
            "artist": "HXVRMXN",
            "id": 1884668957
        },
        {
            "name": "Superpowers (Dimitri Vegas Edit)",
            "artist": "Ilkay Sencan",
            "id": 1836282625
        },
        {
            "name": "Warrior Sound",
            "artist": "The Qemists",
            "id": 423997329
        },
        {
            "name": "TOKYO TAKEOFF",
            "artist": "HXVRMXN",
            "id": 1969808777
        },
        {
            "name": "DOWNING ME",
            "artist": "FORGOTTENAGE",
            "id": 1927776836
        },
        {
            "name": "GigaChad Theme (Phonk House Version)",
            "artist": "g3ox_em",
            "id": 1974460387
        },
        {
            "name": "Scopin",
            "artist": "Kordhell",
            "id": 1930107573
        },
        {
            "name": "Move Your Body (RAIZHELL Remix)",
            "artist": "Öwnboss",
            "id": 1969098089
        },
        {
            "name": "In the Sky",
            "artist": "7vvch",
            "id": 1891713542
        },
        {
            "name": "Cross Your Mind",
            "artist": "David Solomon",
            "id": 1817295062
        },
        {
            "name": "Sunny",
            "artist": "Max Oazo",
            "id": 1842253911
        },
        {
            "name": "ТАЙМАУТ (KORDHELL REMIX)",
            "artist": "Kordhell",
            "id": 1964257426
        },
        {
            "name": "Bleach",
            "artist": "Krubb Wenkroist",
            "id": 29498727
        },
        {
            "name": "AWESOME FORCE",
            "artist": "mxracle",
            "id": 1892763686
        },
        {
            "name": "再等冬天(Memories)",
            "artist": "h3R3",
            "id": 1927693793
        },
        {
            "name": "Requiem",
            "artist": "The Qemists",
            "id": 423997331
        },
        {
            "name": "This Feeling",
            "artist": "my!lane",
            "id": 1897255962
        },
        {
            "name": "AGONIZE",
            "artist": "Extra Terra",
            "id": 1913737940
        },
        {
            "name": "LAND OF FIRE",
            "artist": "Kordhell",
            "id": 1966025205
        },
        {
            "name": "还是会想你",
            "artist": "林达浪",
            "id": 1827600686
        },
        {
            "name": "6feet!",
            "artist": "Sadfriendd",
            "id": 1962752902
        },
        {
            "name": "Show Me Your Back",
            "artist": "FindMyName",
            "id": 1959605260
        },
        {
            "name": "My Star (Original Mix)",
            "artist": "YUGBY PLAYA",
            "id": 1972730313
        },
        {
            "name": "ZEP TEPI",
            "artist": "Kordhell",
            "id": 1936686637
        },
        {
            "name": "DARK SAUCE",
            "artist": "fkbambam",
            "id": 1923910686
        },
        {
            "name": "In The Shadow Of The Sun",
            "artist": "Professor Green",
            "id": 29412405
        },
        {
            "name": "CRAZYDRIFT",
            "artist": "HustleKitty",
            "id": 1981028195
        },
        {
            "name": "Sahara (feat. Hensonn)",
            "artist": "GRZZAK",
            "id": 1913613018
        },
        {
            "name": "PLAYER",
            "artist": "ReddCross",
            "id": 1924574967
        },
        {
            "name": "RAGE",
            "artist": "nxtjvr",
            "id": 1938004610
        },
        {
            "name": "Stranger",
            "artist": "Krimsonn",
            "id": 1500151640
        },
        {
            "name": "Euphoria",
            "artist": "Xteage",
            "id": 1855950503
        },
        {
            "name": "RUNWAY",
            "artist": "HXVRMXN",
            "id": 1921440878
        },
        {
            "name": "All For Love",
            "artist": "Tungevaag & Raaban",
            "id": 545947135
        },
        {
            "name": "TECHNO KILLA",
            "artist": "Kute",
            "id": 1951605250
        },
        {
            "name": "Highshift (Remix)",
            "artist": "HXVRMXN",
            "id": 1903844982
        },
        {
            "name": "Перестал мечтать",
            "artist": "АДЛИН",
            "id": 1972332510
        },
        {
            "name": "Smoke",
            "artist": "VINIVILLA",
            "id": 1353851909
        },
        {
            "name": "Sean Paul-Get Busy (Radio Version)（Uzller / CHENYI remix）",
            "artist": "Uzller",
            "id": 1442800639
        },
        {
            "name": "Dynamic",
            "artist": "KSLV Noh",
            "id": 1862013483
        },
        {
            "name": "TOKYO DRIFT",
            "artist": "PRXSXNT FXTURE",
            "id": 1878429491
        },
        {
            "name": "Положение (Chicagoo Remix)",
            "artist": "Dior",
            "id": 1480598170
        },
        {
            "name": "R34",
            "artist": "Dxrk ダーク",
            "id": 1876023434
        },
        {
            "name": "Nullifier",
            "artist": "TRVNSPORTER",
            "id": 1962738828
        },
        {
            "name": "Dark Moon Dancing",
            "artist": "Pr1nce666",
            "id": 1939382796
        },
        {
            "name": "Last Twerking",
            "artist": "Starsblood",
            "id": 1968549916
        },
        {
            "name": "So Far Away ( Bootleg)",
            "artist": "Martin Garrix",
            "id": 1836615506
        },
        {
            "name": "ILLUSION",
            "artist": "71",
            "id": 1947932591
        },
        {
            "name": "WARRIOR",
            "artist": "SHADXWBXRN",
            "id": 1915649155
        },
        {
            "name": "Phonky Town",
            "artist": "PlayaPhonk",
            "id": 1830574516
        },
        {
            "name": "Raise Hell (Original Mix)",
            "artist": "Zardonic",
            "id": 34899375
        },
        {
            "name": "Super Sensual",
            "artist": "Croatia Squad",
            "id": 1410143586
        },
        {
            "name": "KERAUNOS KILLER (Speed Up)",
            "artist": "4WHEEL",
            "id": 1916005171
        },
        {
            "name": "Pleasure",
            "artist": "OGNEYAR",
            "id": 1901814949
        },
        {
            "name": "Night Drive",
            "artist": "Wilee",
            "id": 1919684213
        },
        {
            "name": "Murder In My Mind",
            "artist": "Kordhell",
            "id": 1911350678
        },
        {
            "name": "Faster",
            "artist": "Within Temptation",
            "id": 20715523
        },
        {
            "name": "EXPOSURE",
            "artist": "Leftoz",
            "id": 1927994381
        },
        {
            "name": "Angst (RMX by twocolors)",
            "artist": "Rammstein",
            "id": 1975535671
        },
        {
            "name": "Killers From The Northside",
            "artist": "Kordhell",
            "id": 1878791667
        },
        {
            "name": "Born to Fly",
            "artist": "7vvch",
            "id": 1950783503
        },
        {
            "name": "Tokyo Rain",
            "artist": "Yavomag",
            "id": 1948643297
        },
        {
            "name": "Outlaw",
            "artist": "it's different",
            "id": 456185219
        },
        {
            "name": "UNHOLY",
            "artist": "Dxrk ダーク",
            "id": 1942206772
        },
        {
            "name": "Polozhenie",
            "artist": "T3nzu",
            "id": 1890256410
        },
        {
            "name": "Astronaut In The Ocean (Alok Remix)",
            "artist": "Masked Wolf",
            "id": 1840501979
        },
        {
            "name": "貼地飛行",
            "artist": "D254",
            "id": 1974445206
        },
        {
            "name": "Blush",
            "artist": "Fusq",
            "id": 485347176
        },
        {
            "name": "DEVIL MEAN",
            "artist": "HOSPICEMANE",
            "id": 1941516491
        },
        {
            "name": "Rage Your Dream",
            "artist": "m.o.v.e",
            "id": 28823239
        },
        {
            "name": "OVERDO$E",
            "artist": "Pharmacist",
            "id": 1934672587
        },
        {
            "name": "Back Around",
            "artist": "Chester Young",
            "id": 1376024130
        },
        {
            "name": "nightexpress",
            "artist": "kim",
            "id": 1896253648
        },
        {
            "name": "Move Bitch",
            "artist": "ᴇᴀ⁷ преступник",
            "id": 1472536989
        },
        {
            "name": "White Angels",
            "artist": "Maga",
            "id": 1451981659
        },
        {
            "name": "Step Back (Original Mix)",
            "artist": "Barthezz Brain",
            "id": 1322077642
        },
        {
            "name": "Darksun",
            "artist": "FILV",
            "id": 1403285974
        },
        {
            "name": "No No No",
            "artist": "Rnbstylerz",
            "id": 1446975219
        },
        {
            "name": "Wake (Live)",
            "artist": "Hillsong Young & Free",
            "id": 1873321491
        },
        {
            "name": "Why Not",
            "artist": "Ghostface Playa",
            "id": 1931045567
        },
        {
            "name": "Dead Inside",
            "artist": "АДЛИН",
            "id": 1890128737
        },
        {
            "name": "No Love",
            "artist": "АДЛИН",
            "id": 1879469323
        },
        {
            "name": "FATALITY",
            "artist": "Kordhell",
            "id": 1943523171
        },
        {
            "name": "Hard Bone（硬骨）",
            "artist": "YPD",
            "id": 1948217270
        },
        {
            "name": "FTP",
            "artist": "MUPP",
            "id": 1909557241
        },
        {
            "name": "Queen of Pain",
            "artist": "Voj",
            "id": 1926329414
        },
        {
            "name": "3 2 1 ❀",
            "artist": "VodKa",
            "id": 1825998212
        },
        {
            "name": "Empty Love",
            "artist": "Lulleaux",
            "id": 1435828582
        },
        {
            "name": "Destiny",
            "artist": "ZHANG JUN（张俊）",
            "id": 1901389545
        },
        {
            "name": "My Style (Original Mix)",
            "artist": "Johny Dark",
            "id": 1360740796
        },
        {
            "name": "Devil Ride",
            "artist": "RAIZHELL",
            "id": 1893593449
        },
        {
            "name": "スピードデーモン",
            "artist": "HXVRMXN",
            "id": 1856270902
        },
        {
            "name": "Ride It",
            "artist": "CDM Project",
            "id": 1489366404
        },
        {
            "name": "Desanimado",
            "artist": "Prime",
            "id": 1305815005
        },
        {
            "name": "Say It Right (Extended)",
            "artist": "DJ Dark",
            "id": 1853142803
        },
        {
            "name": "Waves",
            "artist": "DMNDS",
            "id": 1419876362
        },
        {
            "name": "Let Me Say (Andrey Exx & Troitski Remix)",
            "artist": "Deepjack",
            "id": 29563737
        },
        {
            "name": "RAVE",
            "artist": "Dxrk ダーク",
            "id": 1924995800
        },
        {
            "name": "Graveyard Phonk",
            "artist": "DeadJxhn",
            "id": 1878429485
        },
        {
            "name": "Confession",
            "artist": "Dropgun",
            "id": 1409432170
        },
        {
            "name": "IN THE CLUB",
            "artist": "Mishashi Sensei",
            "id": 1888560458
        },
        {
            "name": "PRINCE OF DARKNESS",
            "artist": "SHADXWBXRN",
            "id": 1909563226
        },
        {
            "name": "Out Of Time",
            "artist": "Why So Sad",
            "id": 1407640126
        },
        {
            "name": "Amazing (Radio Edit)",
            "artist": "Rnbstylerz",
            "id": 1862753740
        },
        {
            "name": "Carioca (Kiko Franco & Paradise City Remix)",
            "artist": "Joe Kinni",
            "id": 466325499
        },
        {
            "name": "SNEAKY",
            "artist": "WYR GEMI",
            "id": 1815740745
        },
        {
            "name": "Beyond",
            "artist": "AREZ",
            "id": 1480192612
        },
        {
            "name": "Infinity (PRETTY YOUNG Remix)",
            "artist": "Jaymes Young",
            "id": 1901372151
        },
        {
            "name": "Goosebumps",
            "artist": "HVME",
            "id": 1447573604
        },
        {
            "name": "Sweetest Pie (David Guetta Dance Remix)",
            "artist": "Megan Thee Stallion",
            "id": 1942916517
        },
        {
            "name": "Lifestyle",
            "artist": "МAGES",
            "id": 1471935480
        },
        {
            "name": "Outta My Head",
            "artist": "Nico Kropf",
            "id": 1373577001
        },
        {
            "name": "TMM TMM (feat. Ilkay Sencan)",
            "artist": "Ilkay Sencan",
            "id": 1867579769
        },
        {
            "name": "I Got Love(Remix)",
            "artist": "吴宇彬",
            "id": 1826990514
        },
        {
            "name": "Freak (The Otherside Series, Vol.2)",
            "artist": "Le Castle Vania",
            "id": 1345494163
        },
        {
            "name": "Say So",
            "artist": "Dance Fruits Music",
            "id": 1451314845
        },
        {
            "name": "Feel The Vibe",
            "artist": "Butch U",
            "id": 1835713551
        },
        {
            "name": "I'll Get Seen Then",
            "artist": "Lucas7",
            "id": 1469060750
        },
        {
            "name": "Not So Bad (feat. Emie)",
            "artist": "Yves V",
            "id": 1413491975
        },
        {
            "name": "Selena Gomez-Back To You（J.Ale / L.Chen remix）",
            "artist": "J.Ale",
            "id": 1452449261
        },
        {
            "name": "Положение",
            "artist": "VKCLUB",
            "id": 1895997113
        },
        {
            "name": "Jade",
            "artist": "AREZ",
            "id": 1490095062
        },
        {
            "name": "Symphony",
            "artist": "Aspyer",
            "id": 1808197478
        },
        {
            "name": "OBSIDIAN",
            "artist": "ASMODEUS",
            "id": 1868173849
        },
        {
            "name": "《 Hit my heart 》",
            "artist": "Edison-ETD",
            "id": 1858811787
        },
        {
            "name": "Stay The Night",
            "artist": "Just Kiddin",
            "id": 1376075781
        },
        {
            "name": "Umbrella(Remix)",
            "artist": "南辰Music",
            "id": 1831768247
        },
        {
            "name": "White Angels",
            "artist": "Emre Kabak",
            "id": 1454130024
        },
        {
            "name": "Tài Muzik-Tu Choi Nhẹ Nhang Thoi(Radio Edit)（DJHO remix）",
            "artist": "DJHO",
            "id": 1857167795
        },
        {
            "name": "Billie Eilish- Lovely (Remix)",
            "artist": "林怿",
            "id": 1829059571
        },
        {
            "name": "Go Solo",
            "artist": "Zwette",
            "id": 1401522756
        },
        {
            "name": "Into You (Matvey Emerson Remix)",
            "artist": "DubVision",
            "id": 1449935588
        },
        {
            "name": "Star Unkind (Lanfranchi & Farina Remix)",
            "artist": "2Someone",
            "id": 512640295
        },
        {
            "name": "Håll om mig（DJ）",
            "artist": "不知名选手辰",
            "id": 1882490494
        },
        {
            "name": "STAY",
            "artist": "The Kid LAROI",
            "id": 1859245776
        },
        {
            "name": "Living for the Moment (Croatia Squad Radio Mix)",
            "artist": "Me & My Toothbrush",
            "id": 561798030
        },
        {
            "name": "Lifestyle",
            "artist": "MAGES",
            "id": 1420745339
        },
        {
            "name": "Black Magic",
            "artist": "Jonasu",
            "id": 1805317558
        },
        {
            "name": "Blame",
            "artist": "Calvin Harris",
            "id": 29460064
        },
        {
            "name": "Jason.c-Easy Come, Easy Go(Jason.c Extended Mix)（Jason.c Remix）",
            "artist": "Jason.c",
            "id": 555640601
        },
        {
            "name": "Dusk Till Dawn(抖音版)",
            "artist": "X.K.F",
            "id": 1836108061
        },
        {
            "name": "Tokyo Drift (Dj Kantik Remix)",
            "artist": "DJ Kantik",
            "id": 1470939756
        },
        {
            "name": "Extasy (Cristian Poow Remix)",
            "artist": "Phunk Investigation",
            "id": 30212221
        },
        {
            "name": "Pump it Up",
            "artist": "Cdeep",
            "id": 1449537557
        },
        {
            "name": "Drop That Skirt (Radio Mix)",
            "artist": "Croatia Squad",
            "id": 566295511
        },
        {
            "name": "Wake",
            "artist": "Capitol Kids!",
            "id": 29542751
        },
        {
            "name": "Lake Arrowhead X Rolling In The Deep (Otrov Mashup)",
            "artist": "Otrov",
            "id": 1808388545
        },
        {
            "name": "Say Something (Sebastien Remix)",
            "artist": "Sebastien",
            "id": 35617718
        },
        {
            "name": "The New Kings",
            "artist": "Vicetone",
            "id": 29910080
        },
        {
            "name": "Power (In Your Soul)",
            "artist": "Interupt",
            "id": 1843319489
        },
        {
            "name": "Angetena(remix)",
            "artist": "苏七岁",
            "id": 1825962143
        },
        {
            "name": "Zara Larsson-Lush Life（Bourbon9 remix）",
            "artist": "Bourbon9",
            "id": 1838848216
        },
        {
            "name": "Robert M & Dirty Rush-Super Bomb (WJ Bootleg)（WJ remix）",
            "artist": "WJ",
            "id": 1440871051
        },
        {
            "name": "DEJA VU (EXTENDED MIX)",
            "artist": "Dave Rodgers",
            "id": 1364973839
        },
        {
            "name": "Murder",
            "artist": "Soulji",
            "id": 556204163
        },
        {
            "name": "Gopnik",
            "artist": "DJ Blyatman",
            "id": 1348770762
        },
        {
            "name": "I Just Wanna Run",
            "artist": "The Downtown Fiction",
            "id": 5105272
        },
        {
            "name": "Sensation（翻自 AEZI） ",
            "artist": "aEZi",
            "id": 1384735507
        },
        {
            "name": "Drown (feat. Clinton Kane) (Alle Farben Remix)",
            "artist": "Martin Garrix",
            "id": 1444426834
        },
        {
            "name": "Drunk Groove",
            "artist": "MARUV",
            "id": 1396488606
        },
        {
            "name": "Justin Bieber-As Long As You Love Me（HEST remix）",
            "artist": "HEST",
            "id": 1422226631
        },
        {
            "name": "Gas Gas Gas",
            "artist": "Manuel",
            "id": 27654717
        },
        {
            "name": "Riverside (Reloaded)",
            "artist": "Tujamo",
            "id": 531452765
        },
        {
            "name": "Overture",
            "artist": "Mind Vortex",
            "id": 862405678
        },
        {
            "name": "Lose Control (Original Mix)",
            "artist": "Alexander Holsten",
            "id": 546948993
        },
        {
            "name": "Piece Of Your Heart (Alok Remix)",
            "artist": "Meduza",
            "id": 1370162678
        }
    ]
}