{
    "playlist_info": {
        "name": "「【车载必备丨EA7 硬曲】」",
        "trackcount": 33,
        "playcount": 5542,
        "creator": "Eivr-joy",
        "createDate": "2020-04-10",
        "heat": 4.0
    },
    "songs": [
        {
            "name": "She Doesn't Mind (DJ Laszlo Radio Edit)",
            "artist": "Sean Paul",
            "id": 27766187
        },
        {
            "name": "Morsmordre",
            "artist": "Crazy Donkey",
            "id": 1441860073
        },
        {
            "name": "Sotqin",
            "artist": "Batur Xon",
            "id": 1381510782
        },
        {
            "name": "Whoopty",
            "artist": "мардан муталипзаев",
            "id": 1811693112
        },
        {
            "name": "На нервах",
            "artist": "RuzeOfficial",
            "id": 1807332803
        },
        {
            "name": "I Lost You",
            "artist": "Havana",
            "id": 1313771839
        },
        {
            "name": "WHOOPTY (M.R Remix)",
            "artist": "M.R",
            "id": 1810834564
        },
        {
            "name": "Kiss and Make Up",
            "artist": "Dua Lipa",
            "id": 1318524155
        },
        {
            "name": "Kamikaze",
            "artist": "Armağan Oruç",
            "id": 1350068284
        },
        {
            "name": "Chaki AblikimOffice)",
            "artist": "Dj Ablikim",
            "id": 1447815900
        },
        {
            "name": "Loco-Mix",
            "artist": "irshat Official",
            "id": 1308699608
        },
        {
            "name": "qiki qiki dam",
            "artist": "账号已注销",
            "id": 1434721534
        },
        {
            "name": "P.I.M.P",
            "artist": "TangTian",
            "id": 1432632388
        },
        {
            "name": "Such a Whore (96 Remix)",
            "artist": "96-Music",
            "id": 1808551902
        },
        {
            "name": "Take Me To Infinity 纯音乐（Cover Consoul Trainin）",
            "artist": "音浪",
            "id": 865854699
        },
        {
            "name": "Qelbim Pare Pare",
            "artist": "阿总-灬Music",
            "id": 1471806254
        },
        {
            "name": "Plain jene",
            "artist": "Roberto Kan",
            "id": 1404880364
        },
        {
            "name": "Shake (Original Mix)",
            "artist": "Furkan Soysal",
            "id": 459925787
        },
        {
            "name": "Problem",
            "artist": "Furkan Soysal",
            "id": 1298193117
        },
        {
            "name": "Furkan Soysal-Babylon（kurban official remix）",
            "artist": "Kurban-Official",
            "id": 1463018582
        },
        {
            "name": "Freely",
            "artist": "Гангстер муз",
            "id": 1425542860
        },
        {
            "name": "夜场纠察（DJ版）",
            "artist": "子麒",
            "id": 1401275077
        },
        {
            "name": "La Câlin (Remix)",
            "artist": "GOLDEN TBILISI",
            "id": 1302680009
        },
        {
            "name": "精神可嘉",
            "artist": "苏子因",
            "id": 1398514494
        },
        {
            "name": "How We Do It Over Here",
            "artist": "Original",
            "id": 1456406993
        },
        {
            "name": "Aladin (Devochka & Douth! Remix)",
            "artist": "Mandragora",
            "id": 1436359941
        },
        {
            "name": "EA7越妖 (DJ版)",
            "artist": "金总",
            "id": 1398507869
        },
        {
            "name": "Tapa Tapa",
            "artist": "Mesut Otay",
            "id": 1467239004
        },
        {
            "name": "STANGA CLUB ( REMIX )（翻自 irshat Official） ",
            "artist": "irshat Official",
            "id": 1374952986
        },
        {
            "name": "梦旧抒情（DJ版）",
            "artist": "肖琴",
            "id": 1403223748
        },
        {
            "name": "Corazon (Original Mix)",
            "artist": "Original",
            "id": 1440148529
        },
        {
            "name": "Violin (Original Mix)",
            "artist": "Furkan Soysal",
            "id": 459954444
        },
        {
            "name": "Bulgarian",
            "artist": "Berkay Şükür",
            "id": 1389949538
        }
    ]
}