{
    "playlist_info": {
        "name": "「粤语」我唱的不够动人你别皱眉",
        "trackcount": 58,
        "playcount": 2040191,
        "creator": "0000FF少抽烟",
        "createDate": "2022-04-21",
        "heat": 4699.0
    },
    "songs": [
        {
            "name": "孤雏",
            "artist": "AGA",
            "id": 421486605
        },
        {
            "name": "够钟",
            "artist": "周柏豪",
            "id": 191528
        },
        {
            "name": "不浪漫罪名",
            "artist": "王杰",
            "id": 1897928897
        },
        {
            "name": "确幸有你",
            "artist": "花花兔",
            "id": 2036485146
        },
        {
            "name": "K歌之王",
            "artist": "陈奕迅",
            "id": 67467
        },
        {
            "name": "绵绵",
            "artist": "陈奕迅",
            "id": 67485
        },
        {
            "name": "高山低谷",
            "artist": "林奕匡",
            "id": 1303219344
        },
        {
            "name": "到此為止",
            "artist": "老虎歌皇",
            "id": 1304138062
        },
        {
            "name": "习惯失恋",
            "artist": "容祖儿",
            "id": 288075
        },
        {
            "name": "玻璃之情",
            "artist": "张国荣",
            "id": 186436
        },
        {
            "name": "痴心换情深",
            "artist": "周慧敏",
            "id": 329218
        },
        {
            "name": "下一站天后",
            "artist": "Twins",
            "id": 382844
        },
        {
            "name": "执迷不悔",
            "artist": "王菲",
            "id": 300587
        },
        {
            "name": "小城大事",
            "artist": "杨千嬅",
            "id": 316756
        },
        {
            "name": "深夜港湾",
            "artist": "关淑怡",
            "id": 235096
        },
        {
            "name": "初恋情人",
            "artist": "刘小慧",
            "id": 263720
        },
        {
            "name": "堆积情感",
            "artist": "邝美云",
            "id": 253924
        },
        {
            "name": "你太善良",
            "artist": "张智霖",
            "id": 26467599
        },
        {
            "name": "春秋",
            "artist": "张敬轩",
            "id": 188550
        },
        {
            "name": "爱的故事(上)",
            "artist": "孙耀威",
            "id": 147030
        },
        {
            "name": "谁能明白我",
            "artist": "林子祥",
            "id": 28315670
        },
        {
            "name": "雨中的恋人们",
            "artist": "黄凯芹",
            "id": 94576
        },
        {
            "name": "无悔这一生",
            "artist": "Beyond",
            "id": 347712
        },
        {
            "name": "谁明浪子心",
            "artist": "王杰",
            "id": 158655
        },
        {
            "name": "月半小夜曲",
            "artist": "李克勤",
            "id": 115162
        },
        {
            "name": "灰色轨迹",
            "artist": "Beyond",
            "id": 32701152
        },
        {
            "name": "漫步人生路",
            "artist": "邓丽君",
            "id": 229285
        },
        {
            "name": "再见悲哀",
            "artist": "林忆莲",
            "id": 28838055
        },
        {
            "name": "情人知己",
            "artist": "叶蒨文",
            "id": 317868
        },
        {
            "name": "难念的经",
            "artist": "周华健",
            "id": 5271858
        },
        {
            "name": "千千阕歌",
            "artist": "陈慧娴",
            "id": 212233
        },
        {
            "name": "遥远的她",
            "artist": "张学友",
            "id": 191232
        },
        {
            "name": "海阔天空",
            "artist": "Beyond",
            "id": 347230
        },
        {
            "name": "不浪漫罪名",
            "artist": "王杰",
            "id": 156846
        },
        {
            "name": "谁明浪子心",
            "artist": "王杰",
            "id": 157143
        },
        {
            "name": "粤语残片",
            "artist": "陈奕迅",
            "id": 65778
        },
        {
            "name": "必杀技",
            "artist": "古巨基",
            "id": 5267003
        },
        {
            "name": "无赖",
            "artist": "郑中基",
            "id": 191046
        },
        {
            "name": "爱与诚",
            "artist": "古巨基",
            "id": 86503
        },
        {
            "name": "贱人",
            "artist": "温力铭",
            "id": 162747
        },
        {
            "name": "孤独患者",
            "artist": "陈奕迅",
            "id": 64093
        },
        {
            "name": "春夏秋冬",
            "artist": "张国荣",
            "id": 186453
        },
        {
            "name": "喜帖街",
            "artist": "谢安琪",
            "id": 308299
        },
        {
            "name": "相依为命",
            "artist": "陈小春",
            "id": 94639
        },
        {
            "name": "让一切随风",
            "artist": "钟镇涛",
            "id": 194769
        },
        {
            "name": "讲不出再见",
            "artist": "谭咏麟",
            "id": 152392
        },
        {
            "name": "护花使者",
            "artist": "李克勤",
            "id": 115569
        },
        {
            "name": "有心人",
            "artist": "G.E.M.邓紫棋",
            "id": 410518476
        },
        {
            "name": "还是觉得你最好",
            "artist": "张学友",
            "id": 190380
        },
        {
            "name": "我的回忆不是我的",
            "artist": "海鸣威",
            "id": 95396
        },
        {
            "name": "真的爱你",
            "artist": "Beyond",
            "id": 346075
        },
        {
            "name": "光辉岁月",
            "artist": "Beyond",
            "id": 346576
        },
        {
            "name": "海阔天空",
            "artist": "Beyond",
            "id": 346573
        },
        {
            "name": "容易受伤的女人",
            "artist": "王菲",
            "id": 298880
        },
        {
            "name": "沉默是金",
            "artist": "张国荣",
            "id": 1851228571
        },
        {
            "name": "是但求其爱",
            "artist": "陈奕迅",
            "id": 1496602290
        },
        {
            "name": "最佳损友",
            "artist": "陈奕迅",
            "id": 65800
        },
        {
            "name": "富士山下",
            "artist": "陈奕迅",
            "id": 65766
        }
    ]
}