{
    "playlist_info": {
        "name": "【纯音】『钢琴提琴 · 完美邂逅』",
        "trackcount": 52,
        "playcount": 663506,
        "creator": "呆儿_",
        "createDate": "2021-02-24",
        "heat": 772.0
    },
    "songs": [
        {
            "name": "当风吹过来时 你会想起我吗",
            "artist": "特污兔",
            "id": 1971976983
        },
        {
            "name": "Emotional Piano for the Soul (Inspirational Background Music)",
            "artist": "Fearless Motivation Instrumentals",
            "id": 1413622448
        },
        {
            "name": "Cornfield Chase (Piano-Cello Version)",
            "artist": "Michael Forster",
            "id": 1354653787
        },
        {
            "name": "Elizabeth",
            "artist": "Ashram",
            "id": 3882876
        },
        {
            "name": "Wild Side",
            "artist": "Roberto Cacciapaglia",
            "id": 501133214
        },
        {
            "name": "Dawn of Life",
            "artist": "Paul Reeves",
            "id": 32619151
        },
        {
            "name": "雨中的重逢",
            "artist": "Parion圆周率",
            "id": 1489612821
        },
        {
            "name": "Wildfire  (Piano and Violin Version)",
            "artist": "SYML",
            "id": 533368974
        },
        {
            "name": "海の形",
            "artist": "昙轩",
            "id": 535056564
        },
        {
            "name": "以一种假装放荡的矜持　与你告别",
            "artist": "Cicada",
            "id": 350145
        },
        {
            "name": "Ljósið",
            "artist": "Ólafur Arnalds",
            "id": 5105613
        },
        {
            "name": "思い出",
            "artist": "林ゆうき",
            "id": 26303812
        },
        {
            "name": "ROBOTICS;NOTES -EvMix",
            "artist": "林ゆうき",
            "id": 26303825
        },
        {
            "name": "Jake's First Flight (From \"Avatar\")",
            "artist": "James Horner",
            "id": 865061029
        },
        {
            "name": "深窓の令嬢",
            "artist": "神前暁",
            "id": 461746
        },
        {
            "name": "Song from a Secret Garden",
            "artist": "Secret Garden",
            "id": 4278298
        },
        {
            "name": "take your hands",
            "artist": "梶浦由記",
            "id": 28341401
        },
        {
            "name": "3055",
            "artist": "Ólafur Arnalds",
            "id": 16139381
        },
        {
            "name": "Something Just Like This / Hungarian Rhapsody",
            "artist": "The Piano Guys",
            "id": 533296050
        },
        {
            "name": "Letter from mother",
            "artist": "小林武史",
            "id": 414691491
        },
        {
            "name": "Tunglið",
            "artist": "Ólafur Arnalds",
            "id": 16139400
        },
        {
            "name": "The Voyage",
            "artist": "The Mountaineering Club Orchestra",
            "id": 4394416
        },
        {
            "name": "Tryggare Kan ingen vara",
            "artist": "Iver Kleive",
            "id": 1003914
        },
        {
            "name": "새로운 시작 Fresh Start",
            "artist": "Fiana Fung",
            "id": 5412032
        },
        {
            "name": "walt",
            "artist": "菅野よう子",
            "id": 28786231
        },
        {
            "name": "Rain",
            "artist": "Brian Crain",
            "id": 1380690290
        },
        {
            "name": "Les Misérables Medley",
            "artist": "Lindsey Stirling",
            "id": 31010422
        },
        {
            "name": "The Earth Prelude",
            "artist": "Ludovico Einaudi",
            "id": 28838092
        },
        {
            "name": "The Mission / How Great Thou Art",
            "artist": "The Piano Guys",
            "id": 28387522
        },
        {
            "name": "Pictures at an Exhibition",
            "artist": "The Piano Guys",
            "id": 29460779
        },
        {
            "name": "未来",
            "artist": "石川綾子",
            "id": 431096282
        },
        {
            "name": "Love Me Tender",
            "artist": "David Davidson",
            "id": 1234905
        },
        {
            "name": "溢爱",
            "artist": "上松範康",
            "id": 536057
        },
        {
            "name": "Fight Song / Amazing Grace",
            "artist": "The Piano Guys",
            "id": 34200785
        },
        {
            "name": "Rewrite the Stars",
            "artist": "The Piano Guys",
            "id": 536243681
        },
        {
            "name": "痕",
            "artist": "白鸿",
            "id": 1430652175
        },
        {
            "name": "Rather Be",
            "artist": "ViolinSang 蔡卓邑",
            "id": 1458963461
        },
        {
            "name": "玫瑰少年副歌（翻自 蔡依林）",
            "artist": "ViolinSang 蔡卓邑",
            "id": 1812235091
        },
        {
            "name": "无声告白",
            "artist": "V.K克",
            "id": 1331870411
        },
        {
            "name": "Michael Meets Mozart - 1 Piano, 2 Guys, 100 Cello Tracks",
            "artist": "Jon Schmidt",
            "id": 1491163
        },
        {
            "name": "Love Story meets Viva La Vida",
            "artist": "Jon Schmidt",
            "id": 1491212
        },
        {
            "name": "Scabs",
            "artist": "Bryson Andres",
            "id": 27570767
        },
        {
            "name": "A Thousand Years",
            "artist": "The Piano Guys",
            "id": 19579127
        },
        {
            "name": "Ephemeral Memories（Without Drum)",
            "artist": "MoreanP",
            "id": 554311296
        },
        {
            "name": "Experience",
            "artist": "Ludovico Einaudi",
            "id": 402172797
        },
        {
            "name": "River Flows In You",
            "artist": "Martin Ermen",
            "id": 20110049
        },
        {
            "name": "Because of You",
            "artist": "The Piano Guys",
            "id": 29460778
        },
        {
            "name": "A Thousand Years (Live)",
            "artist": "The Piano Guys",
            "id": 36390399
        },
        {
            "name": "君の世界 ～Strings Ver.～",
            "artist": "吉俣良",
            "id": 429769536
        },
        {
            "name": "私の嘘",
            "artist": "横山克",
            "id": 32320426
        },
        {
            "name": "クライスラー：愛の悲しみ",
            "artist": "篠原悠那",
            "id": 29744803
        },
        {
            "name": "友人A君を私の伴奏者に任命します",
            "artist": "横山克",
            "id": 32320424
        }
    ]
}