{
    "playlist_info": {
        "name": "『古典』柔软又深切的钢琴声",
        "trackcount": 24,
        "playcount": 901780,
        "creator": "普朗克的小猫",
        "createDate": "2017-05-21",
        "heat": 403.0
    },
    "songs": [
        {
            "name": "Piano Sonata No.30 in E, Op.109:1. Vivace, ma non troppo - Adagio espressivo - Tempo I",
            "artist": "Daniel Barenboim",
            "id": 20675085
        },
        {
            "name": "Piano Sonata No.30 in E, Op.109:3. Gesangvoll, mit innigster Empfindung (Andante molto cantabile ed espressivo)",
            "artist": "Daniel Barenboim",
            "id": 20675087
        },
        {
            "name": "Franz Liszt: Album d'un voyageur S.156 - No.6: Psaume",
            "artist": "Leslie Howard",
            "id": 29245756
        },
        {
            "name": "Saint-Saëns: Le Carnaval des Animaux - Le Cygne",
            "artist": "Heinrich Schiff",
            "id": 24913036
        },
        {
            "name": "Cantata No.22 \"Jesus nahm zu sich die Zwölfe\" BWV 22:Sanctify Us",
            "artist": "Alicia de Larrocha",
            "id": 5164997
        },
        {
            "name": "Piano Concerto in G:2. Adagio assai",
            "artist": "Krystian Zimerman",
            "id": 32708875
        },
        {
            "name": "Hymn to a Great City* (1984, rev. 2004)",
            "artist": "Jeroen van Veen",
            "id": 27957401
        },
        {
            "name": "Piano Concerto No.2 In F Minor Op.21:2. Larghetto",
            "artist": "Polish Festival Orchestra",
            "id": 1643537
        },
        {
            "name": "The Seasons, Op.37b:6. June: Barcarolle",
            "artist": "Vladimir Ashkenazy",
            "id": 22000530
        },
        {
            "name": "Weihnachtsbaum Suite, S.186:1. Altes Weihnachtslied (Psallite)",
            "artist": "Stephanie McCallum",
            "id": 456094491
        },
        {
            "name": "Piano Sonata No.32 in C minor, Op.111:2. Arietta (Adagio molto semplice e cantabile)",
            "artist": "Daniel Barenboim",
            "id": 20675092
        },
        {
            "name": "Piano Concerto No. 2 in F Major, Op. 102:II. Andante",
            "artist": "Elisabeth Leonskaja",
            "id": 17622398
        },
        {
            "name": "Ertodt' uns durch dein' Gute, BWV 22",
            "artist": "Jonathan Plowright",
            "id": 26003269
        },
        {
            "name": "Sonata No. 8 in C Minor, Op. 13, \"Pathétique\": II. Adagio cantabile",
            "artist": "Arthur Rubinstein",
            "id": 25842619
        },
        {
            "name": "Violin Sonata No. 27 in G Major, K. 379:II. (b) Variation I",
            "artist": "Daniel Hope",
            "id": 17206727
        },
        {
            "name": "Widmung S.566 after Schumann",
            "artist": "Joseph Cooper",
            "id": 5165000
        },
        {
            "name": "Nocturne No. 10 in A Flat Major, Op. 32, No. 2",
            "artist": "Arthur Rubinstein",
            "id": 1060937
        },
        {
            "name": "Ueair Dertlair Deuite:eClairCuite",
            "artist": "Kathryn Stott",
            "id": 2920302
        },
        {
            "name": "Piano Sonata No. 21, D. 960 in B Flat Major: I. Molto moderato",
            "artist": "Grigory Sokolov",
            "id": 17940254
        },
        {
            "name": "Piano Quintet in G minor Op.57:Prelude. Lento - Poco piu mosso",
            "artist": "Marcus Thompson",
            "id": 1270662
        },
        {
            "name": "4 Impromptus, Op.90, D.899:No.3 in G flat: Andante",
            "artist": "Alfred Brendel",
            "id": 16254442
        },
        {
            "name": "Dream, Op.38:No.5",
            "artist": "Vladimir Ashkenazy",
            "id": 30590075
        },
        {
            "name": "Liebestraum No. 3 in A-Flat Major, G 541, Op. 62:'O lieb so lang' Du lieben kannst''",
            "artist": "Jerome Rose",
            "id": 27256802
        },
        {
            "name": "Piano Concerto in F sharp minor Op.20:2. Andante",
            "artist": "Pierre Boulez",
            "id": 25707278
        }
    ]
}