{
    "playlist_info": {
        "name": "【情歌rap】想和你陷入浪漫的无限循环",
        "trackcount": 65,
        "playcount": 743646,
        "creator": "少女的喜欢_",
        "createDate": "2021-07-27",
        "heat": 1059.0
    },
    "songs": [
        {
            "name": "想想就烦",
            "artist": "Mikey-18",
            "id": 2045117743
        },
        {
            "name": "Just Dance",
            "artist": "王广允",
            "id": 2058892047
        },
        {
            "name": "风驶过的声音是",
            "artist": "海洋Bo",
            "id": 2041974276
        },
        {
            "name": "还是会想你",
            "artist": "林达浪",
            "id": 1827600686
        },
        {
            "name": "无悔少年",
            "artist": "蒋芸",
            "id": 2058439862
        },
        {
            "name": "今晚月色真美2.0",
            "artist": "Almighty–Zero",
            "id": 1927492501
        },
        {
            "name": "hii 18",
            "artist": "安迪安迪安迪",
            "id": 1883959540
        },
        {
            "name": "vV",
            "artist": "YX",
            "id": 1423212003
        },
        {
            "name": "痴爱",
            "artist": "SWALEN",
            "id": 1861417491
        },
        {
            "name": "Beautiful",
            "artist": "thomeboydontkill",
            "id": 1847219367
        },
        {
            "name": "樱桃",
            "artist": "狂兆北",
            "id": 1424887149
        },
        {
            "name": "Mood (Lil Ghost Remix)",
            "artist": "24kGoldn",
            "id": 1840808119
        },
        {
            "name": "都给我",
            "artist": "Kui Kui",
            "id": 1344643660
        },
        {
            "name": "骗子 Fraud (Feat. KnowKnow)",
            "artist": "Melo",
            "id": 1833638747
        },
        {
            "name": "她没在看我",
            "artist": "瘦子E.SO",
            "id": 1447595404
        },
        {
            "name": "luv in Xmas ♡",
            "artist": "孟子坤",
            "id": 1806283566
        },
        {
            "name": "LoveStruck",
            "artist": "Lambert",
            "id": 1382808527
        },
        {
            "name": "Promise",
            "artist": "HARIKIRI",
            "id": 1823305772
        },
        {
            "name": "red lips（被我蒙对）",
            "artist": "沙一汀EL",
            "id": 1456659704
        },
        {
            "name": "☾",
            "artist": "AEolus阿一",
            "id": 1445202338
        },
        {
            "name": "UFO",
            "artist": "Aioz",
            "id": 1818081648
        },
        {
            "name": "怪怪鱼的爱情",
            "artist": "忧郁王子",
            "id": 1814652039
        },
        {
            "name": "狐狸的童话",
            "artist": "Santa_SA",
            "id": 1815105886
        },
        {
            "name": "给你呀（又名：for ya）",
            "artist": "蒋小呢",
            "id": 1497588709
        },
        {
            "name": "粉色星球",
            "artist": "Youngior",
            "id": 1445556953
        },
        {
            "name": "Mrs.？",
            "artist": "Riveryoung",
            "id": 1442369625
        },
        {
            "name": "同样",
            "artist": "Lambert",
            "id": 1432156509
        },
        {
            "name": "Young Love",
            "artist": "XMASwu(吴骜)",
            "id": 1350335694
        },
        {
            "name": "想把你留在这里",
            "artist": "Tizzy T",
            "id": 542691145
        },
        {
            "name": "不喜欢下雨天",
            "artist": "PIggy",
            "id": 1371046568
        },
        {
            "name": "很久很久",
            "artist": "杨和苏KeyNG",
            "id": 1469041281
        },
        {
            "name": "Let Me Know",
            "artist": "oneboi",
            "id": 1363517127
        },
        {
            "name": "BERRY",
            "artist": "李佳隆",
            "id": 1403756319
        },
        {
            "name": "呼吸频率",
            "artist": "扬科YANGK",
            "id": 1414095194
        },
        {
            "name": "PARTY是你家",
            "artist": "坤木Joymo",
            "id": 1398875284
        },
        {
            "name": "一见钟情",
            "artist": "梁老师Tsong",
            "id": 1416072599
        },
        {
            "name": "口袋宝贝",
            "artist": "AnsrJ",
            "id": 1365915822
        },
        {
            "name": "Tizzy T-噩梦（王晓夫 / KAII remix）",
            "artist": "王晓夫",
            "id": 1446918102
        },
        {
            "name": "我要",
            "artist": "野生三十",
            "id": 1463165960
        },
        {
            "name": "湖",
            "artist": "李棒棒Muti",
            "id": 1321631043
        },
        {
            "name": "今晚梦里见",
            "artist": "hjf102",
            "id": 1471221911
        },
        {
            "name": "爱如潮水remix",
            "artist": "前男友",
            "id": 506360364
        },
        {
            "name": "I‘M YOURS PT.2",
            "artist": "h3R3",
            "id": 571758505
        },
        {
            "name": "何必呢（翻自 Ty.）",
            "artist": "刘巴顿",
            "id": 1454429810
        },
        {
            "name": "心悸",
            "artist": "李欣蔚Weicher",
            "id": 1451423726
        },
        {
            "name": "The bird of wilderness（Prod.by FakeBlood)",
            "artist": "他们都叫我权权",
            "id": 1463165084
        },
        {
            "name": "暴风雨",
            "artist": "Higher Brothers",
            "id": 536622918
        },
        {
            "name": "COCO",
            "artist": "Aioz",
            "id": 1436076578
        },
        {
            "name": "♡♡♡（prod by T.X）",
            "artist": "Richy77",
            "id": 1415193303
        },
        {
            "name": "两个人的沙漠",
            "artist": "Lil Jet",
            "id": 553815236
        },
        {
            "name": "沉溺",
            "artist": "刘炫廷",
            "id": 1400856154
        },
        {
            "name": "说想爱",
            "artist": "陈旭侃",
            "id": 512183282
        },
        {
            "name": "天空下着小雨（翻自 函几）",
            "artist": "贝贝贝贝bae",
            "id": 1449631210
        },
        {
            "name": "已 掉 線",
            "artist": "ReDbuff",
            "id": 565373533
        },
        {
            "name": "只想对你说",
            "artist": "掌嘴",
            "id": 488532353
        },
        {
            "name": "Beautiful",
            "artist": "IAN-T",
            "id": 862460559
        },
        {
            "name": "爱很简单",
            "artist": "Doooboi",
            "id": 517850678
        },
        {
            "name": "拥抱你一整晚",
            "artist": "李迦南Doc",
            "id": 455604999
        },
        {
            "name": "下暴雨",
            "artist": "Y.A",
            "id": 1435253178
        },
        {
            "name": "Gift❥",
            "artist": "-艾兜",
            "id": 1427267083
        },
        {
            "name": "眼睛里的星",
            "artist": "PIggy",
            "id": 1428284723
        },
        {
            "name": "调情师",
            "artist": "Nong_Music",
            "id": 1395957825
        },
        {
            "name": "渣女恋爱记",
            "artist": "橙汁",
            "id": 1348650973
        },
        {
            "name": "晚安安",
            "artist": "刘仁昊",
            "id": 1359554791
        },
        {
            "name": "有恃无恐",
            "artist": "Lil.Fred",
            "id": 1363701565
        }
    ]
}