{
    "playlist_info": {
        "name": "《舌尖上的中国》 原声音乐大碟",
        "trackcount": 48,
        "playcount": 12503,
        "creator": "老乔-如歌",
        "createDate": "2015-10-04",
        "heat": 4.0
    },
    "songs": [
        {
            "name": "劳作的春夏秋",
            "artist": "阿鲲",
            "id": 25640058
        },
        {
            "name": "水与火的艺术",
            "artist": "阿鲲",
            "id": 25640060
        },
        {
            "name": "才下舌尖 又上心间",
            "artist": "阿鲲",
            "id": 25640065
        },
        {
            "name": "时间的记忆",
            "artist": "阿鲲",
            "id": 25640066
        },
        {
            "name": "厨房的交响曲",
            "artist": "阿鲲",
            "id": 25640069
        },
        {
            "name": "劳动人民的平凡与伟大",
            "artist": "阿鲲",
            "id": 25640070
        },
        {
            "name": "夕下",
            "artist": "阿鲲",
            "id": 25640071
        },
        {
            "name": "耕种速写",
            "artist": "阿鲲",
            "id": 25640072
        },
        {
            "name": "片头音乐",
            "artist": "阿鲲",
            "id": 25640073
        },
        {
            "name": "传统与变革",
            "artist": "阿鲲",
            "id": 25640075
        },
        {
            "name": "冬藏",
            "artist": "阿鲲",
            "id": 25640080
        },
        {
            "name": "东方智慧",
            "artist": "阿鲲",
            "id": 25640084
        },
        {
            "name": "原野之风",
            "artist": "阿鲲",
            "id": 25640087
        },
        {
            "name": "土地图腾",
            "artist": "阿鲲",
            "id": 25640091
        },
        {
            "name": "味与情",
            "artist": "阿鲲",
            "id": 25640096
        },
        {
            "name": "水的秘密 城市的声音",
            "artist": "阿鲲",
            "id": 25640100
        },
        {
            "name": "微观的世界",
            "artist": "阿鲲",
            "id": 25640103
        },
        {
            "name": "大自然的法则",
            "artist": "阿鲲",
            "id": 25640107
        },
        {
            "name": "平和的心",
            "artist": "阿鲲",
            "id": 25640109
        },
        {
            "name": "劳作的春夏秋2 (主题音乐)",
            "artist": "阿鲲",
            "id": 29005070
        },
        {
            "name": "时间的记忆2 - 光与影",
            "artist": "阿鲲",
            "id": 28457787
        },
        {
            "name": "初",
            "artist": "阿鲲",
            "id": 28457782
        },
        {
            "name": "舞",
            "artist": "阿鲲",
            "id": 29005080
        },
        {
            "name": "午后的恬与甜",
            "artist": "阿鲲",
            "id": 29005082
        },
        {
            "name": "舌尖上的中国2 (片头音乐)",
            "artist": "阿鲲",
            "id": 29005083
        },
        {
            "name": "唇齿之间",
            "artist": "阿鲲",
            "id": 28457788
        },
        {
            "name": "水与火的艺术2",
            "artist": "阿鲲",
            "id": 28457784
        },
        {
            "name": "五味人生",
            "artist": "阿鲲",
            "id": 29005084
        },
        {
            "name": "劳动人民的平凡与伟大",
            "artist": "阿鲲",
            "id": 28457789
        },
        {
            "name": "时.机",
            "artist": "阿鲲",
            "id": 28457790
        },
        {
            "name": "厨房的交响曲2",
            "artist": "阿鲲",
            "id": 29005087
        },
        {
            "name": "再会 (片尾音乐)",
            "artist": "阿鲲",
            "id": 28457785
        },
        {
            "name": "山高水远",
            "artist": "阿鲲",
            "id": 28457786
        },
        {
            "name": "功夫厨房",
            "artist": "阿鲲",
            "id": 28457791
        },
        {
            "name": "色香味形意",
            "artist": "阿鲲",
            "id": 29005088
        },
        {
            "name": "五彩的世界",
            "artist": "阿鲲",
            "id": 29005090
        },
        {
            "name": "回味",
            "artist": "阿鲲",
            "id": 29005091
        },
        {
            "name": "升 (氛围音乐)",
            "artist": "阿鲲",
            "id": 29005092
        },
        {
            "name": "悦",
            "artist": "阿鲲",
            "id": 29005093
        },
        {
            "name": "土地图腾2 (氛围音乐)",
            "artist": "阿鲲",
            "id": 29005094
        },
        {
            "name": "嶙峋1 (氛围音乐)",
            "artist": "阿鲲",
            "id": 29005095
        },
        {
            "name": "嶙峋2 (氛围音乐)",
            "artist": "阿鲲",
            "id": 29005096
        },
        {
            "name": "嶙峋3 (氛围音乐)",
            "artist": "阿鲲",
            "id": 29005097
        },
        {
            "name": "微妙的转变 (氛围音乐)",
            "artist": "阿鲲",
            "id": 29005099
        },
        {
            "name": "微妙的转变2 (氛围音乐)",
            "artist": "阿鲲",
            "id": 29005100
        },
        {
            "name": "水的秘密2 (氛围音乐)",
            "artist": "阿鲲",
            "id": 29005101
        },
        {
            "name": "迷离 (氛围音乐)",
            "artist": "阿鲲",
            "id": 29005102
        },
        {
            "name": "雾 (氛围音乐)",
            "artist": "阿鲲",
            "id": 29005103
        }
    ]
}