{
    "playlist_info": {
        "name": "『猫咪喜欢的轻音乐』持续更新",
        "trackcount": 303,
        "playcount": 1429227,
        "creator": "小周又困咯",
        "createDate": "2022-02-13",
        "heat": 2856.0
    },
    "songs": [
        {
            "name": "落叶知秋",
            "artist": "李供养",
            "id": 2052041913
        },
        {
            "name": "晚霞",
            "artist": "cherrymint",
            "id": 1996687319
        },
        {
            "name": "Silhouettes",
            "artist": "UltraV",
            "id": 1474924007
        },
        {
            "name": "☽",
            "artist": "美 梦 领 取 屋",
            "id": 1855221502
        },
        {
            "name": "Defining Moment",
            "artist": "Xeuphoria",
            "id": 2002719751
        },
        {
            "name": "银海",
            "artist": "蔡嘉瑞",
            "id": 1927925611
        },
        {
            "name": "后摇",
            "artist": "JamesXxXx",
            "id": 1988765949
        },
        {
            "name": "糖和污垢",
            "artist": "小茂生",
            "id": 2015862319
        },
        {
            "name": "黄昏 ▂▃▅◆◇◣◢█ ■ ▓ 海浪",
            "artist": "拿花负荷",
            "id": 1906978052
        },
        {
            "name": "我 在 時 間 尽 头 等 你",
            "artist": "三石阿",
            "id": 1501139180
        },
        {
            "name": "Dance And Love",
            "artist": "Alton Wang",
            "id": 1837361810
        },
        {
            "name": "眷养海水的云",
            "artist": "OranG小橙小橙",
            "id": 1818172049
        },
        {
            "name": "夏天的夜",
            "artist": "蔡嘉瑞",
            "id": 2011603879
        },
        {
            "name": "Family Favorite",
            "artist": "The Cat Whisperer",
            "id": 531945228
        },
        {
            "name": "Only You",
            "artist": "Bandari",
            "id": 16851955
        },
        {
            "name": "Simon Says",
            "artist": "David Teie",
            "id": 436495893
        },
        {
            "name": "Heaven on Earth",
            "artist": "Hilary Stagg",
            "id": 18250735
        },
        {
            "name": "Adagio in Minor",
            "artist": "Bandari",
            "id": 3951030
        },
        {
            "name": "Meoween!",
            "artist": "Music For Cats",
            "id": 1459656750
        },
        {
            "name": "Cat Nip",
            "artist": "Music For Cats",
            "id": 1459655871
        },
        {
            "name": "Music for Cats",
            "artist": "Music For Cats",
            "id": 1459655873
        },
        {
            "name": "森と水の幻想曲",
            "artist": "神山純一",
            "id": 445519
        },
        {
            "name": "Cat Music",
            "artist": "Cat Music",
            "id": 1320469994
        },
        {
            "name": "Music for Kittens",
            "artist": "Cat Music",
            "id": 1320475100
        },
        {
            "name": "Pet Music",
            "artist": "Cat Music",
            "id": 1320469995
        },
        {
            "name": "Calm Cat Music",
            "artist": "Cat Music",
            "id": 1320469996
        },
        {
            "name": "Kitten Sleep",
            "artist": "Cat Music",
            "id": 1320469997
        },
        {
            "name": "Soothing Cat Music",
            "artist": "Cat Music",
            "id": 1320475101
        },
        {
            "name": "Music for Pets",
            "artist": "Cat Music",
            "id": 1320469998
        },
        {
            "name": "Relaxing Cat Music",
            "artist": "Cat Music",
            "id": 1320469999
        },
        {
            "name": "Petting Your Cat",
            "artist": "Cat Music",
            "id": 1320475102
        },
        {
            "name": "Peaceful Cat Music",
            "artist": "Cat Music",
            "id": 1320470000
        },
        {
            "name": "Sounds for Cat",
            "artist": "Cat Music",
            "id": 1320470001
        },
        {
            "name": "Music Therapy for Anxious Cats",
            "artist": "Cat Music",
            "id": 1320470002
        },
        {
            "name": "Cat Music Therapy",
            "artist": "Cat Music",
            "id": 1320470003
        },
        {
            "name": "Music for Cats",
            "artist": "Cat Music",
            "id": 1320475103
        },
        {
            "name": "Cat Lullabies",
            "artist": "Cat Music",
            "id": 1320475104
        },
        {
            "name": "Background Music for Cats",
            "artist": "Cat Music",
            "id": 1320470004
        },
        {
            "name": "Lullabies for Cats",
            "artist": "Cat Music",
            "id": 1320470005
        },
        {
            "name": "Pet Relaxation",
            "artist": "Cat Music",
            "id": 1320475105
        },
        {
            "name": "For Your Cat",
            "artist": "Cat Music",
            "id": 1320470006
        },
        {
            "name": "Pet Spa",
            "artist": "Cat Music",
            "id": 1320475106
        },
        {
            "name": "Cat Bath",
            "artist": "Cat Music",
            "id": 1320470007
        },
        {
            "name": "Cat Sleep",
            "artist": "Cat Music",
            "id": 1320470008
        },
        {
            "name": "Calm Kitty",
            "artist": "Cat Music",
            "id": 1320475107
        },
        {
            "name": "Good Cat",
            "artist": "Cat Music",
            "id": 1320475108
        },
        {
            "name": "Soft Music for Cats",
            "artist": "Cat Music",
            "id": 1320475109
        },
        {
            "name": "Grooming Music",
            "artist": "Cat Music",
            "id": 1320470009
        },
        {
            "name": "Pet Care",
            "artist": "Cat Music",
            "id": 1320475110
        },
        {
            "name": "Relax Your Cat",
            "artist": "Cat Music",
            "id": 1320475111
        },
        {
            "name": "Pet Therapy",
            "artist": "Cat Music",
            "id": 1320470010
        },
        {
            "name": "Background Cat Music",
            "artist": "Cat Music",
            "id": 1320470011
        },
        {
            "name": "Pet Music for Cats",
            "artist": "Cat Music",
            "id": 1320475112
        },
        {
            "name": "The Best Music for Cats Ever",
            "artist": "Cat Music",
            "id": 1320470012
        },
        {
            "name": "Dreaming of Playing Fetch",
            "artist": "Cat Music",
            "id": 1320470013
        },
        {
            "name": "Music for Cats and Animals",
            "artist": "Cat Music",
            "id": 1320470014
        },
        {
            "name": "Music for Cats While at Work",
            "artist": "Cat Music",
            "id": 1320470015
        },
        {
            "name": "Cute Kitten Music",
            "artist": "Cat Music",
            "id": 1320475113
        },
        {
            "name": "Music to Make Your Pet Smarter",
            "artist": "Cat Music",
            "id": 1320475114
        },
        {
            "name": "Cat Spa Music",
            "artist": "Cat Music",
            "id": 1320475115
        },
        {
            "name": "Amazing Cat Music",
            "artist": "Cat Music",
            "id": 1320475116
        },
        {
            "name": "Night Night Kitty",
            "artist": "Cat Music",
            "id": 1320470016
        },
        {
            "name": "The Calmest Music for Cats",
            "artist": "Cat Music",
            "id": 1320470017
        },
        {
            "name": "Super Calm Cat Music",
            "artist": "Cat Music",
            "id": 1320470018
        },
        {
            "name": "Peaceful Music for Cats",
            "artist": "Cat Music",
            "id": 1320470019
        },
        {
            "name": "Music for Dogs and Cats",
            "artist": "Cat Music",
            "id": 1320470020
        },
        {
            "name": "Music for Kittens and Cat",
            "artist": "Cat Music",
            "id": 1320470021
        },
        {
            "name": "Pet Lullaby",
            "artist": "Cat Music",
            "id": 1320475117
        },
        {
            "name": "Soothing Piano Music for Cats",
            "artist": "Cat Music",
            "id": 1320470022
        },
        {
            "name": "Music for Cat Relaxation",
            "artist": "Cat Music",
            "id": 1320475118
        },
        {
            "name": "Kitty House",
            "artist": "Cat Music",
            "id": 1320475119
        },
        {
            "name": "Cat Sleep Music",
            "artist": "Cat Music",
            "id": 1320475120
        },
        {
            "name": "Ultimate Cat Relaxation",
            "artist": "Cat Music",
            "id": 1320476023
        },
        {
            "name": "Soft Cat Music",
            "artist": "Cat Music",
            "id": 1320475121
        },
        {
            "name": "Gentle Cat Music",
            "artist": "Cat Music",
            "id": 1320476024
        },
        {
            "name": "Soft Music for Pets",
            "artist": "Cat Music",
            "id": 1320475122
        },
        {
            "name": "Calm Pet Music for Pets",
            "artist": "Cat Music",
            "id": 1320475123
        },
        {
            "name": "Pet Relaxation Music for Cats",
            "artist": "Cat Music",
            "id": 1320476025
        },
        {
            "name": "Pet Relaxation Music for Animals",
            "artist": "Cat Music",
            "id": 1320476026
        },
        {
            "name": "Cat Music for Separation Anxiety",
            "artist": "Cat Music",
            "id": 1320475124
        },
        {
            "name": "Soothing Music for Pets",
            "artist": "Cat Music",
            "id": 1320476027
        },
        {
            "name": "Calm Pet Music for Cats",
            "artist": "Cat Music",
            "id": 1320476028
        },
        {
            "name": "Calm Pet Relaxation",
            "artist": "Cat Music",
            "id": 1320476029
        },
        {
            "name": "Pet Relaxation Music for Kittens",
            "artist": "Cat Music",
            "id": 1320476030
        },
        {
            "name": "Dog Spa Relaxation",
            "artist": "Cat Music",
            "id": 1320476031
        },
        {
            "name": "Music for Animals",
            "artist": "Cat Music",
            "id": 1320476032
        },
        {
            "name": "Cat Relief Music",
            "artist": "Cat Music",
            "id": 1320476033
        },
        {
            "name": "Music for Cats While You're Away",
            "artist": "Cat Music",
            "id": 1320475125
        },
        {
            "name": "Instrumental Music for Cats",
            "artist": "Cat Music",
            "id": 1320475126
        },
        {
            "name": "The Most Relaxing Cat Music",
            "artist": "Cat Music",
            "id": 1320475127
        },
        {
            "name": "Music for Pets and Relaxing Cat Music",
            "artist": "Cat Music",
            "id": 1320476034
        },
        {
            "name": "Soft Music for Pets While You're Away",
            "artist": "Cat Music",
            "id": 1320475128
        },
        {
            "name": "Kitty Sleep Aid",
            "artist": "Cat Music",
            "id": 1320475129
        },
        {
            "name": "Healing Cat Music",
            "artist": "Cat Music",
            "id": 1320476035
        },
        {
            "name": "Cat Music for Cats",
            "artist": "Cat Music",
            "id": 1320476036
        },
        {
            "name": "Cute Little Kitty",
            "artist": "Cat Music",
            "id": 1320476037
        },
        {
            "name": "Kitten Lullaby",
            "artist": "Cat Music",
            "id": 1320475130
        },
        {
            "name": "Relaxation for My Cat",
            "artist": "Cat Music",
            "id": 1320476038
        },
        {
            "name": "Anti Stress Sounds",
            "artist": "Cat Music",
            "id": 1320476039
        },
        {
            "name": "Pet Music Therapy",
            "artist": "Cat Music",
            "id": 1320475131
        },
        {
            "name": "Kitty Relaxation",
            "artist": "Cat Music",
            "id": 1320476040
        },
        {
            "name": "Soothing Sounds for Kitten",
            "artist": "Cat Music",
            "id": 1320475132
        },
        {
            "name": "Sleepy Cat",
            "artist": "Cat Music",
            "id": 1320475133
        },
        {
            "name": "Help Your Cat Sleep",
            "artist": "Cat Music",
            "id": 1320475134
        },
        {
            "name": "Sleep and Relaxation Cat music",
            "artist": "Cat Music",
            "id": 1320475135
        },
        {
            "name": "Kittens Sleeping",
            "artist": "Cat Music",
            "id": 1320475136
        },
        {
            "name": "Relaxing Sleep Music for Kittens",
            "artist": "Cat Music",
            "id": 1320475137
        },
        {
            "name": "Still There",
            "artist": "Cat Music",
            "id": 1326776923
        },
        {
            "name": "Raining Outside",
            "artist": "Cat Music",
            "id": 1326776924
        },
        {
            "name": "Outer Space",
            "artist": "Cat Music",
            "id": 1326776925
        },
        {
            "name": "Old Friends",
            "artist": "Cat Music",
            "id": 1326777820
        },
        {
            "name": "Morning Smile",
            "artist": "Cat Music",
            "id": 1326776926
        },
        {
            "name": "Inner Space",
            "artist": "Cat Music",
            "id": 1326777821
        },
        {
            "name": "Contemplations",
            "artist": "Cat Music",
            "id": 1326776927
        },
        {
            "name": "Cat Music",
            "artist": "Cat Music",
            "id": 1343527432
        },
        {
            "name": "Music For Cat Sleeping",
            "artist": "Cat Music",
            "id": 1343527434
        },
        {
            "name": "Soothing Music For Pets",
            "artist": "Cat Music",
            "id": 1343527435
        },
        {
            "name": "Calm Pet Relaxation",
            "artist": "Cat Music",
            "id": 1343527436
        },
        {
            "name": "Music For Pets",
            "artist": "Cat Music",
            "id": 1343527437
        },
        {
            "name": "Piano Music For Pets",
            "artist": "Cat Music",
            "id": 1343528295
        },
        {
            "name": "Calm Music",
            "artist": "Cat Music",
            "id": 1343527439
        },
        {
            "name": "Piano Music For Cats",
            "artist": "Cat Music",
            "id": 1343528298
        },
        {
            "name": "Sleeping Music For Cats",
            "artist": "Cat Music",
            "id": 1343528299
        },
        {
            "name": "Relaxing Music For Cats",
            "artist": "Cat Music",
            "id": 1343528301
        },
        {
            "name": "Sleeping Music For Cats While You're Gone",
            "artist": "Cat Music",
            "id": 1343527441
        },
        {
            "name": "Cat Music For Cats",
            "artist": "Cat Music",
            "id": 1343527442
        },
        {
            "name": "Music For Cats",
            "artist": "Cat Music",
            "id": 1343528302
        },
        {
            "name": "Pet Relaxation",
            "artist": "Cat Music",
            "id": 1343528303
        },
        {
            "name": "Cat Music For Sleeping",
            "artist": "Cat Music",
            "id": 1343528304
        },
        {
            "name": "Pet Relaxation For Cats",
            "artist": "Cat Music",
            "id": 1343528305
        },
        {
            "name": "Music For Relaxation",
            "artist": "Cat Music",
            "id": 1343528306
        },
        {
            "name": "Cat Sleeping Music",
            "artist": "Cat Music",
            "id": 1343527443
        },
        {
            "name": "Soothing Piano",
            "artist": "Cat Music",
            "id": 1343527444
        },
        {
            "name": "Soothing Cat Music",
            "artist": "Cat Music",
            "id": 1343527445
        },
        {
            "name": "Background Music For Cats",
            "artist": "Cat Music",
            "id": 1343527446
        },
        {
            "name": "Sleeping Music For Pets",
            "artist": "Cat Music",
            "id": 1343527447
        },
        {
            "name": "Relaxing Music For Pets",
            "artist": "Cat Music",
            "id": 1343527448
        },
        {
            "name": "Soothing Pet Relaxation",
            "artist": "Cat Music",
            "id": 1343528307
        },
        {
            "name": "Pet Relaxation For Pets",
            "artist": "Cat Music",
            "id": 1343527449
        },
        {
            "name": "Soft Piano",
            "artist": "Cat Music",
            "id": 1343527450
        },
        {
            "name": "Sleeping Music For Animals",
            "artist": "Cat Music",
            "id": 1343527451
        },
        {
            "name": "Relaxing Cat Music",
            "artist": "Cat Music",
            "id": 1343527452
        },
        {
            "name": "Soft Music For Pets",
            "artist": "Cat Music",
            "id": 1343528308
        },
        {
            "name": "Relaxing Piano Music",
            "artist": "Cat Music",
            "id": 1343528309
        },
        {
            "name": "Music for Cats",
            "artist": "Cat Music",
            "id": 1345991735
        },
        {
            "name": "Relaxing Music for Cats",
            "artist": "Cat Music",
            "id": 1345991736
        },
        {
            "name": "Cat Music",
            "artist": "Cat Music",
            "id": 1345984019
        },
        {
            "name": "Soothing Music for Your Cat",
            "artist": "Cat Music",
            "id": 1345984020
        },
        {
            "name": "Calming Music for Cats",
            "artist": "Cat Music",
            "id": 1345984021
        },
        {
            "name": "Cat Sleeping Music",
            "artist": "Cat Music",
            "id": 1345991737
        },
        {
            "name": "Calm Your Cat",
            "artist": "Cat Music",
            "id": 1345984022
        },
        {
            "name": "Kitten Music",
            "artist": "Cat Music",
            "id": 1345991738
        },
        {
            "name": "Music for Your Cat",
            "artist": "Cat Music",
            "id": 1346016023
        },
        {
            "name": "Help Your Cat Fall Asleep",
            "artist": "Cat Music",
            "id": 1346016024
        },
        {
            "name": "Soothing Music for Kittens",
            "artist": "Cat Music",
            "id": 1345991739
        },
        {
            "name": "Cat Music While You're Away",
            "artist": "Cat Music",
            "id": 1345991740
        },
        {
            "name": "Piano Music for Cats",
            "artist": "Cat Music",
            "id": 1345991741
        },
        {
            "name": "Gentle Songs for Cats",
            "artist": "Cat Music",
            "id": 1345991742
        },
        {
            "name": "Cat Music Therapy",
            "artist": "Cat Music",
            "id": 1346016025
        },
        {
            "name": "Music to Calm Your Kitten",
            "artist": "Cat Music",
            "id": 1345991743
        },
        {
            "name": "Kitten Treats",
            "artist": "Cat Music",
            "id": 1345991744
        },
        {
            "name": "Cat Relaxation Music",
            "artist": "Cat Music",
            "id": 1346016026
        },
        {
            "name": "Music for Pets",
            "artist": "Cat Music",
            "id": 1346016027
        },
        {
            "name": "The Best Music for Cats",
            "artist": "Cat Music",
            "id": 1345991745
        },
        {
            "name": "Pet Music",
            "artist": "Cat Music",
            "id": 1346016028
        },
        {
            "name": "Calming Music for Kittens",
            "artist": "Cat Music",
            "id": 1345991746
        },
        {
            "name": "Soothing Cat Music",
            "artist": "Cat Music",
            "id": 1346016029
        },
        {
            "name": "Soft Music for Cats",
            "artist": "Cat Music",
            "id": 1345991747
        },
        {
            "name": "Peaceful Cat Music",
            "artist": "Cat Music",
            "id": 1345991748
        },
        {
            "name": "Music for Cat's Ears",
            "artist": "Cat Music",
            "id": 1345991749
        },
        {
            "name": "Ambient Music for Kittens",
            "artist": "Cat Music",
            "id": 1345991750
        },
        {
            "name": "Cat Music for Sleep",
            "artist": "Cat Music",
            "id": 1345991751
        },
        {
            "name": "Soothing Music for Pets",
            "artist": "Cat Music",
            "id": 1346016030
        },
        {
            "name": "Piano Music for Pets",
            "artist": "Cat Music",
            "id": 1346016031
        },
        {
            "name": "Kitten Dreamland",
            "artist": "Cat Music",
            "id": 1345991752
        },
        {
            "name": "Mindfulness for Cats",
            "artist": "Cat Music",
            "id": 1345991753
        },
        {
            "name": "Relax Your Cat",
            "artist": "Cat Music",
            "id": 1346016032
        },
        {
            "name": "Peaceful Sounds for Pets",
            "artist": "Cat Music",
            "id": 1346016033
        },
        {
            "name": "Music for Animals",
            "artist": "Cat Music",
            "id": 1345991754
        },
        {
            "name": "Anti Stress Sounds for Cats",
            "artist": "Cat Music",
            "id": 1345991755
        },
        {
            "name": "Background Music for Cats",
            "artist": "Cat Music",
            "id": 1346016034
        },
        {
            "name": "Pet Sleeping Music",
            "artist": "Cat Music",
            "id": 1346016035
        },
        {
            "name": "Calming Music for Your Kitten",
            "artist": "Cat Music",
            "id": 1345991756
        },
        {
            "name": "Piano Music for Your Cat",
            "artist": "Cat Music",
            "id": 1345991757
        },
        {
            "name": "Pet Relaxation",
            "artist": "Cat Music",
            "id": 1346016036
        },
        {
            "name": "Relaxing Piano Music for Cats",
            "artist": "Cat Music",
            "id": 1346016037
        },
        {
            "name": "Piano Music",
            "artist": "Cat Music",
            "id": 1345991758
        },
        {
            "name": "Calm Music for Pets",
            "artist": "Cat Music",
            "id": 1345991759
        },
        {
            "name": "Background Music for Kittens",
            "artist": "Cat Music",
            "id": 1345991760
        },
        {
            "name": "Relaxing Cat Music",
            "artist": "Cat Music",
            "id": 1346016038
        },
        {
            "name": "Soothing Sleep Music",
            "artist": "Cat Music",
            "id": 1346016039
        },
        {
            "name": "Soft Cat Music",
            "artist": "Cat Music",
            "id": 1346016040
        },
        {
            "name": "Kitten Piano Music",
            "artist": "Cat Music",
            "id": 1345991761
        },
        {
            "name": "Sleeping Music",
            "artist": "Cat Music",
            "id": 1345991762
        },
        {
            "name": "The Best Background Music for Cats",
            "artist": "Cat Music",
            "id": 1345991763
        },
        {
            "name": "Animal Relaxation Music",
            "artist": "Cat Music",
            "id": 1346016041
        },
        {
            "name": "Cat Meditation",
            "artist": "Cat Music",
            "id": 1345991764
        },
        {
            "name": "Relaxing Sounds for Your Cat",
            "artist": "Cat Music",
            "id": 1345991765
        },
        {
            "name": "Soothing Music for Cats",
            "artist": "Cat Music",
            "id": 1346016042
        },
        {
            "name": "Relaxing Sounds for Cats",
            "artist": "Cat Music",
            "id": 1346016043
        },
        {
            "name": "Soft Piano Music for Pets",
            "artist": "Cat Music",
            "id": 1346016044
        },
        {
            "name": "Cat Music Experience",
            "artist": "Cat Music",
            "id": 1345991766
        },
        {
            "name": "Cat Sleep Music",
            "artist": "Cat Music",
            "id": 1345991767
        },
        {
            "name": "Gentle Cat Music",
            "artist": "Cat Music",
            "id": 1345991768
        },
        {
            "name": "Kitten Lullaby",
            "artist": "Cat Music",
            "id": 1345991769
        },
        {
            "name": "Kitty Sleep Aid",
            "artist": "Cat Music",
            "id": 1345991770
        },
        {
            "name": "Anti Stress Music",
            "artist": "Cat Music",
            "id": 1346016045
        },
        {
            "name": "Pet Music Therapy",
            "artist": "Cat Music",
            "id": 1345991771
        },
        {
            "name": "Songs for Cats",
            "artist": "Cat Music",
            "id": 1345991772
        },
        {
            "name": "Music for Your Pet",
            "artist": "Cat Music",
            "id": 1345991773
        },
        {
            "name": "Soft Piano Music for Cats",
            "artist": "Cat Music",
            "id": 1346016046
        },
        {
            "name": "Cat Rest",
            "artist": "Cat Music",
            "id": 1346016047
        },
        {
            "name": "Cat Lullaby",
            "artist": "Cat Music",
            "id": 1345991774
        },
        {
            "name": "Cat Music",
            "artist": "Cat Music",
            "id": 1355210524
        },
        {
            "name": "Cat Music For Cats",
            "artist": "Cat Music",
            "id": 1355210525
        },
        {
            "name": "Background Cat Music",
            "artist": "Cat Music",
            "id": 1355203018
        },
        {
            "name": "Soothing Cat Music",
            "artist": "Cat Music",
            "id": 1355210526
        },
        {
            "name": "Relaxing Cat Music",
            "artist": "Cat Music",
            "id": 1355210527
        },
        {
            "name": "Music For Cats",
            "artist": "Cat Music",
            "id": 1355210528
        },
        {
            "name": "Background Music For Cats",
            "artist": "Cat Music",
            "id": 1355210529
        },
        {
            "name": "Instrumental Music For Cats",
            "artist": "Cat Music",
            "id": 1355203019
        },
        {
            "name": "Soothing Music For Cats",
            "artist": "Cat Music",
            "id": 1355210530
        },
        {
            "name": "Relaxing Music For Cats",
            "artist": "Cat Music",
            "id": 1355210531
        },
        {
            "name": "Music For Pets",
            "artist": "Cat Music",
            "id": 1355210532
        },
        {
            "name": "Relaxing Music For Pets",
            "artist": "Cat Music",
            "id": 1355203020
        },
        {
            "name": "Soothing Music For Pets",
            "artist": "Cat Music",
            "id": 1355210533
        },
        {
            "name": "Peaceful Music For Pets",
            "artist": "Cat Music",
            "id": 1355203021
        },
        {
            "name": "Calm Music For Pets",
            "artist": "Cat Music",
            "id": 1355203022
        },
        {
            "name": "Sleeping Music For Cats",
            "artist": "Cat Music",
            "id": 1355211023
        },
        {
            "name": "Sleeping Music For Cats and Dogs",
            "artist": "Cat Music",
            "id": 1355211024
        },
        {
            "name": "Sleeping Music For Cats and Animals",
            "artist": "Cat Music",
            "id": 1355210534
        },
        {
            "name": "Calm Sleeping Music For Cats",
            "artist": "Cat Music",
            "id": 1355211025
        },
        {
            "name": "Background Sleeping Music For Cats",
            "artist": "Cat Music",
            "id": 1355211026
        },
        {
            "name": "Pet Relaxation",
            "artist": "Cat Music",
            "id": 1355210535
        },
        {
            "name": "Pet Relaxation Music",
            "artist": "Cat Music",
            "id": 1355211027
        },
        {
            "name": "Pet Relaxation and Pet Therapy",
            "artist": "Cat Music",
            "id": 1355210536
        },
        {
            "name": "Music For Pet Relaxation",
            "artist": "Cat Music",
            "id": 1355210537
        },
        {
            "name": "Pet Relaxation Music For Dogs and Cats",
            "artist": "Cat Music",
            "id": 1355211028
        },
        {
            "name": "Relaxing Music",
            "artist": "Cat Music",
            "id": 1355211029
        },
        {
            "name": "Calm Music",
            "artist": "Cat Music",
            "id": 1355211030
        },
        {
            "name": "Soothing Music",
            "artist": "Cat Music",
            "id": 1355211031
        },
        {
            "name": "Kitten Music",
            "artist": "Cat Music",
            "id": 1355211032
        },
        {
            "name": "Soothing Kitten Music",
            "artist": "Cat Music",
            "id": 1355210538
        },
        {
            "name": "Cat Music",
            "artist": "Cat Music",
            "id": 1355299274
        },
        {
            "name": "Cat Music For Cats",
            "artist": "Cat Music",
            "id": 1355299275
        },
        {
            "name": "Background Cat Music",
            "artist": "Cat Music",
            "id": 1355299276
        },
        {
            "name": "Soothing Cat Music",
            "artist": "Cat Music",
            "id": 1355298380
        },
        {
            "name": "Relaxing Cat Music",
            "artist": "Cat Music",
            "id": 1355299277
        },
        {
            "name": "Music For Cats",
            "artist": "Cat Music",
            "id": 1355299278
        },
        {
            "name": "Background Music For Cats",
            "artist": "Cat Music",
            "id": 1355298381
        },
        {
            "name": "Instrumental Music For Cats",
            "artist": "Cat Music",
            "id": 1355298382
        },
        {
            "name": "Soothing Music For Cats",
            "artist": "Cat Music",
            "id": 1355298383
        },
        {
            "name": "Relaxing Music For Cats",
            "artist": "Cat Music",
            "id": 1355298384
        },
        {
            "name": "Music For Pets",
            "artist": "Cat Music",
            "id": 1355298385
        },
        {
            "name": "Relaxing Music For Pets",
            "artist": "Cat Music",
            "id": 1355298386
        },
        {
            "name": "Soothing Music For Pets",
            "artist": "Cat Music",
            "id": 1355298387
        },
        {
            "name": "Peaceful Music For Pets",
            "artist": "Cat Music",
            "id": 1355299279
        },
        {
            "name": "Calm Music For Pets",
            "artist": "Cat Music",
            "id": 1355298388
        },
        {
            "name": "Sleeping Music For Cats",
            "artist": "Cat Music",
            "id": 1355298389
        },
        {
            "name": "Sleeping Music For Cats and Dogs",
            "artist": "Cat Music",
            "id": 1355298390
        },
        {
            "name": "Sleeping Music For Cats and Animals",
            "artist": "Cat Music",
            "id": 1355299280
        },
        {
            "name": "Calm Sleeping Music For Cats",
            "artist": "Cat Music",
            "id": 1355299281
        },
        {
            "name": "Background Sleeping Music For Cats",
            "artist": "Cat Music",
            "id": 1355299282
        },
        {
            "name": "Pet Relaxation",
            "artist": "Cat Music",
            "id": 1355299283
        },
        {
            "name": "Pet Relaxation Music",
            "artist": "Cat Music",
            "id": 1355298391
        },
        {
            "name": "Pet Relaxation and Pet Therapy",
            "artist": "Cat Music",
            "id": 1355299284
        },
        {
            "name": "Music For Pet Relaxation",
            "artist": "Cat Music",
            "id": 1355299285
        },
        {
            "name": "Pet Relaxation Music For Dogs and Cats",
            "artist": "Cat Music",
            "id": 1355299286
        },
        {
            "name": "Relaxing Music",
            "artist": "Cat Music",
            "id": 1355299287
        },
        {
            "name": "Calm Music",
            "artist": "Cat Music",
            "id": 1355299288
        },
        {
            "name": "Soothing Music",
            "artist": "Cat Music",
            "id": 1355298392
        },
        {
            "name": "Background Music",
            "artist": "Cat Music",
            "id": 1355299289
        },
        {
            "name": "Sleeping Music",
            "artist": "Cat Music",
            "id": 1355298393
        },
        {
            "name": "Cat Music",
            "artist": "Cat Music",
            "id": 1374496466
        },
        {
            "name": "Cat Music While You're Away",
            "artist": "Cat Music",
            "id": 1374490543
        },
        {
            "name": "Relaxing Cat Music",
            "artist": "Cat Music",
            "id": 1374490545
        },
        {
            "name": "Calm Cat Music",
            "artist": "Cat Music",
            "id": 1374490547
        },
        {
            "name": "Soft Cat Music",
            "artist": "Cat Music",
            "id": 1374496467
        },
        {
            "name": "Music For Cats",
            "artist": "Cat Music",
            "id": 1374496468
        },
        {
            "name": "Piano Music For Cats",
            "artist": "Cat Music",
            "id": 1374490548
        },
        {
            "name": "Soothing Music For Cats",
            "artist": "Cat Music",
            "id": 1374496469
        },
        {
            "name": "Relaxing Music For Cats",
            "artist": "Cat Music",
            "id": 1374496470
        },
        {
            "name": "Music For Cats While You're Gone",
            "artist": "Cat Music",
            "id": 1374490549
        },
        {
            "name": "Pet Music",
            "artist": "Cat Music",
            "id": 1374496471
        },
        {
            "name": "Pet Music For Dogs and Cats",
            "artist": "Cat Music",
            "id": 1374496472
        },
        {
            "name": "Soothing Pet Music",
            "artist": "Cat Music",
            "id": 1374496473
        },
        {
            "name": "Music For Pets",
            "artist": "Cat Music",
            "id": 1374490550
        },
        {
            "name": "Calm Music For Pets",
            "artist": "Cat Music",
            "id": 1374496474
        },
        {
            "name": "Piano Music For Pets",
            "artist": "Cat Music",
            "id": 1374496475
        },
        {
            "name": "Music For Cats Ears",
            "artist": "Cat Music",
            "id": 1374496476
        },
        {
            "name": "Relaxing Music For Cats Ears",
            "artist": "Cat Music",
            "id": 1374490551
        },
        {
            "name": "Piano Music For Cats Ears",
            "artist": "Cat Music",
            "id": 1374490552
        },
        {
            "name": "Background Music For Dogs",
            "artist": "Cat Music",
            "id": 1374490553
        },
        {
            "name": "Relaxing Music For Dogs",
            "artist": "Cat Music",
            "id": 1374490554
        },
        {
            "name": "Music For Dogs Ears",
            "artist": "Cat Music",
            "id": 1374490555
        },
        {
            "name": "Background Music For Cats and Dogs",
            "artist": "Cat Music",
            "id": 1374490556
        },
        {
            "name": "Music For Dogs",
            "artist": "Cat Music",
            "id": 1374496477
        },
        {
            "name": "Calm Dog Music",
            "artist": "Cat Music",
            "id": 1374490557
        },
        {
            "name": "Calm Piano",
            "artist": "Cat Music",
            "id": 1374490558
        },
        {
            "name": "Relaxing Piano",
            "artist": "Cat Music",
            "id": 1374496478
        },
        {
            "name": "Background Piano",
            "artist": "Cat Music",
            "id": 1374496479
        },
        {
            "name": "Piano Music",
            "artist": "Cat Music",
            "id": 1374490559
        },
        {
            "name": "Soothing Music For Dogs",
            "artist": "Cat Music",
            "id": 1374490560
        }
    ]
}