{
    "playlist_info": {
        "name": "「极致“春”音」郊区骑行",
        "trackcount": 22,
        "playcount": 31150,
        "creator": "帐号已注销",
        "createDate": "2015-02-24",
        "heat": 10.0
    },
    "songs": [
        {
            "name": "Rainbow, Puddle, Children",
            "artist": "American Green",
            "id": 680164
        },
        {
            "name": "Life Of Sin Pt. 4",
            "artist": "MitiS",
            "id": 28955728
        },
        {
            "name": "Always Running",
            "artist": "Nigel Good",
            "id": 29005870
        },
        {
            "name": "sunset",
            "artist": "[.que]",
            "id": 26379021
        },
        {
            "name": "Touch The Sky",
            "artist": "Ryan Farish",
            "id": 1878751
        },
        {
            "name": "Take my breath away",
            "artist": "Jacoo",
            "id": 29737649
        },
        {
            "name": "驟雨 - Syuuu",
            "artist": "Hallo",
            "id": 26094222
        },
        {
            "name": "Hu-Getsu -风月",
            "artist": "heRajiKa Tracks",
            "id": 4891220
        },
        {
            "name": "Bitter & Sweet",
            "artist": "Niha",
            "id": 402443
        },
        {
            "name": "Walk On The Star",
            "artist": "Niha",
            "id": 402447
        },
        {
            "name": "Horizons (Original Mix)",
            "artist": "Feint",
            "id": 4081272
        },
        {
            "name": "Red Sky",
            "artist": "Polished Chrome",
            "id": 18026961
        },
        {
            "name": "A New Day",
            "artist": "Mark Petrie",
            "id": 1783906
        },
        {
            "name": "Event Horizon [Smoldering Mix][Version]",
            "artist": "Blue Stone",
            "id": 2196183
        },
        {
            "name": "River Of Light",
            "artist": "The Buddhist Monks",
            "id": 4178917
        },
        {
            "name": "Falling tears (Original)",
            "artist": "Jacoo",
            "id": 29737670
        },
        {
            "name": "Dream Factory",
            "artist": "Saycet",
            "id": 4295759
        },
        {
            "name": "Autumn Sunset",
            "artist": "Martin Mittone",
            "id": 28055656
        },
        {
            "name": "Sarajevo (Original Mix)",
            "artist": "Loz Contreras",
            "id": 16392602
        },
        {
            "name": "The Script for Life",
            "artist": "Valentin",
            "id": 857945
        },
        {
            "name": "Migratory Bird",
            "artist": "Otokaze",
            "id": 22802190
        },
        {
            "name": "帰路Kaerimichi",
            "artist": "Otokaze",
            "id": 493972
        }
    ]
}