{
    "playlist_info": {
        "name": "「初夏系列2」与夏天的适配度已达到100%",
        "trackcount": 35,
        "playcount": 20683,
        "creator": "雾月情书",
        "createDate": "2022-06-12",
        "heat": 54.0
    },
    "songs": [
        {
            "name": "星群是自由的鸽子",
            "artist": "昨夜派对（L.N Party）",
            "id": 1905993785
        },
        {
            "name": "回不去的夏天",
            "artist": "夏日入侵企画",
            "id": 1832684671
        },
        {
            "name": "克林",
            "artist": "棱镜乐队",
            "id": 549320309
        },
        {
            "name": "野莲出庄",
            "artist": "生祥乐队",
            "id": 1498051330
        },
        {
            "name": "温柔的代价",
            "artist": "旅行团乐队",
            "id": 1476233568
        },
        {
            "name": "Lonestar",
            "artist": "椅子乐团 The Chairs",
            "id": 1924567676
        },
        {
            "name": "没有人能够比我们更接近对方",
            "artist": "声音玩具",
            "id": 1468592465
        },
        {
            "name": "你把我的脸庞转向明天",
            "artist": "法兹乐队 FAZI",
            "id": 1403129246
        },
        {
            "name": "玫瑰往事",
            "artist": "昨夜派对（L.N Party）",
            "id": 1340627237
        },
        {
            "name": "迷雾之夜(Lost)",
            "artist": "春日玫瑰(Spring Roses)",
            "id": 1842503647
        },
        {
            "name": "当夜空落去，城市继续前行",
            "artist": "帆布小镇",
            "id": 1440222808
        },
        {
            "name": "想去海边",
            "artist": "夏日入侵企画",
            "id": 1413863166
        },
        {
            "name": "春日玫瑰(Spring Roses)",
            "artist": "春日玫瑰(Spring Roses)",
            "id": 1842549992
        },
        {
            "name": "我们会变成一颗颗星星(The Next Life)",
            "artist": "春日玫瑰(Spring Roses)",
            "id": 1930619424
        },
        {
            "name": "如果如果如果(Missed)",
            "artist": "春日玫瑰(Spring Roses)",
            "id": 1842550008
        },
        {
            "name": "梵高曾经对我说",
            "artist": "橘子海 (Orange Ocean)",
            "id": 1462913210
        },
        {
            "name": "逝去的歌",
            "artist": "旅行团乐队",
            "id": 36199725
        },
        {
            "name": "极恶都市",
            "artist": "夏日入侵企画",
            "id": 570340213
        },
        {
            "name": "夏日漱石 (Summer Cozy Rock)",
            "artist": "橘子海 (Orange Ocean)",
            "id": 1359818052
        },
        {
            "name": "我是一只鱼",
            "artist": "落日飞车",
            "id": 1411718813
        },
        {
            "name": "没有名字的夜晚",
            "artist": "夏日入侵企画",
            "id": 1849674035
        },
        {
            "name": "没有理想的人不伤心",
            "artist": "新裤子",
            "id": 28009051
        },
        {
            "name": "海浪",
            "artist": "deca joins",
            "id": 1320101152
        },
        {
            "name": "偶然黄昏见",
            "artist": "棱镜乐队",
            "id": 1316330544
        },
        {
            "name": "幾乎是幻想",
            "artist": "康姆士COM'Z",
            "id": 1350149185
        },
        {
            "name": "但我爱你",
            "artist": "霓虹花园",
            "id": 1383233361
        },
        {
            "name": "完美夏天",
            "artist": "霓虹花园",
            "id": 1483522399
        },
        {
            "name": "无人的海边",
            "artist": "霓虹花园",
            "id": 1388674995
        },
        {
            "name": "初恋",
            "artist": "回春丹",
            "id": 1873049720
        },
        {
            "name": "当一切结束时",
            "artist": "岛屿心情",
            "id": 353415
        },
        {
            "name": "你永远是我的宝贝，宝贝",
            "artist": "康姆士COM'Z",
            "id": 1854105063
        },
        {
            "name": "成为彼此宇宙的终极浪漫",
            "artist": "棱镜乐队",
            "id": 1473720185
        },
        {
            "name": "岛屿",
            "artist": "棱镜乐队",
            "id": 1418131335
        },
        {
            "name": "浴室",
            "artist": "deca joins",
            "id": 483378334
        },
        {
            "name": "再谈记忆",
            "artist": "盘尼西林",
            "id": 472137696
        }
    ]
}