{
    "playlist_info": {
        "name": "『钢琴』沉静如海，清冷似月",
        "trackcount": 59,
        "playcount": 19684,
        "creator": "行星客Planeter",
        "createDate": "2017-02-15",
        "heat": 8.0
    },
    "songs": [
        {
            "name": "Ø",
            "artist": "the tumbled sea",
            "id": 4346235
        },
        {
            "name": "alb",
            "artist": "nunu",
            "id": 3204387
        },
        {
            "name": "홍월",
            "artist": "Reve",
            "id": 27678950
        },
        {
            "name": "Trust",
            "artist": "Robert J. P. Oberg",
            "id": 28850311
        },
        {
            "name": "Edale",
            "artist": "Goldmund",
            "id": 2640617
        },
        {
            "name": "Weltz",
            "artist": "Otto A Totland",
            "id": 28245307
        },
        {
            "name": "Ágúst",
            "artist": "Ólafur Arnalds",
            "id": 16139395
        },
        {
            "name": "Fyrsta",
            "artist": "Ólafur Arnalds",
            "id": 16139391
        },
        {
            "name": "Forest",
            "artist": "Isaac Shepard",
            "id": 32977123
        },
        {
            "name": "Finally",
            "artist": "Lambert",
            "id": 450557863
        },
        {
            "name": "Fragile",
            "artist": "Ashram",
            "id": 3882827
        },
        {
            "name": "Tempo",
            "artist": "Andrei Machado",
            "id": 28273864
        },
        {
            "name": "Samba",
            "artist": "Ludovico Einaudi",
            "id": 20952204
        },
        {
            "name": "Marina",
            "artist": "Ozymandias",
            "id": 1808716
        },
        {
            "name": "Poland",
            "artist": "Ólafur Arnalds",
            "id": 1807649
        },
        {
            "name": "Stories",
            "artist": "Robert J. P. Oberg",
            "id": 28850316
        },
        {
            "name": "Déjà vu",
            "artist": "Fabrizio Paterlini",
            "id": 1369955
        },
        {
            "name": "Iceland",
            "artist": "Fabrizio Paterlini",
            "id": 26243936
        },
        {
            "name": "Illusion",
            "artist": "Yulia",
            "id": 28941457
        },
        {
            "name": "Monday",
            "artist": "Ludovico Einaudi",
            "id": 20952121
        },
        {
            "name": "Opus 37",
            "artist": "Dustin O'Halloran",
            "id": 17241428
        },
        {
            "name": "Week #3",
            "artist": "Fabrizio Paterlini",
            "id": 1369820
        },
        {
            "name": "Whatever",
            "artist": "Robert J. P. Oberg",
            "id": 1924521
        },
        {
            "name": "Sad Party",
            "artist": "Robert J. P. Oberg",
            "id": 1924524
        },
        {
            "name": "Unspoken...",
            "artist": "Elizabeth Naccarato",
            "id": 2584598
        },
        {
            "name": "Lost Song",
            "artist": "Ólafur Arnalds",
            "id": 1807765
        },
        {
            "name": "summer iii",
            "artist": "the tumbled sea",
            "id": 4346210
        },
        {
            "name": "Harmattan",
            "artist": "Fabrizio Paterlini",
            "id": 26243940
        },
        {
            "name": "Wind Song",
            "artist": "Fabrizio Paterlini",
            "id": 28240914
        },
        {
            "name": "Infatuation",
            "artist": "Robert J. P. Oberg",
            "id": 1924515
        },
        {
            "name": "Mélancolie",
            "artist": "Endless Melancholy",
            "id": 4064279
        },
        {
            "name": "Dane Street",
            "artist": "Goldmund",
            "id": 2640613
        },
        {
            "name": "Unreachable",
            "artist": "Robert J. P. Oberg",
            "id": 1924518
        },
        {
            "name": "5th of August",
            "artist": "Aron Bergen",
            "id": 28699006
        },
        {
            "name": "In Un'Altra Vita",
            "artist": "Ludovico Einaudi",
            "id": 20952200
        },
        {
            "name": "In A Notebook",
            "artist": "Goldmund",
            "id": 18057481
        },
        {
            "name": "Solo (Alone) [*]",
            "artist": "Raúl Di Blasio",
            "id": 1906391
        },
        {
            "name": "Clement Danes",
            "artist": "Goldmund",
            "id": 18057493
        },
        {
            "name": "Gymnopedies 1",
            "artist": "Erik Satie",
            "id": 5299097
        },
        {
            "name": "The Wind Wings",
            "artist": "Goldmund",
            "id": 5064939
        },
        {
            "name": "The Wind Wings",
            "artist": "Goldmund",
            "id": 37132787
        },
        {
            "name": "Cold Night Colors",
            "artist": "Robert J. P. Oberg",
            "id": 1924530
        },
        {
            "name": "Gymnopedie Nr. 1",
            "artist": "Martin Ermen",
            "id": 20110046
        },
        {
            "name": "H In New England",
            "artist": "Max Richter",
            "id": 1704824
        },
        {
            "name": "Unbraiding the Sun",
            "artist": "Goldmund",
            "id": 2640782
        },
        {
            "name": "Rue des trois frères",
            "artist": "Fabrizio Paterlini",
            "id": 1369959
        },
        {
            "name": "A Minute For The End",
            "artist": "Endless Melancholy",
            "id": 4064255
        },
        {
            "name": "Controvento, senz'olio",
            "artist": "Fabrizio Paterlini",
            "id": 1369963
        },
        {
            "name": "The Tearjerker Returns",
            "artist": "Chilly Gonzales",
            "id": 456370235
        },
        {
            "name": "The North Green Down",
            "artist": "Dakota Suite",
            "id": 2429702
        },
        {
            "name": "Like Drenched Butterfly",
            "artist": "Scythelence",
            "id": 1948665
        },
        {
            "name": "Sobre a brevidade da vida",
            "artist": "Andrei Machado",
            "id": 28273865
        },
        {
            "name": "Todos os sonhos do mundo",
            "artist": "Andrei Machado",
            "id": 28273861
        },
        {
            "name": "Los tigres no comen hierba",
            "artist": "Bosques de mi Mente",
            "id": 27515248
        },
        {
            "name": "Golpea tus manos una contra otra",
            "artist": "Bosques de mi Mente",
            "id": 27515253
        },
        {
            "name": "Comptine d'un autre été l'après midi (Live)",
            "artist": "Yann Tiersen",
            "id": 22315521
        },
        {
            "name": "Andaria despacito hacia una fuente",
            "artist": "Bosques de mi Mente",
            "id": 27515268
        },
        {
            "name": "Symfoni A' Rændråfe (Symphony of Raindrops)",
            "artist": "So I'm An Islander",
            "id": 27764406
        },
        {
            "name": "Cuando Se Hayan Ido Todos, Tan Solo Quedara El Crujir De Sus Columpios Al Viento",
            "artist": "Bosques de mi Mente",
            "id": 28547731
        }
    ]
}