{
    "playlist_info": {
        "name": "【Madilyn Bailey】麦姐的各种开口跪",
        "trackcount": 127,
        "playcount": 1361267,
        "creator": "Jarc丶",
        "createDate": "2017-09-07",
        "heat": 641.0
    },
    "songs": [
        {
            "name": "Running Up That Hill",
            "artist": "Kurt Hugo Schneider",
            "id": 1974416911
        },
        {
            "name": "Flowers",
            "artist": "MADILYN",
            "id": 2016385063
        },
        {
            "name": "I Like You",
            "artist": "MADILYN",
            "id": 1983792766
        },
        {
            "name": "Unholy",
            "artist": "MADILYN",
            "id": 1993111001
        },
        {
            "name": "I'm With You",
            "artist": "Alex Goot",
            "id": 1968191866
        },
        {
            "name": "Glimpse of Us",
            "artist": "MADILYN",
            "id": 1965369456
        },
        {
            "name": "Digital Age",
            "artist": "MADILYN",
            "id": 1950288393
        },
        {
            "name": "Heat Waves",
            "artist": "MADILYN",
            "id": 1940306907
        },
        {
            "name": "Fix You",
            "artist": "MADILYN",
            "id": 1930944102
        },
        {
            "name": "My Worst",
            "artist": "MADILYN",
            "id": 1922329356
        },
        {
            "name": "abcdefu",
            "artist": "MADILYN",
            "id": 1918942768
        },
        {
            "name": "Rather Be",
            "artist": "MADILYN",
            "id": 1909386496
        },
        {
            "name": "Ghost",
            "artist": "MADILYN",
            "id": 1891387205
        },
        {
            "name": "Easy On Me",
            "artist": "MADILYN",
            "id": 1888416851
        },
        {
            "name": "Shine Your Diamond Heart",
            "artist": "MADILYN",
            "id": 1875927397
        },
        {
            "name": "Bad Habits",
            "artist": "MADILYN",
            "id": 1857267953
        },
        {
            "name": "Traitor",
            "artist": "MADILYN",
            "id": 1866189292
        },
        {
            "name": "View",
            "artist": "MADILYN",
            "id": 1849676178
        },
        {
            "name": "Miss Anonymous",
            "artist": "MADILYN",
            "id": 1845963783
        },
        {
            "name": "Black Lives Matter",
            "artist": "Dax",
            "id": 1454987299
        },
        {
            "name": "How Good We Had It",
            "artist": "MADILYN",
            "id": 1824012307
        },
        {
            "name": "Drivers License",
            "artist": "MADILYN",
            "id": 1821513178
        },
        {
            "name": "Before You Go",
            "artist": "MADILYN",
            "id": 1810310412
        },
        {
            "name": "You Broke Me First",
            "artist": "MADILYN",
            "id": 1496828715
        },
        {
            "name": "Little Fish",
            "artist": "MADILYN",
            "id": 1468202562
        },
        {
            "name": "Wisconsin",
            "artist": "MADILYN",
            "id": 1459192173
        },
        {
            "name": "A Kind of Sorrow",
            "artist": "Sam Tsui",
            "id": 1416438318
        },
        {
            "name": "Tastes Like Karma",
            "artist": "MADILYN",
            "id": 1405278578
        },
        {
            "name": "All My Oxygen",
            "artist": "MADILYN",
            "id": 1405277702
        },
        {
            "name": "Mad World",
            "artist": "MADILYN",
            "id": 1405277424
        },
        {
            "name": "Are We Falling In Love",
            "artist": "MADILYN",
            "id": 1381516677
        },
        {
            "name": "Señorita",
            "artist": "Kurt Hugo Schneider",
            "id": 1382340352
        },
        {
            "name": "Señorita",
            "artist": "MADILYN",
            "id": 1379628076
        },
        {
            "name": "Someone You Loved",
            "artist": "MADILYN",
            "id": 1379619299
        },
        {
            "name": "Old Town Road",
            "artist": "MADILYN",
            "id": 1380345824
        },
        {
            "name": "Red Ribbon",
            "artist": "MADILYN",
            "id": 1352831223
        },
        {
            "name": "Happier",
            "artist": "MADILYN",
            "id": 1351603803
        },
        {
            "name": "I'm a Mess / Issues",
            "artist": "MADILYN",
            "id": 1351965678
        },
        {
            "name": "Break up with Your Girlfriend, I'm Bored",
            "artist": "MADILYN",
            "id": 1352542087
        },
        {
            "name": "Be Alright",
            "artist": "MADILYN",
            "id": 1351603766
        },
        {
            "name": "God Is a Woman",
            "artist": "MADILYN",
            "id": 1334428423
        },
        {
            "name": "Happy Now",
            "artist": "Kurt Hugo Schneider",
            "id": 1296550374
        },
        {
            "name": "Stay",
            "artist": "MADILYN",
            "id": 862102449
        },
        {
            "name": "Drunk on a Feeling",
            "artist": "MADILYN",
            "id": 862099057
        },
        {
            "name": "Cheap Thrills (Acoustic Version)",
            "artist": "MADILYN",
            "id": 531295227
        },
        {
            "name": "No Tears Left To Cry",
            "artist": "MADILYN",
            "id": 557581064
        },
        {
            "name": "Wake Me Up (TYMA Remix)",
            "artist": "TYMA",
            "id": 33020802
        },
        {
            "name": "I HATE U, I LOVE U",
            "artist": "Sam Tsui",
            "id": 451126519
        },
        {
            "name": "Wolves",
            "artist": "MADILYN",
            "id": 524149464
        },
        {
            "name": "Bad Things",
            "artist": "Kurt Hugo Schneider",
            "id": 461544314
        },
        {
            "name": "Look What You Made Me Do",
            "artist": "MADILYN",
            "id": 529668428
        },
        {
            "name": "See You Again (Acoustic Version)",
            "artist": "MADILYN",
            "id": 34057364
        },
        {
            "name": "All I Want For Christmas Is You",
            "artist": "MADILYN",
            "id": 524149826
        },
        {
            "name": "Tetris",
            "artist": "MADILYN",
            "id": 536602996
        },
        {
            "name": "Too Good At Goodbyes",
            "artist": "MADILYN",
            "id": 532950095
        },
        {
            "name": "Perfect",
            "artist": "MADILYN",
            "id": 518094139
        },
        {
            "name": "...Ready for It?",
            "artist": "MADILYN",
            "id": 518094136
        },
        {
            "name": "Havana",
            "artist": "MADILYN",
            "id": 518092134
        },
        {
            "name": "New Rules",
            "artist": "MADILYN",
            "id": 518094138
        },
        {
            "name": "Dusk Till Dawn",
            "artist": "MADILYN",
            "id": 524148450
        },
        {
            "name": "Attention",
            "artist": "Kurt Hugo Schneider",
            "id": 487587444
        },
        {
            "name": "Almost Is Never Enough",
            "artist": "Jason Chen",
            "id": 28274108
        },
        {
            "name": "All of Me (feat. Madilyn Bailey)",
            "artist": "Jason Chen",
            "id": 28577864
        },
        {
            "name": "Berzerk",
            "artist": "MADILYN",
            "id": 28798781
        },
        {
            "name": "Beautiful",
            "artist": "MADILYN",
            "id": 27560015
        },
        {
            "name": "Girlfriend",
            "artist": "MADILYN",
            "id": 3163058
        },
        {
            "name": "Bad Blood",
            "artist": "MADILYN",
            "id": 33378243
        },
        {
            "name": "Begin Again",
            "artist": "MADILYN",
            "id": 27560020
        },
        {
            "name": "Closer",
            "artist": "MADILYN",
            "id": 501133119
        },
        {
            "name": "Chandelier",
            "artist": "MADILYN",
            "id": 29482238
        },
        {
            "name": "Can't Hold Us",
            "artist": "MADILYN",
            "id": 32785265
        },
        {
            "name": "Can't Feel My Face",
            "artist": "MADILYN",
            "id": 36089888
        },
        {
            "name": "Chained to the Rhythm",
            "artist": "MADILYN",
            "id": 460044009
        },
        {
            "name": "Despacito",
            "artist": "MADILYN",
            "id": 487590417
        },
        {
            "name": "Diamonds",
            "artist": "MADILYN",
            "id": 27560016
        },
        {
            "name": "Dark Horse",
            "artist": "MADILYN",
            "id": 34696263
        },
        {
            "name": "Death of Me",
            "artist": "MADILYN",
            "id": 421203699
        },
        {
            "name": "Dangerous Woman",
            "artist": "MADILYN",
            "id": 412175987
        },
        {
            "name": "Don't You Worry Child",
            "artist": "MADILYN",
            "id": 36190303
        },
        {
            "name": "Elastic Heart",
            "artist": "MADILYN",
            "id": 30569174
        },
        {
            "name": "Fetish",
            "artist": "MADILYN",
            "id": 494410635
        },
        {
            "name": "Galway Girl",
            "artist": "MADILYN",
            "id": 472361236
        },
        {
            "name": "Hello",
            "artist": "MADILYN",
            "id": 39869017
        },
        {
            "name": "Human",
            "artist": "MADILYN",
            "id": 491686047
        },
        {
            "name": "Heart Attack",
            "artist": "MADILYN",
            "id": 27560014
        },
        {
            "name": "Hate You More",
            "artist": "MADILYN",
            "id": 421203698
        },
        {
            "name": "I Need Your Love",
            "artist": "MADILYN",
            "id": 27560006
        },
        {
            "name": "I Want You to Know",
            "artist": "MADILYN",
            "id": 412785763
        },
        {
            "name": "I Knew You Were Trouble",
            "artist": "MADILYN",
            "id": 27560017
        },
        {
            "name": "I Don't Wanna Live Forever",
            "artist": "MADILYN",
            "id": 468490562
        },
        {
            "name": "I Was Made For Loving You",
            "artist": "MADILYN",
            "id": 34167011
        },
        {
            "name": "I Don't Wanna Live Forever (Acoustic Version)",
            "artist": "Sam Tsui",
            "id": 464797664
        },
        {
            "name": "Love Me Like You Do",
            "artist": "MADILYN",
            "id": 30496792
        },
        {
            "name": "Lights",
            "artist": "MADILYN",
            "id": 3163037
        },
        {
            "name": "Maps",
            "artist": "MADILYN",
            "id": 29482234
        },
        {
            "name": "Million Reasons",
            "artist": "MADILYN",
            "id": 468490638
        },
        {
            "name": "No",
            "artist": "MADILYN",
            "id": 412187944
        },
        {
            "name": "Pillowtalk",
            "artist": "MADILYN",
            "id": 412187941
        },
        {
            "name": "Rude",
            "artist": "MADILYN",
            "id": 28870193
        },
        {
            "name": "Rockabye",
            "artist": "MADILYN",
            "id": 466343680
        },
        {
            "name": "Radioactive",
            "artist": "MADILYN",
            "id": 27560013
        },
        {
            "name": "Scars",
            "artist": "MADILYN",
            "id": 421203701
        },
        {
            "name": "Survive",
            "artist": "MADILYN",
            "id": 421203700
        },
        {
            "name": "Symphony",
            "artist": "MADILYN",
            "id": 477839287
        },
        {
            "name": "Shape of You",
            "artist": "MADILYN",
            "id": 461347784
        },
        {
            "name": "Safe and Sound",
            "artist": "MADILYN",
            "id": 3163120
        },
        {
            "name": "Say You Won't Let Go",
            "artist": "Kurt Hugo Schneider",
            "id": 468490637
        },
        {
            "name": "Summertime Sadness",
            "artist": "MADILYN",
            "id": 28798784
        },
        {
            "name": "Something Just Like This",
            "artist": "Alex Goot",
            "id": 470795480
        },
        {
            "name": "Try",
            "artist": "MADILYN",
            "id": 27560019
        },
        {
            "name": "Titanium",
            "artist": "MADILYN",
            "id": 3163056
        },
        {
            "name": "The a Team",
            "artist": "MADILYN",
            "id": 3163060
        },
        {
            "name": "There's Nothing Holdin Me Back",
            "artist": "MADILYN",
            "id": 491686053
        },
        {
            "name": "Unsteady",
            "artist": "Kurt Hugo Schneider",
            "id": 425136287
        },
        {
            "name": "Use Somebody",
            "artist": "MADILYN",
            "id": 36190305
        },
        {
            "name": "Versace on the Floor",
            "artist": "MADILYN",
            "id": 464508830
        },
        {
            "name": "Wiser",
            "artist": "MADILYN",
            "id": 421203697
        },
        {
            "name": "Wild Ones",
            "artist": "MADILYN",
            "id": 3163040
        },
        {
            "name": "Who You Are",
            "artist": "MADILYN",
            "id": 3163062
        },
        {
            "name": "Wake Me Up",
            "artist": "MADILYN",
            "id": 28798785
        },
        {
            "name": "Wrecking Ball",
            "artist": "MADILYN",
            "id": 28798786
        },
        {
            "name": "We Are Young",
            "artist": "MADILYN",
            "id": 3163054
        },
        {
            "name": "When We Were Young",
            "artist": "Kurt Hugo Schneider",
            "id": 412175988
        },
        {
            "name": "When I Was Your Man (Female Version When You Were My Man)",
            "artist": "MADILYN",
            "id": 27560012
        },
        {
            "name": "Young and Beautiful",
            "artist": "MADILYN",
            "id": 27560007
        },
        {
            "name": "22",
            "artist": "MADILYN",
            "id": 27560005
        },
        {
            "name": "7 Years",
            "artist": "MADILYN",
            "id": 412175989
        }
    ]
}