{
    "playlist_info": {
        "name": "【史诗】沸腾你的血液！燃爆你的灵魂！",
        "trackcount": 106,
        "playcount": 524196,
        "creator": "WAIT南一",
        "createDate": "2016-10-31",
        "heat": 215.0
    },
    "songs": [
        {
            "name": "Grace",
            "artist": "Jannik",
            "id": 528423473
        },
        {
            "name": "Star Sky",
            "artist": "Two Steps From Hell",
            "id": 31654478
        },
        {
            "name": "卧龙",
            "artist": "令狐笑",
            "id": 1398094636
        },
        {
            "name": "He's a Pirate",
            "artist": "Klaus Badelt",
            "id": 1620506
        },
        {
            "name": "Go Time",
            "artist": "Mark Petrie",
            "id": 29717271
        },
        {
            "name": "The Mass",
            "artist": "Era",
            "id": 17538867
        },
        {
            "name": "Breath and Life",
            "artist": "Audiomachine",
            "id": 3935139
        },
        {
            "name": "Håll Om Mig",
            "artist": "Nanne Grönvall",
            "id": 28224395
        },
        {
            "name": "Adventure Time",
            "artist": "Philter",
            "id": 21375446
        },
        {
            "name": "El Dorado (Dubstep Remix)",
            "artist": "Two Steps From Hell",
            "id": 27406244
        },
        {
            "name": "Blaze of Glory",
            "artist": "Epic Score",
            "id": 29808826
        },
        {
            "name": "Rags To Rings",
            "artist": "Danny McCarthy",
            "id": 28949412
        },
        {
            "name": "He's a Pirate (Pirates of the Caribbean theme)",
            "artist": "David Garrett",
            "id": 1220372
        },
        {
            "name": "Victory",
            "artist": "Two Steps From Hell",
            "id": 31654455
        },
        {
            "name": "The Phoenix",
            "artist": "Fall Out Boy",
            "id": 26199445
        },
        {
            "name": "Immortal",
            "artist": "Thomas Bergersen",
            "id": 2061739
        },
        {
            "name": "Intro",
            "artist": "Dreamtale",
            "id": 4017240
        },
        {
            "name": "Croatian Rhapsody",
            "artist": "Maksim",
            "id": 1696373
        },
        {
            "name": "The New York Nightfall",
            "artist": "Position Music",
            "id": 5137275
        },
        {
            "name": "Qiu Mansion",
            "artist": "Position Music",
            "id": 5137274
        },
        {
            "name": "Brotherhood",
            "artist": "John Dreamer",
            "id": 28283145
        },
        {
            "name": "Pacific Rim (feat. Tom Morello)",
            "artist": "Ramin Djawadi",
            "id": 26625301
        },
        {
            "name": "United We Stand - Divided We Fall",
            "artist": "Two Steps From Hell",
            "id": 19554987
        },
        {
            "name": "Tennessee",
            "artist": "Hans Zimmer",
            "id": 1429338
        },
        {
            "name": "Hero's Theme",
            "artist": "Steven Burke",
            "id": 1984625
        },
        {
            "name": "Strength Of A Thousand Men",
            "artist": "Two Steps From Hell",
            "id": 4377220
        },
        {
            "name": "Star Sky - Instrumental",
            "artist": "Two Steps From Hell",
            "id": 31654479
        },
        {
            "name": "Strength of a Thousand Men",
            "artist": "Two Steps From Hell",
            "id": 19554993
        },
        {
            "name": "League of Legends Epic Dubstep(LOL Remix)",
            "artist": "ThimLife",
            "id": 32341324
        },
        {
            "name": "Hope Always",
            "artist": "X-Ray Dog",
            "id": 4437849
        },
        {
            "name": "Icarus",
            "artist": "Ivan Torrent",
            "id": 28465302
        },
        {
            "name": "Mind Heist",
            "artist": "Zack Hemsey",
            "id": 2112355
        },
        {
            "name": "Seafights",
            "artist": "Groove Addicts",
            "id": 34167790
        },
        {
            "name": "Empire of Angels",
            "artist": "Thomas Bergersen",
            "id": 29460377
        },
        {
            "name": "Opening Credits",
            "artist": "Hans Zimmer",
            "id": 1427087
        },
        {
            "name": "Will and Elizabeth",
            "artist": "Klaus Badelt",
            "id": 1620471
        },
        {
            "name": "For The Win (Dance Remix)",
            "artist": "Two Steps From Hell",
            "id": 27406245
        },
        {
            "name": "Tales of the Electric Romeo",
            "artist": "Immediate",
            "id": 27129154
        },
        {
            "name": "Man At Arms",
            "artist": "Position Music",
            "id": 5137277
        },
        {
            "name": "Helmet to Helmet",
            "artist": "Brand X Music",
            "id": 34749433
        },
        {
            "name": "Requiem For A Tower",
            "artist": "Escala",
            "id": 17625646
        },
        {
            "name": "Danuvius",
            "artist": "Audiomachine",
            "id": 3934578
        },
        {
            "name": "New Light",
            "artist": "Mark Petrie",
            "id": 29045492
        },
        {
            "name": "Rise - Epic Music",
            "artist": "John Dreamer",
            "id": 28283137
        },
        {
            "name": "The Good Shall Rise Again",
            "artist": "KPM Music",
            "id": 411907396
        },
        {
            "name": "Main Titles",
            "artist": "Ramin Djawadi",
            "id": 32526653
        },
        {
            "name": "Serenata Immortale",
            "artist": "Immediate Music",
            "id": 1461836
        },
        {
            "name": "Never Back Down",
            "artist": "Two Steps From Hell",
            "id": 31654453
        },
        {
            "name": "Glory Seeker",
            "artist": "Immediate Music",
            "id": 1461513
        },
        {
            "name": "True Strength - Epic Music",
            "artist": "John Dreamer",
            "id": 28283155
        },
        {
            "name": "Dogs of War",
            "artist": "Brand X Music",
            "id": 3977931
        },
        {
            "name": "Archangel",
            "artist": "Two Steps From Hell",
            "id": 4377218
        },
        {
            "name": "Intro",
            "artist": "The xx",
            "id": 4341314
        },
        {
            "name": "Dragon Rider",
            "artist": "Two Steps From Hell",
            "id": 19554998
        },
        {
            "name": "Shadowfall",
            "artist": "Audiomachine",
            "id": 27969824
        },
        {
            "name": "Requiem For A Tower Mvt. III",
            "artist": "Corner Stone Cues",
            "id": 4014000
        },
        {
            "name": "Guardians at the Gate",
            "artist": "Audiomachine",
            "id": 3935176
        },
        {
            "name": "Cyberworld",
            "artist": "X-Ray Dog",
            "id": 4441146
        },
        {
            "name": "Eventide",
            "artist": "Brand X Music",
            "id": 3977942
        },
        {
            "name": "Kara Kul",
            "artist": "Mark Petrie",
            "id": 29759555
        },
        {
            "name": "Age of Dragons",
            "artist": "Audiomachine",
            "id": 28285773
        },
        {
            "name": "Burning Rome",
            "artist": "Really Slow Motion",
            "id": 28251773
        },
        {
            "name": "Vishnu",
            "artist": "E.S. Posthumus",
            "id": 17539358
        },
        {
            "name": "String Tek",
            "artist": "X-Ray Dog",
            "id": 4441159
        },
        {
            "name": "Conquest of Paradise",
            "artist": "Vangelis",
            "id": 2070502
        },
        {
            "name": "The Medallion Calls",
            "artist": "Klaus Badelt",
            "id": 1620463
        },
        {
            "name": "Last Reunion",
            "artist": "EpicMusicVn",
            "id": 402073046
        },
        {
            "name": "Starlight",
            "artist": "EpicMusicVn",
            "id": 402070051
        },
        {
            "name": "False King",
            "artist": "Two Steps From Hell",
            "id": 19558020
        },
        {
            "name": "Falling Into a Dream",
            "artist": "Brian Tyler",
            "id": 28188764
        },
        {
            "name": "Lament of Valkyrie",
            "artist": "EpicMusicVn",
            "id": 402070052
        },
        {
            "name": "Freedom Is Ours",
            "artist": "Epic Score",
            "id": 41630476
        },
        {
            "name": "Lyra",
            "artist": "EpicMusicVn",
            "id": 402073043
        },
        {
            "name": "Equitatus",
            "artist": "PostHaste Music Library",
            "id": 36871361
        },
        {
            "name": "Last Reunion (Epicmusicvn Series)",
            "artist": "Peter Roe",
            "id": 32102855
        },
        {
            "name": "Into The Sun",
            "artist": "Liquid Cinema",
            "id": 37095739
        },
        {
            "name": "Vapor",
            "artist": "Daniel Nielsen",
            "id": 29577234
        },
        {
            "name": "Invictus",
            "artist": "Immediate Music",
            "id": 1461521
        },
        {
            "name": "Novera",
            "artist": "Dark Winter Music",
            "id": 29577767
        },
        {
            "name": "Galactic Dust",
            "artist": "Really Slow Motion",
            "id": 38392307
        },
        {
            "name": "Legendary",
            "artist": "Epic Soul Factory",
            "id": 36586598
        },
        {
            "name": "Arrival",
            "artist": "Neil Davidge",
            "id": 27364030
        },
        {
            "name": "Battle Cry (a)",
            "artist": "Fired Earth Music",
            "id": 34749379
        },
        {
            "name": "Dark Side Of Power",
            "artist": "Immediate Music",
            "id": 1461587
        },
        {
            "name": "Cornfield Chase",
            "artist": "Hans Zimmer",
            "id": 29734857
        },
        {
            "name": "300 Violin Orchestra",
            "artist": "Jorge Quintero",
            "id": 28391612
        },
        {
            "name": "Andromeda",
            "artist": "Hi-Finesse",
            "id": 32619917
        },
        {
            "name": "One Love",
            "artist": "Peter Roe",
            "id": 37211436
        },
        {
            "name": "Face The World",
            "artist": "Sub Pub Music",
            "id": 30284103
        },
        {
            "name": "Other Worlds",
            "artist": "Really Slow Motion",
            "id": 38391333
        },
        {
            "name": "Tourniquet",
            "artist": "Xtortion Audio",
            "id": 29577193
        },
        {
            "name": "A First Star",
            "artist": "Really Slow Motion",
            "id": 38391332
        },
        {
            "name": "Never Surrender",
            "artist": "Brand X Music",
            "id": 3977894
        },
        {
            "name": "Butterfly Effect",
            "artist": "Fringe Element",
            "id": 36871004
        },
        {
            "name": "Always Mine",
            "artist": "Thomas Bergersen",
            "id": 29460374
        },
        {
            "name": "Dark Angel",
            "artist": "Songs To Your Eyes",
            "id": 403710207
        },
        {
            "name": "Loyalty Remains",
            "artist": "Position Music",
            "id": 28913471
        },
        {
            "name": "Greatness Within",
            "artist": "David Travis Edwards",
            "id": 36871362
        },
        {
            "name": "Rada",
            "artist": "Thomas Bergersen",
            "id": 2061728
        },
        {
            "name": "Legions of Doom",
            "artist": "Audiomachine",
            "id": 3935183
        },
        {
            "name": "The New Earth",
            "artist": "Audiomachine",
            "id": 3935239
        },
        {
            "name": "Revelation",
            "artist": "Dark Winter Music",
            "id": 36871350
        },
        {
            "name": "Human Legacy",
            "artist": "Ivan Torrent",
            "id": 27570917
        },
        {
            "name": "Remembrance - No Choir",
            "artist": "Really Slow Motion",
            "id": 34200271
        },
        {
            "name": "Imperia",
            "artist": "Really Slow Motion",
            "id": 28251774
        },
        {
            "name": "Gangsta Symphony",
            "artist": "Philip Guyler",
            "id": 29812868
        }
    ]
}