{
    "playlist_info": {
        "name": "【HipHop是生活】欧美说唱精选",
        "trackcount": 636,
        "playcount": 1063323,
        "creator": "Onyx丶",
        "createDate": "2017-02-15",
        "heat": 457.0
    },
    "songs": [
        {
            "name": "LET GO",
            "artist": "Central Cee",
            "id": 2002600237
        },
        {
            "name": "Brain Dead",
            "artist": "Vin Jay",
            "id": 2024502479
        },
        {
            "name": "T.D",
            "artist": "Lil Yachty",
            "id": 1451670144
        },
        {
            "name": "Lay Down (feat. Javn2900)",
            "artist": "Bouncebackmeek",
            "id": 1803508048
        },
        {
            "name": "Pressure",
            "artist": "ChinaTownRunner",
            "id": 1886631697
        },
        {
            "name": "Lets Split It (feat. King Von)",
            "artist": "Phaneeq",
            "id": 1856286738
        },
        {
            "name": "Road Trip",
            "artist": "Dawin",
            "id": 1498629583
        },
        {
            "name": "Van Hayden",
            "artist": "Bankrol Hayden",
            "id": 1948682218
        },
        {
            "name": "No Luck",
            "artist": "KayCyy",
            "id": 1850311064
        },
        {
            "name": "Wraith",
            "artist": "Lil West",
            "id": 1868357725
        },
        {
            "name": "Righteous",
            "artist": "Juice WRLD",
            "id": 1443050044
        },
        {
            "name": "Lights Off (feat. Gunna & Lil Durk)",
            "artist": "Tay Keith",
            "id": 1939760349
        },
        {
            "name": "Night Rider",
            "artist": "Masked Wolf",
            "id": 1433622389
        },
        {
            "name": "Freaky Deaky",
            "artist": "Tyga",
            "id": 1922779061
        },
        {
            "name": "Still the Same",
            "artist": "Chuuwee",
            "id": 1926137866
        },
        {
            "name": "Like Me (feat. iann dior)",
            "artist": "$NOT",
            "id": 1491171638
        },
        {
            "name": "AMATEUR",
            "artist": "RugRat OD",
            "id": 1806003364
        },
        {
            "name": "Woi",
            "artist": "Digga D",
            "id": 1459821806
        },
        {
            "name": "Super Gremlin",
            "artist": "Kodak Black",
            "id": 1891581638
        },
        {
            "name": "Kill Me",
            "artist": "Gxx",
            "id": 1338565343
        },
        {
            "name": "Master Plan",
            "artist": "Ching",
            "id": 1445389313
        },
        {
            "name": "N.F.T.R",
            "artist": "M24",
            "id": 1881282701
        },
        {
            "name": "Walk Em Down (feat. Roddy Ricch)",
            "artist": "NLE Choppa",
            "id": 1431485341
        },
        {
            "name": "V12",
            "artist": "iann dior",
            "id": 1878097116
        },
        {
            "name": "Killer",
            "artist": "Eminem",
            "id": 1805328673
        },
        {
            "name": "MONEY ON ME",
            "artist": "Lil Tecca",
            "id": 1873267825
        },
        {
            "name": "Flawless",
            "artist": "Logic",
            "id": 1865122658
        },
        {
            "name": "Mean",
            "artist": "$NOT",
            "id": 1487436323
        },
        {
            "name": "No Regular",
            "artist": "Lil Gnar",
            "id": 1860977067
        },
        {
            "name": "The Parables",
            "artist": "Cordae",
            "id": 1497779414
        },
        {
            "name": "Down Bad",
            "artist": "Ching",
            "id": 1809911034
        },
        {
            "name": "Yellow Lights",
            "artist": "24kGoldn",
            "id": 1831695345
        },
        {
            "name": "Rockstar From The Trenches",
            "artist": "Stunna Gambino",
            "id": 1487720556
        },
        {
            "name": "30",
            "artist": "Pop Smoke",
            "id": 1861599184
        },
        {
            "name": "No Game",
            "artist": "Token",
            "id": 1379270747
        },
        {
            "name": "Burner on Deck",
            "artist": "Fredo",
            "id": 1814219433
        },
        {
            "name": "Imperfections (Interlude)",
            "artist": "Pop Smoke",
            "id": 1481317654
        },
        {
            "name": "Wolves",
            "artist": "Pop Smoke",
            "id": 1422652910
        },
        {
            "name": "Baguettes in the Face",
            "artist": "Mustard",
            "id": 1374617482
        },
        {
            "name": "WHEN THE DEVIL CRIES",
            "artist": "347aidan",
            "id": 1829554297
        },
        {
            "name": "Diamonds On Me",
            "artist": "DaniLeigh",
            "id": 1495018290
        },
        {
            "name": "The Worst/Overshine",
            "artist": "Onyx",
            "id": 3209505
        },
        {
            "name": "Something Special",
            "artist": "Pop Smoke",
            "id": 1459888394
        },
        {
            "name": "NEW BUGATTI (feat. Ski Mask The Slump God, Chief Keef, DJ Scheme)",
            "artist": "Lil Gnar",
            "id": 1842671753
        },
        {
            "name": "Go To Sleep (from the \"Cradle 2 The Grave\" soundtrack)",
            "artist": "Eminem",
            "id": 1299725
        },
        {
            "name": "DO BETTER",
            "artist": "Gunna",
            "id": 1449991561
        },
        {
            "name": "47 Deep",
            "artist": "King Lil G",
            "id": 1372723796
        },
        {
            "name": "5:3666",
            "artist": "Machine Gun Kelly",
            "id": 1376078580
        },
        {
            "name": "Paranoia",
            "artist": "Pop Smoke",
            "id": 1464110290
        },
        {
            "name": "YouTube Rapper (Bonus Track)",
            "artist": "Token",
            "id": 1330893514
        },
        {
            "name": "Ayo&Teo Goin'",
            "artist": "Ayo & Teo",
            "id": 1815598991
        },
        {
            "name": "Mood",
            "artist": "24kGoldn",
            "id": 1464325108
        },
        {
            "name": "Plug Walk",
            "artist": "Rich The Kid",
            "id": 1495016212
        },
        {
            "name": "Working Out",
            "artist": "JID",
            "id": 1313897192
        },
        {
            "name": "Rich *****",
            "artist": "Bankrol Hayden",
            "id": 1446219771
        },
        {
            "name": "Protect",
            "artist": "NLE Choppa",
            "id": 1805777948
        },
        {
            "name": "sorry!",
            "artist": "Tokyo's Revenge",
            "id": 1804476466
        },
        {
            "name": "For The Night",
            "artist": "Pop Smoke",
            "id": 1459889156
        },
        {
            "name": "Take Sxme",
            "artist": "Gxx",
            "id": 1440279534
        },
        {
            "name": "Havin My Way (feat. Lil Durk)",
            "artist": "Lil Skies",
            "id": 1427574418
        },
        {
            "name": "Phantasy Star Online (feat. Yameii)",
            "artist": "Deko",
            "id": 1388793526
        },
        {
            "name": "You & Me",
            "artist": "Tommy Ice",
            "id": 1501412260
        },
        {
            "name": "Crooks N Criminals",
            "artist": "M37 Offical",
            "id": 1461713456
        },
        {
            "name": "I Want Mo",
            "artist": "Rich The Kid",
            "id": 1430481475
        },
        {
            "name": "Demon Season",
            "artist": "Busta Locz",
            "id": 1498389744
        },
        {
            "name": "Hello",
            "artist": "Pop Smoke",
            "id": 1464110291
        },
        {
            "name": "Dior",
            "artist": "Pop Smoke",
            "id": 1380269941
        },
        {
            "name": "Trust Issues",
            "artist": "King Von",
            "id": 1425270381
        },
        {
            "name": "All in You",
            "artist": "Luh Kel",
            "id": 1493307919
        },
        {
            "name": "Mood Swings",
            "artist": "Pop Smoke",
            "id": 1459889162
        },
        {
            "name": "What You Know Bout Love",
            "artist": "Pop Smoke",
            "id": 1459888395
        },
        {
            "name": "Soda",
            "artist": "DJ Scheme",
            "id": 1494223274
        },
        {
            "name": "The Otha Side",
            "artist": "Terror Reid",
            "id": 534540045
        },
        {
            "name": "Unemployed",
            "artist": "King Lil G",
            "id": 1485781687
        },
        {
            "name": "No Escape",
            "artist": "Lil Tjay",
            "id": 1396036021
        },
        {
            "name": "Krabby Step (Music From \"Sponge On The Run\" Movie)",
            "artist": "Swae Lee",
            "id": 1493062727
        },
        {
            "name": "Uppercuts",
            "artist": "Terror Reid",
            "id": 472141564
        },
        {
            "name": "Spooky",
            "artist": "Gxx",
            "id": 1489212605
        },
        {
            "name": "Tour",
            "artist": "Blueface",
            "id": 1437419368
        },
        {
            "name": "Bussin",
            "artist": "Blueface",
            "id": 1383148786
        },
        {
            "name": "Sincerely",
            "artist": "MBNEL",
            "id": 1477998240
        },
        {
            "name": "Get Back",
            "artist": "Pop Smoke",
            "id": 1422652903
        },
        {
            "name": "Hit Em Up",
            "artist": "Lil Loaded",
            "id": 1483179351
        },
        {
            "name": "Curvy",
            "artist": "The Plug",
            "id": 1481987827
        },
        {
            "name": "UFO",
            "artist": "99 God",
            "id": 1357775302
        },
        {
            "name": "Chasing_(Demo)",
            "artist": "NF",
            "id": 1486613844
        },
        {
            "name": "Runnin",
            "artist": "21 Savage",
            "id": 1483967213
        },
        {
            "name": "Opps On Fire",
            "artist": "Lil Loaded",
            "id": 1393187641
        },
        {
            "name": "Epidemic",
            "artist": "Polo G",
            "id": 1481358522
        },
        {
            "name": "Carro Loco",
            "artist": "Dilinyer",
            "id": 1383162840
        },
        {
            "name": "BIRDZ",
            "artist": "Denzel Curry",
            "id": 1368694732
        },
        {
            "name": "Mercedes Baby",
            "artist": "Tyga",
            "id": 514774235
        },
        {
            "name": "Thru The Night",
            "artist": "MBNEL",
            "id": 1475513356
        },
        {
            "name": "High School Dropout",
            "artist": "Lil Loaded",
            "id": 1475493686
        },
        {
            "name": "Fall Slowly",
            "artist": "Ashanti",
            "id": 1475513411
        },
        {
            "name": "I'm Serious",
            "artist": "ethan ross",
            "id": 1472211283
        },
        {
            "name": "Money In The Grave",
            "artist": "Drake",
            "id": 1371924626
        },
        {
            "name": "Vibrate",
            "artist": "Tyga",
            "id": 1385303250
        },
        {
            "name": "Ask 'Em (feat. P-Lo & Jessi)",
            "artist": "$tupid Young",
            "id": 1469113646
        },
        {
            "name": "CITY ROLLING",
            "artist": "Melvoni",
            "id": 1470275865
        },
        {
            "name": "Skechers (feat. Tyga) (Remix)",
            "artist": "DripReport",
            "id": 1446738508
        },
        {
            "name": "SUPER SAIYAN SUPERMAN | ZUPER ZA1YAN ZUPERMAN",
            "artist": "Denzel Curry",
            "id": 1296419866
        },
        {
            "name": "Lemonade",
            "artist": "Yungblud",
            "id": 1470916205
        },
        {
            "name": "WHATS POPPIN (feat. DaBaby, Tory Lanez & Lil Wayne) [Remix]",
            "artist": "Jack Harlow",
            "id": 1457730993
        },
        {
            "name": "Remedy",
            "artist": "Ali Gatie",
            "id": 1348783489
        },
        {
            "name": "All These Niggas",
            "artist": "King Von",
            "id": 1468622516
        },
        {
            "name": "Brand New Booty",
            "artist": "Lil Gnar",
            "id": 1449949759
        },
        {
            "name": "Cent",
            "artist": "Cee Kay",
            "id": 1463343871
        },
        {
            "name": "ACT",
            "artist": "Comethazine",
            "id": 1378845686
        },
        {
            "name": "APOLOGIZE",
            "artist": "Baby Keem",
            "id": 1381550629
        },
        {
            "name": "**** howard johnson (prod ZCR)",
            "artist": "TrippyThaKid",
            "id": 1364977424
        },
        {
            "name": "Amg",
            "artist": "GeeYou",
            "id": 1460086922
        },
        {
            "name": "Depression",
            "artist": "Quando Rondo",
            "id": 1459376184
        },
        {
            "name": "Slide Thru",
            "artist": "GeeYou",
            "id": 1452407886
        },
        {
            "name": "Shyne (feat. Lil Keed)",
            "artist": "Lil Keed",
            "id": 1454134020
        },
        {
            "name": "Merrill Howard Kalin (prod. ZCR)",
            "artist": "TrippyThaKid",
            "id": 1354213211
        },
        {
            "name": "Fox 5 (feat. Gunna)",
            "artist": "Lil Keed",
            "id": 1454906749
        },
        {
            "name": "Addiction (feat. Lil Wayne & Saweetie)",
            "artist": "Big K.R.I.T.",
            "id": 1375199698
        },
        {
            "name": "Shots",
            "artist": "Lil Tecca",
            "id": 1387574067
        },
        {
            "name": "I Will Not Take No For An Answer ",
            "artist": "Broly500!",
            "id": 1361788649
        },
        {
            "name": "Gang Unit",
            "artist": "Lil Loaded",
            "id": 1398843169
        },
        {
            "name": "Dripset",
            "artist": "Young M.A",
            "id": 1449307712
        },
        {
            "name": "Marvelous (feat. Polo G)",
            "artist": "Quando Rondo",
            "id": 1405498338
        },
        {
            "name": "Better Days",
            "artist": "Coi Leray",
            "id": 1444344457
        },
        {
            "name": "Lottery (Renegade) (T-Pain Remix)",
            "artist": "K Camp",
            "id": 1442467815
        },
        {
            "name": "Prada",
            "artist": "Tommy Ice",
            "id": 1403449493
        },
        {
            "name": "Pardon",
            "artist": "Jonathon Eley",
            "id": 1440902570
        },
        {
            "name": "Beast Unleashed",
            "artist": "Vin Jay",
            "id": 1320476016
        },
        {
            "name": "6locc 6a6y",
            "artist": "Lil Loaded",
            "id": 1382592786
        },
        {
            "name": "Siamese Twins",
            "artist": "Yung Pinch",
            "id": 1434485142
        },
        {
            "name": "Bottle",
            "artist": "Juice WRLD",
            "id": 1299558018
        },
        {
            "name": "First Class",
            "artist": "Blueface",
            "id": 1430560060
        },
        {
            "name": "2 A.M.",
            "artist": "King Von",
            "id": 1425271313
        },
        {
            "name": "All Star",
            "artist": "Lil Tecca",
            "id": 1430482222
        },
        {
            "name": "WHATS POPPIN",
            "artist": "Jack Harlow",
            "id": 1430511696
        },
        {
            "name": "Playing Fair",
            "artist": "Rayy Dubb",
            "id": 1373843421
        },
        {
            "name": "Nasty's World",
            "artist": "A$AP Mob",
            "id": 438204401
        },
        {
            "name": "Something Else",
            "artist": "King Von",
            "id": 1425271311
        },
        {
            "name": "Took Her To The O",
            "artist": "King Von",
            "id": 1425271312
        },
        {
            "name": "Big Dawg Status",
            "artist": "RARE Sound",
            "id": 1425940895
        },
        {
            "name": "PTSD",
            "artist": "G Herbo",
            "id": 1426269981
        },
        {
            "name": "Come Again",
            "artist": "Bernard Jabs",
            "id": 1385739670
        },
        {
            "name": "Who is U",
            "artist": "Lil Gnar",
            "id": 1424954806
        },
        {
            "name": "Pine Bluff",
            "artist": "Cee Kay",
            "id": 1424976529
        },
        {
            "name": "Leray",
            "artist": "Trippie Redd",
            "id": 1424947230
        },
        {
            "name": "BULLETPROOF SHOWER CAP",
            "artist": "Pouya",
            "id": 1374083811
        },
        {
            "name": "Perc 300",
            "artist": "Lil Gnar",
            "id": 1424955699
        },
        {
            "name": "Go Stupid",
            "artist": "Polo G",
            "id": 1421716060
        },
        {
            "name": "BOP",
            "artist": "DaBaby",
            "id": 1393575498
        },
        {
            "name": "Obama",
            "artist": "Blueface",
            "id": 1421434686
        },
        {
            "name": "Moon & Stars (feat. Maggie Lindemann)",
            "artist": "$NOT",
            "id": 1419175402
        },
        {
            "name": "Brusin Feat. YG & Sad Boy Loko",
            "artist": "Slim 400",
            "id": 1355063543
        },
        {
            "name": "All Nighter",
            "artist": "Gxx",
            "id": 1415551860
        },
        {
            "name": "Bang Bang",
            "artist": "Coffeeling Prolé",
            "id": 1418228198
        },
        {
            "name": "Camelot",
            "artist": "NLE Choppa",
            "id": 1388528465
        },
        {
            "name": "Everyday Normal Guy 2",
            "artist": "Jon lajoie",
            "id": 1516895
        },
        {
            "name": "Don't I",
            "artist": "Kierra Luv",
            "id": 1407538641
        },
        {
            "name": "IDKW",
            "artist": "Rvssian",
            "id": 1417057522
        },
        {
            "name": "Philophobia",
            "artist": "Lil Rae",
            "id": 1330525150
        },
        {
            "name": "Bad Vibe (feat. A Boogie Wit da Hoodie & 2 Chainz)",
            "artist": "Quando Rondo",
            "id": 1413491968
        },
        {
            "name": "20/20",
            "artist": "Lil Tjay",
            "id": 1413200427
        },
        {
            "name": "All I Do",
            "artist": "Logic",
            "id": 29717112
        },
        {
            "name": "Let Go",
            "artist": "Beau Young Prince",
            "id": 1333336513
        },
        {
            "name": "Bandit",
            "artist": "Juice WRLD",
            "id": 1394954769
        },
        {
            "name": "loveme!",
            "artist": "Tokyo's Revenge",
            "id": 1401365403
        },
        {
            "name": "momma (prod. stevienothing)",
            "artist": "Kid Buu",
            "id": 1334327108
        },
        {
            "name": "Black",
            "artist": "Buddy",
            "id": 542871130
        },
        {
            "name": "Lick",
            "artist": "Offset",
            "id": 1347702308
        },
        {
            "name": "Stranger",
            "artist": "070 Shake",
            "id": 474739567
        },
        {
            "name": "I Laugh When I'm With Friends But Sad When I'm Alone",
            "artist": "070 Shake",
            "id": 547229434
        },
        {
            "name": "COSMO AND WANDA",
            "artist": "$COTT PILGRIM",
            "id": 1395972873
        },
        {
            "name": "GOODMORNINGTOKYO! [Prod. Cliiifford]",
            "artist": "Tokyo's Revenge",
            "id": 1376091278
        },
        {
            "name": "THOT!",
            "artist": "Tokyo's Revenge",
            "id": 1400165972
        },
        {
            "name": "GIDDY UP (Prod. GroovyRoom)",
            "artist": "Sik-K",
            "id": 1384484847
        },
        {
            "name": "Sextasy",
            "artist": "Swae Lee",
            "id": 1384464119
        },
        {
            "name": "Cameras",
            "artist": "Jay Critch",
            "id": 1404827994
        },
        {
            "name": "Wait a Minute",
            "artist": "Malaynah",
            "id": 1398399255
        },
        {
            "name": "Killuminati (feat. Foreign Teck)",
            "artist": "YNW Melly",
            "id": 1405041776
        },
        {
            "name": "R.E.D.",
            "artist": "Sleiman",
            "id": 1399368351
        },
        {
            "name": "YOKAI (Prod. Xombkilla)",
            "artist": "ZillaKami",
            "id": 1323302262
        },
        {
            "name": "4th Qtr",
            "artist": "Quando Rondo",
            "id": 1363818998
        },
        {
            "name": "Your Love",
            "artist": "Drama Relax",
            "id": 1351702312
        },
        {
            "name": "Young Jesus",
            "artist": "Logic",
            "id": 34913672
        },
        {
            "name": "Rap Rebel",
            "artist": "Marley Quinn",
            "id": 1383001486
        },
        {
            "name": "No Fear",
            "artist": "Ching",
            "id": 1391603612
        },
        {
            "name": "Lion Hearted",
            "artist": "Skinnyfromthe9",
            "id": 1402886784
        },
        {
            "name": "Just Keep Going",
            "artist": "Quando Rondo",
            "id": 1399310828
        },
        {
            "name": "MAD",
            "artist": "Supreme Patty",
            "id": 1293953852
        },
        {
            "name": "Mary Jane",
            "artist": "K.A.A.N.",
            "id": 1387555989
        },
        {
            "name": "Lalala",
            "artist": "Y2K",
            "id": 1373835581
        },
        {
            "name": "Dear God",
            "artist": "Dax",
            "id": 1396658021
        },
        {
            "name": "Illegal Alien (feat. King Lil G)",
            "artist": "Smiley Tower",
            "id": 1394340423
        },
        {
            "name": "BIG",
            "artist": "Young M.A",
            "id": 1374235047
        },
        {
            "name": "Jump Off A Jet (feat. MadeinTYO & Lil Yachty)",
            "artist": "Odalys",
            "id": 1388530323
        },
        {
            "name": "Big Rocks",
            "artist": "Melvoni",
            "id": 1393962770
        },
        {
            "name": "Mando",
            "artist": "$tupid Young",
            "id": 1338569000
        },
        {
            "name": "Ponte en pie",
            "artist": "MCKEA",
            "id": 1342007124
        },
        {
            "name": "No Mercy (Intro)",
            "artist": "Young M.A",
            "id": 1391587379
        },
        {
            "name": "Background",
            "artist": "Lil Gnar",
            "id": 1392078934
        },
        {
            "name": "Xn RxaX",
            "artist": "Gxx",
            "id": 1338587863
        },
        {
            "name": "Overdue",
            "artist": "Metro Boomin",
            "id": 1322227240
        },
        {
            "name": "This For The",
            "artist": "Youngboy Never Broke Again",
            "id": 1308027110
        },
        {
            "name": "Wake Yo Punk Ass UP!",
            "artist": "OhTrapstar",
            "id": 1348992709
        },
        {
            "name": "whoitis2",
            "artist": "McAshHole",
            "id": 1336866633
        },
        {
            "name": "Back Out (feat. Ty Dolla $ign & Dom Kennedy)",
            "artist": "24hrs",
            "id": 1358178891
        },
        {
            "name": "Lightskin Lil Wayne",
            "artist": "Tyga",
            "id": 1370099895
        },
        {
            "name": "Through Da Storm",
            "artist": "Polo G",
            "id": 1369915071
        },
        {
            "name": "Like I Ain't",
            "artist": "Tech N9ne",
            "id": 1359486601
        },
        {
            "name": "gone girl",
            "artist": "iann dior",
            "id": 1375853444
        },
        {
            "name": "Came A Long Way",
            "artist": "Offset",
            "id": 1347702316
        },
        {
            "name": "Redbone Freestyle",
            "artist": "KOTA The Friend",
            "id": 1336856509
        },
        {
            "name": "Do Not Disturb",
            "artist": "smokepurpp",
            "id": 548103517
        },
        {
            "name": "Tic Toc",
            "artist": "Rich The Kid",
            "id": 1351921667
        },
        {
            "name": "Stop Cappin",
            "artist": "Blueface",
            "id": 1362857140
        },
        {
            "name": "Respect My Cryppin’",
            "artist": "Blueface",
            "id": 1334431749
        },
        {
            "name": "All Day",
            "artist": "$tupid Young",
            "id": 1377236657
        },
        {
            "name": "101 FM",
            "artist": "Little Simz",
            "id": 1327490900
        },
        {
            "name": "Pretty Ugly",
            "artist": "Tierra Whack",
            "id": 568976120
        },
        {
            "name": "Hungry Hippo",
            "artist": "Tierra Whack",
            "id": 568976115
        },
        {
            "name": "Only Child",
            "artist": "Tierra Whack",
            "id": 1347124451
        },
        {
            "name": "Splashin",
            "artist": "Rich The Kid",
            "id": 1331064067
        },
        {
            "name": "Hookers",
            "artist": "Tierra Whack",
            "id": 568976114
        },
        {
            "name": "Juliette",
            "artist": "King Lil G",
            "id": 1338605191
        },
        {
            "name": "No Regrets",
            "artist": "Lovele$$",
            "id": 545151967
        },
        {
            "name": "Faucet Failure",
            "artist": "Ski Mask the Slump God",
            "id": 1329942788
        },
        {
            "name": "Chirp",
            "artist": "Lovele$$",
            "id": 1309831752
        },
        {
            "name": "Trust Nobody",
            "artist": "$tupid Young",
            "id": 1334297047
        },
        {
            "name": "Ruthless",
            "artist": "Lil Tjay",
            "id": 1362232777
        },
        {
            "name": "WISH",
            "artist": "Denzel Curry",
            "id": 1368694731
        },
        {
            "name": "KICK",
            "artist": "Jimilian",
            "id": 1313744568
        },
        {
            "name": "Ransom",
            "artist": "Lil Tecca",
            "id": 1367172233
        },
        {
            "name": "I'm Good Luv, Enjoy.",
            "artist": "Aaron May",
            "id": 1346242725
        },
        {
            "name": "Why We Can't",
            "artist": "Quando Rondo",
            "id": 1363819002
        },
        {
            "name": "War Ready",
            "artist": "JayDaYoungan",
            "id": 1363126809
        },
        {
            "name": "I'M SO COLD",
            "artist": "DWN2EARTH",
            "id": 1303027689
        },
        {
            "name": "Lesley",
            "artist": "Joey Trap",
            "id": 1345651037
        },
        {
            "name": "Transportin'",
            "artist": "Kodak Black",
            "id": 499474265
        },
        {
            "name": "Let Go",
            "artist": "Aaron May",
            "id": 1347375302
        },
        {
            "name": "Odee",
            "artist": "A Boogie Wit da Hoodie",
            "id": 1334328291
        },
        {
            "name": "77",
            "artist": "Bishop Nehru",
            "id": 27572991
        },
        {
            "name": "Nollie Tre Flip",
            "artist": "Hopsin",
            "id": 28031807
        },
        {
            "name": "It Takes Time",
            "artist": "Trippie Redd",
            "id": 478159961
        },
        {
            "name": "Free Uzi",
            "artist": "Lil Uzi Vert",
            "id": 1355167631
        },
        {
            "name": "Kingdom Hearts Freestyle",
            "artist": "Lil Gnar",
            "id": 1349215290
        },
        {
            "name": "Dangerous",
            "artist": "Cee Kay",
            "id": 1346069739
        },
        {
            "name": "Warzone",
            "artist": "Nfx",
            "id": 529150773
        },
        {
            "name": "Young, Rich & Dangerous",
            "artist": "NFX",
            "id": 1347183587
        },
        {
            "name": "BERZERK",
            "artist": "SCARLXRD",
            "id": 1313323346
        },
        {
            "name": "Ride",
            "artist": "Aaron May",
            "id": 1338528043
        },
        {
            "name": "Whole World",
            "artist": "K.A.A.N.",
            "id": 520460849
        },
        {
            "name": "Bust Down Cartier",
            "artist": "Lil Mosey",
            "id": 1351923527
        },
        {
            "name": "Shotta Flow",
            "artist": "NLE Choppa",
            "id": 1336871429
        },
        {
            "name": "Switch",
            "artist": "Nykobandz",
            "id": 1344291088
        },
        {
            "name": "I Don't Need No Help",
            "artist": "NLE Choppa",
            "id": 1349256929
        },
        {
            "name": "Nihil",
            "artist": "GHOSTEMANE",
            "id": 1329122081
        },
        {
            "name": "Thotiana (Remix)",
            "artist": "Blueface",
            "id": 1345659038
        },
        {
            "name": "Forgive Me",
            "artist": "$tupid Young",
            "id": 1345485772
        },
        {
            "name": "All Love",
            "artist": "Audio Push",
            "id": 545799380
        },
        {
            "name": "Get The Strap",
            "artist": "Uncle Murda",
            "id": 1305703336
        },
        {
            "name": "VENGEANCE | VENGEANCE",
            "artist": "Denzel Curry",
            "id": 1296626431
        },
        {
            "name": "Big Dawgs",
            "artist": "Coi Leray",
            "id": 1340533650
        },
        {
            "name": "Accusations",
            "artist": "070 Shake",
            "id": 1295070446
        },
        {
            "name": "Kung Fu",
            "artist": "Cordae",
            "id": 864639843
        },
        {
            "name": "Every Season",
            "artist": "Roddy Ricch",
            "id": 1320818854
        },
        {
            "name": "1-800-273-8255",
            "artist": "Logic",
            "id": 476598254
        },
        {
            "name": "Keanu Reeves",
            "artist": "Logic",
            "id": 1340514154
        },
        {
            "name": "Amsterdam (Prod. by Dream Life)",
            "artist": "Just Juice",
            "id": 462997200
        },
        {
            "name": "GOSHA",
            "artist": "$NOT",
            "id": 1319650362
        },
        {
            "name": "GO GETTA",
            "artist": "BEXEY",
            "id": 1327162991
        },
        {
            "name": "Gang Signs",
            "artist": "Sadboy Loko",
            "id": 532711108
        },
        {
            "name": "Sicario",
            "artist": "Dilinyer",
            "id": 1295973760
        },
        {
            "name": "Burberry Headband",
            "artist": "Lil Mosey",
            "id": 1319003965
        },
        {
            "name": "Doozy",
            "artist": "Token",
            "id": 460043222
        },
        {
            "name": "Flamingo",
            "artist": "Token",
            "id": 1306496138
        },
        {
            "name": "When I Wanna",
            "artist": "Young Chop",
            "id": 1305076553
        },
        {
            "name": "Young, Rich & Black",
            "artist": "DDG",
            "id": 1313188582
        },
        {
            "name": "Baidal iim baina",
            "artist": "Big Gee",
            "id": 467166849
        },
        {
            "name": "Run It Up",
            "artist": "DDG",
            "id": 1320159292
        },
        {
            "name": "Ear Drummers Presents Christmas At Swae’s",
            "artist": "Swae Lee",
            "id": 1334762640
        },
        {
            "name": "a lot",
            "artist": "21 Savage",
            "id": 1334811366
        },
        {
            "name": "monster",
            "artist": "21 Savage",
            "id": 1334811380
        },
        {
            "name": "Swervin",
            "artist": "A Boogie Wit da Hoodie",
            "id": 1334329149
        },
        {
            "name": "Pain",
            "artist": "Yungeen Ace",
            "id": 1298111716
        },
        {
            "name": "Gorillaz",
            "artist": "OG 3Three",
            "id": 569992138
        },
        {
            "name": "Miss It",
            "artist": "Yung Bleu",
            "id": 499465029
        },
        {
            "name": "Cold Nights",
            "artist": "$tupid Young",
            "id": 1334297046
        },
        {
            "name": "Got It , Got It",
            "artist": "Packman",
            "id": 534292498
        },
        {
            "name": "BE HUMBLE FREESTYLE",
            "artist": "AK The Savior",
            "id": 473740569
        },
        {
            "name": "Kyrie",
            "artist": "88GLAM",
            "id": 518895737
        },
        {
            "name": "Bacc To The Basics",
            "artist": "Quando Rondo",
            "id": 1311611004
        },
        {
            "name": "ABG",
            "artist": "Quando Rondo",
            "id": 567817825
        },
        {
            "name": "Jungle",
            "artist": "Yungeen Ace",
            "id": 1294629036
        },
        {
            "name": "LET IT EAT (PROD. RONNY J)",
            "artist": "Comethazine",
            "id": 571340146
        },
        {
            "name": "Twisted",
            "artist": "Hopsin",
            "id": 520532362
        },
        {
            "name": "Sky Cry",
            "artist": "Youngboy Never Broke Again",
            "id": 1311366198
        },
        {
            "name": "Sad",
            "artist": "Juice WRLD",
            "id": 1311319070
        },
        {
            "name": "Wu Tang Forever",
            "artist": "Logic",
            "id": 1313348880
        },
        {
            "name": "Mamacita",
            "artist": "Lil Yachty",
            "id": 472045228
        },
        {
            "name": "Sugar Trap",
            "artist": "Rico Nasty",
            "id": 515101101
        },
        {
            "name": "Drip Too Hard",
            "artist": "Lil Baby",
            "id": 1308737094
        },
        {
            "name": "Realer N Realer",
            "artist": "Future",
            "id": 1318807674
        },
        {
            "name": "Flow 1",
            "artist": "Bishop Nehru",
            "id": 27572985
        },
        {
            "name": "Snitch",
            "artist": "Joey Trap",
            "id": 1320065267
        },
        {
            "name": "Off Deez",
            "artist": "JID",
            "id": 1323291774
        },
        {
            "name": "Wet Dreamz",
            "artist": "J. Cole",
            "id": 29775428
        },
        {
            "name": "TIC TOC",
            "artist": "6ix9ine",
            "id": 1329612763
        },
        {
            "name": "Cash Me Outside Rap",
            "artist": "ROY PURDY",
            "id": 1293904724
        },
        {
            "name": "Yoppa",
            "artist": "Lil Mosey",
            "id": 1315129887
        },
        {
            "name": "Not Wrong Now",
            "artist": "Youngboy Never Broke Again",
            "id": 1325843788
        },
        {
            "name": "Distance",
            "artist": "KILLY",
            "id": 501456603
        },
        {
            "name": "Super Mario",
            "artist": "Pries",
            "id": 463160011
        },
        {
            "name": "play fair (prod.808 mafia)",
            "artist": "Lil Tracy",
            "id": 1321384621
        },
        {
            "name": "Я роняю запад",
            "artist": "FACE",
            "id": 514449197
        },
        {
            "name": "Oh Wow",
            "artist": "ROY PURDY",
            "id": 1306507802
        },
        {
            "name": "Дико, Например",
            "artist": "Pharaoh",
            "id": 514053484
        },
        {
            "name": "Back When I Was Broke",
            "artist": "Skinnyfromthe9",
            "id": 1320099852
        },
        {
            "name": "HLB rmx",
            "artist": "K.A.A.N.",
            "id": 522510051
        },
        {
            "name": "Look What You Made Me Do (feat. Stefflon Don)",
            "artist": "Joyner Lucas",
            "id": 513502787
        },
        {
            "name": "Hope",
            "artist": "XXXTENTACION",
            "id": 543612324
        },
        {
            "name": "Mask off (K.A.A.N. Remix)",
            "artist": "K.A.A.N.",
            "id": 482988577
        },
        {
            "name": "RUN",
            "artist": "Ski Mask the Slump God",
            "id": 559647258
        },
        {
            "name": "1400 / 999 Freestyle",
            "artist": "Trippie Redd",
            "id": 1323965088
        },
        {
            "name": "I Tried Loving",
            "artist": "Trippie Redd",
            "id": 1323965085
        },
        {
            "name": "POTS & Pans ",
            "artist": "Ski Mask the Slump God",
            "id": 1305364063
        },
        {
            "name": "Ak47",
            "artist": "King Lil G",
            "id": 569501275
        },
        {
            "name": "Hopeless Boy",
            "artist": "King Lil G",
            "id": 469065095
        },
        {
            "name": "Noticed",
            "artist": "Lil Mosey",
            "id": 1319003963
        },
        {
            "name": "OOOUUU",
            "artist": "Young M.A",
            "id": 428350827
        },
        {
            "name": "Dresser",
            "artist": "Yung Bans",
            "id": 497755784
        },
        {
            "name": "Change",
            "artist": "J. Cole",
            "id": 445666478
        },
        {
            "name": "151 Rum",
            "artist": "JID",
            "id": 1311079043
        },
        {
            "name": "Shut The **** Up",
            "artist": "OmenXIII",
            "id": 464192274
        },
        {
            "name": "No Romance",
            "artist": "KILLY",
            "id": 509472337
        },
        {
            "name": "No Sad No Bad",
            "artist": "KILLY",
            "id": 543798133
        },
        {
            "name": "Dear God",
            "artist": "Logic",
            "id": 29718122
        },
        {
            "name": "Catch Me Outside",
            "artist": "Ski Mask the Slump God",
            "id": 485354030
        },
        {
            "name": "Pull Up",
            "artist": "Lil Mosey",
            "id": 550684505
        },
        {
            "name": "Taking Out The Trash",
            "artist": "Bones",
            "id": 460323076
        },
        {
            "name": "Numb",
            "artist": "21 Savage",
            "id": 489037221
        },
        {
            "name": "Lucid Dreams",
            "artist": "Juice WRLD",
            "id": 557557186
        },
        {
            "name": "Taking A Walk",
            "artist": "Trippie Redd",
            "id": 1299709949
        },
        {
            "name": "Dipset",
            "artist": "MadeinTYO",
            "id": 505818489
        },
        {
            "name": "Off White (Remix) [feat. Rich The Kid & MadeinTYO]",
            "artist": "Global Dan",
            "id": 533017753
        },
        {
            "name": "Ain't Nothing",
            "artist": "Juicy J",
            "id": 458270106
        },
        {
            "name": "No. 9",
            "artist": "Youngboy Never Broke Again",
            "id": 495848596
        },
        {
            "name": "If You Want Love",
            "artist": "NF",
            "id": 511332130
        },
        {
            "name": "STUPID",
            "artist": "BROCKHAMPTON",
            "id": 524003411
        },
        {
            "name": "Bag",
            "artist": "Future",
            "id": 570164716
        },
        {
            "name": "Ridin (feat. Landon Cube & YBN Nahmir)",
            "artist": "Yung Bans",
            "id": 863967263
        },
        {
            "name": "Audubon",
            "artist": "$uicideboy$",
            "id": 480768033
        },
        {
            "name": "Sesame Street",
            "artist": "Joey Trap",
            "id": 480768726
        },
        {
            "name": "Walked In",
            "artist": "Travis Porter",
            "id": 31545573
        },
        {
            "name": "Welcome To Forever",
            "artist": "Logic",
            "id": 29717076
        },
        {
            "name": "Moonlight",
            "artist": "XXXTENTACION",
            "id": 545350934
        },
        {
            "name": "Drip On My Walk",
            "artist": "Kodie Shane",
            "id": 460112624
        },
        {
            "name": "JAPAN",
            "artist": "Famous Dex",
            "id": 544198929
        },
        {
            "name": "Bounce Out With That",
            "artist": "YBN Nahmir",
            "id": 563394933
        },
        {
            "name": "The Recipe",
            "artist": "Dr. Dre",
            "id": 1643530
        },
        {
            "name": "LOST SOULS",
            "artist": "Ski Mask the Slump God",
            "id": 559647257
        },
        {
            "name": "Outside Today",
            "artist": "Youngboy Never Broke Again",
            "id": 528603926
        },
        {
            "name": "66",
            "artist": "Lil Yachty",
            "id": 544311216
        },
        {
            "name": "Mazi Love",
            "artist": "6 dogs",
            "id": 477823178
        },
        {
            "name": "Calling",
            "artist": "Gavlyn",
            "id": 479422846
        },
        {
            "name": "faygo dreams (Prod. pretty pacc)",
            "artist": "6 dogs",
            "id": 477821182
        },
        {
            "name": "Off The Gas",
            "artist": "6 dogs",
            "id": 552448560
        },
        {
            "name": "Do You Believe In God?",
            "artist": "$uicideboy$",
            "id": 414979436
        },
        {
            "name": "We On",
            "artist": "Gavlyn",
            "id": 476990495
        },
        {
            "name": "GOTTI",
            "artist": "6ix9ine",
            "id": 551970097
        },
        {
            "name": "PICK IT UP (feat. A$AP Rocky)",
            "artist": "Famous Dex",
            "id": 513363680
        },
        {
            "name": "I'm Done.",
            "artist": "$uicideboy$",
            "id": 504685421
        },
        {
            "name": "BOOL",
            "artist": "Chris King",
            "id": 546730550
        },
        {
            "name": "Dark Knight Dummo",
            "artist": "Trippie Redd",
            "id": 522431891
        },
        {
            "name": "Red Roses (feat. Landon Cube)",
            "artist": "Lil Skies",
            "id": 522429287
        },
        {
            "name": "God & the Devil",
            "artist": "Azide",
            "id": 458496717
        },
        {
            "name": "NO NAME",
            "artist": "NF",
            "id": 531684107
        },
        {
            "name": "Ric Flair Drip",
            "artist": "Offset",
            "id": 516320081
        },
        {
            "name": "X",
            "artist": "ScHoolboy Q",
            "id": 536870477
        },
        {
            "name": "Stranger Things",
            "artist": "Joyner Lucas",
            "id": 540865840
        },
        {
            "name": "heckin slammer (Prod. swvde.)",
            "artist": "TrippyThaKid",
            "id": 448917452
        },
        {
            "name": "FOOLS! (prod. Landfill)",
            "artist": "SWERZIE.",
            "id": 451113505
        },
        {
            "name": "Realize",
            "artist": "2 Chainz",
            "id": 484365974
        },
        {
            "name": "For the Last Time",
            "artist": "$uicideboy$",
            "id": 504264115
        },
        {
            "name": "Sad!",
            "artist": "XXXTENTACION",
            "id": 542667209
        },
        {
            "name": "changes",
            "artist": "XXXTENTACION",
            "id": 544553108
        },
        {
            "name": "Murder (Remix)",
            "artist": "21 Savage",
            "id": 472045224
        },
        {
            "name": "Right Or Wrong",
            "artist": "Youngboy Never Broke Again",
            "id": 545161282
        },
        {
            "name": "5AM",
            "artist": "Logic",
            "id": 29717079
        },
        {
            "name": "Krippy Kush (Remix)",
            "artist": "Farruko",
            "id": 520242067
        },
        {
            "name": "Grammy",
            "artist": "Allday",
            "id": 34528840
        },
        {
            "name": "Get Right Witcha",
            "artist": "Migos",
            "id": 456185162
        },
        {
            "name": "Kame In",
            "artist": "D Savage",
            "id": 536545186
        },
        {
            "name": "Motorola",
            "artist": "Ramirez",
            "id": 431259901
        },
        {
            "name": "Fa Sho",
            "artist": "Meek Mill",
            "id": 410446766
        },
        {
            "name": "im srry..",
            "artist": "swvde.",
            "id": 438803564
        },
        {
            "name": "Poles 1469",
            "artist": "Trippie Redd",
            "id": 478159962
        },
        {
            "name": "Deja Vu",
            "artist": "Yoe Luck",
            "id": 480575078
        },
        {
            "name": "Band Tees",
            "artist": "Seven",
            "id": 439121901
        },
        {
            "name": "Water",
            "artist": "Kodak Black",
            "id": 460099545
        },
        {
            "name": "F U Pay Me",
            "artist": "Pries",
            "id": 473571699
        },
        {
            "name": "We On",
            "artist": "Ace Hood",
            "id": 16332705
        },
        {
            "name": "My Way (feat. Romiti & Drake)",
            "artist": "Fetty Wap",
            "id": 33322008
        },
        {
            "name": "Valet (feat. Fetty Wap and 2 Chainz)",
            "artist": "Eric Bellinger",
            "id": 37169642
        },
        {
            "name": "BURRRRRR",
            "artist": "lzr",
            "id": 443875069
        },
        {
            "name": "We Gon Ride",
            "artist": "Dreezy",
            "id": 417953784
        },
        {
            "name": "Light My Body Up (feat. Nicki Minaj & Lil Wayne)",
            "artist": "David Guetta",
            "id": 467692996
        },
        {
            "name": "Bill Gates",
            "artist": "CARRINGTON CASH",
            "id": 426850164
        },
        {
            "name": "Lotus Flower Bomb (feat. Miguel)",
            "artist": "Wale",
            "id": 2099513
        },
        {
            "name": "Drowning (feat. Kodak Black)",
            "artist": "A Boogie Wit da Hoodie",
            "id": 464674325
        },
        {
            "name": "Sip it",
            "artist": "ᵖˡᵃʸʰᵒᵘˢᵉ",
            "id": 448742240
        },
        {
            "name": "What I Know",
            "artist": "Derin Falana",
            "id": 437856738
        },
        {
            "name": "Roll in Peace (feat. XXXTENTACION)",
            "artist": "Kodak Black",
            "id": 499474258
        },
        {
            "name": "Waste My Time",
            "artist": "Russ",
            "id": 409646916
        },
        {
            "name": "AyAyAy (Prod. By Blue The Misfit)",
            "artist": "Snow tha Product",
            "id": 35470336
        },
        {
            "name": "Peanut Butter Jelly",
            "artist": "T.I.",
            "id": 34601534
        },
        {
            "name": "Bartier Cardi",
            "artist": "Cardi B",
            "id": 525178946
        },
        {
            "name": "Bones - EmeraldAshtray [Prod. DJ El G]",
            "artist": "Stoner Creek",
            "id": 28124774
        },
        {
            "name": "WORLDWIDE",
            "artist": "MISOGI",
            "id": 400876139
        },
        {
            "name": "Pouya - Get Buck [Prod. Rellim]",
            "artist": "Stoner Creek",
            "id": 28124769
        },
        {
            "name": "Throw Sum Mo",
            "artist": "Rae Sremmurd",
            "id": 29849337
        },
        {
            "name": "ronin of the crypt",
            "artist": "shinigami ₆⁶₆",
            "id": 409646757
        },
        {
            "name": "Lately",
            "artist": "Aidan Murphy",
            "id": 412175695
        },
        {
            "name": "STORY",
            "artist": "faceless ronin",
            "id": 432792513
        },
        {
            "name": "MOTIVATION",
            "artist": "焦壳儿",
            "id": 464451695
        },
        {
            "name": "Rockstar Crazy",
            "artist": "K Camp",
            "id": 458231407
        },
        {
            "name": "Who That Be",
            "artist": "Rich Brian",
            "id": 425008236
        },
        {
            "name": "Skateboard P (feat. Big Sean)",
            "artist": "MadeinTYO",
            "id": 439121372
        },
        {
            "name": "XO TOUR Llif3",
            "artist": "Lil Uzi Vert",
            "id": 462523342
        },
        {
            "name": "Alpha K",
            "artist": "SNXP",
            "id": 439122727
        },
        {
            "name": "Achoo",
            "artist": "Keith Ape",
            "id": 515601986
        },
        {
            "name": "Show Out (featuring Big Sean and Young Jeezy)",
            "artist": "Juicy J",
            "id": 27612027
        },
        {
            "name": "HennyNHoes",
            "artist": "Young M.A",
            "id": 451521890
        },
        {
            "name": "Hot *****",
            "artist": "Young M.A",
            "id": 453268655
        },
        {
            "name": "Ring Ring Ring",
            "artist": "Young Chop",
            "id": 416700590
        },
        {
            "name": "Bruce Lee",
            "artist": "Young Chop",
            "id": 399342470
        },
        {
            "name": "Gone",
            "artist": "Russ",
            "id": 432509133
        },
        {
            "name": "Cash Me Outside",
            "artist": "Dax",
            "id": 466126354
        },
        {
            "name": "Hit Em Up (Dax Remix)",
            "artist": "Dax",
            "id": 516610048
        },
        {
            "name": "Handsome",
            "artist": "YSF",
            "id": 443875311
        },
        {
            "name": "what i do (prod. lentra)",
            "artist": "bbno$",
            "id": 471969448
        },
        {
            "name": "GG (feat. A Boogie wit da Hoodie) [Remix]",
            "artist": "Youngboy Never Broke Again",
            "id": 515549780
        },
        {
            "name": "Gospel",
            "artist": "Rich Brian",
            "id": 477992214
        },
        {
            "name": "Always High",
            "artist": "Juicy J",
            "id": 473817509
        },
        {
            "name": "You're Never Matching",
            "artist": "Flaco",
            "id": 427595290
        },
        {
            "name": "Happy Ending",
            "artist": "Hopsin",
            "id": 515483729
        },
        {
            "name": "X",
            "artist": "21 Savage",
            "id": 421807034
        },
        {
            "name": "Owe Me",
            "artist": "Big Sean",
            "id": 456185313
        },
        {
            "name": "how i do (prod. CIG.MARGOT)",
            "artist": "bbno$",
            "id": 477332020
        },
        {
            "name": "New Age (Prod. Erock)",
            "artist": "Big Roshi",
            "id": 442314653
        },
        {
            "name": "Meta",
            "artist": "Graves",
            "id": 476323573
        },
        {
            "name": "Flexgang",
            "artist": "J Swey",
            "id": 435549010
        },
        {
            "name": "I'm Paid",
            "artist": "Mayzin",
            "id": 437605299
        },
        {
            "name": "F U Till I F U",
            "artist": "Call Me Karizma",
            "id": 411928387
        },
        {
            "name": "Money Make Ya Handsome",
            "artist": "Gucci Mane",
            "id": 512639836
        },
        {
            "name": "Radio",
            "artist": "Taelor Gray",
            "id": 466122693
        },
        {
            "name": "Playboy",
            "artist": "Tyga",
            "id": 482999591
        },
        {
            "name": "Havana",
            "artist": "Camila Cabello",
            "id": 494865824
        },
        {
            "name": "Bank Account",
            "artist": "21 Savage",
            "id": 489037214
        },
        {
            "name": "Rotisserie",
            "artist": "bbno$",
            "id": 512377121
        },
        {
            "name": "SURGE",
            "artist": "YUNG DORI",
            "id": 428095802
        },
        {
            "name": "iusedtolikeyou",
            "artist": "SoLonely",
            "id": 445844611
        },
        {
            "name": "OPEN VERSE CHALLENGE",
            "artist": "lzr",
            "id": 509313040
        },
        {
            "name": "The Purge",
            "artist": "Hopsin",
            "id": 507986111
        },
        {
            "name": "420",
            "artist": "Fetty Wap",
            "id": 478203536
        },
        {
            "name": "Hellspawn",
            "artist": "stfu!",
            "id": 504265764
        },
        {
            "name": "Alone Time (Prod.  Maaly Raw)",
            "artist": "Lil Uzi Vert",
            "id": 490602014
        },
        {
            "name": "Monday (prod. OG Parker x Deko)",
            "artist": "Offset",
            "id": 475279167
        },
        {
            "name": "4 AM",
            "artist": "2 Chainz",
            "id": 480648184
        },
        {
            "name": "Amazing",
            "artist": "Kanye West",
            "id": 18969181
        },
        {
            "name": "LOVE.",
            "artist": "Kendrick Lamar",
            "id": 472045056
        },
        {
            "name": "Malibu (Prod. CashMoneyAp & 16YrsOld)",
            "artist": "Desiigner",
            "id": 499675132
        },
        {
            "name": "No Flag",
            "artist": "London On Da Track",
            "id": 501133525
        },
        {
            "name": "疗程",
            "artist": "国蛋",
            "id": 412902469
        },
        {
            "name": "do re mi",
            "artist": "Blackbear",
            "id": 466343950
        },
        {
            "name": "I Might",
            "artist": "Young Thug",
            "id": 439122719
        },
        {
            "name": "Pass Me The Green",
            "artist": "Berner",
            "id": 29932951
        },
        {
            "name": "Kill The Lies (Prod. By K BeatZ)",
            "artist": "Nikko Lafré",
            "id": 32198908
        },
        {
            "name": "Glow Like Dat",
            "artist": "Rich Brian",
            "id": 498577487
        },
        {
            "name": "DPWM",
            "artist": "Caskey",
            "id": 34601590
        },
        {
            "name": "I Get the Bag (feat. Migos)",
            "artist": "Gucci Mane",
            "id": 500684076
        },
        {
            "name": "Good Problem",
            "artist": "K Camp",
            "id": 493705354
        },
        {
            "name": "Famous",
            "artist": "21 Savage",
            "id": 489037213
        },
        {
            "name": "Snapped (Prod. Coffi)",
            "artist": "wifisfuneral",
            "id": 404182316
        },
        {
            "name": "Unforgettable",
            "artist": "French Montana",
            "id": 440464202
        },
        {
            "name": "IWATCHEDHIMDROWN (INTRO) ( Prod By YoungFlow305 )",
            "artist": "Ski Mask the Slump God",
            "id": 430043627
        },
        {
            "name": "Money On My Mind",
            "artist": "Yogi",
            "id": 476245479
        },
        {
            "name": "Matrix",
            "artist": "A.CHAL",
            "id": 476598931
        },
        {
            "name": "CAUTION II [PROD. BY MARTYRBOY]",
            "artist": "YUNG FLEX",
            "id": 427595479
        },
        {
            "name": "my self (prod. Alnath)",
            "artist": "bbno$",
            "id": 469699305
        },
        {
            "name": "send it (prod. hollow)",
            "artist": "bbno$",
            "id": 469744187
        },
        {
            "name": "HELLA BLUNTS (Regular Scream Version)",
            "artist": "CRVXZ",
            "id": 427139263
        },
        {
            "name": "King of the South",
            "artist": "Big K.R.I.T.",
            "id": 29719820
        },
        {
            "name": "Savage",
            "artist": "MadeinTYO",
            "id": 427142987
        },
        {
            "name": "Get It, Got It, Go",
            "artist": "OCD: Moosh & Twist",
            "id": 28473146
        },
        {
            "name": "Slow Down (Prod. Glenn GT Thomas)",
            "artist": "Fetty Wap",
            "id": 494858347
        },
        {
            "name": "That's It (feat. Gucci Mane & 2 Chainz)",
            "artist": "Bebe Rexha",
            "id": 495218278
        },
        {
            "name": "You Da Baddest",
            "artist": "Future",
            "id": 493752343
        },
        {
            "name": "Lip Service 6",
            "artist": "FXXXXY",
            "id": 459720871
        },
        {
            "name": "TEMPTATION",
            "artist": "Joey Bada$$",
            "id": 463160056
        },
        {
            "name": "**** Up Some Commas",
            "artist": "Future",
            "id": 29828359
        },
        {
            "name": "RickysDustyOldCassette",
            "artist": "Bones",
            "id": 491695335
        },
        {
            "name": "Dem Days",
            "artist": "Dae Dae",
            "id": 454698364
        },
        {
            "name": "Happen Dappen",
            "artist": "Jay-Way",
            "id": 433681748
        },
        {
            "name": "Money Phone",
            "artist": "Key!",
            "id": 452986852
        },
        {
            "name": "2nd Hand",
            "artist": "$uicideboy$",
            "id": 480769019
        },
        {
            "name": "Kill Jill",
            "artist": "Big Boi",
            "id": 473870351
        },
        {
            "name": "ferrari fitness (prod. lentra)",
            "artist": "bbno$",
            "id": 490602355
        },
        {
            "name": "Untouchable",
            "artist": "Youngboy Never Broke Again",
            "id": 481523558
        },
        {
            "name": "Flossin",
            "artist": "Tyga",
            "id": 486785753
        },
        {
            "name": "Congratulations (Remix)",
            "artist": "Future",
            "id": 484716724
        },
        {
            "name": "scooter (prod. akay & lzr)",
            "artist": "bbno$",
            "id": 485607091
        },
        {
            "name": "Met Gala (feat. Offset)",
            "artist": "Gucci Mane",
            "id": 480579064
        },
        {
            "name": "Summoned [prod. $uijin]",
            "artist": "SUMMONED SOULS",
            "id": 439121670
        },
        {
            "name": "BRAVOTEAM",
            "artist": "Last Call",
            "id": 431826014
        },
        {
            "name": "Grim Reaper [prod. feeney]",
            "artist": "Elijah Ghost",
            "id": 440207574
        },
        {
            "name": "LUCID HERE LIKE",
            "artist": "Cruz",
            "id": 446508532
        },
        {
            "name": "The Renegade Never Dies",
            "artist": "Night Lovell",
            "id": 34892780
        },
        {
            "name": "Real Deal",
            "artist": "Tyga",
            "id": 28850753
        },
        {
            "name": "Shine Again",
            "artist": "Pries",
            "id": 463160019
        },
        {
            "name": "MONEY TALK$- sleek ft. JB",
            "artist": "GRAVEYARD BOY",
            "id": 408332041
        },
        {
            "name": "m.A.A.d city",
            "artist": "Kendrick Lamar",
            "id": 18943535
        },
        {
            "name": "Welcome 2 Detroit",
            "artist": "Trick Trick",
            "id": 19279266
        },
        {
            "name": "Trap **** (Prod. DRO)",
            "artist": "Felly",
            "id": 27594293
        },
        {
            "name": "Watch Out",
            "artist": "bbno$",
            "id": 422419131
        },
        {
            "name": "Panda",
            "artist": "Desiigner",
            "id": 405089420
        },
        {
            "name": "Rolex",
            "artist": "Ayo & Teo",
            "id": 459078774
        },
        {
            "name": "Mask Off",
            "artist": "Future",
            "id": 460043667
        },
        {
            "name": "F W Y B",
            "artist": "K Camp",
            "id": 464188621
        },
        {
            "name": "My Guy",
            "artist": "Sonny Digital",
            "id": 458697805
        },
        {
            "name": "CANDY",
            "artist": "Scotty Atl",
            "id": 460112239
        },
        {
            "name": "No Hope",
            "artist": "Hopsin",
            "id": 33681175
        },
        {
            "name": "False Advertisement",
            "artist": "Hopsin",
            "id": 428591546
        },
        {
            "name": "Litmas (Prod. lzr)",
            "artist": "bbno$",
            "id": 464674134
        },
        {
            "name": "sik-k - Don't Play (Remix)",
            "artist": "CnYsL_MsaiKY",
            "id": 450385960
        },
        {
            "name": "Strangers (Prod. By Mooxe)",
            "artist": "Hodgy Beats",
            "id": 451126590
        },
        {
            "name": "Heathens",
            "artist": "twenty one pilots",
            "id": 417911175
        },
        {
            "name": "New Money",
            "artist": "Papi Swisher",
            "id": 420134785
        },
        {
            "name": "She Twerkin (feat. Cash Out, Lil Boosie, Juicy J & Ty Dolla $ign)",
            "artist": "Kid Ink",
            "id": 29732095
        },
        {
            "name": "goosebumps",
            "artist": "Travis Scott",
            "id": 428642135
        },
        {
            "name": "Moves",
            "artist": "Big Sean",
            "id": 448742169
        },
        {
            "name": "Till I Die",
            "artist": "K Camp",
            "id": 34509588
        },
        {
            "name": "Overdose",
            "artist": "Adalwolf",
            "id": 422104620
        },
        {
            "name": "Look Alive",
            "artist": "Rae Sremmurd",
            "id": 410100384
        },
        {
            "name": "Ridin' Rims",
            "artist": "Dem Franchize Boyz",
            "id": 17314706
        },
        {
            "name": "RUN IT UP",
            "artist": "bbno$",
            "id": 422094276
        },
        {
            "name": "WHERE'S THE BLOW",
            "artist": "Ski Mask the Slump God",
            "id": 415792936
        },
        {
            "name": "damn",
            "artist": "bbno$",
            "id": 438466205
        },
        {
            "name": "I Want (feat. 2 Chainz)",
            "artist": "MadeinTYO",
            "id": 421203276
        },
        {
            "name": "****ed up",
            "artist": "Brokencyde",
            "id": 41666888
        },
        {
            "name": "Hundreds on 'Em",
            "artist": "Yung Booke",
            "id": 410925860
        },
        {
            "name": "Astronaut",
            "artist": "Oh Boy Prince",
            "id": 38392885
        },
        {
            "name": "Choices (Yup)",
            "artist": "E-40",
            "id": 29792950
        },
        {
            "name": "Bad and Boujee",
            "artist": "Migos",
            "id": 427595614
        },
        {
            "name": "Up North",
            "artist": "Nok from the Future",
            "id": 415793917
        },
        {
            "name": "In2",
            "artist": "WSTRN",
            "id": 35847285
        },
        {
            "name": "What A Year",
            "artist": "Big Sean",
            "id": 400074031
        },
        {
            "name": "No Pressure",
            "artist": "Little Simz",
            "id": 32477981
        },
        {
            "name": "College Drop",
            "artist": "Sage the Gemini",
            "id": 28126126
        },
        {
            "name": "Fuel Injected",
            "artist": "Swollen Members",
            "id": 19170167
        },
        {
            "name": "Wish",
            "artist": "Tyga",
            "id": 31179310
        },
        {
            "name": "Jumpman",
            "artist": "Drake",
            "id": 34828314
        },
        {
            "name": "Hoe",
            "artist": "Kirko Bangz",
            "id": 28591776
        },
        {
            "name": "Sing For The Moment",
            "artist": "Eminem",
            "id": 17572305
        },
        {
            "name": "Crack a Bottle",
            "artist": "50 Cent",
            "id": 1298232
        },
        {
            "name": "Fried Rice (ft. Onra)",
            "artist": "G-Eazy",
            "id": 27222019
        },
        {
            "name": "No Flex Zone (Instant Party! Remix)",
            "artist": "Instant Party!",
            "id": 36190947
        },
        {
            "name": "Ill Mind of Hopsin 8",
            "artist": "Hopsin",
            "id": 406846501
        },
        {
            "name": "Mother****er",
            "artist": "Hopsin",
            "id": 18166315
        },
        {
            "name": "Fetty Wop Feat. Drake - My Way",
            "artist": "Dj Lambo",
            "id": 33723333
        },
        {
            "name": "Hot Ni**a",
            "artist": "Bobby Shmurda",
            "id": 29007425
        },
        {
            "name": "Die This Way",
            "artist": "Hopsin",
            "id": 415904453
        },
        {
            "name": "UNDERWATER REBELS",
            "artist": "Ken Rebel",
            "id": 34468074
        },
        {
            "name": "Disco Inferno",
            "artist": "50 Cent",
            "id": 16158404
        },
        {
            "name": "Gwola",
            "artist": "Honey Cocaine",
            "id": 33469355
        },
        {
            "name": "Every Breath You Take",
            "artist": "Karen Souza",
            "id": 19027628
        },
        {
            "name": "Gucci Bandana (Prod.JRaB)",
            "artist": "TheBakeFactory",
            "id": 401722039
        },
        {
            "name": "I'll Be Missing You (feat. Faith Evans & 112)",
            "artist": "Puff Daddy",
            "id": 1224335
        },
        {
            "name": "Magic",
            "artist": "Allday",
            "id": 34528838
        },
        {
            "name": "You & Me",
            "artist": "Allday",
            "id": 27520969
        },
        {
            "name": "DeadBoy",
            "artist": "Bones",
            "id": 35497984
        },
        {
            "name": "Werkin' Girls",
            "artist": "Angel Haze",
            "id": 2187322
        },
        {
            "name": "Let's Party",
            "artist": "Mr. Criminal",
            "id": 26592451
        },
        {
            "name": "No Diggity",
            "artist": "Blackstreet",
            "id": 16672224
        },
        {
            "name": "Take It Off (Album Version (Edited))",
            "artist": "AZ",
            "id": 16321682
        },
        {
            "name": "Now Or Never (Bonus Track)",
            "artist": "Kendrick Lamar",
            "id": 18943527
        },
        {
            "name": "Get Ur Freak On",
            "artist": "Missy Elliott",
            "id": 26788800
        },
        {
            "name": "FUNK YOU UP",
            "artist": "Look Twice",
            "id": 26740205
        },
        {
            "name": "On Me",
            "artist": "K Check",
            "id": 32341842
        },
        {
            "name": "Paris",
            "artist": "$uicideboy$",
            "id": 407450292
        },
        {
            "name": "Настырный",
            "artist": "MiyaGi",
            "id": 400074252
        },
        {
            "name": "2 Soon",
            "artist": "Jon Young",
            "id": 1591910
        },
        {
            "name": "The Curse",
            "artist": "Snowgoons",
            "id": 19082254
        },
        {
            "name": "Rx Patients (Prod. by J Rolay)",
            "artist": "J Rolay",
            "id": 409931337
        },
        {
            "name": "Money Go",
            "artist": "Belly",
            "id": 420134609
        },
        {
            "name": "Ass Drop",
            "artist": "Wiz Khalifa",
            "id": 28935269
        },
        {
            "name": "Ain't **** Changed (feat. Chris Brown)",
            "artist": "Cal Scruby",
            "id": 41636456
        },
        {
            "name": "It G Ma (Remix)",
            "artist": "Keith Ape",
            "id": 33510921
        },
        {
            "name": "The Nail To The Cross",
            "artist": "$uicideboy$",
            "id": 414979439
        },
        {
            "name": "잊지마 (It G Ma)",
            "artist": "Keith Ape",
            "id": 32431099
        },
        {
            "name": "100 Kilo's",
            "artist": "Lox Chatterbox",
            "id": 409060433
        },
        {
            "name": "Ballin",
            "artist": "Logic",
            "id": 29717089
        },
        {
            "name": "1st Thing First",
            "artist": "Robb Bank$",
            "id": 407002042
        },
        {
            "name": "Throw It Up",
            "artist": "Yelawolf",
            "id": 19851810
        },
        {
            "name": "Marshall Mathers",
            "artist": "Eminem",
            "id": 17572078
        },
        {
            "name": "Blown As Possible",
            "artist": "Slik D",
            "id": 1992810
        },
        {
            "name": "Floyd Money Mayweather",
            "artist": "Dizzy Wright",
            "id": 33083023
        },
        {
            "name": "Pressure",
            "artist": "Robb Bank$",
            "id": 36357185
        },
        {
            "name": "Lie To Kick It (2F Remix)",
            "artist": "2Pac",
            "id": 2101471
        },
        {
            "name": "Get Yours (Remix)",
            "artist": "D.I.T.C.",
            "id": 1259323
        },
        {
            "name": "Too Easy",
            "artist": "Futuristic",
            "id": 32145548
        },
        {
            "name": "Slave Ship",
            "artist": "Azizi Gibson",
            "id": 33346173
        },
        {
            "name": "Stan",
            "artist": "Eminem",
            "id": 1300287
        },
        {
            "name": "I Need a Doctor",
            "artist": "Dr. Dre",
            "id": 2416737
        },
        {
            "name": "Ronin of the crypt",
            "artist": "Shinigami",
            "id": 409302287
        },
        {
            "name": "Sub Me In",
            "artist": "Futuristic",
            "id": 40188466
        },
        {
            "name": "Countdown (feat. 2 Chainz)",
            "artist": "E-40",
            "id": 28094315
        },
        {
            "name": "Black Beatles",
            "artist": "Rae Sremmurd",
            "id": 425008183
        },
        {
            "name": "Like A Star (feat. Nicki Minaj)",
            "artist": "Fetty Wap",
            "id": 445666488
        },
        {
            "name": "Like Whaaat (feat. Bad Lucc)",
            "artist": "Problem",
            "id": 28105359
        },
        {
            "name": "B.L.O.W.",
            "artist": "Tory Lanez",
            "id": 34743376
        },
        {
            "name": "Dab",
            "artist": "Danon",
            "id": 407679603
        },
        {
            "name": "Hit the Dab",
            "artist": "MarQuis Trill",
            "id": 411314896
        },
        {
            "name": "No Problems",
            "artist": "J.U.S.T.I.C.E. League",
            "id": 401723096
        },
        {
            "name": "Ill Mind of Hopsin 7",
            "artist": "Hopsin",
            "id": 28828160
        },
        {
            "name": "Crown Me",
            "artist": "Hopsin",
            "id": 32364573
        },
        {
            "name": "Ima Thug",
            "artist": "YG",
            "id": 26861200
        },
        {
            "name": "Trap Queen",
            "artist": "Fetty Wap",
            "id": 30706209
        },
        {
            "name": "679 (feat. Remy Boyz)",
            "artist": "Fetty Wap",
            "id": 32922029
        },
        {
            "name": "Young, Wild & Free",
            "artist": "Snoop Dogg",
            "id": 1934807
        },
        {
            "name": "What I Like",
            "artist": "Bnjmn",
            "id": 407889708
        },
        {
            "name": "Man Of The Year",
            "artist": "Logic",
            "id": 29717094
        },
        {
            "name": "Dance With The Devil",
            "artist": "Immortal Technique",
            "id": 31426084
        },
        {
            "name": "Weatherman",
            "artist": "Yo Gotti",
            "id": 447079304
        },
        {
            "name": "On Everything",
            "artist": "HS87",
            "id": 28620407
        },
        {
            "name": "Sucker For Pain",
            "artist": "Lil Wayne",
            "id": 418550479
        },
        {
            "name": "G.U.R.U.",
            "artist": "Marco Polo",
            "id": 26224047
        },
        {
            "name": "Tirik Jasat",
            "artist": "none",
            "id": 420397124
        }
    ]
}