{
    "playlist_info": {
        "name": "《傲慢与偏见》电影原声大碟",
        "trackcount": 17,
        "playcount": 804189,
        "creator": "李白白咯",
        "createDate": "2015-11-25",
        "heat": 290.0
    },
    "songs": [
        {
            "name": "Dawn",
            "artist": "Dario Marianelli",
            "id": 33544451
        },
        {
            "name": "Stars And Butterflies",
            "artist": "Dario Marianelli",
            "id": 33544454
        },
        {
            "name": "The Living Sculptures Of Pemberly",
            "artist": "Dario Marianelli",
            "id": 33544456
        },
        {
            "name": "Meryton Townhall",
            "artist": "Dario Marianelli",
            "id": 33544459
        },
        {
            "name": "The Militia Marches In",
            "artist": "Dario Marianelli",
            "id": 33544462
        },
        {
            "name": "Georgiana",
            "artist": "Dario Marianelli",
            "id": 33544463
        },
        {
            "name": "Arrival At Netherfield",
            "artist": "Dario Marianelli",
            "id": 33544464
        },
        {
            "name": "A Postcard To Henry Purcell",
            "artist": "Dario Marianelli",
            "id": 33544465
        },
        {
            "name": "Liz On Top Of The World",
            "artist": "Dario Marianelli",
            "id": 33544467
        },
        {
            "name": "Leaving Netherfield",
            "artist": "Dario Marianelli",
            "id": 33544468
        },
        {
            "name": "Another Dance",
            "artist": "Dario Marianelli",
            "id": 33544469
        },
        {
            "name": "The Secret Life Of Daydreams",
            "artist": "Dario Marianelli",
            "id": 33544470
        },
        {
            "name": "Darcy’s Letter",
            "artist": "Dario Marianelli",
            "id": 33544471
        },
        {
            "name": "Can’t Slow Down",
            "artist": "Dario Marianelli",
            "id": 33544472
        },
        {
            "name": "Your Hands Are Cold",
            "artist": "Dario Marianelli",
            "id": 33544473
        },
        {
            "name": "Mrs. Darcy",
            "artist": "Dario Marianelli",
            "id": 33544474
        },
        {
            "name": "Credits",
            "artist": "Dario Marianelli",
            "id": 33544475
        }
    ]
}