{
    "playlist_info": {
        "name": "《日语翻唱过来的中文歌曲》",
        "trackcount": 68,
        "playcount": 1555892,
        "creator": "帐号已注销",
        "createDate": "2017-11-11",
        "heat": 755.0
    },
    "songs": [
        {
            "name": "追光者（日文版）（Cover 岑宁儿）",
            "artist": "ゆう十",
            "id": 552819585
        },
        {
            "name": "你被写在我的歌里",
            "artist": "ゆう十",
            "id": 436668307
        },
        {
            "name": "あの頃～ジンジンバオヂュオニー～",
            "artist": "whiteeeen",
            "id": 405998841
        },
        {
            "name": "桜色舞うころ",
            "artist": "徳永英明",
            "id": 30284559
        },
        {
            "name": "そばにいるね",
            "artist": "青山テルマ",
            "id": 555142
        },
        {
            "name": "風になる",
            "artist": "つじあやの",
            "id": 643034
        },
        {
            "name": "サマーブリーズにのって",
            "artist": "I WiSH",
            "id": 22741412
        },
        {
            "name": "悲しみにさよなら",
            "artist": "玉置浩二",
            "id": 523379
        },
        {
            "name": "桜色舞うころ",
            "artist": "中島美嘉",
            "id": 624825
        },
        {
            "name": "Friend",
            "artist": "玉置浩二",
            "id": 523560
        },
        {
            "name": "ありがとう",
            "artist": "大橋卓弥",
            "id": 492053
        },
        {
            "name": "銀の龍の背に乗って",
            "artist": "中島みゆき",
            "id": 624751
        },
        {
            "name": "雪の華",
            "artist": "Ms.OOJA",
            "id": 25867053
        },
        {
            "name": "楓 (カバー)",
            "artist": "伊礼亮",
            "id": 41666364
        },
        {
            "name": "風になる",
            "artist": "つじあやの",
            "id": 482172
        },
        {
            "name": "雪の華",
            "artist": "徳永英明",
            "id": 426315852
        },
        {
            "name": "ここにいるよ",
            "artist": "SoulJa",
            "id": 497399
        },
        {
            "name": "遇见",
            "artist": "shourei小N",
            "id": 28971284
        },
        {
            "name": "あの頃~ジンジンバオヂュオニー~",
            "artist": "whiteeeen",
            "id": 35090707
        },
        {
            "name": "蜗牛 (カタツムリ)",
            "artist": "荒木毬菜",
            "id": 470573970
        },
        {
            "name": "东京Tetsuto (东京塔)",
            "artist": "荒木毬菜",
            "id": 470736105
        },
        {
            "name": "春夏秋冬",
            "artist": "荒木毬菜",
            "id": 34187525
        },
        {
            "name": "当然是选择原谅她啊-日语版-（Cover PoKeR）",
            "artist": "ゆう十",
            "id": 473974114
        },
        {
            "name": "刚好遇见你（Cover 李玉刚）",
            "artist": "ゆう十",
            "id": 476437390
        },
        {
            "name": "長い間",
            "artist": "友歌里",
            "id": 26114621
        },
        {
            "name": "長い間",
            "artist": "Kiroro",
            "id": 28056705
        },
        {
            "name": "それが大事",
            "artist": "川嶋あい",
            "id": 593007
        },
        {
            "name": "十年",
            "artist": "中孝介",
            "id": 26111504
        },
        {
            "name": "時の流れに身をまかせ duet with テレサ・テン（翻自 邓丽君）",
            "artist": "ゆう十",
            "id": 28526018
        },
        {
            "name": "可惜不是你(日文版)",
            "artist": "曹轩宾",
            "id": 28773536
        },
        {
            "name": "幹物女",
            "artist": "ゆう十",
            "id": 399342403
        },
        {
            "name": "雪の華",
            "artist": "中島美嘉",
            "id": 625096
        },
        {
            "name": "雪の華",
            "artist": "中島美嘉",
            "id": 26085194
        },
        {
            "name": "雪の華",
            "artist": "中島美嘉",
            "id": 624809
        },
        {
            "name": "暧昧 (日文版)",
            "artist": "杨丞琳",
            "id": 22740097
        },
        {
            "name": "唯一(日文版)",
            "artist": "王力宏",
            "id": 27483154
        },
        {
            "name": "贝加尔湖畔（日文版）（Cover 李健）",
            "artist": "ゆう十",
            "id": 499681915
        },
        {
            "name": "应许之心【日文版《恋与制作人》许墨角色曲】（Cover CcccEs（贰婶））",
            "artist": "ゆう十",
            "id": 534674310
        },
        {
            "name": "斑马，斑马 日文版",
            "artist": "巴西口",
            "id": 439646111
        },
        {
            "name": "拥抱日文版（Cover 五月天）",
            "artist": "巴西口",
            "id": 437753801
        },
        {
            "name": "南山南 日语版（Cover 马頔）",
            "artist": "巴西口",
            "id": 477254161
        },
        {
            "name": "酔舟行（日文版本家）",
            "artist": "ゆう十",
            "id": 482292998
        },
        {
            "name": "达拉崩吧（Cover 洛天依 言和）",
            "artist": "ゆう十",
            "id": 487606705
        },
        {
            "name": "君と出会える日 (FINAL)",
            "artist": "华梦娜Monna",
            "id": 475277310
        },
        {
            "name": "春夏秋冬",
            "artist": "荒木毬菜",
            "id": 470736108
        },
        {
            "name": "永遠の桜",
            "artist": "荒木毬菜",
            "id": 32752221
        },
        {
            "name": "突然好想你 (日文版)",
            "artist": "荒木毬菜",
            "id": 34364863
        },
        {
            "name": "你喜欢的城市",
            "artist": "荒木毬菜",
            "id": 33887668
        },
        {
            "name": "雪の華",
            "artist": "徳永英明",
            "id": 407405
        },
        {
            "name": "单色秋梦 (日文版)",
            "artist": "荒木毬菜",
            "id": 34923890
        },
        {
            "name": "匆匆那年日文原版",
            "artist": "荒木毬菜",
            "id": 34381069
        },
        {
            "name": "你喜欢的城市",
            "artist": "荒木毬菜",
            "id": 34376114
        },
        {
            "name": "温水青蛙 (茹でガエル)",
            "artist": "荒木毬菜",
            "id": 470736112
        },
        {
            "name": "遗失物 (記憶の落とし物)",
            "artist": "荒木毬菜",
            "id": 470736109
        },
        {
            "name": "蜗牛 (カタツムリ)(Dreamy Acoustic Version)",
            "artist": "荒木毬菜",
            "id": 470573977
        },
        {
            "name": "善意谎 (善意の嘘)",
            "artist": "荒木毬菜",
            "id": 470573976
        },
        {
            "name": "（那些年日文版）あの頃~ジンジンバオヂュオニー",
            "artist": "栾鹏祥",
            "id": 433103242
        },
        {
            "name": "长い间 （很爱很爱你日文翻唱）",
            "artist": "清源Kiyo",
            "id": 443194374
        },
        {
            "name": "雪の華 (Live)",
            "artist": "中島美嘉",
            "id": 28068446
        },
        {
            "name": "雪の華",
            "artist": "中島美嘉",
            "id": 437802782
        },
        {
            "name": "雪の華 Originally Performed By 中島美嘉 (オルゴール)",
            "artist": "中島美嘉",
            "id": 29922561
        },
        {
            "name": "雪の華",
            "artist": "中島美嘉",
            "id": 438801268
        },
        {
            "name": "雪の華 (Live)",
            "artist": "中島美嘉",
            "id": 408328285
        },
        {
            "name": "花海",
            "artist": "中孝介",
            "id": 26111503
        },
        {
            "name": "桜色舞うころ",
            "artist": "中孝介",
            "id": 405612716
        },
        {
            "name": "銀の龍の背に乗って",
            "artist": "中島みゆき",
            "id": 28009687
        },
        {
            "name": "童话镇（Cover 暗杠）",
            "artist": "ゆう十",
            "id": 475299390
        },
        {
            "name": "小拳拳捶你胸口",
            "artist": "ゆう十",
            "id": 458318544
        }
    ]
}