{
    "playlist_info": {
        "name": "【华晨宇的148面，开开心心每一面】",
        "trackcount": 124,
        "playcount": 2119640,
        "creator": "花小烟yu",
        "createDate": "2018-11-16",
        "heat": 1254.0
    },
    "songs": [
        {
            "name": "对面的女孩看过来 (Live版)",
            "artist": "那英",
            "id": 2052368029
        },
        {
            "name": "离开地球表面（Live版）",
            "artist": "华晨宇",
            "id": 2052642244
        },
        {
            "name": "明天会更好 (Live版)",
            "artist": "胡德夫",
            "id": 2052368104
        },
        {
            "name": "归来  (Live版)",
            "artist": "张信哲",
            "id": 2052367991
        },
        {
            "name": "静止 (Live版)",
            "artist": "魏如萱",
            "id": 2050323274
        },
        {
            "name": "归零 (Live版)",
            "artist": "华晨宇",
            "id": 2048826430
        },
        {
            "name": "牵手 (Live版)",
            "artist": "张韶涵",
            "id": 2046806369
        },
        {
            "name": "安九 (Live版)",
            "artist": "张杰",
            "id": 2044808338
        },
        {
            "name": "美好的事可不可以发生在我身上 (Live版)",
            "artist": "华晨宇",
            "id": 2040835953
        },
        {
            "name": "闪亮的日子 (Live版)",
            "artist": "魏如萱",
            "id": 2038511065
        },
        {
            "name": "高山青 (Live版)",
            "artist": "那英",
            "id": 2036226459
        },
        {
            "name": "知足 (Live版)",
            "artist": "华晨宇",
            "id": 2034187421
        },
        {
            "name": "后来 (Live版)",
            "artist": "那英",
            "id": 2034775498
        },
        {
            "name": "舞娘 (Live版)",
            "artist": "魏如萱",
            "id": 2032434423
        },
        {
            "name": "一定要幸福 (Live版)",
            "artist": "华晨宇",
            "id": 2030766874
        },
        {
            "name": "虚幻与现实",
            "artist": "华晨宇",
            "id": 2006484469
        },
        {
            "name": "当全世界忘了我",
            "artist": "华晨宇",
            "id": 2006485349
        },
        {
            "name": "向阳而生",
            "artist": "华晨宇",
            "id": 2006484446
        },
        {
            "name": "点燃银河尽头的篝火",
            "artist": "华晨宇",
            "id": 2006485344
        },
        {
            "name": "飞行模式",
            "artist": "华晨宇",
            "id": 2006471955
        },
        {
            "name": "小镇里的花",
            "artist": "华晨宇",
            "id": 2006472438
        },
        {
            "name": "小镇里的花 (民乐版)",
            "artist": "华晨宇",
            "id": 2006472448
        },
        {
            "name": "黑白艺术家",
            "artist": "华晨宇",
            "id": 2006472449
        },
        {
            "name": "好想我回来啊",
            "artist": "华晨宇",
            "id": 2006472464
        },
        {
            "name": "花落时相遇",
            "artist": "华晨宇",
            "id": 2006472465
        },
        {
            "name": "走，一起去看日出吧",
            "artist": "华晨宇",
            "id": 2006471567
        },
        {
            "name": "肆无惧燥",
            "artist": "华晨宇",
            "id": 1952817125
        },
        {
            "name": "呐喊 (Live)",
            "artist": "华晨宇",
            "id": 552458419
        },
        {
            "name": "光年之外 (Live)",
            "artist": "华晨宇",
            "id": 552458417
        },
        {
            "name": "假行僧 (Live)",
            "artist": "华晨宇",
            "id": 547278240
        },
        {
            "name": "山海 (Live)",
            "artist": "华晨宇",
            "id": 545799107
        },
        {
            "name": "双截棍 (Live)",
            "artist": "华晨宇",
            "id": 536624450
        },
        {
            "name": "易燃易爆炸 (Live)",
            "artist": "华晨宇",
            "id": 544151494
        },
        {
            "name": "平凡之路 (Live)",
            "artist": "华晨宇",
            "id": 548823551
        },
        {
            "name": "孩子 (Live)",
            "artist": "华晨宇",
            "id": 536937393
        },
        {
            "name": "东方之珠 (Live)",
            "artist": "黄晓明",
            "id": 1880007325
        },
        {
            "name": "起跑线 (Live)",
            "artist": "陈明憙Jocelyn",
            "id": 1880007340
        },
        {
            "name": "无渴不爽",
            "artist": "华晨宇",
            "id": 1830079389
        },
        {
            "name": "斗牛",
            "artist": "华晨宇",
            "id": 1436961038
        },
        {
            "name": "七重人格",
            "artist": "华晨宇",
            "id": 1436959161
        },
        {
            "name": "新世界",
            "artist": "华晨宇",
            "id": 1436961077
        },
        {
            "name": "降临",
            "artist": "华晨宇",
            "id": 1436961070
        },
        {
            "name": "神树",
            "artist": "华晨宇",
            "id": 1428759743
        },
        {
            "name": "好想爱这个世界啊",
            "artist": "华晨宇",
            "id": 1407358755
        },
        {
            "name": "疯人院",
            "artist": "华晨宇",
            "id": 1436959181
        },
        {
            "name": "与火星的孩子对话",
            "artist": "华晨宇",
            "id": 1399533630
        },
        {
            "name": "七重人格 (Live)",
            "artist": "华晨宇",
            "id": 1442842748
        },
        {
            "name": "西门少年 (Live)",
            "artist": "华晨宇",
            "id": 1442842608
        },
        {
            "name": "疯人院 (Live)",
            "artist": "华晨宇",
            "id": 1439111141
        },
        {
            "name": "好想爱这个世界啊 (Live)",
            "artist": "华晨宇",
            "id": 1436910205
        },
        {
            "name": "新世界 (Live)",
            "artist": "华晨宇",
            "id": 1434057772
        },
        {
            "name": "降临 (Live)",
            "artist": "华晨宇",
            "id": 1432428744
        },
        {
            "name": "神树 (Live)",
            "artist": "华晨宇",
            "id": 1429908253
        },
        {
            "name": "我们 (Live)",
            "artist": "华晨宇",
            "id": 1428605192
        },
        {
            "name": "荒野魂斗罗 (Live)",
            "artist": "华晨宇",
            "id": 1425818677
        },
        {
            "name": "斗牛 (Live)",
            "artist": "华晨宇",
            "id": 1422992414
        },
        {
            "name": "寒鸦少年 (Live)",
            "artist": "华晨宇",
            "id": 1421191995
        },
        {
            "name": "你要相信这不是最后一天",
            "artist": "华晨宇",
            "id": 1425643256
        },
        {
            "name": "横冲直撞",
            "artist": "华晨宇",
            "id": 427595266
        },
        {
            "name": "我的滑板鞋2016 (录音室版)",
            "artist": "华晨宇",
            "id": 440411226
        },
        {
            "name": "烟火里的尘埃",
            "artist": "华晨宇",
            "id": 29004400
        },
        {
            "name": "寻",
            "artist": "华晨宇",
            "id": 472137749
        },
        {
            "name": "异类",
            "artist": "华晨宇",
            "id": 33190545
        },
        {
            "name": "齐天",
            "artist": "华晨宇",
            "id": 481859794
        },
        {
            "name": "我离孤单几公里",
            "artist": "华晨宇",
            "id": 432698831
        },
        {
            "name": "我管你",
            "artist": "华晨宇",
            "id": 32619105
        },
        {
            "name": "寒鸦少年",
            "artist": "华晨宇",
            "id": 1305366556
        },
        {
            "name": "巨鹿",
            "artist": "华晨宇",
            "id": 417833854
        },
        {
            "name": "智商二五零",
            "artist": "华晨宇",
            "id": 509135782
        },
        {
            "name": "To Be Free",
            "artist": "华晨宇",
            "id": 422463501
        },
        {
            "name": "蜉蝣",
            "artist": "华晨宇",
            "id": 34228112
        },
        {
            "name": "Here We Are",
            "artist": "华晨宇",
            "id": 420125810
        },
        {
            "name": "地球之盐",
            "artist": "华晨宇",
            "id": 34964198
        },
        {
            "name": "Let You Go",
            "artist": "华晨宇",
            "id": 29418038
        },
        {
            "name": "卡西莫多的礼物",
            "artist": "华晨宇",
            "id": 29357467
        },
        {
            "name": "For Forever",
            "artist": "华晨宇",
            "id": 426291338
        },
        {
            "name": "国王与乞丐",
            "artist": "华晨宇",
            "id": 32835565
        },
        {
            "name": "写给未来的孩子",
            "artist": "华晨宇",
            "id": 434981391
        },
        {
            "name": "无聊人",
            "artist": "华晨宇",
            "id": 507364050
        },
        {
            "name": "拆弹专家",
            "artist": "华晨宇",
            "id": 29418040
        },
        {
            "name": "Why Nobody Fights",
            "artist": "华晨宇",
            "id": 28949328
        },
        {
            "name": "世界是个动物园",
            "artist": "华晨宇",
            "id": 434981389
        },
        {
            "name": "微光",
            "artist": "华晨宇",
            "id": 29418037
        },
        {
            "name": "变相怪杰",
            "artist": "华晨宇",
            "id": 434981390
        },
        {
            "name": "忧伤的巨人",
            "artist": "华晨宇",
            "id": 434981393
        },
        {
            "name": "逃离乌托邦",
            "artist": "华晨宇",
            "id": 434981388
        },
        {
            "name": "环游",
            "artist": "华晨宇",
            "id": 29418041
        },
        {
            "name": "半生缘 (我们在这里相遇)",
            "artist": "莫文蔚",
            "id": 557628382
        },
        {
            "name": "不朽",
            "artist": "华晨宇",
            "id": 29418043
        },
        {
            "name": "我们都是孤独的",
            "artist": "华晨宇",
            "id": 29418042
        },
        {
            "name": "春(Live版)",
            "artist": "华晨宇",
            "id": 29785930
        },
        {
            "name": "消失的昨天",
            "artist": "华晨宇",
            "id": 432698825
        },
        {
            "name": "造物者",
            "artist": "华晨宇",
            "id": 419250437
        },
        {
            "name": "反义词",
            "artist": "华晨宇",
            "id": 33497110
        },
        {
            "name": "枕边故事",
            "artist": "华晨宇",
            "id": 29418045
        },
        {
            "name": "寻 (Demo)",
            "artist": "华晨宇",
            "id": 475277742
        },
        {
            "name": "火星情报局",
            "artist": "华晨宇",
            "id": 409060097
        },
        {
            "name": "趁你还年轻",
            "artist": "华晨宇",
            "id": 28160015
        },
        {
            "name": "穿心",
            "artist": "华晨宇",
            "id": 522320210
        },
        {
            "name": "我管你",
            "artist": "华晨宇",
            "id": 484730185
        },
        {
            "name": "我管你 (真我版)",
            "artist": "华晨宇",
            "id": 461811728
        },
        {
            "name": "烟火里的尘埃",
            "artist": "华晨宇",
            "id": 484732162
        },
        {
            "name": "随我",
            "artist": "华晨宇",
            "id": 471374398
        },
        {
            "name": "国王与乞丐",
            "artist": "华晨宇",
            "id": 451113440
        },
        {
            "name": "夏之旅",
            "artist": "华晨宇",
            "id": 571340083
        },
        {
            "name": "高手归来 (Live)",
            "artist": "华晨宇",
            "id": 34078140
        },
        {
            "name": "嗨夏",
            "artist": "华晨宇",
            "id": 545407145
        },
        {
            "name": "癌",
            "artist": "华晨宇",
            "id": 31645164
        },
        {
            "name": "寻 (音乐纯享版)",
            "artist": "华晨宇",
            "id": 475279804
        },
        {
            "name": "巨鹿(伴奏)",
            "artist": "华晨宇",
            "id": 417859729
        },
        {
            "name": "Hi！自由",
            "artist": "华晨宇",
            "id": 27984963
        },
        {
            "name": "Creep (现场版)",
            "artist": "华晨宇",
            "id": 34057017
        },
        {
            "name": "我(live版)",
            "artist": "华晨宇",
            "id": 29785948
        },
        {
            "name": "自己的太阳",
            "artist": "魏晨",
            "id": 29343845
        },
        {
            "name": "每一颗星辰",
            "artist": "华晨宇",
            "id": 28725062
        },
        {
            "name": "青春再见",
            "artist": "华晨宇",
            "id": 27984964
        },
        {
            "name": "花儿与少年",
            "artist": "华晨宇",
            "id": 28497630
        },
        {
            "name": "Chandelier",
            "artist": "华晨宇",
            "id": 34364633
        },
        {
            "name": "安全感(live)",
            "artist": "华晨宇",
            "id": 30394408
        },
        {
            "name": "追梦赤子心",
            "artist": "华晨宇",
            "id": 522320058
        },
        {
            "name": "就这Young",
            "artist": "华晨宇",
            "id": 30569534
        },
        {
            "name": "我和我",
            "artist": "华晨宇",
            "id": 522320048
        },
        {
            "name": "挂彩",
            "artist": "杨坤",
            "id": 514765450
        },
        {
            "name": "离开地球表面",
            "artist": "华晨宇",
            "id": 28202020
        }
    ]
}