{
    "playlist_info": {
        "name": "『窒息向』一见钟情的绝美前奏",
        "trackcount": 47,
        "playcount": 137750,
        "creator": "此在之欢愉",
        "createDate": "2015-05-26",
        "heat": 46.0
    },
    "songs": [
        {
            "name": "Pearl White Story",
            "artist": "S.E.N.S.",
            "id": 816667
        },
        {
            "name": "伝えたい気持ち",
            "artist": "松谷卓",
            "id": 468800
        },
        {
            "name": "You Lift Me Up",
            "artist": "Mikey Wax",
            "id": 28313115
        },
        {
            "name": "小桥流水人家",
            "artist": "李志辉",
            "id": 131163
        },
        {
            "name": "瞳のこたえ",
            "artist": "Noria",
            "id": 625066
        },
        {
            "name": "一舞倾城",
            "artist": "魏小涵",
            "id": 392385
        },
        {
            "name": "ささぶね",
            "artist": "Foxtail-Grass Studio",
            "id": 730852
        },
        {
            "name": "Listen",
            "artist": "Said The Sky",
            "id": 29710964
        },
        {
            "name": "沧海飞尘",
            "artist": "骆集益",
            "id": 28921891
        },
        {
            "name": "When The Light Comes",
            "artist": "Dirk Reichardt",
            "id": 26624714
        },
        {
            "name": "秋姉妹のなく頃に in the autumn sky",
            "artist": "ばんばんしー",
            "id": 691506
        },
        {
            "name": "御剑江湖",
            "artist": "骆集益",
            "id": 28786809
        },
        {
            "name": "光の日々",
            "artist": "姫神",
            "id": 26178034
        },
        {
            "name": "Lilac",
            "artist": "MANYO",
            "id": 28466087
        },
        {
            "name": "夜明",
            "artist": "佐藤康夫",
            "id": 29047169
        },
        {
            "name": "夕日坂",
            "artist": "doriko",
            "id": 409926
        },
        {
            "name": "迴梦游仙",
            "artist": "骆集益",
            "id": 203890
        },
        {
            "name": "宵闇花火",
            "artist": "葉月ゆら",
            "id": 580568
        },
        {
            "name": "The End of the World",
            "artist": "Skeeter Davis",
            "id": 3413782
        },
        {
            "name": "Sakae In Action",
            "artist": "松本晃彦",
            "id": 22710767
        },
        {
            "name": "この青空と流れる雲に",
            "artist": "Foxtail-Grass Studio",
            "id": 730611
        },
        {
            "name": "The Ludlows",
            "artist": "James Horner",
            "id": 18618065
        },
        {
            "name": "Promise",
            "artist": "山岡晃",
            "id": 18861490
        },
        {
            "name": "Do You?",
            "artist": "Yiruma",
            "id": 5312778
        },
        {
            "name": "Hide and Seek",
            "artist": "Kevin Kern",
            "id": 18927631
        },
        {
            "name": "너에게 난 나에게 넌",
            "artist": "骑自行车的风景",
            "id": 27812406
        },
        {
            "name": "Chiru (Saisei no Uta)",
            "artist": "Robert de Boron",
            "id": 496549
        },
        {
            "name": "Letter from Mikako",
            "artist": "Eminence Symphony Orchestra",
            "id": 4055480
        },
        {
            "name": "远方的寂静",
            "artist": "林海",
            "id": 110118
        },
        {
            "name": "敦煌",
            "artist": "闫月",
            "id": 319348
        },
        {
            "name": "Wish",
            "artist": "S.E.N.S.",
            "id": 817768
        },
        {
            "name": "Letter Song",
            "artist": "ヲタみん",
            "id": 27571001
        },
        {
            "name": "Rage your dream",
            "artist": "m.o.v.e",
            "id": 22705883
        },
        {
            "name": "Someone Like You",
            "artist": "Adele",
            "id": 16435049
        },
        {
            "name": "Young And Beautiful",
            "artist": "Lana Del Rey",
            "id": 26243686
        },
        {
            "name": "Rain (Long Ver.) -Extra Track-",
            "artist": "秦基博",
            "id": 26418807
        },
        {
            "name": "The South Wind",
            "artist": "Joanie Madden",
            "id": 18782904
        },
        {
            "name": "奏 (かなで)",
            "artist": "雨宮天",
            "id": 28563201
        },
        {
            "name": "Whistle",
            "artist": "Flo Rida",
            "id": 17793698
        },
        {
            "name": "Titanium",
            "artist": "David Guetta",
            "id": 3406918
        },
        {
            "name": "Autumn Leaf",
            "artist": "re:plus",
            "id": 26111937
        },
        {
            "name": "Think Again",
            "artist": "Kate Havnevik",
            "id": 2872197
        },
        {
            "name": "ความผิดติดตัว",
            "artist": "Zaza Travel",
            "id": 4474299
        },
        {
            "name": "Oceanside",
            "artist": "Lainey Lou",
            "id": 3023862
        },
        {
            "name": "Craigie Hill",
            "artist": "Cara Dillon",
            "id": 17110575
        },
        {
            "name": "Psyche",
            "artist": "Chris Spheeris",
            "id": 1144367
        },
        {
            "name": "Will",
            "artist": "梶浦由記",
            "id": 591321
        }
    ]
}