{
    "playlist_info": {
        "name": "『纯音乐』深夜/助眠/轻缓",
        "trackcount": 738,
        "playcount": 34640,
        "creator": "思念忘穿秋水",
        "createDate": "2019-03-14",
        "heat": 22.0
    },
    "songs": [
        {
            "name": "春.",
            "artist": "四月",
            "id": 1838825171
        },
        {
            "name": "Want to See Hori（堀与宫村）",
            "artist": "Hemac.",
            "id": 1936308503
        },
        {
            "name": "The Wake Up",
            "artist": "Will McNicol",
            "id": 28257516
        },
        {
            "name": "夏日约定",
            "artist": "JINBAO",
            "id": 1944651935
        },
        {
            "name": "The Campfire",
            "artist": "Peder B. Helland",
            "id": 1497056948
        },
        {
            "name": "Goodnight Moon(晚安月亮)",
            "artist": "dylanf",
            "id": 1483503842
        },
        {
            "name": "kimidoll",
            "artist": "nunu",
            "id": 3204376
        },
        {
            "name": "Ghosts and Bad Luck Birds",
            "artist": "Robert J. P. Oberg",
            "id": 1924527
        },
        {
            "name": "国境以南",
            "artist": "隔壁大王",
            "id": 1996933836
        },
        {
            "name": "你站的地方风吹过来都是暖的",
            "artist": "Wanque",
            "id": 1983669551
        },
        {
            "name": "Progress",
            "artist": "Ever So Blue",
            "id": 1374617389
        },
        {
            "name": "窗外，阳光正好",
            "artist": "Melody_Fall",
            "id": 1898528800
        },
        {
            "name": "曲院风荷",
            "artist": "JINBAO",
            "id": 1944650039
        },
        {
            "name": "掠过我",
            "artist": "沈奕秋",
            "id": 1837010479
        },
        {
            "name": "Sunny Mornings",
            "artist": "Peder B. Helland",
            "id": 1456445892
        },
        {
            "name": "Epilogue",
            "artist": "Ólafur Arnalds",
            "id": 1821477965
        },
        {
            "name": "Reflections",
            "artist": "Artem Yegorov",
            "id": 434659283
        },
        {
            "name": "花开时",
            "artist": "JINBAO",
            "id": 1428348972
        },
        {
            "name": "0952",
            "artist": "Ólafur Arnalds",
            "id": 16139378
        },
        {
            "name": "Papillon",
            "artist": "Secret Garden",
            "id": 1446768346
        },
        {
            "name": "Abundance of the Heart",
            "artist": "Rachel Currea",
            "id": 35403087
        },
        {
            "name": "Dear Gogh",
            "artist": "小瀬村晶",
            "id": 1975304314
        },
        {
            "name": "ᯤ",
            "artist": "Quadrant Shield Music",
            "id": 1952451539
        },
        {
            "name": "夏天藏着的秘密",
            "artist": "森水垚",
            "id": 1816000461
        },
        {
            "name": "Sui",
            "artist": "Hideyuki Hashimoto",
            "id": 1849831291
        },
        {
            "name": "Ariana",
            "artist": "Tony Anderson",
            "id": 1405421750
        },
        {
            "name": "Familiar Arms",
            "artist": "横山克",
            "id": 1901714434
        },
        {
            "name": "vinland(remastered)",
            "artist": "mamomo",
            "id": 1813819110
        },
        {
            "name": "Infatuation",
            "artist": "Robert J. P. Oberg",
            "id": 1924515
        },
        {
            "name": "Little by little, I noticed",
            "artist": "A Cerulean State",
            "id": 443875999
        },
        {
            "name": "和风赴你",
            "artist": "三石阿",
            "id": 1914067702
        },
        {
            "name": "Night Star",
            "artist": "Volta",
            "id": 1932537451
        },
        {
            "name": "さえた星空",
            "artist": "余日秋山",
            "id": 1908118438
        },
        {
            "name": "Meditation Monoman",
            "artist": "Monoman",
            "id": 1808187608
        },
        {
            "name": "If I could",
            "artist": "洛仃洋",
            "id": 1345692093
        },
        {
            "name": "Drizzle",
            "artist": "α·Pav",
            "id": 1869194556
        },
        {
            "name": "Home",
            "artist": "Ever So Blue",
            "id": 1948032680
        },
        {
            "name": "For 1",
            "artist": "hideyuki hashimoto",
            "id": 1968944415
        },
        {
            "name": "Letters",
            "artist": "Ever So Blue",
            "id": 1987631813
        },
        {
            "name": "平静的生活",
            "artist": "JINBAO",
            "id": 1410211913
        },
        {
            "name": "Beautiful Creatures (Julien Marchal Piano Cover)",
            "artist": "ILLENIUM",
            "id": 525239427
        },
        {
            "name": "ユーフォリア",
            "artist": "窪田ミナ",
            "id": 26212410
        },
        {
            "name": "青衣",
            "artist": "九鸢Music",
            "id": 1371721382
        },
        {
            "name": "Beginners",
            "artist": "Sleep Music Guys from I'm In Records",
            "id": 1356220549
        },
        {
            "name": "Sketches",
            "artist": "Ever So Blue",
            "id": 1932966998
        },
        {
            "name": "Ava",
            "artist": "Kasper Schill",
            "id": 1300678808
        },
        {
            "name": "Up Close",
            "artist": "Christoffer Franzen",
            "id": 567413899
        },
        {
            "name": "孤独",
            "artist": "拿花负荷",
            "id": 1841260391
        },
        {
            "name": "Ripples",
            "artist": "Sean Oban",
            "id": 1805817475
        },
        {
            "name": "You are not alone(星星伴你)",
            "artist": "dylanf",
            "id": 1816501009
        },
        {
            "name": "白云朵之味",
            "artist": "陈越龙",
            "id": 1821851025
        },
        {
            "name": "Flomé",
            "artist": "Otto A Totland",
            "id": 28245315
        },
        {
            "name": "Vladimir's Blues",
            "artist": "Michael Forster",
            "id": 531577024
        },
        {
            "name": "adrift",
            "artist": "BigRicePiano",
            "id": 1852036202
        },
        {
            "name": "Foolish Little Secrets",
            "artist": "Robert J. P. Oberg",
            "id": 1924479
        },
        {
            "name": "Smile",
            "artist": "Tomppabeats",
            "id": 412175389
        },
        {
            "name": "遥远的地方",
            "artist": "UM",
            "id": 1870088518
        },
        {
            "name": "Vagrant Poet",
            "artist": "洛仃洋",
            "id": 1349618169
        },
        {
            "name": "Star in your dream(星河入梦)",
            "artist": "dylanf",
            "id": 1487256705
        },
        {
            "name": "iced tea for breakfast",
            "artist": "In Love With A Ghost",
            "id": 549304082
        },
        {
            "name": "虫鸣夜的海滩",
            "artist": "何石",
            "id": 1361367647
        },
        {
            "name": "半夏",
            "artist": "十指流玉",
            "id": 475584898
        },
        {
            "name": "三葉のテーマ（三叶的主题曲）（翻自 野田洋次郎）",
            "artist": "柳轻颂",
            "id": 1457279984
        },
        {
            "name": "ki",
            "artist": "hideyuki hashimoto",
            "id": 28679464
        },
        {
            "name": "Disappear in Light",
            "artist": "Equal Stones",
            "id": 29406314
        },
        {
            "name": "Looking for a star",
            "artist": "Kryust",
            "id": 1927994066
        },
        {
            "name": "Forgetting, Almost",
            "artist": "Mike Lazarev",
            "id": 1435412026
        },
        {
            "name": "Gymnopedie No.1",
            "artist": "Erik Satie",
            "id": 1436101985
        },
        {
            "name": "StarFalling City",
            "artist": "潘玺帆 PorridgePXF",
            "id": 1321158515
        },
        {
            "name": "Rose Petals",
            "artist": "Peder B. Helland",
            "id": 1393394355
        },
        {
            "name": "Solêr",
            "artist": "Otto A Totland",
            "id": 28245305
        },
        {
            "name": "星月夜",
            "artist": "忍",
            "id": 28556007
        },
        {
            "name": "それぞれの食卓",
            "artist": "Paniyolo",
            "id": 1342711139
        },
        {
            "name": "那一片树叶",
            "artist": "MUSE XHIRO",
            "id": 1383196260
        },
        {
            "name": "Love Letter",
            "artist": "Kryust",
            "id": 1867529146
        },
        {
            "name": "Seven Days Walking / Day 1:Matches",
            "artist": "Ludovico Einaudi",
            "id": 1351917743
        },
        {
            "name": "静かに見る「静观」",
            "artist": "时空储蓄罐",
            "id": 1808229490
        },
        {
            "name": "Trust",
            "artist": "Robert J. P. Oberg",
            "id": 28850311
        },
        {
            "name": "다시 만날때까지",
            "artist": "My Little Memory",
            "id": 27804622
        },
        {
            "name": "TREE",
            "artist": "Ólafur Arnalds",
            "id": 1876984992
        },
        {
            "name": "甜蜜的雨",
            "artist": "N.K.杨凯",
            "id": 1390414631
        },
        {
            "name": "Fading Memories",
            "artist": "Polaranica",
            "id": 1882181042
        },
        {
            "name": "折叶笼花",
            "artist": "雁夜风",
            "id": 1904142246
        },
        {
            "name": "Untouched Rainforest, Pt.2",
            "artist": "小瀬村晶",
            "id": 1947008223
        },
        {
            "name": "Life Goes On",
            "artist": "Illuminine",
            "id": 1921426538
        },
        {
            "name": "But you're already gone",
            "artist": "Xeuphoria",
            "id": 436355381
        },
        {
            "name": "晚风",
            "artist": "Kryust",
            "id": 1808325947
        },
        {
            "name": "Music for Reading",
            "artist": "Piano Peace",
            "id": 1339855883
        },
        {
            "name": "hajimari",
            "artist": "hideyuki hashimoto",
            "id": 28679438
        },
        {
            "name": "One of Those Days",
            "artist": "Xeuphoria",
            "id": 500684082
        },
        {
            "name": "Borderland Sorrows",
            "artist": "Slow Meadow",
            "id": 520401046
        },
        {
            "name": "花梦旅人",
            "artist": "世间满樱花",
            "id": 427017519
        },
        {
            "name": "Ethereal",
            "artist": "Bruno Bavota",
            "id": 1866654063
        },
        {
            "name": "初秋",
            "artist": "尚先生",
            "id": 1477096433
        },
        {
            "name": "Disappointment",
            "artist": "IYP-UK",
            "id": 1412281310
        },
        {
            "name": "夢の歩みを見上げて",
            "artist": "松本文紀",
            "id": 399367379
        },
        {
            "name": "拾忆（唯美钢琴版）（翻自 赵世聪） ",
            "artist": "李好",
            "id": 1310361916
        },
        {
            "name": "Love Theme",
            "artist": "July",
            "id": 26127160
        },
        {
            "name": "冬会初雪",
            "artist": "钰见·梵星",
            "id": 1808380933
        },
        {
            "name": "04:01",
            "artist": "Xeuphoria",
            "id": 1862975541
        },
        {
            "name": "Sweet Hope",
            "artist": "Megan Wofford",
            "id": 1419159767
        },
        {
            "name": "Low Mist Var. 1",
            "artist": "Ludovico Einaudi",
            "id": 1359710350
        },
        {
            "name": "Trees",
            "artist": "Matti Bye",
            "id": 1448447324
        },
        {
            "name": "伝える勇気があったなら",
            "artist": "吟",
            "id": 435289268
        },
        {
            "name": "菜穂子(出会い)",
            "artist": "久石譲",
            "id": 26902978
        },
        {
            "name": "Beginning",
            "artist": "Megan Wofford",
            "id": 1447685085
        },
        {
            "name": "一整碗的 · 雲",
            "artist": "一束",
            "id": 1878255657
        },
        {
            "name": "And This Is How It Ends",
            "artist": "Daigo Hanada",
            "id": 521417938
        },
        {
            "name": "繁星似锦，终有归途",
            "artist": "Esther",
            "id": 1437807056
        },
        {
            "name": "939号星球员",
            "artist": "MisssszDy",
            "id": 1838084350
        },
        {
            "name": "晚风中的蝉",
            "artist": "Hea2t",
            "id": 1831053839
        },
        {
            "name": "一小阵雨",
            "artist": "英褀",
            "id": 1815713614
        },
        {
            "name": "Letter From Heaven",
            "artist": "吉俣良",
            "id": 540491
        },
        {
            "name": "η",
            "artist": "α·Pav",
            "id": 29137871
        },
        {
            "name": "All My Joy, All My Pain",
            "artist": "Fabrizio Paterlini",
            "id": 539046127
        },
        {
            "name": "Feeling Alone in a Room Full of People",
            "artist": "Xeuphoria",
            "id": 520398068
        },
        {
            "name": "last",
            "artist": "MUSE XHIRO",
            "id": 1379150012
        },
        {
            "name": "norway",
            "artist": "菅野よう子",
            "id": 26402040
        },
        {
            "name": "The Weight Of Fear",
            "artist": "Peter Cavallo",
            "id": 1446764770
        },
        {
            "name": "Cherry Blossom",
            "artist": "October",
            "id": 28912653
        },
        {
            "name": "The Lost",
            "artist": "Otto A Totland",
            "id": 522354238
        },
        {
            "name": "End Of Hearing",
            "artist": "珂维",
            "id": 864479650
        },
        {
            "name": "W a r m。",
            "artist": "西",
            "id": 1886422710
        },
        {
            "name": "风と共に目覚め",
            "artist": "World's End Girlfriend",
            "id": 22736239
        },
        {
            "name": "I Will Remember",
            "artist": "Peder B. Helland",
            "id": 1393394357
        },
        {
            "name": "Something must have been changed since you leave",
            "artist": "SimorE",
            "id": 458321961
        },
        {
            "name": "Toi",
            "artist": "hideyuki hashimoto",
            "id": 1915160095
        },
        {
            "name": "흐르는 시간",
            "artist": "Valuable Time",
            "id": 1355897829
        },
        {
            "name": "Sometimes",
            "artist": "Goldmund",
            "id": 37132776
        },
        {
            "name": "Improv #10 - One Last Thought",
            "artist": "The Daydream Club",
            "id": 1322134978
        },
        {
            "name": "Change",
            "artist": "Clem Leek",
            "id": 1306009961
        },
        {
            "name": "saman",
            "artist": "Ólafur Arnalds",
            "id": 1938197719
        },
        {
            "name": "Ro To",
            "artist": "Otto A Totland",
            "id": 28245310
        },
        {
            "name": "南极星",
            "artist": "视星等",
            "id": 1321947842
        },
        {
            "name": "远枫 Acoustic",
            "artist": "himmel",
            "id": 1339763794
        },
        {
            "name": "Haaaappy",
            "artist": "格里特",
            "id": 570256344
        },
        {
            "name": "Seven Days Walking / Day 1:A Sense of Symmetry",
            "artist": "Ludovico Einaudi",
            "id": 1351917746
        },
        {
            "name": "11：30PM",
            "artist": "斑的马",
            "id": 1867612914
        },
        {
            "name": "Finding Paradise (Preview)",
            "artist": "Kan R. Gao",
            "id": 29827498
        },
        {
            "name": "One.",
            "artist": "Goldmund",
            "id": 2640765
        },
        {
            "name": "晓",
            "artist": "TAVOS",
            "id": 1811044038
        },
        {
            "name": "风消失的远方，风铃音回荡。",
            "artist": "今人落淚",
            "id": 1483859777
        },
        {
            "name": "潮夕",
            "artist": "何石",
            "id": 1325711846
        },
        {
            "name": "Epiphany (From \"Soul\"/Score)",
            "artist": "Trent Reznor",
            "id": 1805265598
        },
        {
            "name": "In Ordina",
            "artist": "Tristan Eckerson",
            "id": 1392083819
        },
        {
            "name": "Chasing Stars",
            "artist": "Moux",
            "id": 1416483074
        },
        {
            "name": "剩下的话就留在秋天说吧",
            "artist": "万能日记",
            "id": 1470557031
        },
        {
            "name": "My Lovely Lady",
            "artist": "Dennis Kuo",
            "id": 1476256487
        },
        {
            "name": "有风的日子",
            "artist": "云佩",
            "id": 1813331245
        },
        {
            "name": "Last Days",
            "artist": "吉田靖",
            "id": 439911467
        },
        {
            "name": "我 在 時 間 尽 头 等 你",
            "artist": "三石阿",
            "id": 1501139180
        },
        {
            "name": "Onthou",
            "artist": "Ever So Blue",
            "id": 1447685080
        },
        {
            "name": "Goodnight Star(晚安星星)",
            "artist": "dylanf",
            "id": 1483741960
        },
        {
            "name": "晚安",
            "artist": "鹿先森乐队",
            "id": 439122551
        },
        {
            "name": "Alter",
            "artist": "小瀬村晶",
            "id": 1854373137
        },
        {
            "name": "Seul",
            "artist": "Steve Gibbs",
            "id": 563045131
        },
        {
            "name": "樱（cherry blossoms）",
            "artist": "陈越龙",
            "id": 1926964564
        },
        {
            "name": "梦",
            "artist": "鹿先森乐队",
            "id": 1474653297
        },
        {
            "name": "若初见",
            "artist": "柳不贰",
            "id": 1866300964
        },
        {
            "name": "Semolina",
            "artist": "Slow Meadow",
            "id": 574103018
        },
        {
            "name": "Life and loss",
            "artist": "Luke Faulkner",
            "id": 1444757841
        },
        {
            "name": "Les étoiles défilantes",
            "artist": "Jordane Tumarinson",
            "id": 1465211967
        },
        {
            "name": "ººººººººº",
            "artist": "西",
            "id": 1894325840
        },
        {
            "name": "做个好梦",
            "artist": "榭季生",
            "id": 1830866578
        },
        {
            "name": "秋天的雨",
            "artist": "爱乱跑的馒头",
            "id": 1481643605
        },
        {
            "name": "You and Me",
            "artist": "小瀬村晶",
            "id": 1930226363
        },
        {
            "name": "忙しい生活「人山人海」",
            "artist": "时空储蓄罐",
            "id": 1877526024
        },
        {
            "name": "野兰月下",
            "artist": "eigenTunes亦听",
            "id": 1443355358
        },
        {
            "name": "一分钟的晚安",
            "artist": "L1ama",
            "id": 1427136617
        },
        {
            "name": "おやすみナナ",
            "artist": "長谷川智樹",
            "id": 429554
        },
        {
            "name": "岑月",
            "artist": "月下散落出世",
            "id": 1806541302
        },
        {
            "name": "失散的城市",
            "artist": "武言圣",
            "id": 1368868337
        },
        {
            "name": "Prologue",
            "artist": "小瀬村晶",
            "id": 1930226352
        },
        {
            "name": "eau",
            "artist": "yutaka hirasaka",
            "id": 29535887
        },
        {
            "name": "Fractal",
            "artist": "hideyuki hashimoto",
            "id": 1918330781
        },
        {
            "name": "The Principle",
            "artist": "牛尾憲輔",
            "id": 1354616267
        },
        {
            "name": "Awake",
            "artist": "Megan Wofford",
            "id": 1390026905
        },
        {
            "name": "As She Passes",
            "artist": "Levi Patel",
            "id": 470759019
        },
        {
            "name": "☾",
            "artist": "沙皮",
            "id": 1348688293
        },
        {
            "name": "Calme",
            "artist": "Ever So Blue",
            "id": 1831476858
        },
        {
            "name": "Rain In The Spring Time (Piano Arrangement)",
            "artist": "Shin Giwon Piano",
            "id": 1498317232
        },
        {
            "name": "伝えたい気持ち",
            "artist": "松谷卓",
            "id": 468800
        },
        {
            "name": "Bluss",
            "artist": "Otto A Totland",
            "id": 28245314
        },
        {
            "name": "小さな日伞と赤いスカーフ",
            "artist": "ハム",
            "id": 729232
        },
        {
            "name": "きっと彼女は。",
            "artist": "石濱翔",
            "id": 26629683
        },
        {
            "name": "glassware",
            "artist": "麻枝准",
            "id": 760276
        },
        {
            "name": "The Highest Step in the World",
            "artist": "Adam Young",
            "id": 423406205
        },
        {
            "name": "Sea Change",
            "artist": "Stephan Moccio",
            "id": 1448422804
        },
        {
            "name": "Patchwork",
            "artist": "Ever So Blue",
            "id": 1462707938
        },
        {
            "name": "Neon Dawn",
            "artist": "Otto A Totland",
            "id": 522352210
        },
        {
            "name": "Poland",
            "artist": "Ólafur Arnalds",
            "id": 1807649
        },
        {
            "name": "桜乃 -City of fairy tale-",
            "artist": "冨田敦",
            "id": 4925681
        },
        {
            "name": "花によせて",
            "artist": "広橋真紀子",
            "id": 577887
        },
        {
            "name": "グッド・フォー・ユー",
            "artist": "光宗信吉",
            "id": 29822823
        },
        {
            "name": "殻ノ少女",
            "artist": "MANYO",
            "id": 28466105
        },
        {
            "name": "さくら slow version",
            "artist": "安瀬聖",
            "id": 31209480
        },
        {
            "name": "君想う、星屑の空。",
            "artist": "妹尾武",
            "id": 28411779
        },
        {
            "name": "優しい人",
            "artist": "やなぎなぎ",
            "id": 571059435
        },
        {
            "name": "Memory",
            "artist": "耸耸肩膀",
            "id": 1417160306
        },
        {
            "name": "託された想い",
            "artist": "増田俊郎",
            "id": 28411043
        },
        {
            "name": "Tears˚‧º",
            "artist": "Alice",
            "id": 1874973491
        },
        {
            "name": "The Obscure Streets of Montmartre",
            "artist": "Laurence Ipsum",
            "id": 1345131252
        },
        {
            "name": "河畔谧语",
            "artist": "沐灵仙",
            "id": 1470987710
        },
        {
            "name": "☆═━┈",
            "artist": "美 梦 领 取 屋",
            "id": 1855221458
        },
        {
            "name": "会有新的花，新的叶，会有其他温柔的日子",
            "artist": "米酒",
            "id": 1480334726
        },
        {
            "name": "Air Molecules",
            "artist": "yutaka hirasaka",
            "id": 1488560428
        },
        {
            "name": "Wavering Heart",
            "artist": "小瀬村晶",
            "id": 1449953482
        },
        {
            "name": "在风里",
            "artist": "Kryust",
            "id": 1879127633
        },
        {
            "name": "蝉时雨",
            "artist": "林鹿言",
            "id": 1446278992
        },
        {
            "name": "By Night",
            "artist": "小瀬村晶",
            "id": 1498595328
        },
        {
            "name": "扉の向こう",
            "artist": "松谷卓",
            "id": 494865337
        },
        {
            "name": "荒川之月",
            "artist": "忘乡",
            "id": 1860122134
        },
        {
            "name": "海鸥的夏天",
            "artist": "何石",
            "id": 1832606560
        },
        {
            "name": "火车窗外的云岛下",
            "artist": "陈越龙",
            "id": 1821851036
        },
        {
            "name": "ฅ . . ฅ",
            "artist": "福合埕在逃牛肉丸",
            "id": 1472580326
        },
        {
            "name": "noʎ ssı̣ɯ I",
            "artist": "拿花负荷",
            "id": 1855217886
        },
        {
            "name": "在流星消失前许愿",
            "artist": "拾光",
            "id": 1817702891
        },
        {
            "name": "残滓",
            "artist": "mamomo",
            "id": 1811161425
        },
        {
            "name": "苔痕·尚绿",
            "artist": "関立",
            "id": 1825317102
        },
        {
            "name": "Fermentum Familiam",
            "artist": "横山克",
            "id": 28285268
        },
        {
            "name": "Adieu",
            "artist": "5mg",
            "id": 550153
        },
        {
            "name": "イノセント",
            "artist": "秋山裕和",
            "id": 33735981
        },
        {
            "name": "睡前故事(outro)",
            "artist": "拾光",
            "id": 1818353447
        },
        {
            "name": "微风轻起，我喜欢你",
            "artist": "马路通",
            "id": 555422283
        },
        {
            "name": "亲爱",
            "artist": "上松範康",
            "id": 536055
        },
        {
            "name": "Oceans Apart",
            "artist": "Ben Crosland",
            "id": 1447681816
        },
        {
            "name": "寻",
            "artist": "小vie",
            "id": 440796901
        },
        {
            "name": "You",
            "artist": "小瀬村晶",
            "id": 458238835
        },
        {
            "name": "みくるのこころ",
            "artist": "神前暁",
            "id": 32451618
        },
        {
            "name": "Asymptote",
            "artist": "小瀬村晶",
            "id": 1434227323
        },
        {
            "name": "Passing Through",
            "artist": "Ben Crosland",
            "id": 1452578372
        },
        {
            "name": "Then",
            "artist": "Goldmund",
            "id": 2640736
        },
        {
            "name": "約束",
            "artist": "松谷卓",
            "id": 494865356
        },
        {
            "name": "Changing Winds",
            "artist": "Alexandra Streliski",
            "id": 1315662263
        },
        {
            "name": "☽",
            "artist": "美 梦 领 取 屋",
            "id": 1855221502
        },
        {
            "name": "Snowy Moon",
            "artist": "彭柏德",
            "id": 1820396740
        },
        {
            "name": "夏日午后时",
            "artist": "陈越龙",
            "id": 1830493066
        },
        {
            "name": "Melody",
            "artist": "Hideyuki Hashimoto",
            "id": 1815122924
        },
        {
            "name": "Parhelia",
            "artist": "Goldmund",
            "id": 2640854
        },
        {
            "name": "The Morning Star",
            "artist": "Danny Norbury",
            "id": 1285092
        },
        {
            "name": "Farewell",
            "artist": "小瀬村晶",
            "id": 416554201
        },
        {
            "name": "Tingél",
            "artist": "Otto A Totland",
            "id": 522352211
        },
        {
            "name": "Lag Fyrir Ömmu",
            "artist": "Ólafur Arnalds",
            "id": 16139396
        },
        {
            "name": "夏、バス停、君を待つ",
            "artist": "ヨルシカ",
            "id": 557581318
        },
        {
            "name": "Regret",
            "artist": "水月陵",
            "id": 523035907
        },
        {
            "name": "Memory",
            "artist": "张宏宇Encore",
            "id": 503648074
        },
        {
            "name": "❆",
            "artist": "HOPERUI",
            "id": 1453220628
        },
        {
            "name": "Sweet",
            "artist": "LL Kids Nursery Rhymes",
            "id": 1344370064
        },
        {
            "name": "Mind Music",
            "artist": "Piano Peace",
            "id": 1339215944
        },
        {
            "name": "夕时雨",
            "artist": "EinWil",
            "id": 1826675987
        },
        {
            "name": "For When You Are Alone",
            "artist": "Xeuphoria",
            "id": 421148106
        },
        {
            "name": "柔惘的梦",
            "artist": "月下散落出世",
            "id": 1386523832
        },
        {
            "name": "七月Inside the Hut",
            "artist": "陈越龙",
            "id": 1865240766
        },
        {
            "name": "Great Lullaby That Mom Used To Sing (1)",
            "artist": "Great Sleep Piano Lullaby",
            "id": 1351994093
        },
        {
            "name": "Good Night Frankie",
            "artist": "Maria Holloway",
            "id": 1344877463
        },
        {
            "name": "冬忆",
            "artist": "Beqira",
            "id": 1845178347
        },
        {
            "name": "一切都会好起来的，对吗",
            "artist": "蒋六多",
            "id": 1421710362
        },
        {
            "name": "オルゴールの记忆",
            "artist": "光宗信吉",
            "id": 471415
        },
        {
            "name": "Dearly Beloved",
            "artist": "下村陽子",
            "id": 27511956
        },
        {
            "name": "hora,初夏",
            "artist": "陈越龙",
            "id": 1857630331
        },
        {
            "name": "并没有下雨",
            "artist": "沙皮",
            "id": 485698566
        },
        {
            "name": "Starry Sky(满天星河)",
            "artist": "dylanf",
            "id": 1812282112
        },
        {
            "name": "with me, with you",
            "artist": "Moux",
            "id": 1842929743
        },
        {
            "name": "恋、それは幻 (guitar version)",
            "artist": "松谷卓",
            "id": 469212
        },
        {
            "name": "陽暮れて家路近くありせば",
            "artist": "伊賀拓郎",
            "id": 488388700
        },
        {
            "name": "下雨天Piano ver.",
            "artist": "锦鲤",
            "id": 1424621347
        },
        {
            "name": "夏夜的记忆",
            "artist": "沐灵仙",
            "id": 1469001157
        },
        {
            "name": "夢ちょうちん",
            "artist": "春野杉卉",
            "id": 1815467117
        },
        {
            "name": "ゆめのおわりに",
            "artist": "Foxtail-Grass Studio",
            "id": 730690
        },
        {
            "name": "zero hour",
            "artist": "梶浦由記",
            "id": 28242604
        },
        {
            "name": "Le Tunnel",
            "artist": "Sylvain Chauveau",
            "id": 19077214
        },
        {
            "name": "奈々生・母が託した想い",
            "artist": "増田俊郎",
            "id": 31370117
        },
        {
            "name": "あこがれ",
            "artist": "岩崎元是",
            "id": 28457502
        },
        {
            "name": "✧",
            "artist": "UM",
            "id": 1814308366
        },
        {
            "name": "手つかずの感情",
            "artist": "中山真斗",
            "id": 26215042
        },
        {
            "name": "归梦",
            "artist": "星云琴语",
            "id": 1437648216
        },
        {
            "name": "私の嘘～PianoSolo",
            "artist": "横山克",
            "id": 30245042
        },
        {
            "name": "On Saturday",
            "artist": "尚先生",
            "id": 456980344
        },
        {
            "name": "Palpitation!",
            "artist": "梶浦由記",
            "id": 28695291
        },
        {
            "name": "first love impression",
            "artist": "松田彬人",
            "id": 4946878
        },
        {
            "name": "森林自习室",
            "artist": "森水垚",
            "id": 1481551217
        },
        {
            "name": "Second Season～出会い～",
            "artist": "Choro Club",
            "id": 29463925
        },
        {
            "name": "Last Train Home - Twinkle Train Take Us Home",
            "artist": "麗美",
            "id": 27671041
        },
        {
            "name": "かえりみち",
            "artist": "ゴンチチ",
            "id": 757773
        },
        {
            "name": "涼風",
            "artist": "春野杉卉",
            "id": 1487468465
        },
        {
            "name": "Gymnopedie Nr. 1",
            "artist": "Martin Ermen",
            "id": 20110046
        },
        {
            "name": "3人でいる時間",
            "artist": "北川勝利",
            "id": 32857643
        },
        {
            "name": "Gaze",
            "artist": "Moux",
            "id": 1416480956
        },
        {
            "name": "朝 -short version-",
            "artist": "ゴンチチ",
            "id": 757779
        },
        {
            "name": "山谷的回声",
            "artist": "春野杉卉",
            "id": 1466685297
        },
        {
            "name": "届かぬ想い",
            "artist": "出羽良彰",
            "id": 28468122
        },
        {
            "name": "Smile Again",
            "artist": "妹尾武",
            "id": 26212417
        },
        {
            "name": "Kids Drinking Wine",
            "artist": "MZ92",
            "id": 1434404889
        },
        {
            "name": "东京日和",
            "artist": "大貫妙子",
            "id": 4882902
        },
        {
            "name": "Koto",
            "artist": "Hideyuki Hashimoto",
            "id": 1809393569
        },
        {
            "name": "þÚ Ert Jörðin",
            "artist": "Ólafur Arnalds",
            "id": 16139399
        },
        {
            "name": "Close Your Eyes (Acoustic)",
            "artist": "Aron Bergen",
            "id": 1341504277
        },
        {
            "name": "Track in Time (Piano Version)",
            "artist": "Dennis Kuo",
            "id": 1811909303
        },
        {
            "name": "Born a Stranger（slow）",
            "artist": "Lerge",
            "id": 455634241
        },
        {
            "name": "Seven Days Walking / Day 1:Low Mist",
            "artist": "Ludovico Einaudi",
            "id": 1351917742
        },
        {
            "name": "Tomorrow's Song",
            "artist": "Ólafur Arnalds",
            "id": 16139394
        },
        {
            "name": "Alive",
            "artist": "Organic Stereo",
            "id": 486320
        },
        {
            "name": "ちょうど君が好きだ",
            "artist": "春野杉卉",
            "id": 1413841440
        },
        {
            "name": "秋空",
            "artist": "mamomo",
            "id": 568207525
        },
        {
            "name": "落叶",
            "artist": "JINBAO",
            "id": 1483222436
        },
        {
            "name": "True North",
            "artist": "Trevor Kowalski",
            "id": 1341401269
        },
        {
            "name": "覚えていてね",
            "artist": "solfa",
            "id": 1336967359
        },
        {
            "name": "当我再次遇见你",
            "artist": "拾光",
            "id": 1825035396
        },
        {
            "name": "Marching Through Georgia",
            "artist": "Goldmund",
            "id": 2640823
        },
        {
            "name": "Fawre",
            "artist": "Saiakoup",
            "id": 1414078277
        },
        {
            "name": "Koko",
            "artist": "坂本龍一",
            "id": 27583401
        },
        {
            "name": "La polvere e l'incanto",
            "artist": "Fabrizio Paterlini",
            "id": 1369989
        },
        {
            "name": "落桂",
            "artist": "羽叶小仓",
            "id": 1490169315
        },
        {
            "name": "すりぬける心",
            "artist": "渡辺善太郎",
            "id": 28445800
        },
        {
            "name": "No One - Guitar & Strings Quartet version -",
            "artist": "木村秀彬",
            "id": 30854798
        },
        {
            "name": "반짝이는 그대에게",
            "artist": "全秀妍",
            "id": 5356108
        },
        {
            "name": "Delicate Transitions",
            "artist": "Gavin Luke",
            "id": 1302186848
        },
        {
            "name": "白ゆきの独白",
            "artist": "n-buna",
            "id": 422790938
        },
        {
            "name": "Saudade (When We Are Born)",
            "artist": "Ólafur Arnalds",
            "id": 1852217984
        },
        {
            "name": "傷",
            "artist": "岩井俊二",
            "id": 26489051
        },
        {
            "name": "たったひとりの人",
            "artist": "得田真裕",
            "id": 404184764
        },
        {
            "name": "Lounge Music#2<M-63>",
            "artist": "矢野立美",
            "id": 476631981
        },
        {
            "name": "桜の廊下のあなた",
            "artist": "春野杉卉",
            "id": 1417540948
        },
        {
            "name": "简单",
            "artist": "吴宇深",
            "id": 523212648
        },
        {
            "name": "Touch the starlight",
            "artist": "Funton",
            "id": 1337350239
        },
        {
            "name": "火宵の月・テーマ~ピアノソロ",
            "artist": "中村由利子",
            "id": 625671
        },
        {
            "name": "Ágúst",
            "artist": "Ólafur Arnalds",
            "id": 16139395
        },
        {
            "name": "不要为我的死而悲伤",
            "artist": "叶轻衣",
            "id": 1442818173
        },
        {
            "name": "Gyménopédie N°1",
            "artist": "Ophélie Gaillard",
            "id": 29150369
        },
        {
            "name": "秋叶",
            "artist": "文武贝",
            "id": 40257849
        },
        {
            "name": "Love Theme",
            "artist": "小瀬村晶",
            "id": 26135327
        },
        {
            "name": "KAMAKURA_01",
            "artist": "mamomo",
            "id": 1452665699
        },
        {
            "name": "Lavender Hills",
            "artist": "Brian Crain",
            "id": 1091776
        },
        {
            "name": "Morning Prayer",
            "artist": "Brad Jacobsen",
            "id": 28661565
        },
        {
            "name": "别 在 凌 晨 的 雨 里 想 念",
            "artist": "夜行双面猫",
            "id": 1401055478
        },
        {
            "name": "繋ぎとめた世界",
            "artist": "黒須克彦",
            "id": 32857651
        },
        {
            "name": "君がいる",
            "artist": "横山克",
            "id": 30245070
        },
        {
            "name": "Travelling",
            "artist": "Goldmund",
            "id": 37132784
        },
        {
            "name": "Bluebird",
            "artist": "Alexis Ffrench",
            "id": 507924568
        },
        {
            "name": "彼方的天空（Piano ver.）",
            "artist": "Melody_Fall",
            "id": 1410878651
        },
        {
            "name": "最初的感觉",
            "artist": "老鹰",
            "id": 1468478614
        },
        {
            "name": "春夜、雨を喜ぶ - メインテーマ",
            "artist": "小瀬村晶",
            "id": 1331298984
        },
        {
            "name": "春末黯芳",
            "artist": "月下散落出世",
            "id": 1361867090
        },
        {
            "name": "Always",
            "artist": "Peder B. Helland",
            "id": 1393394353
        },
        {
            "name": "相合傘",
            "artist": "橋本由香利",
            "id": 29953750
        },
        {
            "name": "North Way",
            "artist": "Otto A Totland",
            "id": 28245311
        },
        {
            "name": "過ぎ去りし日々に",
            "artist": "水月陵",
            "id": 28138584
        },
        {
            "name": "Remembering",
            "artist": "Ever So Blue",
            "id": 1478179409
        },
        {
            "name": "Mirror",
            "artist": "Laurence Ipsum",
            "id": 1345133108
        },
        {
            "name": "Sign",
            "artist": "小瀬村晶",
            "id": 399232
        },
        {
            "name": "Dressing",
            "artist": "Marco McKinnis",
            "id": 522320364
        },
        {
            "name": "When the Body Breaks",
            "artist": "Hammock",
            "id": 501467080
        },
        {
            "name": "She said she didn't want to see me",
            "artist": "Xeuphoria",
            "id": 406072704
        },
        {
            "name": "Stille Natt",
            "artist": "Iver Kleive",
            "id": 1003971
        },
        {
            "name": "Earth",
            "artist": "Zak Gott",
            "id": 475073090
        },
        {
            "name": "零",
            "artist": "mamomo",
            "id": 1332439975
        },
        {
            "name": "Shadow Land, Pt. 2",
            "artist": "Federico Albanese",
            "id": 405079251
        },
        {
            "name": "Beginning",
            "artist": "Megan Wofford",
            "id": 1390029100
        },
        {
            "name": "青い森",
            "artist": "出羽良彰",
            "id": 414826614
        },
        {
            "name": "追梦",
            "artist": "路南",
            "id": 1415763518
        },
        {
            "name": "Blue",
            "artist": "李爱恩",
            "id": 1437628059
        },
        {
            "name": "天夜之上 月亮被嚼碎变化作星星",
            "artist": "夜秋",
            "id": 1441589392
        },
        {
            "name": "澄空",
            "artist": "化境",
            "id": 1804162404
        },
        {
            "name": "Cavatina",
            "artist": "Lex Vandyke",
            "id": 2931947
        },
        {
            "name": "Raein",
            "artist": "Ólafur Arnalds",
            "id": 27933791
        },
        {
            "name": "黄昏のゆりかご",
            "artist": "松岡純也",
            "id": 4988864
        },
        {
            "name": "Distance",
            "artist": "Kryust",
            "id": 1497197391
        },
        {
            "name": "Aspen Starlight",
            "artist": "Zachary Bruno",
            "id": 32320833
        },
        {
            "name": "慕然·去来之思",
            "artist": "月下散落出世",
            "id": 1361866576
        },
        {
            "name": "クオリアの想い",
            "artist": "忍",
            "id": 30051479
        },
        {
            "name": "第一幕：梦见",
            "artist": "陈越龙",
            "id": 1482201467
        },
        {
            "name": "さやか M2",
            "artist": "猫野こめっと",
            "id": 515466
        },
        {
            "name": "Shelter (Piano version)",
            "artist": "Porter Robinson",
            "id": 461347460
        },
        {
            "name": "いま,会いにゆきます/時を超えて",
            "artist": "松谷卓",
            "id": 27514069
        },
        {
            "name": "表裏な想い",
            "artist": "出羽良彰",
            "id": 28724485
        },
        {
            "name": "Angels",
            "artist": "Sebastian Plano",
            "id": 27766849
        },
        {
            "name": "皆得所愿 -「祈福」",
            "artist": "时空储蓄罐",
            "id": 1811007409
        },
        {
            "name": "夏の日の思い出",
            "artist": "金子隆博",
            "id": 28568076
        },
        {
            "name": "結衣の決意",
            "artist": "黒須克彦",
            "id": 32857648
        },
        {
            "name": "Undersleep",
            "artist": "Ennuison",
            "id": 529814768
        },
        {
            "name": "春色のワルツ",
            "artist": "妹尾武",
            "id": 28411782
        },
        {
            "name": "Forest",
            "artist": "Zak Gott",
            "id": 475073089
        },
        {
            "name": "夕阳下小心翼翼的你",
            "artist": "拾光",
            "id": 1818352568
        },
        {
            "name": "広々とした青空",
            "artist": "春野杉卉",
            "id": 1413377069
        },
        {
            "name": "夢見草",
            "artist": "BURTON",
            "id": 28949715
        },
        {
            "name": "Нестај",
            "artist": "Esther",
            "id": 1805171828
        },
        {
            "name": "四月的星",
            "artist": "MisssszDy",
            "id": 1834616381
        },
        {
            "name": "神の庭で(remastered)",
            "artist": "mamomo",
            "id": 1811185935
        },
        {
            "name": "落陽",
            "artist": "n-buna",
            "id": 422790937
        },
        {
            "name": "最後の命",
            "artist": "小瀬村晶",
            "id": 29498694
        },
        {
            "name": "我在春日午后的小溪旁遇见你",
            "artist": "B_ML",
            "id": 1440014099
        },
        {
            "name": "私藏心动",
            "artist": "赵楠",
            "id": 1472927518
        },
        {
            "name": "歩いても 歩いても",
            "artist": "ゴンチチ",
            "id": 757761
        },
        {
            "name": "温柔似水",
            "artist": "何石",
            "id": 1361367644
        },
        {
            "name": "雪溶け",
            "artist": "Active Planets",
            "id": 28832069
        },
        {
            "name": "あの时、もし君が振り返ったなら",
            "artist": "戯画",
            "id": 753714
        },
        {
            "name": "Our Journey",
            "artist": "Peder B. Helland",
            "id": 1393393546
        },
        {
            "name": "決意",
            "artist": "春野杉卉",
            "id": 1449387357
        },
        {
            "name": "Voyage",
            "artist": "Hideyuki Hashimoto",
            "id": 1467311188
        },
        {
            "name": "pure heart",
            "artist": "松田彬人",
            "id": 4946902
        },
        {
            "name": "A Forgotten Shade of Life",
            "artist": "Xeuphoria",
            "id": 458507849
        },
        {
            "name": "Little Night III",
            "artist": "Motohiko Hirami",
            "id": 28587915
        },
        {
            "name": "Bright Future",
            "artist": "Peder B. Helland",
            "id": 1393394358
        },
        {
            "name": "Pinô",
            "artist": "Otto A Totland",
            "id": 28245308
        },
        {
            "name": "彼女の笑颜",
            "artist": "SimorE",
            "id": 460368978
        },
        {
            "name": "はないかだ （花阀）",
            "artist": "拿花负荷",
            "id": 1431107903
        },
        {
            "name": "雨上がりの空",
            "artist": "glassmoon",
            "id": 35504049
        },
        {
            "name": "星河清梦",
            "artist": "TLK天翔",
            "id": 1429250789
        },
        {
            "name": "一人之境",
            "artist": "忘乡",
            "id": 1498649082
        },
        {
            "name": "inori",
            "artist": "hideyuki hashimoto",
            "id": 1464394068
        },
        {
            "name": "バラの匂い",
            "artist": "春野杉卉",
            "id": 1471233766
        },
        {
            "name": "春のひだまり",
            "artist": "Angel Note",
            "id": 681974
        },
        {
            "name": "il mare-prologue-",
            "artist": "ハム",
            "id": 729183
        },
        {
            "name": "春を知らせるもの~続 夏目友人帳のテーマ",
            "artist": "吉森信",
            "id": 541928
        },
        {
            "name": "风，吹动我的思念",
            "artist": "换你一包薯条",
            "id": 1816767892
        },
        {
            "name": "Ronan (Originally Performed By Taylor Swift) (Piano Karaoke Version)",
            "artist": "Sing2Piano",
            "id": 1321401442
        },
        {
            "name": "Ich bin Himmel, wenn ich den Himmel liebe (feat. Seraphina Theresa)",
            "artist": "Sergio Díaz De Rojas",
            "id": 522320784
        },
        {
            "name": "方向の風がない",
            "artist": "春野杉卉",
            "id": 1413374286
        },
        {
            "name": "✺",
            "artist": "沙皮",
            "id": 1369504130
        },
        {
            "name": "Cherished",
            "artist": "Robert J. P. Oberg",
            "id": 1924504
        },
        {
            "name": "The Song Of Doremi",
            "artist": "林澜叶",
            "id": 454438494
        },
        {
            "name": "After All This Time",
            "artist": "Mark Souzek",
            "id": 1455005776
        },
        {
            "name": "浅梦与黯光",
            "artist": "鹤见江野",
            "id": 1808350278
        },
        {
            "name": "恋 Strings & Piano ver. [Instrumental]",
            "artist": "星野源",
            "id": 448917334
        },
        {
            "name": "雨",
            "artist": "吴宇深",
            "id": 557969575
        },
        {
            "name": "時代を超える想い",
            "artist": "奏有",
            "id": 408280048
        },
        {
            "name": "Together",
            "artist": "Peder B. Helland",
            "id": 1393394354
        },
        {
            "name": "A Flowing Somberness",
            "artist": "Laurence Ipsum",
            "id": 1345133099
        },
        {
            "name": "Enouement",
            "artist": "Josh Kramer",
            "id": 1463342884
        },
        {
            "name": "第四幕：星星",
            "artist": "陈越龙",
            "id": 1482200749
        },
        {
            "name": "序言(intro)",
            "artist": "拾光",
            "id": 1818353441
        },
        {
            "name": "Child's Christmas Medley (Jolly Old St. Nicholas, Up On the Housetop, Toyland)",
            "artist": "Brad Jacobsen",
            "id": 32337064
        },
        {
            "name": "mure",
            "artist": "hideyuki hashimoto",
            "id": 507585639
        },
        {
            "name": "Right Here Waiting (Piano)",
            "artist": "Basil Jose",
            "id": 1416503119
        },
        {
            "name": "课外授业",
            "artist": "ゴンチチ",
            "id": 757654
        },
        {
            "name": "バラのように咲く",
            "artist": "春野杉卉",
            "id": 1401353320
        },
        {
            "name": "Sky",
            "artist": "Zak Gott",
            "id": 475072093
        },
        {
            "name": "Where The Clouds Go",
            "artist": "Comet Blue",
            "id": 1458184212
        },
        {
            "name": "这就是爱吗",
            "artist": "魏欣宸",
            "id": 1420349595
        },
        {
            "name": "Endings",
            "artist": "Vincent Sparro",
            "id": 1395568363
        },
        {
            "name": "朝露",
            "artist": "北島美奈",
            "id": 427419091
        },
        {
            "name": "你睡了吗",
            "artist": "轩冬Winter-X",
            "id": 1386123048
        },
        {
            "name": "Going Home",
            "artist": "Kan R. Gao",
            "id": 529668947
        },
        {
            "name": "Ljósið",
            "artist": "Ólafur Arnalds",
            "id": 1807771
        },
        {
            "name": "nanonakishirabe",
            "artist": "花江夏樹",
            "id": 427419096
        },
        {
            "name": "ږ⁛",
            "artist": "沙皮",
            "id": 1453891677
        },
        {
            "name": "Ethereal（你望着那个星星般的人时的内心感受）",
            "artist": "十指流玉",
            "id": 1439595341
        },
        {
            "name": "In The Good Times",
            "artist": "忘乡",
            "id": 515715891
        },
        {
            "name": "Streams",
            "artist": "Johannes Bornlöf",
            "id": 1300741700
        },
        {
            "name": "Cascade",
            "artist": "Xeuphoria",
            "id": 1446049591
        },
        {
            "name": "In A Notebook",
            "artist": "Goldmund",
            "id": 18057481
        },
        {
            "name": "朝の光を感じて",
            "artist": "MSKI",
            "id": 1352524666
        },
        {
            "name": "夏陰、ピアノを弾く",
            "artist": "ヨルシカ",
            "id": 487527978
        },
        {
            "name": "O bli hos meg",
            "artist": "Iver Kleive",
            "id": 1003907
        },
        {
            "name": "Les rêves orientaux",
            "artist": "Ozymandias",
            "id": 1808681
        },
        {
            "name": "月色",
            "artist": "CMJ",
            "id": 1394508856
        },
        {
            "name": "かたわれ時（翻自 野田洋次郎）",
            "artist": "奏有",
            "id": 444444075
        },
        {
            "name": "晚霞",
            "artist": "Kryust",
            "id": 1460003986
        },
        {
            "name": "伴 Company",
            "artist": "赖康康",
            "id": 468659357
        },
        {
            "name": "Prelude",
            "artist": "小瀬村晶",
            "id": 416554198
        },
        {
            "name": "haru",
            "artist": "hideyuki hashimoto",
            "id": 1452648923
        },
        {
            "name": "Sand Between Our Fingers",
            "artist": "Comet Blue",
            "id": 1449294513
        },
        {
            "name": "First Sunlight",
            "artist": "Peter Jeremias",
            "id": 36953773
        },
        {
            "name": "光阴的故事~钢琴版~经典校园民谣~让优美的旋律带你回到往昔最美好的时光（翻自 群星） ",
            "artist": "曼曼的钢琴城堡",
            "id": 1431226798
        },
        {
            "name": "双鱼座",
            "artist": "MappleZS",
            "id": 1471504634
        },
        {
            "name": "糸守に東京に（GuitarΠano）",
            "artist": "SimorE",
            "id": 454710238
        },
        {
            "name": "挫けそうになる私を支えてください",
            "artist": "横山克",
            "id": 30245061
        },
        {
            "name": "memories of...",
            "artist": "羽鳥風画",
            "id": 29979542
        },
        {
            "name": "情歌",
            "artist": "姜创钢琴",
            "id": 1416690352
        },
        {
            "name": "Tread Lightly",
            "artist": "Thomasine Robinson",
            "id": 1465821302
        },
        {
            "name": "微凉的倾城时光",
            "artist": "Hea2t",
            "id": 1451666504
        },
        {
            "name": "Adagio Cantabile from Sonata Op.13 (Pathetique)",
            "artist": "Ludwig van Beethoven",
            "id": 5132752
        },
        {
            "name": "Eg ser",
            "artist": "Iver Kleive",
            "id": 1003922
        },
        {
            "name": "Alone Not Lonely",
            "artist": "Kryust",
            "id": 1447409388
        },
        {
            "name": "陽だまりにて和む猫",
            "artist": "Falcom Sound Team J.D.K.",
            "id": 32544976
        },
        {
            "name": "残月",
            "artist": "JINBAO",
            "id": 1440547245
        },
        {
            "name": "募る想い",
            "artist": "小瀬村晶",
            "id": 1331298994
        },
        {
            "name": "Nocturnal Waltz",
            "artist": "Johannes Bornlöf",
            "id": 1300728225
        },
        {
            "name": "At Dawn",
            "artist": "Ever So Blue",
            "id": 1374617388
        },
        {
            "name": "夕阳下的我们",
            "artist": "CMJ",
            "id": 1354827996
        },
        {
            "name": "风带走的时间",
            "artist": "N.K.杨凯",
            "id": 1396138270
        },
        {
            "name": "Afterword",
            "artist": "Brad Jacobsen",
            "id": 32337030
        },
        {
            "name": "星の願い",
            "artist": "末廣健一郎",
            "id": 437608325
        },
        {
            "name": "Dreamland",
            "artist": "Alexis Ffrench",
            "id": 1404933765
        },
        {
            "name": "日出",
            "artist": "JINBAO",
            "id": 1428348753
        },
        {
            "name": "優しい瞳",
            "artist": "安瀬聖",
            "id": 31209543
        },
        {
            "name": "共病文庫",
            "artist": "松谷卓",
            "id": 494865362
        },
        {
            "name": "This Place Is a Shelter",
            "artist": "Ólafur Arnalds",
            "id": 16139397
        },
        {
            "name": "あなたと一緒に夏を過ごしたい",
            "artist": "春野杉卉",
            "id": 1445342841
        },
        {
            "name": "月与星的距离",
            "artist": "柳不贰",
            "id": 1447981499
        },
        {
            "name": "Brighter Lights",
            "artist": "小瀬村晶",
            "id": 1465213633
        },
        {
            "name": "梦见那个没有悲伤的人生",
            "artist": "JINBAO",
            "id": 1442050629
        },
        {
            "name": "夜明けへ",
            "artist": "K kure",
            "id": 1427212387
        },
        {
            "name": "晚夏の秋",
            "artist": "Kryust",
            "id": 1480711777
        },
        {
            "name": "在最寒冷的冬天，遇见最温暖的你",
            "artist": "林鹿言",
            "id": 1320484967
        },
        {
            "name": "年",
            "artist": "吴宇深",
            "id": 540194032
        },
        {
            "name": "心",
            "artist": "岩井俊二",
            "id": 26489048
        },
        {
            "name": "前世",
            "artist": "ヨルシカ",
            "id": 557584330
        },
        {
            "name": "東京の街",
            "artist": "JINBAO",
            "id": 1351183584
        },
        {
            "name": "Wait",
            "artist": "Otto A Totland",
            "id": 522354239
        },
        {
            "name": "miki",
            "artist": "hideyuki hashimoto",
            "id": 1452648926
        },
        {
            "name": "Pour les oiseaux",
            "artist": "Sylvain Chauveau",
            "id": 19077226
        },
        {
            "name": "Flowing",
            "artist": "Borrtex",
            "id": 1408061458
        },
        {
            "name": "桜流し",
            "artist": "春野杉卉",
            "id": 1456931198
        },
        {
            "name": "君の膵臓をたべたい -Prologue",
            "artist": "松谷卓",
            "id": 494865339
        },
        {
            "name": "Still Travelling",
            "artist": "Fabrizio Paterlini",
            "id": 1369965
        },
        {
            "name": "梅子·雨时",
            "artist": "月下散落出世",
            "id": 1361866577
        },
        {
            "name": "Found",
            "artist": "Marika Takeuchi",
            "id": 866305990
        },
        {
            "name": "Hclouday",
            "artist": "Saiakoup",
            "id": 541590400
        },
        {
            "name": "似海",
            "artist": "鹤见江野",
            "id": 1813265100
        },
        {
            "name": "わたしなりの生き方",
            "artist": "mamomo",
            "id": 1332440912
        },
        {
            "name": "晴れた空~",
            "artist": "春野杉卉",
            "id": 1489361945
        },
        {
            "name": "Night Song",
            "artist": "Niall Byrne",
            "id": 554391207
        },
        {
            "name": "簌雪夜",
            "artist": "月下散落出世",
            "id": 1347264219
        },
        {
            "name": "独坐·敬亭",
            "artist": "関立",
            "id": 1380269382
        },
        {
            "name": "落山",
            "artist": "陈越龙",
            "id": 1474959445
        },
        {
            "name": "守护星",
            "artist": "JINBAO",
            "id": 1483222524
        },
        {
            "name": "Ending",
            "artist": "Candy_Wind",
            "id": 440355309
        },
        {
            "name": "风起，赴海(Instrumental）",
            "artist": "Elathan",
            "id": 1489593392
        },
        {
            "name": "真実",
            "artist": "小瀬村晶",
            "id": 29498708
        },
        {
            "name": "Ballerina",
            "artist": "Yehezkel Raz",
            "id": 1408851828
        },
        {
            "name": "河里泛起涟漪",
            "artist": "春野杉卉",
            "id": 1467189596
        },
        {
            "name": "冬眠 纯钢琴演奏版",
            "artist": "昼夜",
            "id": 1418260201
        },
        {
            "name": "风的小径",
            "artist": "万能日记",
            "id": 1455273374
        },
        {
            "name": "断线（钢琴版）",
            "artist": "柳轻颂",
            "id": 1430829871
        },
        {
            "name": "一起看海的人比海更温柔 (Piano Version)",
            "artist": "林鹿言",
            "id": 1383011259
        },
        {
            "name": "「幸せになろう」",
            "artist": "世武裕子",
            "id": 1311133079
        },
        {
            "name": "凭风念",
            "artist": "月下散落出世",
            "id": 1361867070
        },
        {
            "name": "总是被拒绝，也挺难过的。",
            "artist": "拿花负荷",
            "id": 1411402304
        },
        {
            "name": "TOKYO DREAM",
            "artist": "JINBAO",
            "id": 1351182678
        },
        {
            "name": "Ilo",
            "artist": "Otto A Totland",
            "id": 522352209
        },
        {
            "name": "Ribls",
            "artist": "Saiakoup",
            "id": 1298506102
        },
        {
            "name": "在听风",
            "artist": "陈越龙",
            "id": 1447721233
        },
        {
            "name": "星尘",
            "artist": "温野",
            "id": 1345821920
        },
        {
            "name": "晴れが来る",
            "artist": "春野杉卉",
            "id": 1413374282
        },
        {
            "name": "夜书",
            "artist": "清风至",
            "id": 1327180227
        },
        {
            "name": "Adeste Fideles",
            "artist": "Iver Kleive",
            "id": 1003952
        },
        {
            "name": "Reveries",
            "artist": "Ava Cerasoli",
            "id": 1805817621
        },
        {
            "name": "lit(var)(piano ver.)",
            "artist": "7lsu",
            "id": 481001412
        },
        {
            "name": "Opening Presents",
            "artist": "Borrtex",
            "id": 1337012583
        },
        {
            "name": "The World Is Asleep",
            "artist": "Svanur岛菌",
            "id": 471986831
        },
        {
            "name": "远方的风",
            "artist": "Elathan",
            "id": 1468678882
        },
        {
            "name": "海边的梦",
            "artist": "陈越龙",
            "id": 1447721226
        },
        {
            "name": "画云",
            "artist": "柳不贰",
            "id": 1831242001
        },
        {
            "name": "Kinderszenen, Op. 15:VII. Träumerei",
            "artist": "Khatia Buniatishvili",
            "id": 429089931
        },
        {
            "name": "i love her.",
            "artist": "Fobo$",
            "id": 1435580740
        },
        {
            "name": "送给心中的男孩子",
            "artist": "温野",
            "id": 574731407
        },
        {
            "name": "君の明日について",
            "artist": "春野杉卉",
            "id": 1404691013
        },
        {
            "name": "Embers",
            "artist": "Max Richter",
            "id": 16964082
        },
        {
            "name": "Memoria",
            "artist": "Slow Meadow",
            "id": 425136326
        },
        {
            "name": "Enter",
            "artist": "Otto A Totland",
            "id": 522354237
        },
        {
            "name": "Råklipp",
            "artist": "Steve Gibbs",
            "id": 29540374
        },
        {
            "name": "Gabriels obo",
            "artist": "Iver Kleive",
            "id": 1003918
        },
        {
            "name": "不要悲伤地走进温柔的梦",
            "artist": "JINBAO",
            "id": 1447573412
        },
        {
            "name": "春日春风春之语",
            "artist": "Candy_Wind",
            "id": 1440350419
        },
        {
            "name": "Komorebi",
            "artist": "小瀬村晶",
            "id": 1430553743
        },
        {
            "name": "夏",
            "artist": "爱喝柠檬茶的喵",
            "id": 863548937
        },
        {
            "name": "星河.",
            "artist": "余佰凌",
            "id": 1473210076
        },
        {
            "name": "To My Youth",
            "artist": "Various Artists",
            "id": 1318908075
        },
        {
            "name": "静かな夏",
            "artist": "春野杉卉",
            "id": 1380556360
        },
        {
            "name": "From My Childhood",
            "artist": "Joshua Spacht",
            "id": 1468478850
        },
        {
            "name": "星空",
            "artist": "JINBAO",
            "id": 1493688116
        },
        {
            "name": "☆═━┈",
            "artist": "沙皮",
            "id": 1428243647
        },
        {
            "name": "瞳の中にいてください",
            "artist": "春野杉卉",
            "id": 1464382150
        },
        {
            "name": "Wishing",
            "artist": "Alexis Ffrench",
            "id": 1416700502
        },
        {
            "name": "To Be Fair and True",
            "artist": "Goldmund",
            "id": 37132788
        },
        {
            "name": "海底、月明かり",
            "artist": "ヨルシカ",
            "id": 1387098939
        },
        {
            "name": "Reminiscence",
            "artist": "Johannes Bornlöf",
            "id": 1300743530
        },
        {
            "name": "⠱",
            "artist": "拿花负荷",
            "id": 1486316820
        },
        {
            "name": "M1ssU",
            "artist": "扶苏KUSU",
            "id": 1820390801
        },
        {
            "name": "Carry On",
            "artist": "Jeremy Lim",
            "id": 409830149
        },
        {
            "name": "Euphoria (Originally Performed by BTS) (Piano Karaoke Version)",
            "artist": "Sing2Piano",
            "id": 1321401199
        },
        {
            "name": "いつか見る夢",
            "artist": "吉俣良",
            "id": 557578993
        },
        {
            "name": "ヽ｀ヽ｀、ヽ｀",
            "artist": "沙皮",
            "id": 1384447944
        },
        {
            "name": "窗外的雨，屋内的你",
            "artist": "Xwdit",
            "id": 1398014749
        },
        {
            "name": "日影を求めて",
            "artist": "春野杉卉",
            "id": 1819093552
        },
        {
            "name": "Euphoria",
            "artist": "Smyang Piano",
            "id": 1484312167
        },
        {
            "name": "雨后",
            "artist": "温野",
            "id": 863355065
        },
        {
            "name": "In One Piece",
            "artist": "Tennyson",
            "id": 1311864778
        },
        {
            "name": "Crilwa",
            "artist": "Saiakoup",
            "id": 528177111
        },
        {
            "name": "春夜、雨を喜ぶ - メインテーマ (Piano & Strings)",
            "artist": "小瀬村晶",
            "id": 1331298992
        },
        {
            "name": "雨葬花海",
            "artist": "Maple暖枫",
            "id": 1383381268
        },
        {
            "name": "她来看此花时",
            "artist": "柳不贰",
            "id": 1482408854
        },
        {
            "name": "東京タワー",
            "artist": "JINBAO",
            "id": 1351182680
        },
        {
            "name": "Gabriels Solo",
            "artist": "Aage Kvalbein",
            "id": 1003983
        },
        {
            "name": "一个人的星空",
            "artist": "马路通",
            "id": 479713267
        },
        {
            "name": "花 間 簇 雲 朵 。",
            "artist": "西",
            "id": 1501434853
        },
        {
            "name": "Ved Rondane",
            "artist": "Iver Kleive",
            "id": 1003926
        },
        {
            "name": "躲雨",
            "artist": "Sophis",
            "id": 1317734545
        },
        {
            "name": "盼夏之春，秋月冬雪",
            "artist": "沃~",
            "id": 1495369032
        },
        {
            "name": "浮槎",
            "artist": "MT1990",
            "id": 1366031349
        },
        {
            "name": "所念皆星河～星河不可及",
            "artist": "悠悠琴韵",
            "id": 1424044700
        },
        {
            "name": "Cumulus",
            "artist": "K kure",
            "id": 1314223132
        },
        {
            "name": "☽",
            "artist": "沙皮",
            "id": 1417320598
        },
        {
            "name": "Theben",
            "artist": "Oskar Schuster",
            "id": 1424992942
        },
        {
            "name": "nop",
            "artist": "陈越龙",
            "id": 1427725543
        },
        {
            "name": "時間が止まる",
            "artist": "春野杉卉",
            "id": 1822338481
        },
        {
            "name": "rainy stars",
            "artist": "Maple暖枫",
            "id": 1398059606
        },
        {
            "name": "ふたり、同じ景色 - 晶のテーマ",
            "artist": "小瀬村晶",
            "id": 1331298987
        },
        {
            "name": "星と雪",
            "artist": "雪葉",
            "id": 1468259052
        },
        {
            "name": "致何佳诺",
            "artist": "MT1990",
            "id": 1434201920
        },
        {
            "name": "Merry-Go-Round of Life",
            "artist": "Dream House",
            "id": 1370344196
        },
        {
            "name": "经不住似水流年，逃不过此间少年",
            "artist": "FYNial",
            "id": 1444337119
        },
        {
            "name": "自由が丘",
            "artist": "JINBAO",
            "id": 1351182980
        },
        {
            "name": "グッド・ドクター",
            "artist": "得田真裕",
            "id": 1305364702
        },
        {
            "name": "=̴̶̷̤̄",
            "artist": "沙皮",
            "id": 1416430733
        },
        {
            "name": "Det Kimer Nu Til Julefest",
            "artist": "Iver Kleive",
            "id": 1003945
        },
        {
            "name": "古い栞~雫のゆくえ~",
            "artist": "吉俣良",
            "id": 557578976
        },
        {
            "name": "去你的城市呼吸",
            "artist": "JINBAO",
            "id": 1320600690
        },
        {
            "name": "私たちは付き合っている",
            "artist": "横山克",
            "id": 487587258
        },
        {
            "name": "｀ヽ｀、ヽ｀ヽ",
            "artist": "沙皮",
            "id": 1443503506
        },
        {
            "name": "気づき",
            "artist": "伊賀拓郎",
            "id": 488388722
        },
        {
            "name": "far out of sight",
            "artist": "Resonance",
            "id": 1358189193
        },
        {
            "name": "O Little Town of Betlehem",
            "artist": "Aage Kvalbein",
            "id": 1003960
        },
        {
            "name": "第一个清晨",
            "artist": "JINBAO",
            "id": 1454251819
        },
        {
            "name": "春天继续",
            "artist": "春野杉卉",
            "id": 1466683551
        },
        {
            "name": "Anomaly",
            "artist": "Lights & Motion",
            "id": 454698092
        },
        {
            "name": "Ref:rain (Instrumental Version)",
            "artist": "吉俣良",
            "id": 557578992
        },
        {
            "name": "風雲に耳を傾ける",
            "artist": "春野杉卉",
            "id": 1391736192
        },
        {
            "name": "尘埃",
            "artist": "MoFeansy",
            "id": 1491758368
        },
        {
            "name": "Continua metamorfosi",
            "artist": "Fabrizio Paterlini",
            "id": 1369999
        },
        {
            "name": "一个关于晚安的故事",
            "artist": "壹勺籽糖",
            "id": 1447740986
        },
        {
            "name": "凍月",
            "artist": "春野杉卉",
            "id": 1815402032
        },
        {
            "name": "远书",
            "artist": "忘乡",
            "id": 1825216246
        },
        {
            "name": "尘埃与流萤",
            "artist": "依旧在雨中等你",
            "id": 1426611455
        },
        {
            "name": "古奈纯钢琴版",
            "artist": "MT1990",
            "id": 866059719
        },
        {
            "name": "光阴者",
            "artist": "柳不贰",
            "id": 1808963510
        },
        {
            "name": "北向きの窓",
            "artist": "春野杉卉",
            "id": 1449324190
        },
        {
            "name": "尘与萤",
            "artist": "依旧在雨中等你",
            "id": 1402860124
        },
        {
            "name": "季节是夏天、季节永远是夏天(Off Vocal)",
            "artist": "ACK",
            "id": 1420770733
        },
        {
            "name": "夜と星空",
            "artist": "TLK天翔",
            "id": 1294199441
        },
        {
            "name": "春を待つ猫",
            "artist": "水月陵",
            "id": 573168454
        },
        {
            "name": "雲のむこう",
            "artist": "春野杉卉",
            "id": 1817107020
        },
        {
            "name": "Larrows Of The Field",
            "artist": "Goldmund",
            "id": 2640845
        },
        {
            "name": "崖雪",
            "artist": "月下散落出世",
            "id": 1806541304
        },
        {
            "name": "Pain",
            "artist": "春野杉卉",
            "id": 1815749935
        },
        {
            "name": "Sorry",
            "artist": "Jurrivh",
            "id": 1458482125
        },
        {
            "name": "山溪，雾，丛树",
            "artist": "温野",
            "id": 556796997
        },
        {
            "name": "愈",
            "artist": "Otanmine",
            "id": 1814327138
        },
        {
            "name": "Gito",
            "artist": "Saiakoup",
            "id": 1476258865
        },
        {
            "name": "霜枫",
            "artist": "月下散落出世",
            "id": 1806540575
        },
        {
            "name": "风住尘香",
            "artist": "柳不贰",
            "id": 1805694645
        },
        {
            "name": "今日も晴",
            "artist": "春野杉卉",
            "id": 1808724942
        },
        {
            "name": "一天一天（钢琴版）（翻自 Various Artists）",
            "artist": "柳轻颂",
            "id": 1449463159
        },
        {
            "name": "Traces",
            "artist": "Ever So Blue",
            "id": 1431399910
        },
        {
            "name": "空が交わる場所",
            "artist": "春野杉卉",
            "id": 1440588145
        },
        {
            "name": "A Careful Tearing",
            "artist": "Levi Patel",
            "id": 470736153
        },
        {
            "name": "愿君无忧，笑作春温",
            "artist": "温野",
            "id": 1384412332
        },
        {
            "name": "Low Light",
            "artist": "Steve Gibbs",
            "id": 29540378
        },
        {
            "name": "春天、来吧",
            "artist": "春野杉卉",
            "id": 1469533053
        },
        {
            "name": "鳩が空へ",
            "artist": "春野杉卉",
            "id": 1471229010
        },
        {
            "name": "雨の町",
            "artist": "春野杉卉",
            "id": 1814784290
        },
        {
            "name": "夢君來兮別君去",
            "artist": "Myosotis",
            "id": 1441752825
        },
        {
            "name": "Llbh",
            "artist": "Saiakoup",
            "id": 1501113303
        },
        {
            "name": "eno (Solo at Fluss)",
            "artist": "hideyuki hashimoto",
            "id": 1486694785
        },
        {
            "name": "夏の癒し曲",
            "artist": "Max Daniel",
            "id": 1324453694
        },
        {
            "name": "いつだって一緒だから - Piano",
            "artist": "春野杉卉",
            "id": 1501412302
        },
        {
            "name": "言の叶",
            "artist": "春野杉卉",
            "id": 1401353332
        },
        {
            "name": "☈Blue Diving☈",
            "artist": "Citrus",
            "id": 1431434829
        },
        {
            "name": "Standing Still",
            "artist": "Polaranica",
            "id": 1467985762
        },
        {
            "name": "春日渡",
            "artist": "柳不贰",
            "id": 1443321487
        },
        {
            "name": "Let You Down",
            "artist": "Jurrivh",
            "id": 1459993733
        },
        {
            "name": "Fragment",
            "artist": "Ever So Blue",
            "id": 1374617387
        },
        {
            "name": "As The Years Go By",
            "artist": "Johannes Bornlöf",
            "id": 1300741701
        },
        {
            "name": "Ozean",
            "artist": "Resonance",
            "id": 525241779
        },
        {
            "name": "桜の花びらが散る",
            "artist": "春野杉卉",
            "id": 1395025529
        },
        {
            "name": "Spiegel im Spiegel - For Clarinet And Piano:1. Spiegel im Spiegel",
            "artist": "Alexei Lubimov",
            "id": 1063381
        },
        {
            "name": "我能想到的最幸福的事",
            "artist": "忘乡",
            "id": 1444647128
        },
        {
            "name": "Love Never Dies",
            "artist": "Jurrivh",
            "id": 1459143749
        },
        {
            "name": "虹",
            "artist": "JINBAO",
            "id": 1351183481
        },
        {
            "name": "Julie",
            "artist": "Otto A Totland",
            "id": 28245312
        },
        {
            "name": "Momentary",
            "artist": "小瀬村晶",
            "id": 416554194
        },
        {
            "name": "寒色",
            "artist": "寒柴",
            "id": 1410273354
        },
        {
            "name": "暮秋沉眠",
            "artist": "MoreanP",
            "id": 1480584786
        },
        {
            "name": "いつだって一緒だから",
            "artist": "春野杉卉",
            "id": 1475571487
        },
        {
            "name": "暖炉的记忆",
            "artist": "N.K.杨凯",
            "id": 1408837361
        },
        {
            "name": "Used to Be",
            "artist": "Jurrivh",
            "id": 1452504602
        },
        {
            "name": "繁星满天，犹如我想要靠近你的无数个瞬间",
            "artist": "轻墨安源",
            "id": 1484848047
        },
        {
            "name": "16 years already owned and the last 4 years",
            "artist": "La.Warden",
            "id": 1456908362
        },
        {
            "name": "朱颜",
            "artist": "柳不贰",
            "id": 1449116812
        },
        {
            "name": "じめじめした雨期",
            "artist": "春野杉卉",
            "id": 1413374277
        },
        {
            "name": "Maru",
            "artist": "Hideyuki Hashimoto",
            "id": 1472833624
        },
        {
            "name": "恰见明月栖山",
            "artist": "恰见明月栖山",
            "id": 1347566806
        },
        {
            "name": "失われた楽章",
            "artist": "八云轨",
            "id": 1446121537
        },
        {
            "name": "Last Letter",
            "artist": "Jurrivh",
            "id": 1458669862
        },
        {
            "name": "雾 原",
            "artist": "Jayx",
            "id": 1445009514
        },
        {
            "name": "木漏れ日の中で",
            "artist": "西村由紀江",
            "id": 668453
        },
        {
            "name": "幼年期、思い出の中",
            "artist": "ヨルシカ",
            "id": 1466520417
        },
        {
            "name": "归乡",
            "artist": "JINBAO",
            "id": 1449369501
        },
        {
            "name": "夏恋 - Piano Solo - (想静記) by Soul Hug",
            "artist": "Otokaze",
            "id": 29155796
        },
        {
            "name": "Oana",
            "artist": "Otto A Totland",
            "id": 28245304
        },
        {
            "name": "Paper Lanterns Parade",
            "artist": "Laurence Ipsum",
            "id": 1345133111
        },
        {
            "name": "止まらない風はない",
            "artist": "春野杉卉",
            "id": 1440587449
        },
        {
            "name": "Moths (Flourescent)",
            "artist": "Laurence Ipsum",
            "id": 1345133104
        },
        {
            "name": "SUMIRE_02",
            "artist": "mamomo",
            "id": 1452668341
        },
        {
            "name": "沉海",
            "artist": "壹勺籽糖",
            "id": 1457757707
        },
        {
            "name": "向晚之诗",
            "artist": "寒柴",
            "id": 1421601722
        },
        {
            "name": "First Love",
            "artist": "Jurrivh",
            "id": 1459849658
        },
        {
            "name": "Hiro",
            "artist": "Sight of Wonders",
            "id": 1390226851
        },
        {
            "name": "夜街，骤雨和启明星",
            "artist": "鹤见江野",
            "id": 1429787173
        },
        {
            "name": "日暮里",
            "artist": "JINBAO",
            "id": 1351183637
        },
        {
            "name": "風の手紙",
            "artist": "春野杉卉",
            "id": 1401354249
        },
        {
            "name": "傘が泣",
            "artist": "月海花千野",
            "id": 1428038847
        },
        {
            "name": "窓側の風を通って",
            "artist": "春野杉卉",
            "id": 1440588150
        },
        {
            "name": "深秋的雨",
            "artist": "N.K.杨凯",
            "id": 1397464399
        },
        {
            "name": "风（wind）",
            "artist": "陈越龙",
            "id": 1437233087
        },
        {
            "name": "很短的夜晚小记",
            "artist": "MZ92",
            "id": 1382441642
        },
        {
            "name": "我为这首歌想过无数个名字，却都删掉了",
            "artist": "MisssszDy",
            "id": 1421343396
        },
        {
            "name": "雨天小记",
            "artist": "拿花负荷",
            "id": 1427424234
        },
        {
            "name": "Demure",
            "artist": "Ever So Blue",
            "id": 1431403321
        },
        {
            "name": "私は",
            "artist": "爱喝柠檬茶的喵",
            "id": 863552267
        },
        {
            "name": "初日",
            "artist": "陈越龙",
            "id": 1474956928
        },
        {
            "name": "雨に濡れた空気",
            "artist": "春野杉卉",
            "id": 1417520524
        },
        {
            "name": "充满希望的即兴曲",
            "artist": "鲜远",
            "id": 1379085986
        },
        {
            "name": "デート2 (1n Cover)",
            "artist": "1n",
            "id": 435305771
        },
        {
            "name": "Moon and You",
            "artist": "Kryust",
            "id": 1452083740
        },
        {
            "name": "忘れ去られた記憶 ~前前前世イメージ ピアノヒーリングver.~",
            "artist": "TAMUSIC",
            "id": 505474500
        },
        {
            "name": "今日も雨",
            "artist": "glassmoon",
            "id": 35505030
        },
        {
            "name": "Viote",
            "artist": "Saiakoup",
            "id": 1370771358
        },
        {
            "name": "Wander 胡思乱想",
            "artist": "梁晓雪",
            "id": 493735073
        },
        {
            "name": "白日蜉蝣 (Demo)",
            "artist": "瓷ci",
            "id": 477743858
        },
        {
            "name": "转瞬",
            "artist": "K kure",
            "id": 571585964
        },
        {
            "name": "The Right Path",
            "artist": "Thomas Greenberg",
            "id": 2061452
        },
        {
            "name": "Bloom of Youth",
            "artist": "Key Sounds Label",
            "id": 760058
        },
        {
            "name": "在每天重复的日子里遗失了梦",
            "artist": "Chamber橙",
            "id": 455568962
        },
        {
            "name": "阵雨",
            "artist": "Sophis",
            "id": 1317736524
        },
        {
            "name": "水星上的鲸",
            "artist": "hui sonata",
            "id": 535093555
        },
        {
            "name": "Mapie",
            "artist": "阿南亮子",
            "id": 22712191
        },
        {
            "name": "雨 因你而下，于你而止",
            "artist": "Seto",
            "id": 1377807992
        },
        {
            "name": "初めてのデート",
            "artist": "SimorE",
            "id": 475774775
        },
        {
            "name": "Star river in your eyes-满目星河",
            "artist": "MappleZS",
            "id": 1376557407
        },
        {
            "name": ". ɹǝʌo llɐ s,ʇı",
            "artist": "明",
            "id": 1336552582
        },
        {
            "name": "¿",
            "artist": "Funton",
            "id": 1320860898
        },
        {
            "name": "8月23日",
            "artist": "吴宇深",
            "id": 1304719349
        },
        {
            "name": "三叶的主题曲（三葉のテーマ）｜钢琴（翻自 野田洋次郎） ",
            "artist": "恰见明月栖山",
            "id": 1341328661
        },
        {
            "name": "lonely",
            "artist": "dvdkm",
            "id": 526470397
        },
        {
            "name": "海の形",
            "artist": "昙轩",
            "id": 535056564
        },
        {
            "name": "Asphyxia(Piano Ver)",
            "artist": "逆时针向",
            "id": 527957820
        }
    ]
}