{
    "playlist_info": {
        "name": "【ozbakqa nahxilar♡乌兹别克流行歌曲】",
        "trackcount": 197,
        "playcount": 2474342,
        "creator": "Reokiii",
        "createDate": "2019-12-21",
        "heat": 1918.0
    },
    "songs": [
        {
            "name": "Kar(Remix)",
            "artist": "Ahmadev-Fm",
            "id": 2005153309
        },
        {
            "name": "Men Bemorman",
            "artist": "Mango Guruhi",
            "id": 1804896879
        },
        {
            "name": "Ko'zmunchog'im",
            "artist": "Doston Ergashev",
            "id": 1928305385
        },
        {
            "name": "Unutib",
            "artist": "Uzmir",
            "id": 1942773778
        },
        {
            "name": "Janonim",
            "artist": "Jaloliddin Ahmadaliyev",
            "id": 1907241392
        },
        {
            "name": "Salom Sevishganlarga",
            "artist": "bojalar",
            "id": 1423211200
        },
        {
            "name": "SevGidan",
            "artist": "Yulduz Usmonova",
            "id": 1981229843
        },
        {
            "name": "Jim-jit",
            "artist": "JORABEK",
            "id": 2012896423
        },
        {
            "name": "Yo'qsan",
            "artist": "Nurmeme",
            "id": 1470175556
        },
        {
            "name": "Yolg'onmi",
            "artist": "Rayhon",
            "id": 1457653552
        },
        {
            "name": "Yonimda qolmading",
            "artist": "Uzmir",
            "id": 1968840017
        },
        {
            "name": "Qaray olasanmi",
            "artist": "Nilufar Usmonova",
            "id": 1426247745
        },
        {
            "name": "Charchadim",
            "artist": "Jaloliddin Ahmadaliyev",
            "id": 1945885820
        },
        {
            "name": "Na haqqim bor",
            "artist": "Sardor Tairov",
            "id": 1860613714
        },
        {
            "name": "Sog'indim 原版",
            "artist": "Dj MvRadiL",
            "id": 1917328742
        },
        {
            "name": "Ko'zlari Zebo",
            "artist": "Rayhon",
            "id": 1350354026
        },
        {
            "name": "Baxtli Bo'l",
            "artist": "Benom guruhi",
            "id": 523249155
        },
        {
            "name": "Qora atirgul",
            "artist": "Ziyoda",
            "id": 1438179956
        },
        {
            "name": "Vay qiqagim",
            "artist": "哥艾总灬offical",
            "id": 1467620817
        },
        {
            "name": "MUHABBAT",
            "artist": "Sardar Anwar",
            "id": 1891085840
        },
        {
            "name": "Eslamayman",
            "artist": "Sardor Safarov",
            "id": 2005439868
        },
        {
            "name": "Ba͟h͟t͟i͟m͟ B͟o͟l͟",
            "artist": "小麦 Music",
            "id": 1809466795
        },
        {
            "name": "Aybim",
            "artist": "Ummon Guruhi",
            "id": 1349708836
        },
        {
            "name": "Diloro",
            "artist": "Nurmeme",
            "id": 1447067961
        },
        {
            "name": "Unutay",
            "artist": "Uzmir",
            "id": 1411774791
        },
        {
            "name": "Xush kelding",
            "artist": "Ozoda",
            "id": 1965718855
        },
        {
            "name": "TomcHi (Remix)",
            "artist": "Rayhon",
            "id": 1435348159
        },
        {
            "name": "San Sz Oliman（没有你我死）",
            "artist": "Batur-officiaI",
            "id": 550746666
        },
        {
            "name": "YURAK",
            "artist": "Yulduz Usmonova",
            "id": 1809780820
        },
        {
            "name": "Yurak Yig'laydi",
            "artist": "Ummon Guruhi",
            "id": 1297105282
        },
        {
            "name": "kaxingnig karasiga",
            "artist": "IBu Music",
            "id": 1806173172
        },
        {
            "name": "Poralab",
            "artist": "Uzmir",
            "id": 1852326001
        },
        {
            "name": "Kaxignig Kara Siday",
            "artist": "MavLanKiLic",
            "id": 1842645801
        },
        {
            "name": "Tanhoginam",
            "artist": "Sardor Rahimxon",
            "id": 1350615380
        },
        {
            "name": "Dilozorim",
            "artist": "rayev Zohirshoh Jo",
            "id": 1303090799
        },
        {
            "name": "Jonim",
            "artist": "Ulug'bek Rahmatullayev",
            "id": 549754777
        },
        {
            "name": "Mayli kulaver",
            "artist": "Xamdam Sobirov",
            "id": 1355015320
        },
        {
            "name": "Armon",
            "artist": "Munisa Rizayeva",
            "id": 1423232357
        },
        {
            "name": "Yuraksiz",
            "artist": "Bahrom Nazarov",
            "id": 1332712498
        },
        {
            "name": "Faridam",
            "artist": "Sardor Rahimxon",
            "id": 525240262
        },
        {
            "name": "Ha-ha",
            "artist": "Zohirshoh Jo'rayev",
            "id": 1393374581
        },
        {
            "name": "Ko'zlarim Yana",
            "artist": "Munisa Rizayeva",
            "id": 1332908704
        },
        {
            "name": "Yomg'ir",
            "artist": "Munisa Rizayeva",
            "id": 1332775492
        },
        {
            "name": "BEVAFO OLAM",
            "artist": "Yulduz Usmonova",
            "id": 1965964618
        },
        {
            "name": "Sarig'im",
            "artist": "Uzmir",
            "id": 1922657249
        },
        {
            "name": "Istamadi bu yurak",
            "artist": "Alisher Zokirov",
            "id": 1310007958
        },
        {
            "name": "Va'da Berma",
            "artist": "Sevinch Mo'minova",
            "id": 1861490259
        },
        {
            "name": "Ayirma",
            "artist": "Rayhon",
            "id": 1445886964
        },
        {
            "name": "Mayin Mayin",
            "artist": "Jasurbek Mavlonov",
            "id": 1401455892
        },
        {
            "name": "YuraGim（Cover b21）",
            "artist": "O'zbik",
            "id": 412493572
        },
        {
            "name": "Onam qadrin bilmadim",
            "artist": "Jaloliddin Ahmadaliyev",
            "id": 1909990561
        },
        {
            "name": "Gapir Gapir",
            "artist": "Rashid Holiqov",
            "id": 464647250
        },
        {
            "name": "Menda qolmadi dil (Original Mix)",
            "artist": "RSTM",
            "id": 1894452591
        },
        {
            "name": "Sog'inadi Yuragim",
            "artist": "Manzura",
            "id": 1356846747
        },
        {
            "name": "Sevgi",
            "artist": "Furqat Ro'zmatov",
            "id": 454435058
        },
        {
            "name": "Yig'lagan kecha",
            "artist": "Alisher Zokirov",
            "id": 525241042
        },
        {
            "name": "Koylagim",
            "artist": "Sevinch Mo'minova",
            "id": 444745490
        },
        {
            "name": "Yor-Yorlar",
            "artist": "Dilnoza Ismiyaminova",
            "id": 523250118
        },
        {
            "name": "BEVAFO",
            "artist": "Yulduz Usmonova",
            "id": 1813817599
        },
        {
            "name": "Menda qolmadi dil",
            "artist": "Jaloliddin Ahmadaliyev",
            "id": 1869757854
        },
        {
            "name": "Janimni Berayme",
            "artist": "eKRaM",
            "id": 1295005704
        },
        {
            "name": "Aldama",
            "artist": "Alisher Zokirov",
            "id": 1396141135
        },
        {
            "name": "Ketaman Der",
            "artist": "Ozodbek Nazarbekov",
            "id": 463157952
        },
        {
            "name": "Izlaringa",
            "artist": "Shohxur",
            "id": 466332567
        },
        {
            "name": "Toparman",
            "artist": "Ziyoda",
            "id": 1341906941
        },
        {
            "name": "Yuragim",
            "artist": "Benom guruhi",
            "id": 1397268903
        },
        {
            "name": "kara kozem",
            "artist": "账号已注销",
            "id": 1498047632
        },
        {
            "name": "Uni Yuragi",
            "artist": "Shoxruz (Abadiya)",
            "id": 463159948
        },
        {
            "name": "Lek Seni Sevaman",
            "artist": "Farrux Xamrayev",
            "id": 470837649
        },
        {
            "name": "Ket",
            "artist": "Shahzoda",
            "id": 519096055
        },
        {
            "name": "Qaramading",
            "artist": "Bahrom Nazarov",
            "id": 496870295
        },
        {
            "name": "Kolgem Qeder",
            "artist": "Sevinch Mo'minova",
            "id": 444745596
        },
        {
            "name": "Sen san",
            "artist": "Sevinch Mo'minova",
            "id": 444745477
        },
        {
            "name": "Qiz Bola",
            "artist": "Shohruhxon",
            "id": 1303167781
        },
        {
            "name": "Baxtim",
            "artist": "Sevinch Mo'minova",
            "id": 1333120732
        },
        {
            "name": "Yolg'onchi Yor",
            "artist": "Sevinch Mo'minova",
            "id": 525240059
        },
        {
            "name": "Bor yoki yo'q",
            "artist": "Munisa Rizayeva",
            "id": 484058404
        },
        {
            "name": "Unamaydi",
            "artist": "Shohruhxon",
            "id": 1372565035
        },
        {
            "name": "Yurak",
            "artist": "еяхат музыка",
            "id": 567155535
        },
        {
            "name": "Ko'nikmadim",
            "artist": "Rayhon",
            "id": 399341254
        },
        {
            "name": "Farg'onadan",
            "artist": "Mahliyo Omon",
            "id": 1459452637
        },
        {
            "name": "Jayra",
            "artist": "ShohJahon Jorayev",
            "id": 454435756
        },
        {
            "name": "Nahotki",
            "artist": "Bahrom Nazarov",
            "id": 526470731
        },
        {
            "name": "Arazingiz",
            "artist": "Sardor Rakhimxon",
            "id": 31649367
        },
        {
            "name": "Yurak Yig'lar",
            "artist": "Sam",
            "id": 425136112
        },
        {
            "name": "Daydi",
            "artist": "Alisher Zokirov",
            "id": 1405306781
        },
        {
            "name": "Tamannozi",
            "artist": "Shahzoda",
            "id": 1332899798
        },
        {
            "name": "Yaxshi Ko'rib Qoldim Da",
            "artist": "Zohirshoh Jo'rayev",
            "id": 523251300
        },
        {
            "name": "Tamannozi",
            "artist": "Shahzoda",
            "id": 28636736
        },
        {
            "name": "Kechir",
            "artist": "Ozodbek Nazarbekov",
            "id": 1350640907
        },
        {
            "name": "Faqat Sen",
            "artist": "Shahzoda",
            "id": 29748182
        },
        {
            "name": "Mayda-Mayda",
            "artist": "Shahzoda",
            "id": 1401790171
        },
        {
            "name": "Unutolmadim (feat Shahzoda)",
            "artist": "Shohruhxon",
            "id": 33735540
        },
        {
            "name": "Hayron",
            "artist": "Rayhon",
            "id": 3400938
        },
        {
            "name": "Malikam",
            "artist": "Alisher Zokirov",
            "id": 1388551830
        },
        {
            "name": "Dermusan",
            "artist": "Aziz Rametov",
            "id": 37853634
        },
        {
            "name": "Bemehrginam",
            "artist": "Ulug'bek Rahmatullayev",
            "id": 1332965320
        },
        {
            "name": "Ortinga Qara",
            "artist": "Sam",
            "id": 479219310
        },
        {
            "name": "Ranjima",
            "artist": "Batur Xon",
            "id": 464373943
        },
        {
            "name": "Hayot ayt",
            "artist": "Shahzoda",
            "id": 1332901536
        },
        {
            "name": "Bilmaysan",
            "artist": "Lola",
            "id": 524150982
        },
        {
            "name": "Yurak",
            "artist": "Shahzoda",
            "id": 29748173
        },
        {
            "name": "Begonam",
            "artist": "Shohruhxon",
            "id": 1436704128
        },
        {
            "name": "Sog'inib",
            "artist": "Shahzoda",
            "id": 1354472166
        },
        {
            "name": "Unutolmadim",
            "artist": "Shohruhxon",
            "id": 37091092
        },
        {
            "name": "Salom Sevgi",
            "artist": "Vohidjon Isoqov",
            "id": 526464442
        },
        {
            "name": "Dilozorim",
            "artist": "Zohirshoh Jo'rayev",
            "id": 1914811430
        },
        {
            "name": "Yana-Yana",
            "artist": "Shohruhxon",
            "id": 1363939774
        },
        {
            "name": "Mayli Manda",
            "artist": "Rayhon",
            "id": 1351442754
        },
        {
            "name": "Ketma",
            "artist": "Amrys Bulk",
            "id": 1373875464
        },
        {
            "name": "Meni Unut",
            "artist": "Yulduz Turdiyeva",
            "id": 1352830693
        },
        {
            "name": "Izlaringa",
            "artist": "Ummon Guruhi",
            "id": 1297104610
        },
        {
            "name": "Yuragim",
            "artist": "Aziz Rametov",
            "id": 37853645
        },
        {
            "name": "Shaddod Qiz",
            "artist": "Ziyoda",
            "id": 1341906925
        },
        {
            "name": "Parizod",
            "artist": "Shohruhxon",
            "id": 454438796
        },
        {
            "name": "Tamara",
            "artist": "Ziyoda",
            "id": 1371582784
        },
        {
            "name": "Qilpillama",
            "artist": "Shahzoda",
            "id": 29748178
        },
        {
            "name": "Zebo",
            "artist": "ShohJahon Jorayev",
            "id": 454435757
        },
        {
            "name": "Begonaman",
            "artist": "Mametjan98",
            "id": 1804886188
        },
        {
            "name": "Yur muhabbat",
            "artist": "Hojiakbar Haydarov",
            "id": 525239031
        },
        {
            "name": "Adashdim",
            "artist": "Batur Xon",
            "id": 1356284771
        },
        {
            "name": "Yormande",
            "artist": "bojalar",
            "id": 1349687865
        },
        {
            "name": "Yomg'ir",
            "artist": "Shahzoda",
            "id": 468817050
        },
        {
            "name": "Yog'adi yomg'ir",
            "artist": "Sam",
            "id": 425137084
        },
        {
            "name": "I love you",
            "artist": "Ulug'bek Rahmatullayev",
            "id": 523250288
        },
        {
            "name": "Yo'q",
            "artist": "еяхат музыка",
            "id": 565242227
        },
        {
            "name": "Guldeksan",
            "artist": "Toxir Sulton",
            "id": 1351441972
        },
        {
            "name": "Yalola",
            "artist": "Shahzoda",
            "id": 26581123
        },
        {
            "name": "Aldamadim",
            "artist": "Shohruhxon",
            "id": 471968366
        },
        {
            "name": "Aldamagin",
            "artist": "Rayhon",
            "id": 483378215
        },
        {
            "name": "TAK TAK",
            "artist": "Toxir Sulton",
            "id": 1302090131
        },
        {
            "name": "Yig'lama",
            "artist": "Shohruhxon",
            "id": 1446126889
        },
        {
            "name": "Sevgilim",
            "artist": "Farrux Raimov",
            "id": 523251126
        },
        {
            "name": "O`lganimda yig`lama",
            "artist": "Alisher Zokirov",
            "id": 1310009281
        },
        {
            "name": "Sen Yig'lama",
            "artist": "Sam",
            "id": 425136109
        },
        {
            "name": "Men O'sha",
            "artist": "Shahzoda",
            "id": 1332921680
        },
        {
            "name": "Qalbim Sendadir",
            "artist": "Farhod",
            "id": 1332975071
        },
        {
            "name": "Oshiqman",
            "artist": "GOLDEN TBILISI",
            "id": 1316608750
        },
        {
            "name": "Kim nima der",
            "artist": "Jasurbek Jabborov",
            "id": 1296201583
        },
        {
            "name": "Zara",
            "artist": "Ziyoda",
            "id": 1837054656
        },
        {
            "name": "Jim",
            "artist": "Ziyoda",
            "id": 450224027
        },
        {
            "name": "Men Seni Hechkimga Bermayman",
            "artist": "нвя музыка",
            "id": 1335968202
        },
        {
            "name": "Ey dil",
            "artist": "Turahmat_Rozi",
            "id": 532392164
        },
        {
            "name": "Kechalar",
            "artist": "Shohxur",
            "id": 447076485
        },
        {
            "name": "Bilaman",
            "artist": "Shahzoda",
            "id": 1382452286
        },
        {
            "name": "Sevgi Mahzun",
            "artist": "Shahzoda",
            "id": 28636724
        },
        {
            "name": "Dardlar",
            "artist": "Ummon Guruhi",
            "id": 1297104621
        },
        {
            "name": "Chiki-Chiki",
            "artist": "Ziyoda",
            "id": 1341906917
        },
        {
            "name": "kormasam bolmas",
            "artist": "Zot-Bek丨Official",
            "id": 1501355598
        },
        {
            "name": "Qaytmaydi",
            "artist": "Lola",
            "id": 31081057
        },
        {
            "name": "Balki Qolmadi",
            "artist": "еяхат музыка",
            "id": 572950523
        },
        {
            "name": "Telbaman",
            "artist": "Suhrob",
            "id": 528273144
        },
        {
            "name": "Javob Ber",
            "artist": "Rayhon",
            "id": 480426488
        },
        {
            "name": "Layli va Majnun",
            "artist": "Shahzoda",
            "id": 37091098
        },
        {
            "name": "Alda",
            "artist": "Rayhon",
            "id": 1457653547
        },
        {
            "name": "Qoldim",
            "artist": "Gulasal Abdullayeva",
            "id": 1350491566
        },
        {
            "name": "Yulduzlar",
            "artist": "Shohruhxon",
            "id": 33735528
        },
        {
            "name": "Sani unutdim-a",
            "artist": "Uzmir",
            "id": 1360818905
        },
        {
            "name": "Ko'rgim kelur",
            "artist": "Ahror Mahmudov",
            "id": 1883622991
        },
        {
            "name": "Chorsu",
            "artist": "Mustafo",
            "id": 1352830925
        },
        {
            "name": "Bechora Singlim",
            "artist": "Alisher Zokirov",
            "id": 1310007957
        },
        {
            "name": "Sevgingni menga ayt 2",
            "artist": "Lola",
            "id": 1403221944
        },
        {
            "name": "Men seni sog'inganda",
            "artist": "bojalar",
            "id": 1349689679
        },
        {
            "name": "Parcha Parcha",
            "artist": "Alisher Zokirov",
            "id": 1376149309
        },
        {
            "name": "Ketayabsan",
            "artist": "Hilola Hamidova",
            "id": 1399794773
        },
        {
            "name": "Sensiz Gulim",
            "artist": "Mango guruhi",
            "id": 1400184082
        },
        {
            "name": "Sensiz",
            "artist": "Aziz Rametov",
            "id": 37856589
        },
        {
            "name": "Va'dalari Yolg'on Ekan",
            "artist": "Sharof Muqimov",
            "id": 1398283298
        },
        {
            "name": "Ayrilamiz",
            "artist": "Shahzoda",
            "id": 37091095
        },
        {
            "name": "Aybdorman",
            "artist": "Uzmir",
            "id": 1397674755
        },
        {
            "name": "Yurak",
            "artist": "Shohruhxon",
            "id": 1350717904
        },
        {
            "name": "Qidayman",
            "artist": "Dj XANOV",
            "id": 1319738695
        },
        {
            "name": "Janona Sande",
            "artist": "Farrux Xamrayev",
            "id": 485267254
        },
        {
            "name": "Oylamadig",
            "artist": "Yillar",
            "id": 1954048503
        },
        {
            "name": "AyiBdaRmaN",
            "artist": "Uzmir",
            "id": 1319909205
        },
        {
            "name": "Uzmir_ Balki Qalmadi",
            "artist": "Uzmir 吾孜木尔",
            "id": 1334243475
        },
        {
            "name": "Sogindim",
            "artist": "WA7 FM",
            "id": 1997902684
        },
        {
            "name": "UZmir ~ Mehrim Senga Kammidi",
            "artist": "Mango Guruhi",
            "id": 1339602624
        },
        {
            "name": "Kimga kim kerak",
            "artist": "Yillar guruhi",
            "id": 1297104752
        },
        {
            "name": "Dil yaralab",
            "artist": "Sevinch Mo'minova",
            "id": 1861489983
        },
        {
            "name": "sini dap",
            "artist": "哥艾总灬offical",
            "id": 1455526472
        },
        {
            "name": "Sevmasam",
            "artist": "Sardor Tairov",
            "id": 1366554677
        },
        {
            "name": "Men seni sog'inganda",
            "artist": "KBR",
            "id": 1954447923
        },
        {
            "name": "Muhabbatning Birinchisi",
            "artist": "Azhar",
            "id": 1803926087
        },
        {
            "name": "Sog'indim",
            "artist": "Gulinur",
            "id": 1937317502
        },
        {
            "name": "Hayot",
            "artist": "HaLMuRaT-Beg",
            "id": 1856326960
        },
        {
            "name": "sevmaganimda",
            "artist": "Dj Koody",
            "id": 1928377071
        },
        {
            "name": "Va‘da berma",
            "artist": "Rufine",
            "id": 1858098336
        },
        {
            "name": "Bemor",
            "artist": "Ulug'bek Rahmatullayev",
            "id": 549754780
        },
        {
            "name": "Dard Mongo",
            "artist": "Batur Xon",
            "id": 1379692540
        },
        {
            "name": "Dengiz",
            "artist": "Shohxur",
            "id": 446875114
        },
        {
            "name": "Yig'la",
            "artist": "NurFefe",
            "id": 1363724793
        },
        {
            "name": "Kechalar",
            "artist": "Shahzoda",
            "id": 519096054
        },
        {
            "name": "Izlaganda",
            "artist": "JORABEK",
            "id": 1319507313
        },
        {
            "name": "Kogli Barmikan",
            "artist": "Merdan-Music",
            "id": 1364411568
        },
        {
            "name": "Ko'zlaringa qarab",
            "artist": "Ulug'bek Rahmatullayev",
            "id": 549767105
        },
        {
            "name": "Omadim kelmadi",
            "artist": "Ulug'bek Rahmatullayev",
            "id": 549754776
        }
    ]
}