{
    "playlist_info": {
        "name": "『纯音』高考&中考丨减压小仓库",
        "trackcount": 419,
        "playcount": 20581140,
        "creator": "养只喵取名为猫",
        "createDate": "2018-05-11",
        "heat": 10955.0
    },
    "songs": [
        {
            "name": "From the Moon(来自月球的思恋)2.0",
            "artist": "一只影子YZYZ",
            "id": 1932024631
        },
        {
            "name": "From the Earth（来自地球的仰望）",
            "artist": "一只影子YZYZ",
            "id": 1989259776
        },
        {
            "name": "繁华落尽",
            "artist": "L_master",
            "id": 2054574618
        },
        {
            "name": "纸飞机",
            "artist": "钱晨航",
            "id": 569966701
        },
        {
            "name": "摇篮曲",
            "artist": "一只影子YZYZ",
            "id": 1973192568
        },
        {
            "name": "彼岸（纯音乐）",
            "artist": "周润泽",
            "id": 1919532172
        },
        {
            "name": "【FREE】晨露（Pop/R&B Melodic Trap Type Beat）",
            "artist": "一只影子YZYZ",
            "id": 2051784149
        },
        {
            "name": "晴れた空の下で",
            "artist": "L_master",
            "id": 1994777378
        },
        {
            "name": "想在午后和你私藏教室里的每一缕阳光",
            "artist": "L_master",
            "id": 1999855667
        },
        {
            "name": "云朵给晚风的情书",
            "artist": "拾光",
            "id": 2005210771
        },
        {
            "name": "清晨，树林，幺小喵",
            "artist": "花飞飞",
            "id": 1485796242
        },
        {
            "name": "面会菜",
            "artist": "林生祥",
            "id": 484056997
        },
        {
            "name": "初遇",
            "artist": "四季音色",
            "id": 440355946
        },
        {
            "name": "最后的句号",
            "artist": "小新",
            "id": 1842865092
        },
        {
            "name": "with you",
            "artist": "木子",
            "id": 1427925579
        },
        {
            "name": "月下",
            "artist": "WR-锐",
            "id": 1436947751
        },
        {
            "name": "Epilogue",
            "artist": "Justin Hurwitz",
            "id": 461864023
        },
        {
            "name": "银海",
            "artist": "蔡嘉瑞",
            "id": 1927925611
        },
        {
            "name": "chillin'",
            "artist": "cherrymint",
            "id": 1888364527
        },
        {
            "name": "星夜赴约",
            "artist": "Bravitar",
            "id": 1853733623
        },
        {
            "name": "Silhouettes",
            "artist": "UltraV",
            "id": 1474924007
        },
        {
            "name": "君だけの晴れ",
            "artist": "春野杉卉",
            "id": 1931264432
        },
        {
            "name": "一杯加冰的夏天",
            "artist": "L_master",
            "id": 1943380812
        },
        {
            "name": "Windy Hill",
            "artist": "羽肿",
            "id": 427606780
        },
        {
            "name": "远书",
            "artist": "忘乡",
            "id": 1825216246
        },
        {
            "name": "夜落樱花",
            "artist": "WR-锐",
            "id": 1433256350
        },
        {
            "name": "雨落归晴",
            "artist": "Bravitar",
            "id": 1838919686
        },
        {
            "name": "Summer",
            "artist": "久石譲",
            "id": 443242
        },
        {
            "name": "心 愿 ✍",
            "artist": "一束",
            "id": 1880940388
        },
        {
            "name": "叮，你的超大杯快乐到咯！",
            "artist": "换你一包薯条",
            "id": 2046160346
        },
        {
            "name": "❀ 2023试卷待我如初恋 ❀",
            "artist": "换你一包薯条",
            "id": 1833061877
        },
        {
            "name": "有 空 一 起 去 看 花",
            "artist": "阳光橙子YGCZ",
            "id": 2040866745
        },
        {
            "name": "河畔柳の你",
            "artist": "蒋六多",
            "id": 1821574625
        },
        {
            "name": "PaoPao",
            "artist": "一只影子YZYZ",
            "id": 1978306009
        },
        {
            "name": "该往哪里走",
            "artist": "蒋六多",
            "id": 1432728152
        },
        {
            "name": "萤火虫落在枝上温柔了月光下的你",
            "artist": "酥羽梨",
            "id": 1924851593
        },
        {
            "name": "春树里",
            "artist": "猫小柚",
            "id": 2003606759
        },
        {
            "name": "岁月安稳，时光静好",
            "artist": "Fanhuaz",
            "id": 2039053863
        },
        {
            "name": "思归",
            "artist": "小新",
            "id": 1914211561
        },
        {
            "name": "温柔の晚风",
            "artist": "星空物语",
            "id": 1990770877
        },
        {
            "name": "so in love",
            "artist": "cherrymint",
            "id": 2038544847
        },
        {
            "name": "浅浅飞萤入夏夜",
            "artist": "Fanhuaz",
            "id": 2035094765
        },
        {
            "name": "很抱歉，没能成为你的例外",
            "artist": "猫小柚",
            "id": 2004646059
        },
        {
            "name": "局外人",
            "artist": "福合埕在逃牛肉丸",
            "id": 1938756433
        },
        {
            "name": "With a warmth inside, I walk into the dark",
            "artist": "The Echelon Effect",
            "id": 2056266
        },
        {
            "name": "春日の脚步",
            "artist": "星空物语",
            "id": 1988592859
        },
        {
            "name": "forest",
            "artist": "cherrymint",
            "id": 2038544845
        },
        {
            "name": "MU5735",
            "artist": "温子琛",
            "id": 1935376550
        },
        {
            "name": "Exhausted tenderness",
            "artist": "Fanhuaz",
            "id": 2037195703
        },
        {
            "name": "我曾这样寂寞生活",
            "artist": "饭碗的彼岸",
            "id": 1364400123
        },
        {
            "name": "夏雨季续",
            "artist": "WR-锐",
            "id": 1839637851
        },
        {
            "name": "晚霞",
            "artist": "WR-锐",
            "id": 1430527005
        },
        {
            "name": "长夜星空",
            "artist": "木子",
            "id": 1924883682
        },
        {
            "name": "雪舞清梦",
            "artist": "赵大鼾",
            "id": 1962669551
        },
        {
            "name": "Moony",
            "artist": "赵大鼾",
            "id": 1883815843
        },
        {
            "name": "空の境",
            "artist": "星萤",
            "id": 1868355364
        },
        {
            "name": "春潮の約束",
            "artist": "赵大鼾",
            "id": 1823909341
        },
        {
            "name": "Family",
            "artist": "STZ",
            "id": 1967265502
        },
        {
            "name": "神社の前で",
            "artist": "夜秋",
            "id": 545346011
        },
        {
            "name": "做 讓 人 远 远 聽 見 的 風",
            "artist": "福合埕在逃牛肉丸",
            "id": 1911427000
        },
        {
            "name": "林深见鹿不见你",
            "artist": "赵大鼾",
            "id": 1407389699
        },
        {
            "name": "春の放課後",
            "artist": "星萤",
            "id": 1893183597
        },
        {
            "name": "终有一天",
            "artist": "星萤",
            "id": 1862593545
        },
        {
            "name": "起手探星河",
            "artist": "Otanmine",
            "id": 1812258351
        },
        {
            "name": "银河赴约",
            "artist": "网易云音乐校园",
            "id": 1453907054
        },
        {
            "name": "君の明日について",
            "artist": "春野杉卉",
            "id": 1404691013
        },
        {
            "name": "月亮不营业了",
            "artist": "温子琛",
            "id": 1889227467
        },
        {
            "name": "你像是晴天粉色云彩空气甜的坠入脑海",
            "artist": "酥羽梨",
            "id": 1925336574
        },
        {
            "name": "SeaShell WindBell（海贝风铃）",
            "artist": "橘猫深巷",
            "id": 1930963915
        },
        {
            "name": "ฅ۶•ﻌ•♡",
            "artist": "UM",
            "id": 1826254048
        },
        {
            "name": "日落时分",
            "artist": "星潮",
            "id": 1978555093
        },
        {
            "name": "一晃又一秋",
            "artist": "星潮",
            "id": 1980855657
        },
        {
            "name": "GOOD NIGHT",
            "artist": "美 梦 领 取 屋",
            "id": 1462458705
        },
        {
            "name": "夜幕",
            "artist": "WR-锐",
            "id": 1496352295
        },
        {
            "name": "nop",
            "artist": "陈越龙",
            "id": 1427725543
        },
        {
            "name": "After School",
            "artist": "Zocean",
            "id": 1479371572
        },
        {
            "name": "巨轮 「時間の大きな船",
            "artist": "温子琛",
            "id": 1879316866
        },
        {
            "name": "After the Rain",
            "artist": "Zocean",
            "id": 1479328705
        },
        {
            "name": "离雨",
            "artist": "逆时针向",
            "id": 1371780128
        },
        {
            "name": "(✧◡✧)",
            "artist": "拿花负荷",
            "id": 1425586358
        },
        {
            "name": "Matcha.ω",
            "artist": "夜秋",
            "id": 1434232716
        },
        {
            "name": "雨.西湖",
            "artist": "JINBAO",
            "id": 1428343940
        },
        {
            "name": "雨天小记",
            "artist": "拿花负荷",
            "id": 1427424234
        },
        {
            "name": "Shut Eye",
            "artist": "Kaleo",
            "id": 27506365
        },
        {
            "name": "風の手紙",
            "artist": "春野杉卉",
            "id": 1401354249
        },
        {
            "name": "忆夏风铃",
            "artist": "邱有句",
            "id": 1353537641
        },
        {
            "name": "仲夏夜的猫",
            "artist": "Hea2t",
            "id": 1444781647
        },
        {
            "name": "晴れが来る",
            "artist": "春野杉卉",
            "id": 1413374282
        },
        {
            "name": "曙光",
            "artist": "四季音色",
            "id": 1315824155
        },
        {
            "name": "The rain",
            "artist": "Vsun",
            "id": 493950499
        },
        {
            "name": "神明居住的街道",
            "artist": "春野杉卉",
            "id": 1860007763
        },
        {
            "name": "日の出",
            "artist": "魏欣宸",
            "id": 546526762
        },
        {
            "name": "☽",
            "artist": "Yzz",
            "id": 1422512958
        },
        {
            "name": "挽秋与追忆",
            "artist": "闫东炜",
            "id": 517337046
        },
        {
            "name": "山海不可平",
            "artist": "CMJ",
            "id": 1352045760
        },
        {
            "name": "烟花落",
            "artist": "DarkSpirit",
            "id": 1314010312
        },
        {
            "name": "消逝",
            "artist": "傅许",
            "id": 570463424
        },
        {
            "name": "Dancing Work",
            "artist": "叶轻衣",
            "id": 1407959962
        },
        {
            "name": "在你身边",
            "artist": "九月橙",
            "id": 492219052
        },
        {
            "name": "祝愿",
            "artist": "傅许",
            "id": 1336027101
        },
        {
            "name": "有 空 一 起 去 看 雪",
            "artist": "阳光橙子YGCZ",
            "id": 2041487435
        },
        {
            "name": "星星的约定",
            "artist": "邱有句",
            "id": 1384145901
        },
        {
            "name": "毕业照",
            "artist": "梁翘柏",
            "id": 31514398
        },
        {
            "name": "Cafe’ Alpha(Main Theme)",
            "artist": "Choro Club",
            "id": 758005
        },
        {
            "name": "雨空 - after -",
            "artist": "α·Pav",
            "id": 1363971832
        },
        {
            "name": "春",
            "artist": "卢明俊",
            "id": 468998937
        },
        {
            "name": "In Time",
            "artist": "Soulostar",
            "id": 27580689
        },
        {
            "name": "Prélude",
            "artist": "Alexandra Streliski",
            "id": 2185832
        },
        {
            "name": "做你独家宇宙",
            "artist": "轻墨安源",
            "id": 554974969
        },
        {
            "name": "Feast of Spring",
            "artist": "ミツキヨ",
            "id": 38673866
        },
        {
            "name": "荷灯",
            "artist": "钱晨航",
            "id": 494476060
        },
        {
            "name": "天空云海",
            "artist": "dylanf",
            "id": 1348892301
        },
        {
            "name": "点星（Point The Star）",
            "artist": "MT1990",
            "id": 505688656
        },
        {
            "name": "六朝霏雨",
            "artist": "变奏的梦想",
            "id": 1353757483
        },
        {
            "name": "四月樱花",
            "artist": "dylanf",
            "id": 1355079681
        },
        {
            "name": "《蝶语》",
            "artist": "MT1990",
            "id": 528414846
        },
        {
            "name": "Old Memory",
            "artist": "蓝云木",
            "id": 559227860
        },
        {
            "name": "夏萤 伴奏",
            "artist": "小vie",
            "id": 515571810
        },
        {
            "name": "观灯",
            "artist": "忘乡",
            "id": 460173322
        },
        {
            "name": "灯火不完美",
            "artist": "smile丶轩",
            "id": 1313474211
        },
        {
            "name": "柠檬树下",
            "artist": "dylanf",
            "id": 1351936553
        },
        {
            "name": "Light Above The Sky",
            "artist": "Delos",
            "id": 1331444984
        },
        {
            "name": "River Flows In You (Crystal)",
            "artist": "dodie",
            "id": 447225146
        },
        {
            "name": "雪化粧に包まれて …",
            "artist": "Foxtail-Grass Studio",
            "id": 730704
        },
        {
            "name": "离客",
            "artist": "风吹心散",
            "id": 1349486677
        },
        {
            "name": "welcome to my playground",
            "artist": "Hummingbert Stereo",
            "id": 26115574
        },
        {
            "name": "Whisper Bless",
            "artist": "水月陵",
            "id": 36019328
        },
        {
            "name": "盛开成花树",
            "artist": "喵步小雨中",
            "id": 28754285
        },
        {
            "name": "Rainy Blue (蓝色阴雨)",
            "artist": "饭碗的彼岸",
            "id": 1341912654
        },
        {
            "name": "我的小小世界里",
            "artist": "钱晨航",
            "id": 517897043
        },
        {
            "name": "别念",
            "artist": "Funton",
            "id": 552560922
        },
        {
            "name": "飞鸟与游鱼",
            "artist": "邱有句",
            "id": 1348020265
        },
        {
            "name": "夏に花が散る",
            "artist": "羽肿",
            "id": 490687121
        },
        {
            "name": "温柔",
            "artist": "十指流玉",
            "id": 1341978267
        },
        {
            "name": "无已恋君时",
            "artist": "明日未来",
            "id": 532124658
        },
        {
            "name": "思絮（Thought flocculation）",
            "artist": "Mr Chip",
            "id": 1306093088
        },
        {
            "name": "Gemini",
            "artist": "MiyakTik",
            "id": 545907304
        },
        {
            "name": "心夜",
            "artist": "鱼九",
            "id": 483053304
        },
        {
            "name": "雪落与掌心",
            "artist": "闫东炜",
            "id": 533811657
        },
        {
            "name": "The Wedding",
            "artist": "Jóhann Jóhannsson",
            "id": 29774791
        },
        {
            "name": "Soul",
            "artist": "大宇",
            "id": 41663321
        },
        {
            "name": "海の形",
            "artist": "昙轩",
            "id": 535056564
        },
        {
            "name": "Rainbow",
            "artist": "蓝云木",
            "id": 502802205
        },
        {
            "name": "爱像雨季，痛快想你",
            "artist": "十指流玉",
            "id": 556245799
        },
        {
            "name": "高二",
            "artist": "大宇",
            "id": 432430709
        },
        {
            "name": "Moony",
            "artist": "羽肿",
            "id": 1336487436
        },
        {
            "name": "流星的愿望",
            "artist": "林澜叶",
            "id": 31997954
        },
        {
            "name": "雏鹰",
            "artist": "大宇",
            "id": 417594624
        },
        {
            "name": "空亦美",
            "artist": "小vie",
            "id": 446627396
        },
        {
            "name": "蝉证序",
            "artist": "南极白熊",
            "id": 570325078
        },
        {
            "name": "Moon Among Trees",
            "artist": "Dennis Kuo",
            "id": 29047203
        },
        {
            "name": "2019",
            "artist": "十指流玉",
            "id": 1338802054
        },
        {
            "name": "落月随山隐",
            "artist": "饭碗的彼岸",
            "id": 1333365172
        },
        {
            "name": "像紫堇。像金色的麦野。生长出诗。",
            "artist": "饭碗的彼岸",
            "id": 1338923417
        },
        {
            "name": "临安",
            "artist": "小vie",
            "id": 494987638
        },
        {
            "name": "花之绪",
            "artist": "南有乔木",
            "id": 538154718
        },
        {
            "name": "夏琪",
            "artist": "昼夜",
            "id": 489270820
        },
        {
            "name": "遠花火",
            "artist": "世间满樱花",
            "id": 1337571561
        },
        {
            "name": "柠檬汽水",
            "artist": "钱晨航",
            "id": 479374667
        },
        {
            "name": "冬之恋",
            "artist": "zss",
            "id": 441441015
        },
        {
            "name": "新生",
            "artist": "三亩地",
            "id": 1336934364
        },
        {
            "name": "Hey! Say! JUMP-H.our time【Instrument】（灰澈 Remix）",
            "artist": "灰澈",
            "id": 1336509010
        },
        {
            "name": "繁花落",
            "artist": "风吹心散",
            "id": 1336600547
        },
        {
            "name": "花间游",
            "artist": "逆时针向",
            "id": 1335796886
        },
        {
            "name": "云村的烟花",
            "artist": "邱有句",
            "id": 555110156
        },
        {
            "name": "我们别时和见时不同",
            "artist": "饭碗的彼岸",
            "id": 863464857
        },
        {
            "name": "夏新晨",
            "artist": "逆时针向",
            "id": 487089933
        },
        {
            "name": "雨之翼",
            "artist": "Candy_Wind",
            "id": 555516605
        },
        {
            "name": "今夜我不考虑未来",
            "artist": "Nyaameow",
            "id": 553147735
        },
        {
            "name": "晴天的周末在去学校补课的路上遇见了喜欢的人",
            "artist": "AniFace",
            "id": 477310237
        },
        {
            "name": "你",
            "artist": "傅许",
            "id": 492461100
        },
        {
            "name": "微风拂过你的脸",
            "artist": "Hea2t",
            "id": 1302972298
        },
        {
            "name": "Story of a Boy and a Girl",
            "artist": "Soulostar",
            "id": 1993765
        },
        {
            "name": "♥",
            "artist": "Mo",
            "id": 461053045
        },
        {
            "name": "TA在上自习",
            "artist": "变奏的梦想",
            "id": 532418712
        },
        {
            "name": "17:40",
            "artist": "AniFace",
            "id": 496349294
        },
        {
            "name": "森",
            "artist": "詹昊晁 Zhan.H.C",
            "id": 555958479
        },
        {
            "name": "夏日、教室与望着窗外的我",
            "artist": "Candy_Wind",
            "id": 485327917
        },
        {
            "name": "Imaginary Kiss",
            "artist": "Shirfine",
            "id": 27579056
        },
        {
            "name": "芳香",
            "artist": "比特丧",
            "id": 26328682
        },
        {
            "name": "桜恋",
            "artist": "詹昊晁 Zhan.H.C",
            "id": 515635175
        },
        {
            "name": "零碎之梦",
            "artist": "和弦",
            "id": 467142491
        },
        {
            "name": "那年夏天，阳光正好",
            "artist": "忘乡",
            "id": 428391474
        },
        {
            "name": "夏野与暗恋",
            "artist": "闫东炜",
            "id": 421934070
        },
        {
            "name": "雨梦",
            "artist": "四季音色",
            "id": 438903643
        },
        {
            "name": "夜明け",
            "artist": "菊谷知樹",
            "id": 27514630
        },
        {
            "name": "晚安",
            "artist": "尚先生",
            "id": 36894948
        },
        {
            "name": "梦境中的背影",
            "artist": "余日秋山",
            "id": 439139134
        },
        {
            "name": "蝉鸣的意义是帮我想你",
            "artist": "陈萝莉",
            "id": 492086826
        },
        {
            "name": "Edelwiess (Silver Screen Classics Album Version)",
            "artist": "David Davidson",
            "id": 22538948
        },
        {
            "name": "花梦旅人",
            "artist": "世间满樱花",
            "id": 427017519
        },
        {
            "name": "七月，蝉鸣月色",
            "artist": "紫竹笛韵",
            "id": 492926375
        },
        {
            "name": "Love home",
            "artist": "夏小舟",
            "id": 404459321
        },
        {
            "name": "花绽放",
            "artist": "smile丶轩",
            "id": 523696075
        },
        {
            "name": "陪我长大钢琴版",
            "artist": "MT1990",
            "id": 1302910002
        },
        {
            "name": "萤火之森",
            "artist": "詹昊晁 Zhan.H.C",
            "id": 444323317
        },
        {
            "name": "After The Rain",
            "artist": "傅许",
            "id": 496071832
        },
        {
            "name": "生日当天的傍晚意外收到了来自暗恋对象的祝福",
            "artist": "AniFace",
            "id": 517764925
        },
        {
            "name": "盛夏与响恋",
            "artist": "闫东炜",
            "id": 485700923
        },
        {
            "name": "终于。又见到妳了0w0",
            "artist": "Candy_Wind",
            "id": 486577513
        },
        {
            "name": "你看起来有点甜",
            "artist": "忘乡",
            "id": 530325654
        },
        {
            "name": "雨夜幻想曲",
            "artist": "变奏的梦想",
            "id": 421110673
        },
        {
            "name": "ᴋɪss ღ",
            "artist": "DENKI SAMA",
            "id": 480624706
        },
        {
            "name": "Rain",
            "artist": "Circadian Eyes",
            "id": 1206866
        },
        {
            "name": "晨雾",
            "artist": "Cicada",
            "id": 350129
        },
        {
            "name": "新愿",
            "artist": "四季音色",
            "id": 450532725
        },
        {
            "name": "雨季和你 (2020ver.)",
            "artist": "BrighterThan",
            "id": 476904385
        },
        {
            "name": "我看到你的倒影在水中翩翩起舞",
            "artist": "饭碗的彼岸",
            "id": 408943743
        },
        {
            "name": "忆夏思乡",
            "artist": "MoreanP",
            "id": 506650377
        },
        {
            "name": "梦雨",
            "artist": "Xwdit",
            "id": 497650428
        },
        {
            "name": "破晓",
            "artist": "逆时针向",
            "id": 502569500
        },
        {
            "name": "沐风",
            "artist": "四季音色",
            "id": 1296816863
        },
        {
            "name": "旧事",
            "artist": "忘乡",
            "id": 1300726769
        },
        {
            "name": "流云",
            "artist": "西皮士",
            "id": 427609546
        },
        {
            "name": "风倾 feat. Himawari",
            "artist": "Aosaki",
            "id": 28100899
        },
        {
            "name": "Wedding Canon",
            "artist": "Origen",
            "id": 3225153
        },
        {
            "name": "莲有秀兮",
            "artist": "饭碗的彼岸",
            "id": 866032176
        },
        {
            "name": "Sleepless Starlight",
            "artist": "羽肿",
            "id": 444003269
        },
        {
            "name": "天微雨，她就像朵莲花，开满我全部的视线。",
            "artist": "十指流玉",
            "id": 524805604
        },
        {
            "name": "春风再美也比不上你的笑，没见过你的人自然不会明了。（Demo）",
            "artist": "十指流玉",
            "id": 527354000
        },
        {
            "name": "夜、萤火虫和你",
            "artist": "AniFace",
            "id": 509720124
        },
        {
            "name": "秋～華恋～",
            "artist": "α·Pav",
            "id": 139177
        },
        {
            "name": "我们在黄昏的树荫下出发，走到朝阳的尽头，绕过绿色的岛，穿越溪上的石桥和杂乱的铺子小巷，走进栅栏围拢的花园里，你忽然低头跑开，这时我才缓过神看你，好像你我初初相遇",
            "artist": "岸生",
            "id": 519704673
        },
        {
            "name": "小夏，多变的天气如妳",
            "artist": "饭碗的彼岸",
            "id": 410715051
        },
        {
            "name": "月色与雪色之间，你是第三种绝色。",
            "artist": "十指流玉",
            "id": 535612106
        },
        {
            "name": "最后　仍在一起",
            "artist": "Cicada",
            "id": 350149
        },
        {
            "name": "未公开的季节",
            "artist": "闫东炜",
            "id": 492081815
        },
        {
            "name": "忆",
            "artist": "吴宇深",
            "id": 1295750639
        },
        {
            "name": "Timeless",
            "artist": "Nouri",
            "id": 17516863
        },
        {
            "name": "Anya by the Sea",
            "artist": "饭碗的彼岸",
            "id": 492281701
        },
        {
            "name": "Mysterious Road",
            "artist": "Foxtail-Grass Studio",
            "id": 730854
        },
        {
            "name": "Light & Your Story",
            "artist": "千坂",
            "id": 461090506
        },
        {
            "name": "rainy day in a city in the universe",
            "artist": "mimikyu",
            "id": 461811897
        },
        {
            "name": "いま,会いにゆきます/時を超えて",
            "artist": "松谷卓",
            "id": 27514069
        },
        {
            "name": "Rainy Dumplings",
            "artist": "饭碗的彼岸",
            "id": 572182643
        },
        {
            "name": "Above Everything",
            "artist": "Capo Productions",
            "id": 4010726
        },
        {
            "name": "Oliver's Garden",
            "artist": "Electus",
            "id": 400876450
        },
        {
            "name": "Daydreaming",
            "artist": "SR",
            "id": 837067
        },
        {
            "name": "Echo of Rain",
            "artist": "清风至",
            "id": 1307063992
        },
        {
            "name": "Is It Love",
            "artist": "Shirfine",
            "id": 27579060
        },
        {
            "name": "Miss You",
            "artist": "未泯",
            "id": 33850506
        },
        {
            "name": "初夏的夜晚",
            "artist": "Hea2t",
            "id": 561876887
        },
        {
            "name": "城南花已开",
            "artist": "三亩地",
            "id": 468176711
        },
        {
            "name": "蝉鸣知夏",
            "artist": "清风至",
            "id": 864634875
        },
        {
            "name": "夏日之梦",
            "artist": "傅许",
            "id": 429459844
        },
        {
            "name": "致大学",
            "artist": "文武贝",
            "id": 40249986
        },
        {
            "name": "60km/h",
            "artist": "晨曦光廊",
            "id": 28748458
        },
        {
            "name": "Wish For You",
            "artist": "逆时针向",
            "id": 572296319
        },
        {
            "name": "秋鳴りシンフォニー",
            "artist": "Foxtail-Grass Studio",
            "id": 730856
        },
        {
            "name": "春よ、来い（和楽器ver.）",
            "artist": "AUN J-CLASSIC ORCHESTRA",
            "id": 683826
        },
        {
            "name": "Palpitate",
            "artist": "逆时针向",
            "id": 865320957
        },
        {
            "name": "荏苒",
            "artist": "四季音色",
            "id": 441618348
        },
        {
            "name": "风",
            "artist": "鲸鱼马戏团",
            "id": 461515533
        },
        {
            "name": "雨",
            "artist": "九月橙",
            "id": 491489972
        },
        {
            "name": "寻",
            "artist": "邱有句",
            "id": 471589421
        },
        {
            "name": "失",
            "artist": "十指流玉",
            "id": 442899375
        },
        {
            "name": "海",
            "artist": "夏小舟",
            "id": 490997744
        },
        {
            "name": "里山",
            "artist": "羽毛田丈史",
            "id": 423226
        },
        {
            "name": "星夜",
            "artist": "四季音色",
            "id": 411988490
        },
        {
            "name": "夏夜",
            "artist": "四季音色",
            "id": 410042763
        },
        {
            "name": "逆流",
            "artist": "逆时针向",
            "id": 1297940270
        },
        {
            "name": "小樱",
            "artist": "饭碗的彼岸",
            "id": 406070435
        },
        {
            "name": "端午",
            "artist": "四季音色",
            "id": 481261856
        },
        {
            "name": "森林",
            "artist": "灰澈",
            "id": 495562302
        },
        {
            "name": "雨夜",
            "artist": "蓝云木",
            "id": 512623093
        },
        {
            "name": "One Day",
            "artist": "KISNOU",
            "id": 448316625
        },
        {
            "name": "灯香花明",
            "artist": "Stefano",
            "id": 41664610
        },
        {
            "name": "夏风微凉",
            "artist": "忘乡",
            "id": 1294799290
        },
        {
            "name": "云村的风",
            "artist": "邱有句",
            "id": 520849195
        },
        {
            "name": "夏天的思念",
            "artist": "邱有句",
            "id": 491142223
        },
        {
            "name": "Gypsophila",
            "artist": "MoreanP",
            "id": 517346741
        },
        {
            "name": "Where are you",
            "artist": "AniFace",
            "id": 453843751
        },
        {
            "name": "heaven sunshine",
            "artist": "Foxtail-Grass Studio",
            "id": 29784761
        },
        {
            "name": "Searching for a Light",
            "artist": "Nyte",
            "id": 29759354
        },
        {
            "name": "Esperando la Cosecha Distante ～いつか稔りの時もある",
            "artist": "ジャージと愉快な仲間たち",
            "id": 28561950
        },
        {
            "name": "未言君名（你仍不知道那个夏天我为何没有说出你的名字）",
            "artist": "十指流玉",
            "id": 483204401
        },
        {
            "name": "静寂の森(U.N.オーエンは彼女なのか? [东方红魔郷])",
            "artist": "Dropの小屋。",
            "id": 717484
        },
        {
            "name": "þau Hafa Sloppið Undan þunga Myrkursins",
            "artist": "Ólafur Arnalds",
            "id": 16139406
        },
        {
            "name": "云村的重逢/致爱梵高，自由旋转的向日葵",
            "artist": "邱有句",
            "id": 541432715
        },
        {
            "name": "意にそぐわぬリターニー",
            "artist": "凋叶棕",
            "id": 850696
        },
        {
            "name": "Trine 2 Main Theme (Storybook Version)",
            "artist": "Ari Pulkkinen",
            "id": 1062627
        },
        {
            "name": "La valse d'Amélie (Version originale)",
            "artist": "Yann Tiersen",
            "id": 20744075
        },
        {
            "name": "風舞う紅葉と実の薫り",
            "artist": "Foxtail-Grass Studio",
            "id": 730670
        },
        {
            "name": "Prelude (Motohiko Hirami & Yann)",
            "artist": "Motohiko Hirami",
            "id": 28587913
        },
        {
            "name": "ひやむぎ、そーめん、时々うどん",
            "artist": "ハム",
            "id": 785793
        },
        {
            "name": "When I see the light at that Time",
            "artist": "Snigellin",
            "id": 510309106
        },
        {
            "name": "the land of the giant flying beast",
            "artist": "In Love With A Ghost",
            "id": 511921497
        },
        {
            "name": "Never Give Up（Original Mix）",
            "artist": "逆时针向",
            "id": 498978315
        },
        {
            "name": "土着神の頂点 ～Native Faith",
            "artist": "Like a rabbit",
            "id": 4165168
        },
        {
            "name": "Storytelling (feat. 汤川潮音)",
            "artist": "World's End Girlfriend",
            "id": 22736184
        },
        {
            "name": "香蕉君的夏日(Original Mix)",
            "artist": "Beliefer",
            "id": 481352206
        },
        {
            "name": "結ばれませ、さすれば…。",
            "artist": "増田俊郎",
            "id": 28411051
        },
        {
            "name": "Morning Haze Rearrange",
            "artist": "1n",
            "id": 453107183
        },
        {
            "name": "Dancing in the Moonlight",
            "artist": "Colors of the Land",
            "id": 4006059
        },
        {
            "name": "みとれてマーブルチーク",
            "artist": "Foxtail-Grass Studio",
            "id": 454711341
        },
        {
            "name": "Dungeon#2~红魔馆地下",
            "artist": "東京アクティブNEETs",
            "id": 852643
        },
        {
            "name": "雨垂れ拍子は誰が為に",
            "artist": "Foxtail-Grass Studio",
            "id": 412785754
        },
        {
            "name": "nothing was the same",
            "artist": "Cat naps",
            "id": 484730899
        },
        {
            "name": "Snow before Spring",
            "artist": "羽肿",
            "id": 459957117
        },
        {
            "name": "遠天、とある忘れ物",
            "artist": "encounter+",
            "id": 721243
        },
        {
            "name": "La Boîte à Musique",
            "artist": "Rhian Sheehan",
            "id": 26234317
        },
        {
            "name": "夏星夜",
            "artist": "逆时针向",
            "id": 487093203
        },
        {
            "name": "outside sandwiches",
            "artist": "Lullatone",
            "id": 32098431
        },
        {
            "name": "旅烏のメランコリー",
            "artist": "豚乙女",
            "id": 745910
        },
        {
            "name": "Om Du Möter Varg",
            "artist": "Detektivbyrån",
            "id": 19648861
        },
        {
            "name": "John Ryan's Polka",
            "artist": "Ballycastle",
            "id": 5137438
        },
        {
            "name": "Seasonal Produce",
            "artist": "Lullatone",
            "id": 27860423
        },
        {
            "name": "Heartful Memories",
            "artist": "NOMAK",
            "id": 22844502
        },
        {
            "name": "Building A Family",
            "artist": "Mark Isham",
            "id": 17239379
        },
        {
            "name": "비오는 소리 (Intro)",
            "artist": "July",
            "id": 5308068
        },
        {
            "name": "ゆるやかな畦道で",
            "artist": "吉森信",
            "id": 541976
        },
        {
            "name": "For my girl friend",
            "artist": "未泯",
            "id": 32743966
        },
        {
            "name": "緋色の雪/緋想天",
            "artist": "N-tone",
            "id": 792449
        },
        {
            "name": "Amazing Grace",
            "artist": "Wayne Gratz",
            "id": 19781664
        },
        {
            "name": "花火が瞬く夜に",
            "artist": "羽肿",
            "id": 434902428
        },
        {
            "name": "ふるさとの匂い",
            "artist": "吉森信",
            "id": 541853
        },
        {
            "name": "沢の河城工務店",
            "artist": "Foxtail-Grass Studio",
            "id": 26537202
        },
        {
            "name": "Cold Shoulders",
            "artist": "Elyonbeats",
            "id": 29724386
        },
        {
            "name": "うれし、たのし",
            "artist": "コーコーヤ",
            "id": 768749
        },
        {
            "name": "Let's chuchu",
            "artist": "風鈴ぼるけいの",
            "id": 412785271
        },
        {
            "name": "Utopia Wind",
            "artist": "趣味工房にんじんわいん",
            "id": 766467
        },
        {
            "name": "慵懒的百利甜",
            "artist": "尚先生",
            "id": 462058781
        },
        {
            "name": "问月 (古风版)",
            "artist": "小vie",
            "id": 32419716
        },
        {
            "name": "いいのかな？",
            "artist": "水谷広実",
            "id": 28160994
        },
        {
            "name": "故梦(琵琶版)",
            "artist": "千年破晓",
            "id": 29401808
        },
        {
            "name": "儿时的夏日",
            "artist": "余日秋山",
            "id": 467744316
        },
        {
            "name": "万吨匿名信",
            "artist": "闫东炜",
            "id": 36703095
        },
        {
            "name": "云村的告别",
            "artist": "邱有句",
            "id": 523863496
        },
        {
            "name": "盛夏与蝉鸣",
            "artist": "Hea2t",
            "id": 557850882
        },
        {
            "name": "水面の満月",
            "artist": "神乃木製作所",
            "id": 767726
        },
        {
            "name": "Sunny Jim",
            "artist": "Deep East Music",
            "id": 17423740
        },
        {
            "name": "Night City",
            "artist": "逆时针向",
            "id": 573633797
        },
        {
            "name": "Freestyle",
            "artist": "Capo Productions",
            "id": 4010905
        },
        {
            "name": "桜の約束",
            "artist": "AniFace",
            "id": 469713310
        },
        {
            "name": "吟鱼落尽",
            "artist": "smile丶轩",
            "id": 496095230
        },
        {
            "name": "太平长安",
            "artist": "世间满樱花",
            "id": 455735401
        },
        {
            "name": "十一月风",
            "artist": "Candy_Wind",
            "id": 32717168
        },
        {
            "name": "꿈속에서",
            "artist": "단비",
            "id": 5330831
        },
        {
            "name": "晨光一现",
            "artist": "夏小舟",
            "id": 450686151
        },
        {
            "name": "夏の時雨",
            "artist": "浅川晨曦",
            "id": 502616237
        },
        {
            "name": "丛林之悦",
            "artist": "阿铭",
            "id": 452733123
        },
        {
            "name": "Oceans",
            "artist": "Capo Productions",
            "id": 4010899
        },
        {
            "name": "Escape",
            "artist": "Yubel",
            "id": 422428615
        },
        {
            "name": "ささぶね",
            "artist": "Foxtail-Grass Studio",
            "id": 730852
        },
        {
            "name": "夏の喚く",
            "artist": "邱有句",
            "id": 434871406
        },
        {
            "name": "HANABI",
            "artist": "Sha-Man Beats a.k.a. physalis",
            "id": 497102
        },
        {
            "name": "Tell me",
            "artist": "Noicybino",
            "id": 34183386
        },
        {
            "name": "110629",
            "artist": "宮内優里",
            "id": 33166135
        },
        {
            "name": "To Be...",
            "artist": "Valentin",
            "id": 857905
        },
        {
            "name": "LILIUM",
            "artist": "MOKA☆",
            "id": 783014
        },
        {
            "name": "夏之风",
            "artist": "阿铭",
            "id": 479494742
        },
        {
            "name": "Tishri",
            "artist": "Ana Alcaide",
            "id": 16409002
        },
        {
            "name": "カノン",
            "artist": "DJ Okawari",
            "id": 4894309
        },
        {
            "name": "玉竹笑",
            "artist": "林澜叶",
            "id": 454730084
        },
        {
            "name": "Awake",
            "artist": "Trazer",
            "id": 33419765
        },
        {
            "name": "Henry",
            "artist": "Nanofingers",
            "id": 27679286
        },
        {
            "name": "Leah",
            "artist": "Dustin O'Halloran",
            "id": 26483498
        },
        {
            "name": "anne",
            "artist": "Haruka Nakamura",
            "id": 26115582
        },
        {
            "name": ">>>",
            "artist": "Cutei",
            "id": 507185827
        },
        {
            "name": "吹梦",
            "artist": "四季音色",
            "id": 477144723
        },
        {
            "name": "雪風",
            "artist": "Foxtail-Grass Studio",
            "id": 27669789
        },
        {
            "name": "幽梦",
            "artist": "阿铭",
            "id": 437752427
        },
        {
            "name": "氷解",
            "artist": "七瀬光",
            "id": 570729
        },
        {
            "name": "月杜",
            "artist": "趣味工房にんじんわいん",
            "id": 767143
        },
        {
            "name": "圣诞",
            "artist": "四季音色",
            "id": 525984517
        },
        {
            "name": "暖雨",
            "artist": "林键标",
            "id": 34731046
        },
        {
            "name": "leaves",
            "artist": "yutaka hirasaka",
            "id": 22792368
        },
        {
            "name": "η",
            "artist": "α·Pav",
            "id": 29137871
        },
        {
            "name": "半夏",
            "artist": "十指流玉",
            "id": 475584898
        },
        {
            "name": "背水",
            "artist": "逆时针向",
            "id": 491097414
        },
        {
            "name": "轻风",
            "artist": "四季音色",
            "id": 410715788
        },
        {
            "name": "守梦",
            "artist": "bankyya",
            "id": 487558671
        },
        {
            "name": "微光",
            "artist": "Stefano",
            "id": 41462985
        },
        {
            "name": "M01",
            "artist": "梶浦由記",
            "id": 591797
        },
        {
            "name": "雨空",
            "artist": "α·Pav",
            "id": 139206
        },
        {
            "name": "雲流れ",
            "artist": "みかん箱",
            "id": 785902
        },
        {
            "name": "For Me",
            "artist": "S.E.N.S.",
            "id": 816850
        },
        {
            "name": "朝の祈り",
            "artist": "神山純一",
            "id": 445512
        },
        {
            "name": "Oceano",
            "artist": "Roberto Cacciapaglia",
            "id": 18495538
        },
        {
            "name": "原始の森",
            "artist": "Dropの小屋。",
            "id": 22683858
        },
        {
            "name": "白昼之夜",
            "artist": "林隆璇",
            "id": 116493
        },
        {
            "name": "영군왈츠",
            "artist": "曹英沃",
            "id": 5295374
        },
        {
            "name": "SAKURA",
            "artist": "邱有句",
            "id": 485035919
        },
        {
            "name": "Hyacinth",
            "artist": "July",
            "id": 26127164
        },
        {
            "name": "Daily Life",
            "artist": "S.E.N.S.",
            "id": 817688
        },
        {
            "name": "postlude",
            "artist": "FLOWER FLOWER",
            "id": 30590328
        },
        {
            "name": "メグルユメ",
            "artist": "Foxtail-Grass Studio",
            "id": 730763
        },
        {
            "name": "繁华的寂静",
            "artist": "文武贝",
            "id": 40257852
        },
        {
            "name": "雨粒人鱼姫",
            "artist": "Queen of Wand",
            "id": 803489
        },
        {
            "name": "Viva la Vida",
            "artist": "Baby Deli Music",
            "id": 22588972
        },
        {
            "name": "Good Night",
            "artist": "Snigellin",
            "id": 485856132
        },
        {
            "name": "Glassy Sky",
            "artist": "TAVOS",
            "id": 493490427
        },
        {
            "name": "水のゆりかご",
            "artist": "神山純一",
            "id": 445516
        },
        {
            "name": "朝雾の森から",
            "artist": "神山純一",
            "id": 445531
        },
        {
            "name": "A Little Story",
            "artist": "Valentin",
            "id": 857896
        },
        {
            "name": "Dusky World",
            "artist": "MoreanP",
            "id": 519604416
        },
        {
            "name": "雪と氷の境界",
            "artist": "桜庭統",
            "id": 511959
        },
        {
            "name": "Moon Dance",
            "artist": "Little Wing",
            "id": 30051532
        },
        {
            "name": "和煦的糖果风",
            "artist": "Candy_Wind",
            "id": 439142564
        },
        {
            "name": "Mr. Moustafa",
            "artist": "Alexandre Desplat",
            "id": 28289088
        },
        {
            "name": "Lazy Afternoon",
            "artist": "Niazura",
            "id": 1806782
        },
        {
            "name": "放課後の音楽室",
            "artist": "ゴンチチ",
            "id": 758079
        },
        {
            "name": "やわらかな時間",
            "artist": "林有三",
            "id": 463775
        },
        {
            "name": "昼下がりの憂鬱",
            "artist": "みかん箱",
            "id": 785887
        },
        {
            "name": "Edge of the sky",
            "artist": "Worezh",
            "id": 427017207
        },
        {
            "name": "Bloom of Youth",
            "artist": "Key Sounds Label",
            "id": 760058
        },
        {
            "name": "Nuvole Bianche",
            "artist": "Ludovico Einaudi",
            "id": 28465109
        },
        {
            "name": "Larrons en foire",
            "artist": "Raphaël Beau",
            "id": 1926683
        },
        {
            "name": "桜舞う青空の下で",
            "artist": "ばんばんしー",
            "id": 27582639
        },
        {
            "name": "Otherworld (I.T.R.)",
            "artist": "Soulostar",
            "id": 1993759
        },
        {
            "name": "La Valse D'amelie",
            "artist": "Yann Tiersen",
            "id": 27134349
        },
        {
            "name": "Life goes on waltz",
            "artist": "羽毛田丈史",
            "id": 422781
        },
        {
            "name": "Summer Fantasy~",
            "artist": "傅许",
            "id": 476625725
        },
        {
            "name": "日陰と帽子と風鈴と",
            "artist": "Foxtail-Grass Studio",
            "id": 730806
        },
        {
            "name": "月 ~Main Theme (月)",
            "artist": "梶浦由記",
            "id": 590612
        },
        {
            "name": "风居住的街道（Piano ver） (翻自 磯村由紀子）",
            "artist": "饭碗的彼岸",
            "id": 36897723
        },
        {
            "name": "今日ぞハレの日、われらが祭り",
            "artist": "ジャージと愉快な仲間たち",
            "id": 28561953
        },
        {
            "name": "梦灯笼 柔缓抒情（Instrumental）",
            "artist": "EZ-M",
            "id": 457354716
        },
        {
            "name": "Adios, Illusion de los Companeros ～さよなら友の幻よ",
            "artist": "ジャージと愉快な仲間たち",
            "id": 28561952
        }
    ]
}