{
    "playlist_info": {
        "name": "【电音】让你欲罢不能的女声",
        "trackcount": 226,
        "playcount": 10435963,
        "creator": "你害怕孤独吗",
        "createDate": "2015-04-17",
        "heat": 3484.0
    },
    "songs": [
        {
            "name": "Firefly",
            "artist": "BEAUZ",
            "id": 863493139
        },
        {
            "name": "Coming Home",
            "artist": "Dash Berlin",
            "id": 475072054
        },
        {
            "name": "Fractures",
            "artist": "ILLENIUM",
            "id": 456185577
        },
        {
            "name": "Ibiza Night (Mbnn Remix Radio Edit)",
            "artist": "Pasha Lumin",
            "id": 504206109
        },
        {
            "name": "Get Down",
            "artist": "Klaas",
            "id": 862862104
        },
        {
            "name": "I Wanna Know (Syn Cole Remix)",
            "artist": "NOTD",
            "id": 555974147
        },
        {
            "name": "Superstar (Dirty Rush & Gregor Es Remix)",
            "artist": "Mandee",
            "id": 472219715
        },
        {
            "name": "No Promises (Delta Jack Remix)",
            "artist": "Delta Jack",
            "id": 503123018
        },
        {
            "name": "Antisocial",
            "artist": "BEAUZ",
            "id": 550124208
        },
        {
            "name": "Another You",
            "artist": "ThimLife",
            "id": 1329164029
        },
        {
            "name": "Big Words",
            "artist": "Klaas",
            "id": 569870379
        },
        {
            "name": "Love Your Life",
            "artist": "Klaas",
            "id": 554110222
        },
        {
            "name": "Unfortunate Soul",
            "artist": "Kailee Morgue",
            "id": 531672176
        },
        {
            "name": "End Of The Night",
            "artist": "Danny Avila",
            "id": 1324159296
        },
        {
            "name": "Close to You",
            "artist": "Klaas",
            "id": 529824982
        },
        {
            "name": "Want Me",
            "artist": "Dazers",
            "id": 522353191
        },
        {
            "name": "Talking to You",
            "artist": "R3HAB",
            "id": 506094040
        },
        {
            "name": "You Might Be (GoldFish Remix)",
            "artist": "Goldfish",
            "id": 488953797
        },
        {
            "name": "Feel Good Inc.",
            "artist": "filous",
            "id": 412902434
        },
        {
            "name": "Thank You (Miki Mouse & Krocodile Remix)",
            "artist": "Miki Mouse",
            "id": 436046406
        },
        {
            "name": "Take Me",
            "artist": "Will Sparks",
            "id": 493551130
        },
        {
            "name": "Lisitsyn - I'm Coming One（网虫i remix）",
            "artist": "网虫",
            "id": 566434525
        },
        {
            "name": "Heaven",
            "artist": "Dzeko",
            "id": 1336601670
        },
        {
            "name": "Magic Symphony",
            "artist": "C-BooL",
            "id": 448317775
        },
        {
            "name": "Anti-Everything",
            "artist": "Lost Kings",
            "id": 1338762884
        },
        {
            "name": "Run Free",
            "artist": "Deep Chills",
            "id": 500410102
        },
        {
            "name": "Versailles",
            "artist": "Axollo",
            "id": 1341925028
        },
        {
            "name": "Home (Blaze U Remix)",
            "artist": "ThimLife",
            "id": 448317566
        },
        {
            "name": "Stay Free",
            "artist": "Proto",
            "id": 431855041
        },
        {
            "name": "Missing (feat. Mingue)",
            "artist": "EDX",
            "id": 400690202
        },
        {
            "name": "In My Blood",
            "artist": "The Veronicas",
            "id": 416531514
        },
        {
            "name": "On The Top",
            "artist": "LIZOT",
            "id": 440208814
        },
        {
            "name": "Kaleidoscope",
            "artist": "Vicetone",
            "id": 427542254
        },
        {
            "name": "Echo (Original Mix)",
            "artist": "POLINA",
            "id": 427542259
        },
        {
            "name": "Take Me Down (Extended Mix)",
            "artist": "Mike Williams",
            "id": 427542181
        },
        {
            "name": "I Heart U",
            "artist": "Kretsen",
            "id": 483024211
        },
        {
            "name": "Collide",
            "artist": "Chromak",
            "id": 458231108
        },
        {
            "name": "Paper Love",
            "artist": "Allie X",
            "id": 475207414
        },
        {
            "name": "Chances",
            "artist": "Mesto",
            "id": 489110016
        },
        {
            "name": "In My Head (VIP Mix)",
            "artist": "Virtual Riot",
            "id": 474943119
        },
        {
            "name": "Complicated",
            "artist": "Dimitri Vegas & Like Mike",
            "id": 493283657
        },
        {
            "name": "Need U Around",
            "artist": "Juicy M",
            "id": 429482019
        },
        {
            "name": "How to Love (feat. Sofia Reyes)",
            "artist": "Cash Cash",
            "id": 418602116
        },
        {
            "name": "Falling",
            "artist": "Alesso",
            "id": 456185246
        },
        {
            "name": "This Time",
            "artist": "Paul & Friends",
            "id": 467595413
        },
        {
            "name": "Pretty Girl (Cheat Codes X CADE Remix)",
            "artist": "Cheat Codes",
            "id": 465920775
        },
        {
            "name": "Andalusia (Filatov & Karas Remix)",
            "artist": "Antoine Chambe",
            "id": 447925185
        },
        {
            "name": "Lucky (feat. Yade Lauren)",
            "artist": "Chace",
            "id": 487608625
        },
        {
            "name": "Trouble (Mike Williams Remix)",
            "artist": "Mike Williams",
            "id": 487375361
        },
        {
            "name": "Something Just Like This (feat. Romy Wave)",
            "artist": "Anthony Keyrouz",
            "id": 466794339
        },
        {
            "name": "Cool Kids (Win & Woo Remix)",
            "artist": "Win & Woo",
            "id": 35331938
        },
        {
            "name": "Wildest Dreams (R3hab Radio Edit)",
            "artist": "R3HAB",
            "id": 404783187
        },
        {
            "name": "Bring Back The Summer (James Envoud & Flin Remix)",
            "artist": "James Envoud",
            "id": 412187377
        },
        {
            "name": "Lost",
            "artist": "Gareth Emery",
            "id": 407862279
        },
        {
            "name": "Worth It (Reunify vs. Kris Maydak vs. Danyka Nadeau) [feat. Danyka Nadeau] [Radio Mix]",
            "artist": "Danyka Nadeau",
            "id": 399342363
        },
        {
            "name": "U Are (Original Mix)",
            "artist": "Paul Oakenfold",
            "id": 415793287
        },
        {
            "name": "Imagination",
            "artist": "Gorgon City",
            "id": 29488446
        },
        {
            "name": "Nevada",
            "artist": "Vicetone",
            "id": 418602088
        },
        {
            "name": "Hurricane (Arty Remix)",
            "artist": "Arty",
            "id": 31245089
        },
        {
            "name": "Lift Me Up (FlyBoy Remix)",
            "artist": "FlyBoy",
            "id": 35955099
        },
        {
            "name": "Hey Hey (Gianni Kosta Remix)",
            "artist": "Gianni Kosta",
            "id": 35807075
        },
        {
            "name": "This Side Of Paradise (Lost Kings Remix)",
            "artist": "Hayley Kiyoko",
            "id": 30474535
        },
        {
            "name": "I Can't Stop Drinking About You (The Chainsmokers Remix)",
            "artist": "The Chainsmokers",
            "id": 31062802
        },
        {
            "name": "Beautiful (It Hurts)",
            "artist": "Project 46",
            "id": 32333112
        },
        {
            "name": "Age Of Innocence (Hellberg Remix)",
            "artist": "Hellberg",
            "id": 38391080
        },
        {
            "name": "Laws of Motion (Sebastien Remix)",
            "artist": "Sebastien",
            "id": 35618854
        },
        {
            "name": "Renaissance",
            "artist": "Steve James",
            "id": 39324743
        },
        {
            "name": "Sleep, For The Weak! (Lost Frequencies Remix)",
            "artist": "Lea Rue",
            "id": 399341408
        },
        {
            "name": "Red Heart Black (Extended Mix)",
            "artist": "Dada",
            "id": 36308930
        },
        {
            "name": "Beggin For Thread (Gryffin & Hotel Garuda Remix)",
            "artist": "BANKS",
            "id": 31165182
        },
        {
            "name": "Signs",
            "artist": "Project 46",
            "id": 39224890
        },
        {
            "name": "Swing (Win & Woo Remix)",
            "artist": "Win & Woo",
            "id": 35331941
        },
        {
            "name": "Silver City",
            "artist": "MYRNE",
            "id": 37095772
        },
        {
            "name": "Restless Hearts",
            "artist": "Mark Sixma",
            "id": 37610468
        },
        {
            "name": "Take Me Home (Tiësto Remix)",
            "artist": "Tiësto",
            "id": 37853030
        },
        {
            "name": "For The First Time ( Ft. Tilde)[Radio Edit]",
            "artist": "Omnia",
            "id": 38673720
        },
        {
            "name": "Believe (Triarchy Remix)",
            "artist": "Triarchy",
            "id": 34383305
        },
        {
            "name": "In Your Eyes  (Original mix)",
            "artist": "ZENI",
            "id": 36308387
        },
        {
            "name": "Wild Side",
            "artist": "Danny Olson",
            "id": 36095001
        },
        {
            "name": "Stay With You",
            "artist": "Coyote Kisses",
            "id": 26350566
        },
        {
            "name": "Noël",
            "artist": "Hillsong Young & Free",
            "id": 30070294
        },
        {
            "name": "Perfect Crush (feat. Kerli)",
            "artist": "tyDi",
            "id": 29790699
        },
        {
            "name": "Storyteller (Vijay & Sofia Zlatko Remix)",
            "artist": "Vijay & Sofia Zlatko",
            "id": 35447679
        },
        {
            "name": "Take Me Home Tonight",
            "artist": "Phlex",
            "id": 33504088
        },
        {
            "name": "Mine (Illenium Remix)",
            "artist": "ILLENIUM",
            "id": 30780496
        },
        {
            "name": "I Can Be Somebody",
            "artist": "Deorro",
            "id": 33937467
        },
        {
            "name": "Blue Sky",
            "artist": "Feenixpawl",
            "id": 32807699
        },
        {
            "name": "Flight",
            "artist": "Tobu",
            "id": 27982828
        },
        {
            "name": "Five Hours (Don't Hold Me Back) (Vocal Mix)",
            "artist": "Deorro",
            "id": 28875283
        },
        {
            "name": "Anchor (OriginalMix)",
            "artist": "Tritonal",
            "id": 29378379
        },
        {
            "name": "Our Youth",
            "artist": "Sonny Alven",
            "id": 34916500
        },
        {
            "name": "Redefined (feat. Melanie Fontana)",
            "artist": "tyDi",
            "id": 29790688
        },
        {
            "name": "Supergirl (Radio Edit)",
            "artist": "Anna Naklab",
            "id": 32432031
        },
        {
            "name": "I Can't Say No! (Broiler Remix)",
            "artist": "Lea Rue",
            "id": 33682507
        },
        {
            "name": "Ellie",
            "artist": "Eastside",
            "id": 30967328
        },
        {
            "name": "Rips Into The Bone",
            "artist": "July Child",
            "id": 33525712
        },
        {
            "name": "In Your Eyes",
            "artist": "Paris Blohm",
            "id": 34084062
        },
        {
            "name": "Wild & Wicked",
            "artist": "Ted Nights & Axwanging",
            "id": 34516735
        },
        {
            "name": "OXO (tyDi Club Remix)",
            "artist": "tyDi Club",
            "id": 33544279
        },
        {
            "name": "Faded",
            "artist": "Alan Walker",
            "id": 36990266
        },
        {
            "name": "Atlantis (Original Mix)",
            "artist": "John Dahlbäck",
            "id": 35023977
        },
        {
            "name": "Raccoon City",
            "artist": "Aether",
            "id": 35440252
        },
        {
            "name": "Now You're Gone (Original Mix)",
            "artist": "ThimLife",
            "id": 35497867
        },
        {
            "name": "Kanye",
            "artist": "The Chainsmokers",
            "id": 28883411
        },
        {
            "name": "Tom's Diner",
            "artist": "Gianni Kosta",
            "id": 33211434
        },
        {
            "name": "Home (Elephante Remix)",
            "artist": "Elephante",
            "id": 33984803
        },
        {
            "name": "Far Away",
            "artist": "Wisp X",
            "id": 31245739
        },
        {
            "name": "All This Love",
            "artist": "Alesso",
            "id": 32174122
        },
        {
            "name": "Take Away The Pain",
            "artist": "Project 46",
            "id": 33035584
        },
        {
            "name": "Destroy Me",
            "artist": "Project 46",
            "id": 33035576
        },
        {
            "name": "Time Is On Your Side (Original Mix)",
            "artist": "Stadiumx",
            "id": 34341087
        },
        {
            "name": "Smile (Katdrop Remix)",
            "artist": "Katdrop",
            "id": 30432084
        },
        {
            "name": "I Won't Let You Walk Away (Teqq Remix)",
            "artist": "Teqq",
            "id": 33887869
        },
        {
            "name": "Stay (Vhana Remix)",
            "artist": "Vhana",
            "id": 32341828
        },
        {
            "name": "Break Again (Original Mix)",
            "artist": "Jack Howes",
            "id": 33891204
        },
        {
            "name": "Bang My Head (Robin Schulz Remix)",
            "artist": "David Guetta",
            "id": 36307789
        },
        {
            "name": "Limitless",
            "artist": "Adventure Club",
            "id": 34998385
        },
        {
            "name": "Eclipse",
            "artist": "Ryos",
            "id": 31010713
        },
        {
            "name": "The Others",
            "artist": "SLUMBERJACK",
            "id": 29950291
        },
        {
            "name": "Time Bomb",
            "artist": "Boyinaband",
            "id": 5067882
        },
        {
            "name": "Vagrant",
            "artist": "Feint",
            "id": 34613621
        },
        {
            "name": "We Won't Be Alone",
            "artist": "Feint",
            "id": 34766078
        },
        {
            "name": "Last Chance",
            "artist": "Kaskade",
            "id": 27698620
        },
        {
            "name": "Ashes (Burn Your Love)",
            "artist": "Hellberg",
            "id": 29808204
        },
        {
            "name": "Feronia",
            "artist": "Astronaut",
            "id": 29808207
        },
        {
            "name": "Summer Ashes (VIP)",
            "artist": "Kevin Drew",
            "id": 27910126
        },
        {
            "name": "World In Our Hands (Blasterjaxx Remix)",
            "artist": "Blasterjaxx",
            "id": 28177018
        },
        {
            "name": "Revelation (feat. Anabelle)",
            "artist": "JETFIRE",
            "id": 29046228
        },
        {
            "name": "Who We Are (Original Mix)",
            "artist": "David Solano",
            "id": 27971770
        },
        {
            "name": "Let Me Show You Love (Don't Give Up On Us) (Tom Swoon Edit)",
            "artist": "Tom Swoon",
            "id": 30031260
        },
        {
            "name": "Away From Attack (Original Mix)",
            "artist": "Raimon",
            "id": 29418052
        },
        {
            "name": "Memories (Equality Remix)",
            "artist": "Equality",
            "id": 32341967
        },
        {
            "name": "Fall Down",
            "artist": "SPENCER TARRING",
            "id": 32196718
        },
        {
            "name": "Live Again (Original Mix)",
            "artist": "ThimLife",
            "id": 33190677
        },
        {
            "name": "Mountains",
            "artist": "Rameses B",
            "id": 30841082
        },
        {
            "name": "Transformations",
            "artist": "Rameses B",
            "id": 28715188
        },
        {
            "name": "Soldier",
            "artist": "Gareth Emery",
            "id": 28381276
        },
        {
            "name": "Bittersweet (Radio Edit)",
            "artist": "Dyro",
            "id": 33111445
        },
        {
            "name": "Shooting Star (Original Mix)",
            "artist": "John Dahlbäck",
            "id": 31421543
        },
        {
            "name": "Believe (Original Mix)",
            "artist": "Thomas Gold",
            "id": 33361503
        },
        {
            "name": "Freeze Time (Original Mix)",
            "artist": "Manse",
            "id": 31421472
        },
        {
            "name": "Dont Ever Let Go (Radio Edit)",
            "artist": "Miss Palmer",
            "id": 28456498
        },
        {
            "name": "Indian Summer (Radio Edit)",
            "artist": "Rasmus Faber",
            "id": 27892214
        },
        {
            "name": "Lights (Radio Edit)",
            "artist": "Paul van Dyk",
            "id": 33987304
        },
        {
            "name": "Stars (feat. Katt Niall)",
            "artist": "Ummet Ozcan",
            "id": 34152300
        },
        {
            "name": "No Pressure (Vicetone Remix Extended)",
            "artist": "Vicetone",
            "id": 34586279
        },
        {
            "name": "Arcadia (Van Snyder & Denostra Remix)",
            "artist": "Hardwell",
            "id": 34923318
        },
        {
            "name": "Build The Cities",
            "artist": "Karma Fields",
            "id": 30903524
        },
        {
            "name": "Air (Original Mix)",
            "artist": "LARSM",
            "id": 30064747
        },
        {
            "name": "TOHKA",
            "artist": "Vena Cava",
            "id": 30953104
        },
        {
            "name": "Reason (Vicetone Remix) [Radio Edit]",
            "artist": "Vicetone",
            "id": 29922334
        },
        {
            "name": "Yours Truly",
            "artist": "Mr FijiWiji",
            "id": 30854503
        },
        {
            "name": "Friendzone",
            "artist": "Nitro Fun",
            "id": 29950936
        },
        {
            "name": "Aim for Me (feat. Chloe Dolandis)",
            "artist": "Approaching Nirvana",
            "id": 29349791
        },
        {
            "name": "Believe (Me&You)",
            "artist": "VANESSA",
            "id": 32358393
        },
        {
            "name": "Ready for Love (feat. Chloe Angelides)",
            "artist": "Felix Cartal",
            "id": 28471814
        },
        {
            "name": "If I Fall (Extended Mix)",
            "artist": "Myon",
            "id": 28280948
        },
        {
            "name": "Crash 2.0 (Adventure Club vs Dallask)",
            "artist": "Adventure Club",
            "id": 32046470
        },
        {
            "name": "Live Love Die (feat. Sirena) [Radio Edit]",
            "artist": "Dimitri Vangelis & Wyman",
            "id": 31719726
        },
        {
            "name": "Zero Gravity (feat. Lights) [Radio Edit]",
            "artist": "Borgeous",
            "id": 32752238
        },
        {
            "name": "Imaginate",
            "artist": "KSHMR",
            "id": 33544140
        },
        {
            "name": "Vanished",
            "artist": "Univz",
            "id": 33085349
        },
        {
            "name": "One Shot (Typhoon) (Album Edit)",
            "artist": "Julian Calor",
            "id": 31877318
        },
        {
            "name": "Alive Again",
            "artist": "3LAU",
            "id": 33361521
        },
        {
            "name": "Weekend",
            "artist": "Itro",
            "id": 33111303
        },
        {
            "name": "Nothing Stopping Me (feat. Kat Nestel)",
            "artist": "Vicetone",
            "id": 33166857
        },
        {
            "name": "Running",
            "artist": "KDrew",
            "id": 29537665
        },
        {
            "name": "Body Dancing",
            "artist": "Qulinez",
            "id": 30870960
        },
        {
            "name": "This Is Who We Are",
            "artist": "Dash Berlin",
            "id": 32574972
        },
        {
            "name": "Unstoppable (Vinai Remix)",
            "artist": "R3HAB",
            "id": 28870229
        },
        {
            "name": "Rotate",
            "artist": "Rocco",
            "id": 28389653
        },
        {
            "name": "City Lights",
            "artist": "Marc Benjamin",
            "id": 29046282
        },
        {
            "name": "Don't Go Dark (feat. Helena J) [Instrumental Mix]",
            "artist": "Kill FM",
            "id": 28926971
        },
        {
            "name": "Among The Stars (feat. Melina)",
            "artist": "Iwayo & Mile Gosh",
            "id": 28983027
        },
        {
            "name": "Home (Original Mix)",
            "artist": "Ivan Gough",
            "id": 28145396
        },
        {
            "name": "Seeing Stars (Original Mix)",
            "artist": "First State",
            "id": 26275436
        },
        {
            "name": "Alone Again (Radio Edit)",
            "artist": "Capcha One",
            "id": 29019449
        },
        {
            "name": "Snowblind",
            "artist": "Au5",
            "id": 29095410
        },
        {
            "name": "Dynamite",
            "artist": "Gareth Emery",
            "id": 28381270
        },
        {
            "name": "Now or Never (VHANA Remix)",
            "artist": "Tritonal",
            "id": 30798659
        },
        {
            "name": "Heartbeat (feat. Brooke Forman) [Nicky Romero Edit]",
            "artist": "Nicky Romero",
            "id": 31789056
        },
        {
            "name": "Wasting Moonlight (Radio Edit)",
            "artist": "Sick Individuals",
            "id": 28815770
        },
        {
            "name": "The New Kings",
            "artist": "Vicetone",
            "id": 29910080
        },
        {
            "name": "Lost (Original Mix)",
            "artist": "Tritonal",
            "id": 31587679
        },
        {
            "name": "Invincible (Original Mix)",
            "artist": "Borgeous",
            "id": 29600160
        },
        {
            "name": "Running Away",
            "artist": "Tobu",
            "id": 29819579
        },
        {
            "name": "Wicked Wonderland (Radio Edit)",
            "artist": "Tungevaag",
            "id": 28694864
        },
        {
            "name": "Wild Eyes",
            "artist": "Broiler",
            "id": 29747996
        },
        {
            "name": "Wait",
            "artist": "Tom Swoon",
            "id": 29450991
        },
        {
            "name": "Electric Glow (Arston Remix)",
            "artist": "Tritonal",
            "id": 30903820
        },
        {
            "name": "Pray to God (Calvin Harris vs Mike Pickering Hacienda Remix)",
            "artist": "Calvin Harris",
            "id": 30903239
        },
        {
            "name": "No Place Like Home (feat. Rosette) [Radio Edit]",
            "artist": "Blasterjaxx",
            "id": 30987766
        },
        {
            "name": "Never Say Goodbye (Radio Edit)",
            "artist": "Hardwell",
            "id": 31365216
        },
        {
            "name": "Life Is Calling (Radio Edit)",
            "artist": "JoeySuki",
            "id": 31365221
        },
        {
            "name": "Wait For You (Radio Edit)",
            "artist": "Dannic",
            "id": 31365220
        },
        {
            "name": "Escape (Radio Edit)",
            "artist": "3LAU",
            "id": 31365219
        },
        {
            "name": "Secrets (Radio Edit)",
            "artist": "Tiësto",
            "id": 30854948
        },
        {
            "name": "Alright",
            "artist": "Henrix",
            "id": 31260988
        },
        {
            "name": "I Could Be The One",
            "artist": "Avicii",
            "id": 26400569
        },
        {
            "name": "Knock You Out",
            "artist": "Bingo Players",
            "id": 28859583
        },
        {
            "name": "Alone (Radio Edit)",
            "artist": "Armin van Buuren",
            "id": 28253224
        },
        {
            "name": "Floating [Original Mix(Krewella's Alive Vocal)]",
            "artist": "Tobu",
            "id": 29414561
        },
        {
            "name": "I Want You to Know",
            "artist": "Zedd",
            "id": 30706066
        },
        {
            "name": "In Your Arms (Club Mix)",
            "artist": "Michael Woods",
            "id": 28798860
        },
        {
            "name": "Stay the Night",
            "artist": "Zedd",
            "id": 27698988
        },
        {
            "name": "Clarity",
            "artist": "Zedd",
            "id": 19902364
        },
        {
            "name": "Many Ways",
            "artist": "Ferry Corsten",
            "id": 28086326
        },
        {
            "name": "Alive",
            "artist": "Krewella",
            "id": 27733447
        },
        {
            "name": "How You Love Me (Radio Edit)",
            "artist": "3LAU",
            "id": 28315618
        },
        {
            "name": "White Lies (Radio Edit)",
            "artist": "Vicetone",
            "id": 28457387
        },
        {
            "name": "I Love It When You Cry (Moxoki) [Radio Edit]",
            "artist": "Steve Aoki",
            "id": 30590225
        },
        {
            "name": "Golden Hearts (Dannic Edit)",
            "artist": "BYNON",
            "id": 30512760
        },
        {
            "name": "Afroki",
            "artist": "Steve Aoki",
            "id": 29456241
        },
        {
            "name": "Young and Beautiful [Lana Del Rey vs. Cedric Gervais] [Cedric Gervais Remix Radio Edit]",
            "artist": "Lana Del Rey",
            "id": 27906273
        },
        {
            "name": "Titanium",
            "artist": "David Guetta",
            "id": 3406918
        },
        {
            "name": "Runaway (U & I) (Extended Mix)",
            "artist": "Galantis",
            "id": 29476782
        },
        {
            "name": "Alone",
            "artist": "Cosmic Gate",
            "id": 28737031
        },
        {
            "name": "No Way Out (Extended Mix)",
            "artist": "Vicetone",
            "id": 30212124
        },
        {
            "name": "The Darkness",
            "artist": "Built By Titan",
            "id": 29713934
        },
        {
            "name": "Surrender (Tritonal Remix)",
            "artist": "Cash Cash",
            "id": 29572026
        },
        {
            "name": "Legacy (Radio Edit)",
            "artist": "Nicky Romero",
            "id": 26609292
        },
        {
            "name": "Heroes (we could be)",
            "artist": "Alesso",
            "id": 29378212
        },
        {
            "name": "Nothing Can Hold Us Down",
            "artist": "Hardwell",
            "id": 30148751
        },
        {
            "name": "Beautiful World (Original Mix)",
            "artist": "Blasterjaxx",
            "id": 29932115
        },
        {
            "name": "Dear Life (Bassjackers Remix)",
            "artist": "Bright Lights",
            "id": 29393885
        },
        {
            "name": "A Little More",
            "artist": "Kaskade",
            "id": 29724142
        }
    ]
}