{
    "playlist_info": {
        "name": "『孤独』一个人在外漂泊记得按时听歌",
        "trackcount": 415,
        "playcount": 514721,
        "creator": "乔合i",
        "createDate": "2019-01-13",
        "heat": 315.0
    },
    "songs": [
        {
            "name": "草莓姜汁气泡",
            "artist": "王唯灿",
            "id": 1397254805
        },
        {
            "name": "冷雨夜",
            "artist": "Beyond",
            "id": 346069
        },
        {
            "name": "忽然之间",
            "artist": "阿虾",
            "id": 1336631279
        },
        {
            "name": "茫",
            "artist": "李润祺",
            "id": 1495058484
        },
        {
            "name": "My Soul",
            "artist": "July",
            "id": 5308028
        },
        {
            "name": "是你想成为的大人吗",
            "artist": "尤长靖",
            "id": 1479706965
        },
        {
            "name": "星辰大海",
            "artist": "黄霄雲",
            "id": 1811921555
        },
        {
            "name": "先来先走",
            "artist": "苟瀚中",
            "id": 1385597432
        },
        {
            "name": "恋爱困难少女",
            "artist": "ChiliChill",
            "id": 1494813207
        },
        {
            "name": "Sun Will Find You",
            "artist": "Gabrielle Current",
            "id": 1454605405
        },
        {
            "name": "7 %",
            "artist": "XMASwu(吴骜)",
            "id": 1423241987
        },
        {
            "name": "会不会（吉他版）",
            "artist": "刘大壮",
            "id": 1481164987
        },
        {
            "name": "爸爸妈妈",
            "artist": "李荣浩",
            "id": 407450223
        },
        {
            "name": "我又想你了",
            "artist": "于潼",
            "id": 1412545195
        },
        {
            "name": "深夜一角",
            "artist": "毛不易",
            "id": 1417862026
        },
        {
            "name": "少年",
            "artist": "邹炫怡(LIMY)",
            "id": 527601001
        },
        {
            "name": "全世界谁倾听你",
            "artist": "林宥嘉",
            "id": 432509483
        },
        {
            "name": "想自由",
            "artist": "林宥嘉",
            "id": 108281
        },
        {
            "name": "无人之岛",
            "artist": "任然",
            "id": 493735012
        },
        {
            "name": "他只是经过",
            "artist": "h3R3",
            "id": 1443838552
        },
        {
            "name": "旅行",
            "artist": "许巍",
            "id": 167654
        },
        {
            "name": "魔鬼中的天使",
            "artist": "田馥甄",
            "id": 296837
        },
        {
            "name": "盔甲",
            "artist": "王贰浪",
            "id": 1381084509
        },
        {
            "name": "不想",
            "artist": "周思涵",
            "id": 468517468
        },
        {
            "name": "雨爱",
            "artist": "周星星",
            "id": 1445761206
        },
        {
            "name": "不在",
            "artist": "韩安旭",
            "id": 541511427
        },
        {
            "name": "形容",
            "artist": "沈以诚",
            "id": 1336856864
        },
        {
            "name": "人生浪费指南",
            "artist": "夏日入侵企画",
            "id": 497572729
        },
        {
            "name": "带我去找夜生活",
            "artist": "告五人",
            "id": 1410647903
        },
        {
            "name": "想见你想见你想见你",
            "artist": "八三夭",
            "id": 1403215687
        },
        {
            "name": "爱，存在",
            "artist": "魏奇奇",
            "id": 864647494
        },
        {
            "name": "说我爱你的一百种方式",
            "artist": "与少年他",
            "id": 1442773498
        },
        {
            "name": "风缘",
            "artist": "双笙（陈元汐）",
            "id": 539603870
        },
        {
            "name": "记·念",
            "artist": "雷雨心",
            "id": 36229053
        },
        {
            "name": "逆さまの蝶",
            "artist": "SNoW",
            "id": 643982
        },
        {
            "name": "法兰西多士",
            "artist": "告五人",
            "id": 1368753797
        },
        {
            "name": "雨夜曼彻斯特",
            "artist": "盘尼西林",
            "id": 472141618
        },
        {
            "name": "Vanilla",
            "artist": "落日飞车",
            "id": 1362128139
        },
        {
            "name": "Ref:rain",
            "artist": "Aimer",
            "id": 536623501
        },
        {
            "name": "孤单心事",
            "artist": "蓝又时",
            "id": 4874932
        },
        {
            "name": "我又想你了",
            "artist": "于潼",
            "id": 1363225672
        },
        {
            "name": "保留",
            "artist": "郭顶",
            "id": 442869203
        },
        {
            "name": "Fire",
            "artist": "Gavin DeGraw",
            "id": 28923579
        },
        {
            "name": "遥不可及的你",
            "artist": "花粥",
            "id": 450853439
        },
        {
            "name": "脆弱一分钟",
            "artist": "林宥嘉",
            "id": 1294910319
        },
        {
            "name": "秘爱",
            "artist": "王贰浪",
            "id": 1379057027
        },
        {
            "name": "艺术家",
            "artist": "徐秉龙",
            "id": 1323303739
        },
        {
            "name": "Blue whale (蓝鲸)",
            "artist": "凯瑟喵",
            "id": 1379048619
        },
        {
            "name": "懂得寂寞",
            "artist": "郭顶",
            "id": 85583
        },
        {
            "name": "不要想太多",
            "artist": "郭顶",
            "id": 85575
        },
        {
            "name": "我们都一样",
            "artist": "张杰",
            "id": 191252
        },
        {
            "name": "需要人陪",
            "artist": "王力宏",
            "id": 25643291
        },
        {
            "name": "不将就",
            "artist": "李荣浩",
            "id": 31654343
        },
        {
            "name": "庸人自扰",
            "artist": "王理文",
            "id": 545589369
        },
        {
            "name": "断线",
            "artist": "Shang",
            "id": 496370620
        },
        {
            "name": "原来",
            "artist": "林东",
            "id": 1326798446
        },
        {
            "name": "太阳",
            "artist": "野区歌神",
            "id": 1339648907
        },
        {
            "name": "永不失联的爱",
            "artist": "周兴哲",
            "id": 523250334
        },
        {
            "name": "疑心病",
            "artist": "任然",
            "id": 405599470
        },
        {
            "name": "今天也想见到你",
            "artist": "焦迈奇",
            "id": 1353194608
        },
        {
            "name": "背影",
            "artist": "林宥嘉",
            "id": 5247677
        },
        {
            "name": "侧脸",
            "artist": "于果",
            "id": 534542079
        },
        {
            "name": "停格",
            "artist": "蔡健雅",
            "id": 30590559
        },
        {
            "name": "与我无关",
            "artist": "阿冗",
            "id": 1413585838
        },
        {
            "name": "深夜一角 (Live)",
            "artist": "毛不易",
            "id": 1440876696
        },
        {
            "name": "我们",
            "artist": "陈奕迅",
            "id": 551816010
        },
        {
            "name": "简单",
            "artist": "鞠文娴",
            "id": 1422714993
        },
        {
            "name": "微微",
            "artist": "傅如乔",
            "id": 1433434738
        },
        {
            "name": "说谎",
            "artist": "林宥嘉",
            "id": 108390
        },
        {
            "name": "迷人的危险",
            "artist": "尚士达",
            "id": 1383876635
        },
        {
            "name": "句号",
            "artist": "G.E.M.邓紫棋",
            "id": 1405283464
        },
        {
            "name": "像我这样的人",
            "artist": "毛不易",
            "id": 569213220
        },
        {
            "name": "不要怕 (Live)",
            "artist": "吉克隽逸",
            "id": 1436910063
        },
        {
            "name": "永远都会在 (Live)",
            "artist": "旅行团乐队",
            "id": 1436912412
        },
        {
            "name": "夏天的风",
            "artist": "温岚",
            "id": 298213
        },
        {
            "name": "你是人间四月天",
            "artist": "邵帅",
            "id": 1344897943
        },
        {
            "name": "有可能的夜晚 (Live)",
            "artist": "周深",
            "id": 1432427879
        },
        {
            "name": "撒野",
            "artist": "凯瑟喵",
            "id": 483937795
        },
        {
            "name": "红蔷薇白玫瑰",
            "artist": "G.E.M.邓紫棋",
            "id": 420513158
        },
        {
            "name": "寂寞寂寞就好",
            "artist": "田馥甄",
            "id": 296885
        },
        {
            "name": "你就不要想起我",
            "artist": "田馥甄",
            "id": 28018075
        },
        {
            "name": "不搭",
            "artist": "李荣浩",
            "id": 29764563
        },
        {
            "name": "你的答案",
            "artist": "阿冗",
            "id": 1400256289
        },
        {
            "name": "麻雀",
            "artist": "李荣浩",
            "id": 1407551413
        },
        {
            "name": "偏偏喜欢你",
            "artist": "陈百强",
            "id": 66476
        },
        {
            "name": "光辉岁月",
            "artist": "Beyond",
            "id": 346576
        },
        {
            "name": "星星点灯",
            "artist": "郑智化",
            "id": 190352
        },
        {
            "name": "千千阕歌",
            "artist": "陈慧娴",
            "id": 212233
        },
        {
            "name": "梦醒时分",
            "artist": "李翊君",
            "id": 257984
        },
        {
            "name": "最浪漫的事",
            "artist": "邝美云",
            "id": 253265
        },
        {
            "name": "谢谢你的爱",
            "artist": "刘德华",
            "id": 110184
        },
        {
            "name": "世界第一等(Live)",
            "artist": "伍佰 & China Blue",
            "id": 27867397
        },
        {
            "name": "朋友",
            "artist": "周华健",
            "id": 187134
        },
        {
            "name": "大海",
            "artist": "张雨生",
            "id": 188057
        },
        {
            "name": "水手",
            "artist": "郑智化",
            "id": 190381
        },
        {
            "name": "吻别",
            "artist": "张学友",
            "id": 190449
        },
        {
            "name": "祈祷",
            "artist": "王韵婵",
            "id": 301947
        },
        {
            "name": "爱如潮水",
            "artist": "张信哲",
            "id": 186345
        },
        {
            "name": "让一切随风",
            "artist": "钟镇涛",
            "id": 194769
        },
        {
            "name": "放你在心里",
            "artist": "许美静",
            "id": 306983
        },
        {
            "name": "讲不出再见",
            "artist": "谭咏麟",
            "id": 152392
        },
        {
            "name": "渡口",
            "artist": "蔡琴",
            "id": 5264842
        },
        {
            "name": "飘摇",
            "artist": "周迅",
            "id": 5272940
        },
        {
            "name": "安妮",
            "artist": "王杰",
            "id": 158939
        },
        {
            "name": "大地",
            "artist": "Beyond",
            "id": 347758
        },
        {
            "name": "花香",
            "artist": "周传雄",
            "id": 189907
        },
        {
            "name": "倾诉",
            "artist": "陈百强",
            "id": 35621029
        },
        {
            "name": "祝福",
            "artist": "叶蒨文",
            "id": 318648
        },
        {
            "name": "想你",
            "artist": "张国荣",
            "id": 186707
        },
        {
            "name": "约定",
            "artist": "王菲",
            "id": 299116
        },
        {
            "name": "有心人",
            "artist": "张国荣",
            "id": 29343372
        },
        {
            "name": "喜欢你",
            "artist": "Beyond",
            "id": 346073
        },
        {
            "name": "独角戏",
            "artist": "许茹芸",
            "id": 307525
        },
        {
            "name": "一剪梅",
            "artist": "费玉清",
            "id": 82932
        },
        {
            "name": "信天游",
            "artist": "程琳",
            "id": 213746
        },
        {
            "name": "用心良苦",
            "artist": "张宇",
            "id": 190778
        },
        {
            "name": "独家记忆",
            "artist": "陈小春",
            "id": 63650
        },
        {
            "name": "离开以后",
            "artist": "张学友",
            "id": 189841
        },
        {
            "name": "遥远的她",
            "artist": "张学友",
            "id": 191232
        },
        {
            "name": "我不后悔",
            "artist": "林志颖",
            "id": 114067
        },
        {
            "name": "你最珍贵",
            "artist": "张学友",
            "id": 188657
        },
        {
            "name": "沉默是金",
            "artist": "张国荣",
            "id": 188204
        },
        {
            "name": "涛声依旧",
            "artist": "毛宁",
            "id": 135848
        },
        {
            "name": "真的爱你",
            "artist": "Beyond",
            "id": 346075
        },
        {
            "name": "单身情歌",
            "artist": "林志炫",
            "id": 26090160
        },
        {
            "name": "饿狼传说",
            "artist": "张学友",
            "id": 190270
        },
        {
            "name": "护花使者",
            "artist": "李克勤",
            "id": 115569
        },
        {
            "name": "快乐老家",
            "artist": "陈明",
            "id": 212876
        },
        {
            "name": "潮湿的心",
            "artist": "甘萍",
            "id": 237468
        },
        {
            "name": "昨夜星辰",
            "artist": "高胜美",
            "id": 235971
        },
        {
            "name": "情归于尽",
            "artist": "黎明",
            "id": 20931480
        },
        {
            "name": "相依为命",
            "artist": "陈小春",
            "id": 94639
        },
        {
            "name": "你的样子",
            "artist": "林志炫",
            "id": 390345
        },
        {
            "name": "我恨我痴心",
            "artist": "刘德华",
            "id": 110146
        },
        {
            "name": "我的心太乱",
            "artist": "周传雄",
            "id": 200436
        },
        {
            "name": "一生中最爱",
            "artist": "谭咏麟",
            "id": 153784
        },
        {
            "name": "一路上有你",
            "artist": "张学友",
            "id": 188071
        },
        {
            "name": "至少还有你",
            "artist": "林忆莲",
            "id": 256468
        },
        {
            "name": "挪威的森林(Live)",
            "artist": "伍佰 & China Blue",
            "id": 27867372
        },
        {
            "name": "突然的自我",
            "artist": "伍佰 & China Blue",
            "id": 156374
        },
        {
            "name": "漫步人生路",
            "artist": "邓丽君",
            "id": 229285
        },
        {
            "name": "台北的机场",
            "artist": "温兆伦",
            "id": 158454
        },
        {
            "name": "爱与痛的边缘",
            "artist": "王菲",
            "id": 299090
        },
        {
            "name": "甜蜜蜜",
            "artist": "邓丽君",
            "id": 26608741
        },
        {
            "name": "爱我就跟我走",
            "artist": "王鹤铮",
            "id": 163635
        },
        {
            "name": "我可以抱你吗",
            "artist": "张惠妹",
            "id": 28314062
        },
        {
            "name": "心跳呼吸正常",
            "artist": "张国荣",
            "id": 186490
        },
        {
            "name": "假如让我说下去",
            "artist": "杨千嬅",
            "id": 316637
        },
        {
            "name": "容易受伤的女人",
            "artist": "王菲",
            "id": 298880
        },
        {
            "name": "我的未来不是梦",
            "artist": "张雨生",
            "id": 5279696
        },
        {
            "name": "蒙娜丽莎的眼泪",
            "artist": "林志炫",
            "id": 110207
        },
        {
            "name": "凤凰花开的路口",
            "artist": "林志炫",
            "id": 109734
        },
        {
            "name": "牵挂你的人是我",
            "artist": "高林生",
            "id": 90318
        },
        {
            "name": "一生爱你千百回",
            "artist": "梅艳芳",
            "id": 276129
        },
        {
            "name": "如果这都不算爱",
            "artist": "张学友",
            "id": 188432
        },
        {
            "name": "我曾用心爱着你",
            "artist": "潘美辰",
            "id": 281951
        },
        {
            "name": "阳光总在风雨后",
            "artist": "许美静",
            "id": 307003
        },
        {
            "name": "月亮代表我的心",
            "artist": "邓丽君",
            "id": 228755
        },
        {
            "name": "爱你十分泪七分",
            "artist": "裘海正",
            "id": 284125
        },
        {
            "name": "只想一生跟你走",
            "artist": "张学友",
            "id": 189987
        },
        {
            "name": "其实你不懂我的心",
            "artist": "童安格",
            "id": 150992
        },
        {
            "name": "一千个伤心的理由 (Live)",
            "artist": "张学友",
            "id": 189396
        },
        {
            "name": "没有情人的情人节",
            "artist": "孟庭苇",
            "id": 276734
        },
        {
            "name": "有多少爱可以重来",
            "artist": "迪克牛仔",
            "id": 77131
        },
        {
            "name": "风中有朵雨做的云",
            "artist": "孟庭苇",
            "id": 276711
        },
        {
            "name": "爱我的人和我爱的人",
            "artist": "游鸿明",
            "id": 176496
        },
        {
            "name": "你究竟有几个好妹妹",
            "artist": "孟庭苇",
            "id": 276724
        },
        {
            "name": "当你孤单你会想起谁",
            "artist": "张栋梁",
            "id": 191819
        },
        {
            "name": "想你的365天",
            "artist": "李玟",
            "id": 106368
        },
        {
            "name": "特别的爱给特别的你",
            "artist": "伍思凯",
            "id": 156524
        },
        {
            "name": "我是不是该安静的走开",
            "artist": "郭富城",
            "id": 89770
        },
        {
            "name": "星语心愿",
            "artist": "张柏芝",
            "id": 330706
        },
        {
            "name": "等",
            "artist": "陈百强",
            "id": 64927
        },
        {
            "name": "敢爱敢做",
            "artist": "林子祥",
            "id": 116869
        },
        {
            "name": "爱多一次痛多一次",
            "artist": "谭咏麟",
            "id": 152390
        },
        {
            "name": "以后别做朋友",
            "artist": "周兴哲",
            "id": 28892111
        },
        {
            "name": "几分伤心几分痴",
            "artist": "王杰",
            "id": 157121
        },
        {
            "name": "当爱已成往事",
            "artist": "张国荣",
            "id": 26620756
        },
        {
            "name": "痴心绝对",
            "artist": "李圣杰",
            "id": 114741
        },
        {
            "name": "爱我的人和我爱的人",
            "artist": "裘海正",
            "id": 284189
        },
        {
            "name": "小城故事",
            "artist": "邓丽君",
            "id": 229779
        },
        {
            "name": "千年等一回",
            "artist": "高胜美",
            "id": 201485
        },
        {
            "name": "一生何求",
            "artist": "陈百强",
            "id": 65642
        },
        {
            "name": "祝你一路顺风",
            "artist": "吴奇隆",
            "id": 5232855
        },
        {
            "name": "雨一直下",
            "artist": "张宇",
            "id": 190495
        },
        {
            "name": "一场游戏一场梦",
            "artist": "王杰",
            "id": 158924
        },
        {
            "name": "你不知道的事",
            "artist": "王力宏",
            "id": 25642125
        },
        {
            "name": "红日",
            "artist": "李克勤",
            "id": 115502
        },
        {
            "name": "友情岁月",
            "artist": "郑伊健",
            "id": 193535
        },
        {
            "name": "Comptine D'un Autre Été, L'après-Midi",
            "artist": "Yann Tiersen",
            "id": 26635189
        },
        {
            "name": "Without You I Am Dying",
            "artist": "Painless Destiny",
            "id": 28692687
        },
        {
            "name": "Rue des trois frères",
            "artist": "Fabrizio Paterlini",
            "id": 1369959
        },
        {
            "name": "Ascended Vibrations",
            "artist": "¿Téo?",
            "id": 462516170
        },
        {
            "name": "Nuovi orizzonti",
            "artist": "Fabrizio Paterlini",
            "id": 1369984
        },
        {
            "name": "Comptine D'ete N-2",
            "artist": "Yann Tiersen",
            "id": 2104147
        },
        {
            "name": "She walks alone",
            "artist": "Painless Destiny",
            "id": 28692530
        },
        {
            "name": "You Are My Angel",
            "artist": "Painless Destiny",
            "id": 28692589
        },
        {
            "name": "Jamie & Landon",
            "artist": "Painless Destiny",
            "id": 28692591
        },
        {
            "name": "Nuvole Bianche",
            "artist": "Ludovico Einaudi",
            "id": 28465109
        },
        {
            "name": "Revolving Door",
            "artist": "Abel Korzeniowski",
            "id": 16336958
        },
        {
            "name": "Evgeni's Waltz",
            "artist": "Abel Korzeniowski",
            "id": 16336963
        },
        {
            "name": "La Piece Vide",
            "artist": "Yann Tiersen",
            "id": 2104187
        },
        {
            "name": "Dane Street",
            "artist": "Goldmund",
            "id": 2640613
        },
        {
            "name": "Primi passi",
            "artist": "Fabrizio Paterlini",
            "id": 1369986
        },
        {
            "name": "Il Mostro",
            "artist": "Ashram",
            "id": 16494139
        },
        {
            "name": "Blanc",
            "artist": "Sylvain Chauveau",
            "id": 1943186
        },
        {
            "name": "Ø",
            "artist": "the tumbled sea",
            "id": 4346235
        },
        {
            "name": "eau",
            "artist": "yutaka hirasaka",
            "id": 29535887
        },
        {
            "name": "Another",
            "artist": "Zdeněk Gromnica",
            "id": 2112734
        },
        {
            "name": "summer iii",
            "artist": "the tumbled sea",
            "id": 4346210
        },
        {
            "name": "Palpitation!",
            "artist": "梶浦由記",
            "id": 28695291
        },
        {
            "name": "In A Notebook",
            "artist": "Goldmund",
            "id": 18057481
        },
        {
            "name": "Twinkle Lullaby",
            "artist": "Steven Sharp Nelson",
            "id": 1992707
        },
        {
            "name": "The Whole Truth",
            "artist": "Carlos Cipa",
            "id": 17117239
        },
        {
            "name": "Reflections of Life",
            "artist": "Denean",
            "id": 2424854
        },
        {
            "name": "Cedars of Lebanon",
            "artist": "Steve Barakatt",
            "id": 1992360
        },
        {
            "name": "Unbraiding the Sun",
            "artist": "Goldmund",
            "id": 2640782
        },
        {
            "name": "Do What You Are Doing",
            "artist": "Dexter Britain",
            "id": 26561948
        },
        {
            "name": "Dance of a Hummingbird",
            "artist": "Ernesto Cortazar",
            "id": 1312925
        },
        {
            "name": "Sobre a brevidade da vida",
            "artist": "Andrei Machado",
            "id": 28273865
        },
        {
            "name": "El Transcurrir De Las Horas",
            "artist": "Bosques de mi Mente",
            "id": 27552967
        },
        {
            "name": "Los Titanicos Esfuerzos De Una Bicicleta Oxidada Por Avanzar",
            "artist": "Bosques de mi Mente",
            "id": 28547722
        },
        {
            "name": "溢",
            "artist": "蘇山海",
            "id": 1374766486
        },
        {
            "name": "将离",
            "artist": "姜没",
            "id": 543697255
        },
        {
            "name": "渺无音信",
            "artist": "邵帅",
            "id": 1383914586
        },
        {
            "name": "这一生关于你的风景",
            "artist": "隔壁老樊",
            "id": 1383927243
        },
        {
            "name": "时迁",
            "artist": "耳朵玥",
            "id": 1384971398
        },
        {
            "name": "如光",
            "artist": "木小雅",
            "id": 1384830303
        },
        {
            "name": "goodbye my gf",
            "artist": "MT1990",
            "id": 1384450377
        },
        {
            "name": "拾忆",
            "artist": "豆心",
            "id": 1382985586
        },
        {
            "name": "寻常歌",
            "artist": "不才",
            "id": 1383011136
        },
        {
            "name": "孤单地走在下雨的街道，连鸟屎也不会撒在我头上",
            "artist": "黄星瑞RA",
            "id": 1352163999
        },
        {
            "name": "通往永恒的票难求",
            "artist": "尚东峰",
            "id": 1368228293
        },
        {
            "name": "Agony",
            "artist": "Red Air（张晖凯）",
            "id": 1385442264
        },
        {
            "name": "自怨自爱",
            "artist": "彦祖",
            "id": 1381798923
        },
        {
            "name": "路过时请将我拾起",
            "artist": "倪健",
            "id": 1384983683
        },
        {
            "name": "實屬",
            "artist": "李峥",
            "id": 1385116501
        },
        {
            "name": "执迷不悟",
            "artist": "陈硕子",
            "id": 1381357628
        },
        {
            "name": "十一种孤独",
            "artist": "宿羽阳",
            "id": 546722350
        },
        {
            "name": "回不去 ",
            "artist": "Summer Sunshine",
            "id": 1378686000
        },
        {
            "name": "暗恋是一个人的事",
            "artist": "宿羽阳",
            "id": 1380075991
        },
        {
            "name": "身后",
            "artist": "蒸鱼",
            "id": 1383242833
        },
        {
            "name": "我问你爱这季节吗",
            "artist": "陈文非",
            "id": 1370825623
        },
        {
            "name": "让我倒在颠沛的路上",
            "artist": "邻间少年",
            "id": 1377379884
        },
        {
            "name": "自由，自由",
            "artist": "大象先生",
            "id": 1384569972
        },
        {
            "name": "3：00 Am",
            "artist": "王淘沙",
            "id": 1295998176
        },
        {
            "name": "风",
            "artist": "尚先生",
            "id": 1352321563
        },
        {
            "name": "在我们彻底失去彼此之前的最后一个夜晚",
            "artist": "大宽",
            "id": 1342609059
        },
        {
            "name": "世间美好与你环环相扣",
            "artist": "柏松",
            "id": 1363948882
        },
        {
            "name": "安心川流",
            "artist": "司徒骏文",
            "id": 1382442338
        },
        {
            "name": "日落分手",
            "artist": "Ericaceae",
            "id": 1380410461
        },
        {
            "name": "一个愚蠢的小小人",
            "artist": "杨好饱",
            "id": 1368787060
        },
        {
            "name": "青い海",
            "artist": "何逸伦",
            "id": 1377207537
        },
        {
            "name": "四天 (3,6,2016) Demo",
            "artist": "扬海",
            "id": 405343557
        },
        {
            "name": "有幸",
            "artist": "赵砚卿",
            "id": 1382423403
        },
        {
            "name": "Let",
            "artist": "Moon",
            "id": 526753436
        },
        {
            "name": "最远的你",
            "artist": "黄恺",
            "id": 1370608305
        },
        {
            "name": "群忧",
            "artist": "晚山",
            "id": 1383700134
        },
        {
            "name": "这一生关于你的风景（女生版）",
            "artist": "是二智呀",
            "id": 1375941658
        },
        {
            "name": "一个",
            "artist": "陈壹千",
            "id": 1374489910
        },
        {
            "name": "环游",
            "artist": "黄文",
            "id": 1373126916
        },
        {
            "name": "来日无期",
            "artist": "赵以白",
            "id": 862451664
        },
        {
            "name": "这世界就像梦一场",
            "artist": "李腾飞",
            "id": 1380003983
        },
        {
            "name": "有些话只能喝多了才敢说",
            "artist": "张东川",
            "id": 1381550829
        },
        {
            "name": "我不需要",
            "artist": "杨胖雨",
            "id": 1380123927
        },
        {
            "name": "回到哈尔滨",
            "artist": "刘鹏鹏",
            "id": 564799820
        },
        {
            "name": "自适应（self-adaptation）",
            "artist": "刘诗白",
            "id": 1374527013
        },
        {
            "name": "一只天使",
            "artist": "陈尤利",
            "id": 1384018682
        },
        {
            "name": "我不会再去相信你了",
            "artist": "BigYear大年",
            "id": 1376715889
        },
        {
            "name": "单线告别",
            "artist": "接个吻，开一枪",
            "id": 1377145341
        },
        {
            "name": "还",
            "artist": "木小雅",
            "id": 1378997829
        },
        {
            "name": "谬",
            "artist": "孙振宇",
            "id": 1373936769
        },
        {
            "name": "Better friend",
            "artist": "Radio 李益",
            "id": 535784443
        },
        {
            "name": "别走",
            "artist": "蜷花仕女",
            "id": 1383196922
        },
        {
            "name": "这世界总有一个没人的角落",
            "artist": "姜铭杨",
            "id": 1372837018
        },
        {
            "name": "只有我的天空有乌云",
            "artist": "洪安妮",
            "id": 524003866
        },
        {
            "name": "星河",
            "artist": "卡式定理",
            "id": 1383023933
        },
        {
            "name": "*SHADOW*",
            "artist": "Dorie",
            "id": 1379855664
        },
        {
            "name": "抑郁症",
            "artist": "梦盈",
            "id": 558713325
        },
        {
            "name": "ℒ",
            "artist": "Seto",
            "id": 1369687525
        },
        {
            "name": "Slow",
            "artist": "落日飞车",
            "id": 538610029
        },
        {
            "name": "梦（prod by Red killer）",
            "artist": "Judy Zzzz",
            "id": 1364885111
        },
        {
            "name": "平胸女子",
            "artist": "枯木逢春",
            "id": 1374701777
        },
        {
            "name": "得不到你",
            "artist": "隔壁老樊",
            "id": 1373236574
        },
        {
            "name": "这一生关于你的风景",
            "artist": "枯木逢春",
            "id": 1356350562
        },
        {
            "name": "多想在平庸的生活拥抱你",
            "artist": "隔壁老樊",
            "id": 1346104327
        },
        {
            "name": "四块五",
            "artist": "隔壁老樊",
            "id": 1365221826
        },
        {
            "name": "莫愁",
            "artist": "翁大涵",
            "id": 1365915805
        },
        {
            "name": "空山",
            "artist": "梦马乐队",
            "id": 1316183109
        },
        {
            "name": "熔炉",
            "artist": "龚乙泰",
            "id": 1341205089
        },
        {
            "name": "爱你",
            "artist": "王贰浪",
            "id": 558290126
        },
        {
            "name": "云烟成雨（Cover 房东的猫）",
            "artist": "王贰浪",
            "id": 565203928
        },
        {
            "name": "从前的人",
            "artist": "曾昭玮",
            "id": 1374417362
        },
        {
            "name": "喜欢（Cover 阿肆）",
            "artist": "王贰浪",
            "id": 565203857
        },
        {
            "name": "视线所及只剩生活",
            "artist": "傻子与白痴",
            "id": 1363534529
        },
        {
            "name": "我曾",
            "artist": "隔壁老樊",
            "id": 1336856777
        },
        {
            "name": "你的酒馆对我打了烊",
            "artist": "陈雪凝",
            "id": 1341964346
        },
        {
            "name": "归去来兮",
            "artist": "花粥",
            "id": 1357999894
        },
        {
            "name": "游",
            "artist": "隔壁老樊",
            "id": 1361195373
        },
        {
            "name": "嘿姑娘回头",
            "artist": "袁田",
            "id": 1374433180
        },
        {
            "name": "生而为人",
            "artist": "尚士达",
            "id": 1335350269
        },
        {
            "name": "不待",
            "artist": "忱忱老板",
            "id": 1327936784
        },
        {
            "name": "给你",
            "artist": "庞龙",
            "id": 1373002790
        },
        {
            "name": "百合",
            "artist": "郑浩Z-Hao",
            "id": 1372774359
        },
        {
            "name": "阿丑",
            "artist": "野童",
            "id": 1357197801
        },
        {
            "name": "十一",
            "artist": "穆哲熙",
            "id": 1377007223
        },
        {
            "name": "酒空人醒",
            "artist": "李冠霖",
            "id": 1376149370
        },
        {
            "name": "孤独的船",
            "artist": "王乐蔚",
            "id": 1352548180
        },
        {
            "name": "平凡之路",
            "artist": "朴树",
            "id": 28815250
        },
        {
            "name": "云烟成雨",
            "artist": "房东的猫",
            "id": 513360721
        },
        {
            "name": "南下",
            "artist": "徐海俏",
            "id": 414706021
        },
        {
            "name": "喜欢",
            "artist": "阿肆",
            "id": 526464145
        },
        {
            "name": "亦是此间少年（demo）",
            "artist": "枯木逢春",
            "id": 1316921651
        },
        {
            "name": "关于孤独我想说的话 ",
            "artist": "隔壁老樊",
            "id": 1346093140
        },
        {
            "name": "不找了",
            "artist": "郭旭",
            "id": 29850531
        },
        {
            "name": "我在昨天的梦里又看见了你（demo）",
            "artist": "枯木逢春",
            "id": 1323106961
        },
        {
            "name": "你就是我最想要的丫头",
            "artist": "李梦瑶",
            "id": 536154912
        },
        {
            "name": "余香",
            "artist": "张小九",
            "id": 487885426
        },
        {
            "name": "山下",
            "artist": "方拾贰（方十二）",
            "id": 490106148
        },
        {
            "name": "等你",
            "artist": "陈硕子",
            "id": 1359775804
        },
        {
            "name": "岁月神偷",
            "artist": "金玟岐",
            "id": 28285910
        },
        {
            "name": "借我",
            "artist": "谢春花",
            "id": 408814900
        },
        {
            "name": "假装",
            "artist": "陈雪凝",
            "id": 504835560
        },
        {
            "name": "T22列车",
            "artist": "一阳",
            "id": 1354634336
        },
        {
            "name": "书不尽言",
            "artist": "一阳",
            "id": 1358326750
        },
        {
            "name": "小半",
            "artist": "陈粒",
            "id": 421423806
        },
        {
            "name": "从头",
            "artist": "陈粒",
            "id": 1308818167
        },
        {
            "name": "可能否",
            "artist": "木小雅",
            "id": 569214126
        },
        {
            "name": "浪子回頭",
            "artist": "茄子蛋",
            "id": 516728102
        },
        {
            "name": "世本常态",
            "artist": "隔壁老樊",
            "id": 1334327077
        },
        {
            "name": "写给黄淮",
            "artist": "邵帅",
            "id": 1334295185
        },
        {
            "name": "姬和不如",
            "artist": "隔壁老樊",
            "id": 1325484613
        },
        {
            "name": "儿时",
            "artist": "刘昊霖",
            "id": 407761576
        },
        {
            "name": "那个女孩",
            "artist": "张泽熙",
            "id": 1300994613
        },
        {
            "name": "遥远的你 (正式版)",
            "artist": "221小伙伴",
            "id": 1330858912
        },
        {
            "name": "父亲写的散文诗",
            "artist": "许飞",
            "id": 417250673
        },
        {
            "name": "我不是你的宋冬野",
            "artist": "林啟得",
            "id": 1333150792
        },
        {
            "name": "当我要走的时候",
            "artist": "陈硕子",
            "id": 421563082
        },
        {
            "name": "虚拟",
            "artist": "陈粒",
            "id": 421423808
        },
        {
            "name": "醒着醉",
            "artist": "马良",
            "id": 571338083
        },
        {
            "name": "往后余生",
            "artist": "马良",
            "id": 557584888
        },
        {
            "name": "纸短情长",
            "artist": "花粥",
            "id": 557581284
        },
        {
            "name": "凌晨三点（demo）",
            "artist": "陈硕子",
            "id": 1306431916
        },
        {
            "name": "奇妙能力歌 (remix版)",
            "artist": "陈粒",
            "id": 1305365717
        },
        {
            "name": "探清水河",
            "artist": "张云雷",
            "id": 568434921
        },
        {
            "name": "蓝莲花",
            "artist": "许巍",
            "id": 168091
        },
        {
            "name": "曾经的你",
            "artist": "许巍",
            "id": 167975
        },
        {
            "name": "椿",
            "artist": "沈以诚",
            "id": 479598964
        },
        {
            "name": "画",
            "artist": "赵雷",
            "id": 202369
        },
        {
            "name": "光",
            "artist": "陈粒",
            "id": 30431364
        },
        {
            "name": "成都",
            "artist": "赵雷",
            "id": 436514312
        },
        {
            "name": "理想",
            "artist": "赵雷",
            "id": 29567189
        },
        {
            "name": "走马",
            "artist": "陈粒",
            "id": 29414037
        },
        {
            "name": "流浪",
            "artist": "卢焱",
            "id": 491943068
        },
        {
            "name": "往后余生",
            "artist": "王贰浪",
            "id": 571338279
        },
        {
            "name": "春风曲",
            "artist": "晓月老板",
            "id": 563182979
        },
        {
            "name": "晚安",
            "artist": "丢火车",
            "id": 34923114
        },
        {
            "name": "盗将行",
            "artist": "花粥",
            "id": 574566207
        },
        {
            "name": "这个年纪",
            "artist": "齐一",
            "id": 35476049
        },
        {
            "name": "济南济南",
            "artist": "陈小熊",
            "id": 425053743
        },
        {
            "name": "南方姑娘",
            "artist": "赵雷",
            "id": 202373
        },
        {
            "name": "那些花儿",
            "artist": "朴树",
            "id": 139377
        },
        {
            "name": "我们的时光",
            "artist": "赵雷",
            "id": 29567193
        },
        {
            "name": "易燃易爆炸",
            "artist": "陈粒",
            "id": 30431376
        },
        {
            "name": "奇妙能力歌",
            "artist": "陈粒",
            "id": 29431066
        },
        {
            "name": "下一站茶山刘",
            "artist": "房东的猫",
            "id": 486188245
        },
        {
            "name": "星期三或礼拜三",
            "artist": "魏如萱",
            "id": 490595991
        },
        {
            "name": "我唯一青春里的路人",
            "artist": "陈雪凝",
            "id": 474922552
        },
        {
            "name": "离家最近的路",
            "artist": "花粥",
            "id": 1342592226
        },
        {
            "name": "孤身",
            "artist": "徐秉龙",
            "id": 1365393542
        },
        {
            "name": "你们俩",
            "artist": "陈鸿宇",
            "id": 1371378560
        },
        {
            "name": "暖一杯茶",
            "artist": "邵帅",
            "id": 1371780785
        },
        {
            "name": "你曾是少年",
            "artist": "焦迈奇",
            "id": 1368371706
        },
        {
            "name": "那就晚安",
            "artist": "尚士达",
            "id": 1373225817
        },
        {
            "name": "流川枫与苍井空",
            "artist": "黑撒",
            "id": 357312
        },
        {
            "name": "鹦鹉",
            "artist": "孟凡明",
            "id": 1321392802
        },
        {
            "name": "白羊",
            "artist": "徐秉龙",
            "id": 514761281
        },
        {
            "name": "走马",
            "artist": "陈粒",
            "id": 30431367
        },
        {
            "name": "黑白",
            "artist": "方大同",
            "id": 82181
        },
        {
            "name": "归来",
            "artist": "满江",
            "id": 403710591
        },
        {
            "name": "柔软",
            "artist": "房东的猫",
            "id": 546724668
        },
        {
            "name": "荒岛",
            "artist": "谢春花",
            "id": 412319476
        },
        {
            "name": "遗憾",
            "artist": "李代沫",
            "id": 25650033
        },
        {
            "name": "路人",
            "artist": "江美琪",
            "id": 247480
        },
        {
            "name": "陷阱",
            "artist": "王北车",
            "id": 1294899063
        },
        {
            "name": "她说",
            "artist": "林俊杰",
            "id": 108242
        },
        {
            "name": "可乐",
            "artist": "赵紫骅",
            "id": 29759733
        },
        {
            "name": "过客",
            "artist": "周思涵",
            "id": 445665094
        },
        {
            "name": "无问",
            "artist": "毛不易",
            "id": 525278524
        },
        {
            "name": "不染",
            "artist": "毛不易",
            "id": 536099160
        },
        {
            "name": "成全",
            "artist": "刘若英",
            "id": 254548
        },
        {
            "name": "起风了",
            "artist": "买辣椒也用券",
            "id": 1330348068
        },
        {
            "name": "七月上",
            "artist": "Jam",
            "id": 31445554
        },
        {
            "name": "水星记",
            "artist": "郭顶",
            "id": 441491828
        },
        {
            "name": "谎人国",
            "artist": "苏诗丁",
            "id": 546730078
        },
        {
            "name": "年少有为",
            "artist": "李荣浩",
            "id": 1293886117
        },
        {
            "name": "春风十里",
            "artist": "鹿先森乐队",
            "id": 38576323
        },
        {
            "name": "双城故事",
            "artist": "莫文蔚",
            "id": 277757
        },
        {
            "name": "清白之年",
            "artist": "朴树",
            "id": 475072295
        },
        {
            "name": "梦里来过",
            "artist": "倪安东",
            "id": 138309
        },
        {
            "name": "理想三旬",
            "artist": "陈鸿宇",
            "id": 31445772
        },
        {
            "name": "夜的诗人",
            "artist": "江美琪",
            "id": 247601
        },
        {
            "name": "我的名字",
            "artist": "焦迈奇",
            "id": 554241732
        },
        {
            "name": "可不可以",
            "artist": "张紫豪",
            "id": 553755659
        },
        {
            "name": "历历万乡",
            "artist": "陈粒",
            "id": 29535531
        },
        {
            "name": "春夏秋冬",
            "artist": "张国荣",
            "id": 186453
        },
        {
            "name": "一万次悲伤",
            "artist": "逃跑计划",
            "id": 25706279
        },
        {
            "name": "**的青春",
            "artist": "贰佰",
            "id": 28310921
        },
        {
            "name": "一如年少模样",
            "artist": "陈鸿宇",
            "id": 463157222
        },
        {
            "name": "你要的全拿走",
            "artist": "胡彦斌",
            "id": 529668356
        },
        {
            "name": "夜空中最亮的星",
            "artist": "逃跑计划",
            "id": 25706282
        },
        {
            "name": "我梦见你梦见我",
            "artist": "林宥嘉",
            "id": 417250911
        },
        {
            "name": "爱了很久的朋友",
            "artist": "田馥甄",
            "id": 547976490
        },
        {
            "name": "那些花儿(吉他版)",
            "artist": "朴树",
            "id": 139392
        },
        {
            "name": "就算我唱遍所有情歌",
            "artist": "简弘亦",
            "id": 36668711
        }
    ]
}