{
    "playlist_info": {
        "name": "【流行音乐正确打开方式】持续更新～",
        "trackcount": 200,
        "playcount": 4022794,
        "creator": "爱吃甜点吗",
        "createDate": "2020-12-12",
        "heat": 4312.0
    },
    "songs": [
        {
            "name": "雪 Distance",
            "artist": "Capper",
            "id": 2026224214
        },
        {
            "name": "老式的味道",
            "artist": "马青",
            "id": 2005850943
        },
        {
            "name": "我记得",
            "artist": "赵雷",
            "id": 1974443814
        },
        {
            "name": "把回忆拼好给你",
            "artist": "王贰浪",
            "id": 1403318151
        },
        {
            "name": "精卫",
            "artist": "30年前，50年后",
            "id": 1951069525
        },
        {
            "name": "我的美丽feat.海洋Bo",
            "artist": "海洋Bo",
            "id": 1979417838
        },
        {
            "name": "姑娘在远方",
            "artist": "柯柯柯啊",
            "id": 2022196813
        },
        {
            "name": "在你的身边",
            "artist": "盛哲",
            "id": 475479888
        },
        {
            "name": "可能",
            "artist": "程响",
            "id": 1950343972
        },
        {
            "name": "苦茶子",
            "artist": "Starling8",
            "id": 1922888354
        },
        {
            "name": "唯一",
            "artist": "告五人",
            "id": 1807799505
        },
        {
            "name": "若把你",
            "artist": "Kirsty刘瑾睿",
            "id": 865632948
        },
        {
            "name": "达尔文",
            "artist": "林俊杰",
            "id": 2019573476
        },
        {
            "name": "我们的歌",
            "artist": "刘大拿",
            "id": 2025533834
        },
        {
            "name": "罗生门（Follow）",
            "artist": "梨冻紧",
            "id": 1456890009
        },
        {
            "name": "哪里都是你",
            "artist": "队长",
            "id": 488249475
        },
        {
            "name": "爱人错过",
            "artist": "告五人",
            "id": 1368754688
        },
        {
            "name": "孤雏",
            "artist": "AGA",
            "id": 421486605
        },
        {
            "name": "还是会想你",
            "artist": "林达浪",
            "id": 1827600686
        },
        {
            "name": "乌梅子酱",
            "artist": "李荣浩",
            "id": 1997438791
        },
        {
            "name": "水星记",
            "artist": "郭顶",
            "id": 441491828
        },
        {
            "name": "BABYDOLL (Speed)",
            "artist": "Ari Abdul",
            "id": 1932769322
        },
        {
            "name": "I'll Do It",
            "artist": "Heidi Montag",
            "id": 18228464
        },
        {
            "name": "带我去找夜生活",
            "artist": "告五人",
            "id": 1410647903
        },
        {
            "name": "起风了",
            "artist": "买辣椒也用券",
            "id": 1330348068
        },
        {
            "name": "アイドル",
            "artist": "YOASOBI",
            "id": 2034742057
        },
        {
            "name": "凄美地",
            "artist": "郭顶",
            "id": 436346833
        },
        {
            "name": "循迹",
            "artist": "王子健",
            "id": 2018432856
        },
        {
            "name": "就让这大雨全都落下",
            "artist": "容祖儿",
            "id": 1984475097
        },
        {
            "name": "身骑白马 (Live版)",
            "artist": "张杰",
            "id": 2038508476
        },
        {
            "name": "声音",
            "artist": "YOUNG",
            "id": 2031085185
        },
        {
            "name": "如果爱忘了",
            "artist": "王贰浪",
            "id": 2021373243
        },
        {
            "name": "Empty Love",
            "artist": "Lulleaux",
            "id": 1435828582
        },
        {
            "name": "精卫",
            "artist": "一颗狼星_许篮心",
            "id": 2019279516
        },
        {
            "name": "三拜红尘凉",
            "artist": "尹昔眠",
            "id": 1969320038
        },
        {
            "name": "忘不掉的你",
            "artist": "h3R3",
            "id": 1851652156
        },
        {
            "name": "晚风",
            "artist": "7copy",
            "id": 1441758494
        },
        {
            "name": "多远都要在一起",
            "artist": "G.E.M.邓紫棋",
            "id": 30612793
        },
        {
            "name": "落泪",
            "artist": "康熙",
            "id": 2021434589
        },
        {
            "name": "Letting Go",
            "artist": "刘大拿",
            "id": 1923184888
        },
        {
            "name": "乐园",
            "artist": "沧桑Cang333",
            "id": 2021379728
        },
        {
            "name": "再等冬天(Memories)",
            "artist": "h3R3",
            "id": 1927693793
        },
        {
            "name": "予你",
            "artist": "队长",
            "id": 1895330088
        },
        {
            "name": "给你呀（又名：for ya）",
            "artist": "蒋小呢",
            "id": 1497588709
        },
        {
            "name": "暖一杯茶",
            "artist": "邵帅",
            "id": 1371780785
        },
        {
            "name": "夏夜最后的烟火",
            "artist": "颜人中",
            "id": 1482867143
        },
        {
            "name": "如果呢",
            "artist": "郑润泽",
            "id": 1842728629
        },
        {
            "name": "Nothing",
            "artist": "薛之谦",
            "id": 2040577534
        },
        {
            "name": "golden hour",
            "artist": "JVKE",
            "id": 1958557540
        },
        {
            "name": "形容",
            "artist": "沈以诚",
            "id": 1336856864
        },
        {
            "name": "总有一天你会出现在我身边",
            "artist": "棱镜乐队",
            "id": 1303027499
        },
        {
            "name": "天外来物",
            "artist": "薛之谦",
            "id": 1463165983
        },
        {
            "name": "是妈妈是女儿",
            "artist": "黄绮珊",
            "id": 2016688503
        },
        {
            "name": "小城夏天",
            "artist": "LBI利比",
            "id": 1934251776
        },
        {
            "name": "11",
            "artist": "队长",
            "id": 1907766514
        },
        {
            "name": "Daylight",
            "artist": "Seredris",
            "id": 1372188635
        },
        {
            "name": "Letting Go",
            "artist": "蔡健雅",
            "id": 208891
        },
        {
            "name": "Shadow Of The Sun",
            "artist": "王OK",
            "id": 1968791360
        },
        {
            "name": "Wake (Live)",
            "artist": "Hillsong Young & Free",
            "id": 1873321491
        },
        {
            "name": "再见莫妮卡",
            "artist": "彭席彦",
            "id": 1824045033
        },
        {
            "name": "一直很安静",
            "artist": "王贰浪",
            "id": 1968781675
        },
        {
            "name": "五百二十赫兹",
            "artist": "Capper",
            "id": 1948572170
        },
        {
            "name": "最好的我",
            "artist": "刘大拿",
            "id": 1975753397
        },
        {
            "name": "Slow Down",
            "artist": "Madnap",
            "id": 1356658022
        },
        {
            "name": "MOM",
            "artist": "蜡笔小心",
            "id": 1387581250
        },
        {
            "name": "沉沦与遐想",
            "artist": "C.HØPE",
            "id": 1492584510
        },
        {
            "name": "致你",
            "artist": "yihuik苡慧",
            "id": 1867217766
        },
        {
            "name": "晚风心里吹",
            "artist": "阿梨粤",
            "id": 1929370102
        },
        {
            "name": "忏悔录",
            "artist": "KKECHO",
            "id": 1970396862
        },
        {
            "name": "是你",
            "artist": "梦然",
            "id": 1966162185
        },
        {
            "name": "雨过天不晴",
            "artist": "柯柯柯啊",
            "id": 2031912194
        },
        {
            "name": "すずめ feat.十明",
            "artist": "RADWIMPS",
            "id": 1984758339
        },
        {
            "name": "悬溺",
            "artist": "葛东琪",
            "id": 1397345903
        },
        {
            "name": "STAY",
            "artist": "The Kid LAROI",
            "id": 1859245776
        },
        {
            "name": "阳光开朗大男孩",
            "artist": "卦者灵风",
            "id": 1895164923
        },
        {
            "name": "Players",
            "artist": "Coi Leray",
            "id": 2002926115
        },
        {
            "name": "初恋",
            "artist": "回春丹",
            "id": 1873049720
        },
        {
            "name": "Normal No More",
            "artist": "TYSM",
            "id": 1440570723
        },
        {
            "name": "特别的人",
            "artist": "方大同",
            "id": 28403111
        },
        {
            "name": "拉过勾的",
            "artist": "陆虎",
            "id": 26387325
        },
        {
            "name": "还是分开",
            "artist": "张叶蕾",
            "id": 465921195
        },
        {
            "name": "与我无关",
            "artist": "阿冗",
            "id": 1413585838
        },
        {
            "name": "山茶花读不懂白玫瑰",
            "artist": "Lil笑笑",
            "id": 2019620319
        },
        {
            "name": "孤勇者",
            "artist": "陈奕迅",
            "id": 1901371647
        },
        {
            "name": "想去海边",
            "artist": "夏日入侵企画",
            "id": 1413863166
        },
        {
            "name": "最后一页",
            "artist": "江语晨",
            "id": 247936
        },
        {
            "name": "夏天的风",
            "artist": "火羊瞌睡了",
            "id": 1436709403
        },
        {
            "name": "谁 (Live版)",
            "artist": "廖俊涛",
            "id": 566436427
        },
        {
            "name": "浪漫主义",
            "artist": "姜云升",
            "id": 1887917182
        },
        {
            "name": "谁家",
            "artist": "池鱼",
            "id": 2024225492
        },
        {
            "name": "下雨天",
            "artist": "与少年他",
            "id": 1426112587
        },
        {
            "name": "梦醒",
            "artist": "handsome lau",
            "id": 1395222212
        },
        {
            "name": "第三人称",
            "artist": "买辣椒也用券",
            "id": 502043537
        },
        {
            "name": "骗子",
            "artist": "文夫",
            "id": 1924343459
        },
        {
            "name": "紫荆花盛开",
            "artist": "李荣浩",
            "id": 1959528822
        },
        {
            "name": "谁",
            "artist": "王贰浪",
            "id": 2026812798
        },
        {
            "name": "恶作剧",
            "artist": "林依晨",
            "id": 255574
        },
        {
            "name": "晚安",
            "artist": "颜人中",
            "id": 1359356908
        },
        {
            "name": "错位时空",
            "artist": "艾辰",
            "id": 1808492017
        },
        {
            "name": "备注",
            "artist": "沧桑Cang333",
            "id": 2038535985
        },
        {
            "name": "Bones",
            "artist": "Imagine Dragons",
            "id": 1927389937
        },
        {
            "name": "就让这大雨全都落下",
            "artist": "郑润泽",
            "id": 2024035483
        },
        {
            "name": "我们的歌",
            "artist": "王力宏",
            "id": 25642952
        },
        {
            "name": "失语者",
            "artist": "刘大拿",
            "id": 2006448864
        },
        {
            "name": "But U",
            "artist": "NINEONE#赵馨玥",
            "id": 1459232593
        },
        {
            "name": "他不懂",
            "artist": "张杰",
            "id": 28059417
        },
        {
            "name": "桃花诺",
            "artist": "G.E.M.邓紫棋",
            "id": 480579393
        },
        {
            "name": "All Girls Are The Same",
            "artist": "Juice WRLD",
            "id": 548823873
        },
        {
            "name": "The Best Of Me",
            "artist": "Dion Timmer",
            "id": 1329938686
        },
        {
            "name": "敷衍设定",
            "artist": "刘大拿",
            "id": 2036556394
        },
        {
            "name": "再见",
            "artist": "G.E.M.邓紫棋",
            "id": 36024806
        },
        {
            "name": "武家坡2021",
            "artist": "龍猛寺寬度",
            "id": 1891431677
        },
        {
            "name": "溯 (Reverse)",
            "artist": "CORSAK胡梦周",
            "id": 1294951288
        },
        {
            "name": "漠河舞厅·2022",
            "artist": "柳爽",
            "id": 1894094482
        },
        {
            "name": "爱如火",
            "artist": "那艺娜",
            "id": 1999552137
        },
        {
            "name": "可不可以",
            "artist": "张紫豪",
            "id": 553755659
        },
        {
            "name": "像我这样的人",
            "artist": "毛不易",
            "id": 569213220
        },
        {
            "name": "So Far Away (Acoustic)",
            "artist": "Adam Christopher",
            "id": 1313584359
        },
        {
            "name": "三国恋",
            "artist": "王巨星",
            "id": 1947948874
        },
        {
            "name": "危险派对",
            "artist": "王以太",
            "id": 1877996649
        },
        {
            "name": "算了吧",
            "artist": "Aioz",
            "id": 1908049566
        },
        {
            "name": "Love Is Gone (Acoustic)",
            "artist": "SLANDER",
            "id": 1401671455
        },
        {
            "name": "美好的事可不可以发生在我身上 (Live版)",
            "artist": "华晨宇",
            "id": 2040835953
        },
        {
            "name": "那是你离开了北京的生活",
            "artist": "薛之谦",
            "id": 571340283
        },
        {
            "name": "红",
            "artist": "罗言",
            "id": 1918576268
        },
        {
            "name": "鼓楼",
            "artist": "赵雷",
            "id": 447926067
        },
        {
            "name": "Dehors",
            "artist": "JORDANN",
            "id": 1815725297
        },
        {
            "name": "Head In The Clouds",
            "artist": "Hayd",
            "id": 1878812258
        },
        {
            "name": "I Wish My Mind Would Shut Up",
            "artist": "Ivoris",
            "id": 1940074698
        },
        {
            "name": "乌云",
            "artist": "董唧唧",
            "id": 2009519825
        },
        {
            "name": "我知道",
            "artist": "By2",
            "id": 1430303185
        },
        {
            "name": "他只是经过",
            "artist": "h3R3",
            "id": 1443838552
        },
        {
            "name": "命运",
            "artist": "粉太狼",
            "id": 1942041775
        },
        {
            "name": "Nonsense",
            "artist": "Sabrina Carpenter",
            "id": 1964236604
        },
        {
            "name": "In The Shadow Of The Sun",
            "artist": "Professor Green",
            "id": 29412405
        },
        {
            "name": "浪漫血液",
            "artist": "林俊杰",
            "id": 29850683
        },
        {
            "name": "指纹",
            "artist": "杜宣达",
            "id": 1887139866
        },
        {
            "name": "Shootout X Yes to Heaven",
            "artist": "Benatora",
            "id": 1993119056
        },
        {
            "name": "Bet On Me (Organic Version)",
            "artist": "Walk off the Earth",
            "id": 1938756186
        },
        {
            "name": "你走以后1.0",
            "artist": "王恩信Est",
            "id": 1363205817
        },
        {
            "name": "断线",
            "artist": "Shang",
            "id": 496370620
        },
        {
            "name": "遐想",
            "artist": "郑润泽",
            "id": 2018733994
        },
        {
            "name": "我的名字",
            "artist": "焦迈奇",
            "id": 554241732
        },
        {
            "name": "簇拥烈日的花",
            "artist": "Morerare",
            "id": 1896178370
        },
        {
            "name": "删了吧",
            "artist": "烟(许佳豪)",
            "id": 1891469546
        },
        {
            "name": "回答",
            "artist": "YOUNG",
            "id": 1994863874
        },
        {
            "name": "世间美好与你环环相扣",
            "artist": "柏松",
            "id": 1363948882
        },
        {
            "name": "消愁",
            "artist": "毛不易",
            "id": 569200213
        },
        {
            "name": "海底",
            "artist": "一支榴莲",
            "id": 1430583016
        },
        {
            "name": "年少有为",
            "artist": "李荣浩",
            "id": 1293886117
        },
        {
            "name": "你",
            "artist": "郑润泽",
            "id": 1406083061
        },
        {
            "name": "倒数",
            "artist": "G.E.M.邓紫棋",
            "id": 1299550532
        },
        {
            "name": "最佳损友",
            "artist": "陈奕迅",
            "id": 65800
        },
        {
            "name": "明天 (feat. 袁娅维TIA RAY)",
            "artist": "马思唯",
            "id": 2036171786
        },
        {
            "name": "Stay The Night",
            "artist": "Just Kiddin",
            "id": 1376075781
        },
        {
            "name": "想见你想见你想见你 (Live版)",
            "artist": "张杰",
            "id": 2030766928
        },
        {
            "name": "失眠飞行",
            "artist": "接个吻，开一枪",
            "id": 1365898499
        },
        {
            "name": "BABYDOLL",
            "artist": "Ari Abdul",
            "id": 1914893736
        },
        {
            "name": "我曾遇到一束光",
            "artist": "叶斯淳",
            "id": 1988532821
        },
        {
            "name": "爱似水仙",
            "artist": "苏星婕",
            "id": 1975589384
        },
        {
            "name": "或许",
            "artist": "LBI利比",
            "id": 1958031074
        },
        {
            "name": "红色高跟鞋",
            "artist": "蔡健雅",
            "id": 208902
        },
        {
            "name": "兄妹",
            "artist": "刘大拿",
            "id": 1947208581
        },
        {
            "name": "不将就",
            "artist": "李荣浩",
            "id": 31654343
        },
        {
            "name": "会魔法的老人",
            "artist": "法老",
            "id": 1988564487
        },
        {
            "name": "再见我的女孩",
            "artist": "烟(许佳豪)",
            "id": 1992338319
        },
        {
            "name": "迷失的季节",
            "artist": "SipSu小口酥",
            "id": 2037202513
        },
        {
            "name": "泡沫",
            "artist": "Swang多雷",
            "id": 518682659
        },
        {
            "name": "我的爱如烈火",
            "artist": "xxxmiracle",
            "id": 2024654768
        },
        {
            "name": "呓语",
            "artist": "毛不易",
            "id": 1417862046
        },
        {
            "name": "入秋",
            "artist": "RAMBO GANG",
            "id": 1477144603
        },
        {
            "name": "一格格",
            "artist": "卫兰",
            "id": 475277350
        },
        {
            "name": "孤雏",
            "artist": "高睿",
            "id": 1981557398
        },
        {
            "name": "PLAY",
            "artist": "Ricii Lompeurs",
            "id": 1963132367
        },
        {
            "name": "最后一页（完整版）",
            "artist": "洛尘鞅_",
            "id": 445154140
        },
        {
            "name": "帅特日记",
            "artist": "银河系长",
            "id": 1913874332
        },
        {
            "name": "梦里花",
            "artist": "苏星婕",
            "id": 2005574298
        },
        {
            "name": "新地球",
            "artist": "林俊杰",
            "id": 29774171
        },
        {
            "name": "风驶过的声音是",
            "artist": "Zy",
            "id": 1982285682
        },
        {
            "name": "保留",
            "artist": "郭顶",
            "id": 442869203
        },
        {
            "name": "我看了56次日落",
            "artist": "邵甲天",
            "id": 1930608504
        },
        {
            "name": "One More Last Time",
            "artist": "Henry Young",
            "id": 1942576027
        },
        {
            "name": "人间烟火",
            "artist": "程响",
            "id": 1929363849
        },
        {
            "name": "Die For You",
            "artist": "The Weeknd",
            "id": 442867526
        },
        {
            "name": "So Far Away",
            "artist": "Martin Garrix",
            "id": 521416693
        },
        {
            "name": "大眠 (完整版)",
            "artist": "小乐哥（王唯乐）",
            "id": 1413142894
        },
        {
            "name": "Time Stop",
            "artist": "BlackDD",
            "id": 1992712131
        },
        {
            "name": "素颜",
            "artist": "许嵩",
            "id": 167827
        },
        {
            "name": "Suygu",
            "artist": "ZulpYe",
            "id": 2040008221
        },
        {
            "name": "爱如火",
            "artist": "一只瓜瓜",
            "id": 2021849994
        },
        {
            "name": "As It Was",
            "artist": "PREP",
            "id": 1968869187
        },
        {
            "name": "热恋情节",
            "artist": "吴子健REmi",
            "id": 1973046704
        },
        {
            "name": "山楂树之恋",
            "artist": "程佳佳",
            "id": 1381755293
        },
        {
            "name": "是否",
            "artist": "程响",
            "id": 1979274315
        },
        {
            "name": "嗜好",
            "artist": "颜人中",
            "id": 1391891631
        },
        {
            "name": "有些",
            "artist": "颜人中",
            "id": 1406649619
        },
        {
            "name": "失语者",
            "artist": "蔡健雅",
            "id": 36024442
        },
        {
            "name": "可惜没如果",
            "artist": "林俊杰",
            "id": 29814898
        },
        {
            "name": "岁月神偷",
            "artist": "金玟岐",
            "id": 28285910
        },
        {
            "name": "命运",
            "artist": "家家",
            "id": 27591236
        }
    ]
}