{
    "playlist_info": {
        "name": "「极致女声」电音与女声的完美搭配",
        "trackcount": 46,
        "playcount": 1160724,
        "creator": "Azrora",
        "createDate": "2016-06-11",
        "heat": 450.0
    },
    "songs": [
        {
            "name": "Find Our Way",
            "artist": "Midnight Kids",
            "id": 574928903
        },
        {
            "name": "Tell Me It's Okay",
            "artist": "Fells",
            "id": 1465383614
        },
        {
            "name": "Bloom",
            "artist": "Dabin",
            "id": 1347227968
        },
        {
            "name": "No Eyes On Me",
            "artist": "Justin Caruso",
            "id": 1436384887
        },
        {
            "name": "Fly",
            "artist": "Sineself",
            "id": 1992855396
        },
        {
            "name": "Lost & Found",
            "artist": "Embody",
            "id": 1907712555
        },
        {
            "name": "Colour My Words",
            "artist": "Severo",
            "id": 1336866203
        },
        {
            "name": "Always Been You (feat. Akacia)",
            "artist": "Oscar Yuan",
            "id": 2013467818
        },
        {
            "name": "In Love With Love",
            "artist": "Britt Lari",
            "id": 1836162673
        },
        {
            "name": "Another Day",
            "artist": "Dabin",
            "id": 1349078023
        },
        {
            "name": "Slow Down",
            "artist": "Madnap",
            "id": 1356658022
        },
        {
            "name": "All of You",
            "artist": "Prince paris",
            "id": 1324035458
        },
        {
            "name": "Run Free",
            "artist": "Deep Chills",
            "id": 500410102
        },
        {
            "name": "Never Over (feat. Michi)",
            "artist": "BEAUZ",
            "id": 509135896
        },
        {
            "name": "Good Morning Jay",
            "artist": "TastyTreat",
            "id": 1303019532
        },
        {
            "name": "Deep End",
            "artist": "William Black",
            "id": 1813060516
        },
        {
            "name": "Just The Same",
            "artist": "Charlotte Lawrence",
            "id": 533455199
        },
        {
            "name": "Nobody Compares To You",
            "artist": "Gryffin",
            "id": 511364880
        },
        {
            "name": "Nightdrive",
            "artist": "Vanillaz",
            "id": 491943299
        },
        {
            "name": "When You're Lonely",
            "artist": "Hoang",
            "id": 1416550753
        },
        {
            "name": "Wasted Summer",
            "artist": "teamwork.",
            "id": 1418275106
        },
        {
            "name": "Run Back to You (feat. Alisa)",
            "artist": "Hoang",
            "id": 1471391509
        },
        {
            "name": "Paper Stars",
            "artist": "West Coast Massive",
            "id": 482988290
        },
        {
            "name": "Call Me (Alex Adair Remix)",
            "artist": "NEIKED",
            "id": 493448389
        },
        {
            "name": "Falling Down (Night Mix)",
            "artist": "Arty",
            "id": 461858723
        },
        {
            "name": "Magic",
            "artist": "ThimLife",
            "id": 1387392286
        },
        {
            "name": "Superficial Love",
            "artist": "Karim Mika",
            "id": 1316563030
        },
        {
            "name": "Leave This Place",
            "artist": "LIONE",
            "id": 437605808
        },
        {
            "name": "Crashing Into You",
            "artist": "4URA",
            "id": 1825988545
        },
        {
            "name": "Sound of Walking Away",
            "artist": "ILLENIUM",
            "id": 473940907
        },
        {
            "name": "Part-Time Lover",
            "artist": "Dabin",
            "id": 1347227963
        },
        {
            "name": "Another You",
            "artist": "ThimLife",
            "id": 1329164029
        },
        {
            "name": "Dancing in the Moonlight",
            "artist": "Jubël",
            "id": 564094072
        },
        {
            "name": "Moments",
            "artist": "MitiS",
            "id": 546722488
        },
        {
            "name": "Never Let Go(Extended Mix)",
            "artist": "Culture Code",
            "id": 404744101
        },
        {
            "name": "More Than Air",
            "artist": "Local Sound",
            "id": 443876555
        },
        {
            "name": "Talk About Me  (Kuur Remix)",
            "artist": "Kuur",
            "id": 471763670
        },
        {
            "name": "Bye Bye",
            "artist": "Gryffin",
            "id": 1803415134
        },
        {
            "name": "Find You",
            "artist": "HIDDN",
            "id": 464192074
        },
        {
            "name": "Umbrella (Matte Remix)",
            "artist": "Matte",
            "id": 518904426
        },
        {
            "name": "Into You",
            "artist": "Matisse & Sadko",
            "id": 523042017
        },
        {
            "name": "Don't Say (Felix Palmqvist & Severo Remix)",
            "artist": "The Chainsmokers",
            "id": 491294233
        },
        {
            "name": "Illegal",
            "artist": "Katelyn Tarver",
            "id": 434646974
        },
        {
            "name": "Everyday, Everyday",
            "artist": "Manila Killa",
            "id": 532776335
        },
        {
            "name": "Alive",
            "artist": "Dabin",
            "id": 1341520066
        },
        {
            "name": "Find Our Way (Midnight Kids Night Drive Edit)",
            "artist": "Midnight Kids",
            "id": 1341757373
        }
    ]
}