{
    "playlist_info": {
        "name": "『治愈系睡前歌曲』亲一口月亮 然后就睡觉",
        "trackcount": 158,
        "playcount": 818230,
        "creator": "灰姑娘Susen",
        "createDate": "2018-08-05",
        "heat": 456.0
    },
    "songs": [
        {
            "name": "Peter Pan Was Right",
            "artist": "Anson Seabra",
            "id": 1942594143
        },
        {
            "name": "Call Me",
            "artist": "Rangga Jones",
            "id": 1917900535
        },
        {
            "name": "Letters",
            "artist": "Maximillian",
            "id": 1878788320
        },
        {
            "name": "I Can Love Anyone (As Long As It's You)",
            "artist": "Anson Seabra",
            "id": 2013893785
        },
        {
            "name": "Hard To Be Human",
            "artist": "Anson Seabra",
            "id": 1990259912
        },
        {
            "name": "The Green",
            "artist": "Chris James",
            "id": 1462804973
        },
        {
            "name": "If I Ain't Got You (Acoustic)",
            "artist": "John Adams",
            "id": 1843636386
        },
        {
            "name": "A Million Dreams",
            "artist": "Alex Porat",
            "id": 1447785863
        },
        {
            "name": "Shadow Of The Sun",
            "artist": "王OK",
            "id": 1968791360
        },
        {
            "name": "Head In The Clouds",
            "artist": "Hayd",
            "id": 1878812258
        },
        {
            "name": "eyes blue or brown, can't remember",
            "artist": "untrusted",
            "id": 1848034770
        },
        {
            "name": "Painkillers",
            "artist": "Gracie Abrams",
            "id": 1894277831
        },
        {
            "name": "Christmas List",
            "artist": "Anson Seabra",
            "id": 1999170057
        },
        {
            "name": "In My Head",
            "artist": "Peter Manos",
            "id": 1803535841
        },
        {
            "name": "This Time",
            "artist": "Jeff Bernat",
            "id": 1807991606
        },
        {
            "name": "her shadow",
            "artist": "Thomas Ng",
            "id": 1837903505
        },
        {
            "name": "Rest Assured (feat. PRVDNT)",
            "artist": "Jeff Bernat",
            "id": 1940134778
        },
        {
            "name": "i still think of you",
            "artist": "the bootleg boy",
            "id": 1447663247
        },
        {
            "name": "Blueberry",
            "artist": "Johnny Stimson",
            "id": 1824718743
        },
        {
            "name": "I miss your Christmas",
            "artist": "Kid Travis",
            "id": 1897048888
        },
        {
            "name": "Fly Me to the Moon",
            "artist": "The Macarons Project",
            "id": 1442431916
        },
        {
            "name": "Bedtime Story",
            "artist": "欧阳娜娜",
            "id": 1977945951
        },
        {
            "name": "Love Is Gone (Acoustic)",
            "artist": "SLANDER",
            "id": 1401671455
        },
        {
            "name": "Traingazing",
            "artist": "Sam Wills",
            "id": 1425944859
        },
        {
            "name": "One Day Less",
            "artist": "Anson Seabra",
            "id": 1964236911
        },
        {
            "name": "love/hate",
            "artist": "Matt Van",
            "id": 1444413693
        },
        {
            "name": "gossamer girl",
            "artist": "Matt Van",
            "id": 1444413692
        },
        {
            "name": "Changes",
            "artist": "Hayd",
            "id": 1834045642
        },
        {
            "name": "Lucky Charms",
            "artist": "Anson Seabra",
            "id": 1887203177
        },
        {
            "name": "drunk",
            "artist": "keshi",
            "id": 1480274234
        },
        {
            "name": "YOU AND I",
            "artist": "dori",
            "id": 1946426077
        },
        {
            "name": "Closure",
            "artist": "Hayd",
            "id": 1831321963
        },
        {
            "name": "Lover / Earth Angel",
            "artist": "Joey Stamper",
            "id": 1454367572
        },
        {
            "name": "What Did I Do?",
            "artist": "Hayd",
            "id": 1904170112
        },
        {
            "name": "Suffocate",
            "artist": "Hayd",
            "id": 1417261845
        },
        {
            "name": "Between Us",
            "artist": "Demxntia",
            "id": 1313898022
        },
        {
            "name": "Come Close",
            "artist": "Anson Seabra",
            "id": 1910882893
        },
        {
            "name": "i'm the one you've been waiting for",
            "artist": "Demxntia",
            "id": 1421005529
        },
        {
            "name": "bandaids (live sessions)",
            "artist": "keshi",
            "id": 1441154672
        },
        {
            "name": "Free With You",
            "artist": "Rnla",
            "id": 1425763494
        },
        {
            "name": "Social Stamina",
            "artist": "ROSIE",
            "id": 1874305449
        },
        {
            "name": "Like My Father",
            "artist": "Jax",
            "id": 1849074493
        },
        {
            "name": "Christmas Got Colder",
            "artist": "Anson Seabra",
            "id": 1895291255
        },
        {
            "name": "Lay It All on Me",
            "artist": "Johnny Stimson",
            "id": 1857947422
        },
        {
            "name": "Nobody Else",
            "artist": "Demxntia",
            "id": 1334295081
        },
        {
            "name": "change ur mind",
            "artist": "Sarcastic Sounds",
            "id": 1814971662
        },
        {
            "name": "The Rose",
            "artist": "Biscuits",
            "id": 1341474992
        },
        {
            "name": "500miles-七元完整版",
            "artist": "七元",
            "id": 1486999325
        },
        {
            "name": "skeletons",
            "artist": "keshi",
            "id": 1378191814
        },
        {
            "name": "The Road",
            "artist": "Cocoon",
            "id": 1852494200
        },
        {
            "name": "for life",
            "artist": "Zachary Knowles",
            "id": 1443012643
        },
        {
            "name": "Trying My Best",
            "artist": "Anson Seabra",
            "id": 1447803273
        },
        {
            "name": "Christmas Memories",
            "artist": "Loving Caliber",
            "id": 1310762340
        },
        {
            "name": "Can You Hear Me",
            "artist": "Anson Seabra",
            "id": 1440684450
        },
        {
            "name": "halcyon",
            "artist": "BLÜ EYES",
            "id": 1818178340
        },
        {
            "name": "Magazines",
            "artist": "Anson Seabra",
            "id": 1845920151
        },
        {
            "name": "A Thousand Years",
            "artist": "Jada Facer",
            "id": 1937340367
        },
        {
            "name": "Moonlight (Acoustic Version)",
            "artist": "Lilly Ahlberg",
            "id": 1413837038
        },
        {
            "name": "At My Worst",
            "artist": "Harryan Yoonsoan",
            "id": 1840200746
        },
        {
            "name": "Filipina Girls",
            "artist": "Jereena Montemayor",
            "id": 1450198624
        },
        {
            "name": "I know",
            "artist": "Seo actor",
            "id": 1420972317
        },
        {
            "name": "잡지 않았어",
            "artist": "Acourve",
            "id": 29713187
        },
        {
            "name": "Heaven",
            "artist": "Emilee",
            "id": 1439148825
        },
        {
            "name": "you were good to me",
            "artist": "Jeremy Zucker",
            "id": 1362825760
        },
        {
            "name": "Home",
            "artist": "Peder Elias",
            "id": 1487159406
        },
        {
            "name": "Good to See You Again!",
            "artist": "Alexander 23",
            "id": 1821466261
        },
        {
            "name": "Walked Through Hell",
            "artist": "Anson Seabra",
            "id": 1845921837
        },
        {
            "name": "this is how you fall in love",
            "artist": "Jeremy Zucker",
            "id": 1817947286
        },
        {
            "name": "Cry Over Boys",
            "artist": "Alexander 23",
            "id": 1821466256
        },
        {
            "name": "24 Hours",
            "artist": "Shawn Mendes",
            "id": 1500670982
        },
        {
            "name": "Let's Go Home",
            "artist": "Jake Miller",
            "id": 1468692293
        },
        {
            "name": "One and Only",
            "artist": "Joshua Radin",
            "id": 29950503
        },
        {
            "name": "Addicted to Her Sadness",
            "artist": "Maro",
            "id": 1843858957
        },
        {
            "name": "Older Than I Am",
            "artist": "Lennon Stella",
            "id": 1442170894
        },
        {
            "name": "Broken",
            "artist": "Anson Seabra",
            "id": 1402845090
        },
        {
            "name": "Whatever You Want",
            "artist": "Finding Hope",
            "id": 1446211676
        },
        {
            "name": "always, i'll care",
            "artist": "Jeremy Zucker",
            "id": 1441156882
        },
        {
            "name": "SAVED ME (Acoustic)",
            "artist": "Jake Miller",
            "id": 1455905318
        },
        {
            "name": "Falling like the Stars (Acoustic)",
            "artist": "Amber Leigh Irish",
            "id": 1373604989
        },
        {
            "name": "Behind the Clouds",
            "artist": "yaeow",
            "id": 1458164576
        },
        {
            "name": "Clouds",
            "artist": "Before You Exit",
            "id": 448147038
        },
        {
            "name": "Lonely (Acoustic)",
            "artist": "Justin Bieber",
            "id": 1814025100
        },
        {
            "name": "Family (Acoustic)",
            "artist": "Beth",
            "id": 1446292639
        },
        {
            "name": "네가 좋아",
            "artist": "Hello Gayoung",
            "id": 481241160
        },
        {
            "name": "Loving Strangers",
            "artist": "Jocelyn Pook",
            "id": 2788529
        },
        {
            "name": "Dishes (Acoustic)",
            "artist": "Lauv",
            "id": 1459739489
        },
        {
            "name": "Someone You Loved (Acoustic)",
            "artist": "Beth",
            "id": 1822892094
        },
        {
            "name": "sense of alienation",
            "artist": "drcchen",
            "id": 558261050
        },
        {
            "name": "In the Bleak Midwinter",
            "artist": "Gabrielle Aplin",
            "id": 1397797587
        },
        {
            "name": "That's Us",
            "artist": "Anson Seabra",
            "id": 1447803282
        },
        {
            "name": "Promise",
            "artist": "sapientdream",
            "id": 1308782023
        },
        {
            "name": "Hey Jude (feat. Kina Grannis)",
            "artist": "Imaginary Future",
            "id": 469249441
        },
        {
            "name": "Emerald Eyes",
            "artist": "Anson Seabra",
            "id": 1440952408
        },
        {
            "name": "Hindenburg Lover",
            "artist": "Anson Seabra",
            "id": 1440687084
        },
        {
            "name": "Before You Go (Acoustic)",
            "artist": "Amber Leigh Irish",
            "id": 1421780908
        },
        {
            "name": "Don't Forget to Breathe",
            "artist": "Anson Seabra",
            "id": 1447803268
        },
        {
            "name": "I Won't Let You Feel Alone Again",
            "artist": "Demxntia",
            "id": 1337981483
        },
        {
            "name": "City of Stars",
            "artist": "Biscuits",
            "id": 1429556149
        },
        {
            "name": "tired",
            "artist": "vietra",
            "id": 1383691441
        },
        {
            "name": "Do Me a Favor",
            "artist": "Anson Seabra",
            "id": 1447801338
        },
        {
            "name": "Tunnels",
            "artist": "Croosh",
            "id": 1351225099
        },
        {
            "name": "no one but u",
            "artist": "Demxntia",
            "id": 1445583767
        },
        {
            "name": "hotline bling",
            "artist": "Billie Eilish",
            "id": 863481066
        },
        {
            "name": "kirari futari",
            "artist": "mamerico",
            "id": 26131195
        },
        {
            "name": "Never Not",
            "artist": "Lauv",
            "id": 563999356
        },
        {
            "name": "Last Time",
            "artist": "Anson Seabra",
            "id": 1402843217
        },
        {
            "name": "Can I Have The Day With You",
            "artist": "Sam Ock",
            "id": 1385646864
        },
        {
            "name": "The Story Never Ends (Piano Version)",
            "artist": "Lauv",
            "id": 437802479
        },
        {
            "name": "I'm Yours",
            "artist": "Jason M'raz",
            "id": 5141673
        },
        {
            "name": "世界的约定",
            "artist": "贵族乐团",
            "id": 28757268
        },
        {
            "name": "Alright",
            "artist": "Gracie Abrams",
            "id": 1893961100
        },
        {
            "name": "Long Way Home",
            "artist": "点灯人（Lamplighters）",
            "id": 521169592
        },
        {
            "name": "Bigcitydreams",
            "artist": "Never Shout Never",
            "id": 21267236
        },
        {
            "name": "I Wrote A Song (男生版)",
            "artist": "叶皓-晏",
            "id": 1385618835
        },
        {
            "name": "i'll never let you go",
            "artist": "Zaini",
            "id": 1383691536
        },
        {
            "name": "lucky.",
            "artist": "甜枕",
            "id": 1437174707
        },
        {
            "name": "right here",
            "artist": "keshi",
            "id": 1433430842
        },
        {
            "name": "Thinkin Bout You (Frank Ocean Cover)",
            "artist": "Clair",
            "id": 441120280
        },
        {
            "name": "operate",
            "artist": "DMT",
            "id": 486837917
        },
        {
            "name": "혼자 있는 시간",
            "artist": "My Little Memory",
            "id": 32046502
        },
        {
            "name": "기쁜 우리 젊은날",
            "artist": "My Little Memory",
            "id": 32046501
        },
        {
            "name": "퇴근길",
            "artist": "J_ust",
            "id": 1370932742
        },
        {
            "name": "おなじ話",
            "artist": "ef",
            "id": 27984994
        },
        {
            "name": "Love Song for #1",
            "artist": "Corrinne May",
            "id": 209421
        },
        {
            "name": "Little Star",
            "artist": "Standing Egg",
            "id": 22829906
        },
        {
            "name": "Lucky One",
            "artist": "mich",
            "id": 530986903
        },
        {
            "name": "长いこと待っていたんだ",
            "artist": "ハンバート ハンバート",
            "id": 740547
        },
        {
            "name": "♡",
            "artist": "Xxankid",
            "id": 571693353
        },
        {
            "name": "Miss You Tonight（Cover 茶小姐和熊先生）",
            "artist": "Biscuits",
            "id": 447506014
        },
        {
            "name": "M.I.A.",
            "artist": "JAKE HOPE",
            "id": 566442442
        },
        {
            "name": "la vie en rose",
            "artist": "Olivia Herdt",
            "id": 485612149
        },
        {
            "name": "fly",
            "artist": "vietra",
            "id": 1336864660
        },
        {
            "name": "Remind Me of You",
            "artist": "Acourve",
            "id": 451279118
        },
        {
            "name": "Easily",
            "artist": "Bruno Major",
            "id": 449577802
        },
        {
            "name": "日が落ちるまで",
            "artist": "ハンバート ハンバート",
            "id": 740530
        },
        {
            "name": "Sunset/Sunrise (Prod. Kendo)",
            "artist": "SNØW",
            "id": 1309901535
        },
        {
            "name": "sleepyhead",
            "artist": "submarine boy",
            "id": 1320884184
        },
        {
            "name": "streetcar",
            "artist": "Dhan",
            "id": 1381291657
        },
        {
            "name": "The Other Side",
            "artist": "Conan Gray",
            "id": 1344801012
        },
        {
            "name": "foryou",
            "artist": "vietra",
            "id": 532940220
        },
        {
            "name": "your imagination",
            "artist": "Essence",
            "id": 534542015
        },
        {
            "name": "Winter Without You",
            "artist": "Gloria Kim",
            "id": 1352962983
        },
        {
            "name": "streetlights",
            "artist": "jiwoo",
            "id": 553815085
        },
        {
            "name": "今晩はお月さん",
            "artist": "ハンバート ハンバート",
            "id": 740558
        },
        {
            "name": "I Will",
            "artist": "Imaginary Future",
            "id": 469249501
        },
        {
            "name": "Intro (feat. Rook1e)",
            "artist": "barnes blvd.",
            "id": 557584800
        },
        {
            "name": "明日の朝には",
            "artist": "ハンバート ハンバート",
            "id": 740611
        },
        {
            "name": "Rearrange",
            "artist": "Ella Vos",
            "id": 506094210
        },
        {
            "name": "부드러운",
            "artist": "J_ust",
            "id": 441566368
        },
        {
            "name": "猫になりたい",
            "artist": "つじあやの",
            "id": 28461702
        },
        {
            "name": "More & More",
            "artist": "Finding Hope",
            "id": 1325897120
        },
        {
            "name": "she was a pretty one",
            "artist": "lanie ❀",
            "id": 494407929
        },
        {
            "name": "sᴀʟᴀᴅ ᴅᴀʏs",
            "artist": "FAT TIGER",
            "id": 1305775913
        },
        {
            "name": "You Are My Sunshine (Version 1)",
            "artist": "Elizabeth Mitchell",
            "id": 2533578
        },
        {
            "name": "めぐる季節",
            "artist": "久石譲",
            "id": 443521
        },
        {
            "name": "Lucky Final",
            "artist": "go missing",
            "id": 1343701728
        },
        {
            "name": "いつも何度でも",
            "artist": "伊藤サチコ",
            "id": 584155
        },
        {
            "name": "1时间",
            "artist": "ハンバート ハンバート",
            "id": 740508
        }
    ]
}