{
    "playlist_info": {
        "name": "「来自天堂的声音」北欧风空灵女声",
        "trackcount": 104,
        "playcount": 848751,
        "creator": "田阿水_oo",
        "createDate": "2018-01-05",
        "heat": 423.0
    },
    "songs": [
        {
            "name": "Getting It On",
            "artist": "SALES",
            "id": 29563533
        },
        {
            "name": "Can We Kiss Forever?",
            "artist": "Kina",
            "id": 1306507078
        },
        {
            "name": "Genesis",
            "artist": "Ruelle",
            "id": 1333422322
        },
        {
            "name": "Hurricane",
            "artist": "Kayleigh O'Connor",
            "id": 28838920
        },
        {
            "name": "Ghost (Acoustic)",
            "artist": "Au/Ra",
            "id": 1405069977
        },
        {
            "name": "Ready For It",
            "artist": "RAC",
            "id": 473094168
        },
        {
            "name": "Until",
            "artist": "Lotte Kestner",
            "id": 26197585
        },
        {
            "name": "If",
            "artist": "七元",
            "id": 1406665350
        },
        {
            "name": "Walking In The Air",
            "artist": "Cécile Corbel",
            "id": 1355147874
        },
        {
            "name": "Taxi",
            "artist": "GRAE",
            "id": 1466516156
        },
        {
            "name": "Sea",
            "artist": "Ina Wroldsen",
            "id": 549800624
        },
        {
            "name": "SAD! & XO Tour Life（翻自 Kid Travis） ",
            "artist": "purplehazeee",
            "id": 1341348417
        },
        {
            "name": "Cursive",
            "artist": "Billie Marten",
            "id": 36388068
        },
        {
            "name": "Sleep Alone",
            "artist": "STACEY",
            "id": 28094499
        },
        {
            "name": "Treehouse",
            "artist": "Harland",
            "id": 2744745
        },
        {
            "name": "honeysea",
            "artist": "Ivoris",
            "id": 1359508230
        },
        {
            "name": "Empty Note",
            "artist": "Ghostly Kisses",
            "id": 441489416
        },
        {
            "name": "Dust It Off",
            "artist": "The Dø",
            "id": 4339151
        },
        {
            "name": "They Say Surrender",
            "artist": "Aqualash",
            "id": 2186843
        },
        {
            "name": "Gloomy Sunday",
            "artist": "Sarah McLachlan",
            "id": 3406733
        },
        {
            "name": "I'm In Here",
            "artist": "Sia",
            "id": 19154097
        },
        {
            "name": "La Ballade de Rose",
            "artist": "Cécile Corbel",
            "id": 26574196
        },
        {
            "name": "Into the Fields",
            "artist": "Foxes in Fiction",
            "id": 29423157
        },
        {
            "name": "I Know Places",
            "artist": "Lykke Li",
            "id": 16576251
        },
        {
            "name": "Nice to See You",
            "artist": "Vansire",
            "id": 530057917
        },
        {
            "name": "Car Park",
            "artist": "Fenne Lily",
            "id": 551340498
        },
        {
            "name": "Half the World Away",
            "artist": "AURORA",
            "id": 36307872
        },
        {
            "name": "Habits (Feat. Mads Langer)",
            "artist": "Maria Mena",
            "id": 21204780
        },
        {
            "name": "Runaway",
            "artist": "AURORA",
            "id": 406347039
        },
        {
            "name": "Ferrari",
            "artist": "Bebe Rexha",
            "id": 550936829
        },
        {
            "name": "Dynasty",
            "artist": "Miia",
            "id": 41643271
        },
        {
            "name": "Tonight",
            "artist": "Lykke Li",
            "id": 16576279
        },
        {
            "name": "The Sea",
            "artist": "MØ",
            "id": 28287982
        },
        {
            "name": "Home",
            "artist": "AURORA",
            "id": 406347043
        },
        {
            "name": "Boy on the Bus",
            "artist": "Nerina Pallot",
            "id": 28613159
        },
        {
            "name": "Bizarre Love Triangle",
            "artist": "Marianna Leporace",
            "id": 5171545
        },
        {
            "name": "It Wouldn't Be Right",
            "artist": "Chasing Jonah",
            "id": 29922545
        },
        {
            "name": "Happy Birthday",
            "artist": "Miss Li",
            "id": 26334586
        },
        {
            "name": "Philharmonics",
            "artist": "Agnes Obel",
            "id": 16426496
        },
        {
            "name": "Wolf",
            "artist": "First Aid Kit",
            "id": 38014944
        },
        {
            "name": "Halo",
            "artist": "Kate Havnevik",
            "id": 2872193
        },
        {
            "name": "Uncover",
            "artist": "Zara Larsson",
            "id": 27572314
        },
        {
            "name": "Down",
            "artist": "Flunk",
            "id": 4067093
        },
        {
            "name": "Do Your Trick",
            "artist": "CALLmeKAT",
            "id": 2308711
        },
        {
            "name": "Sizzly",
            "artist": "Hanne Kolstø",
            "id": 29816016
        },
        {
            "name": "Ha Ha",
            "artist": "Emiliana Torrini",
            "id": 17568567
        },
        {
            "name": "Secrets",
            "artist": "Maria Mena",
            "id": 21204786
        },
        {
            "name": "Kissing",
            "artist": "Bliss",
            "id": 16847199
        },
        {
            "name": "Use It for Good",
            "artist": "Fallulah",
            "id": 2638895
        },
        {
            "name": "Daring To Love",
            "artist": "Ane Brun",
            "id": 27896717
        },
        {
            "name": "The Last String",
            "artist": "Jacoo",
            "id": 29544534
        },
        {
            "name": "Borders",
            "artist": "Rökkurró",
            "id": 29451363
        },
        {
            "name": "A Place Nearby",
            "artist": "Lene Marlin",
            "id": 22566555
        },
        {
            "name": "Bonfires",
            "artist": "Blue Foundation",
            "id": 3951787
        },
        {
            "name": "Hometown Hero",
            "artist": "Hafdis Huld",
            "id": 18171915
        },
        {
            "name": "Hanging",
            "artist": "Ane Brun",
            "id": 34619637
        },
        {
            "name": "Be Still My Heart",
            "artist": "Silje Nergaard",
            "id": 19132421
        },
        {
            "name": "Too Late",
            "artist": "Big Fox",
            "id": 27217292
        },
        {
            "name": "Smoke & Mirrors",
            "artist": "Agnes Obel",
            "id": 27780274
        },
        {
            "name": "The Lord",
            "artist": "Sophie Zelmani",
            "id": 29463485
        },
        {
            "name": "Sing Me To Sleep",
            "artist": "Amanda Jenssen",
            "id": 2124219
        },
        {
            "name": "I Wonder",
            "artist": "Venke Knutson",
            "id": 19688920
        },
        {
            "name": "Yesterday's Gone",
            "artist": "Frida Amundsen",
            "id": 19830039
        },
        {
            "name": "The Haze",
            "artist": "CALLmeKAT",
            "id": 2308677
        },
        {
            "name": "I Don't Sleep Well",
            "artist": "Hello Saferide",
            "id": 4102678
        },
        {
            "name": "Love Dies",
            "artist": "Club 8",
            "id": 34828931
        },
        {
            "name": "Speak Softly Love",
            "artist": "Simone",
            "id": 3423871
        },
        {
            "name": "Love In December",
            "artist": "Club 8",
            "id": 3985382
        },
        {
            "name": "Among Us",
            "artist": "Catbird",
            "id": 17013423
        },
        {
            "name": "Black Light Shines",
            "artist": "Anna Ternheim",
            "id": 16429068
        },
        {
            "name": "Give Us a Little Love",
            "artist": "Fallulah",
            "id": 2638914
        },
        {
            "name": "Sleepsong",
            "artist": "Secret Garden",
            "id": 21725710
        },
        {
            "name": "Deep Forest Green",
            "artist": "Husky Rescue",
            "id": 4103347
        },
        {
            "name": "Hold Heart",
            "artist": "Emiliana Torrini",
            "id": 17568570
        },
        {
            "name": "Blue Moon",
            "artist": "Sofia Talvik",
            "id": 19151076
        },
        {
            "name": "Diamonds In The Sky",
            "artist": "Husky Rescue",
            "id": 18314261
        },
        {
            "name": "ILYAF 1996",
            "artist": "Anna of the North",
            "id": 32924687
        },
        {
            "name": "Weightless",
            "artist": "Sissel",
            "id": 3405259
        },
        {
            "name": "How Long Must I Wait",
            "artist": "Catbird",
            "id": 17013424
        },
        {
            "name": "Boring Ones",
            "artist": "Big Fox",
            "id": 27217283
        },
        {
            "name": "Tomorrow Ends Today",
            "artist": "Sanna Nielsen",
            "id": 3428835
        },
        {
            "name": "Eyes on Fire (Twilight Soundtrack Version)",
            "artist": "Blue Foundation",
            "id": 5042922
        },
        {
            "name": "Running With The Wolves",
            "artist": "AURORA",
            "id": 31517309
        },
        {
            "name": "Skin To Skin",
            "artist": "Standfast",
            "id": 18972757
        },
        {
            "name": "The Man Who Left His Past",
            "artist": "Maria Solheim",
            "id": 17037716
        },
        {
            "name": "Maybe I'll Go",
            "artist": "Lene Marlin",
            "id": 22566578
        },
        {
            "name": "Anthonio (Berlin Breakdown Version)",
            "artist": "Annie",
            "id": 29486871
        },
        {
            "name": "Yellow Moon",
            "artist": "Catbird",
            "id": 17013430
        },
        {
            "name": "From The Valley To The Stars",
            "artist": "El Perro del Mar",
            "id": 17639771
        },
        {
            "name": "The Dreamer",
            "artist": "Anna of the North",
            "id": 35270683
        },
        {
            "name": "The Reason Why My Heart's in Misery",
            "artist": "Lay Low",
            "id": 21004952
        },
        {
            "name": "Into the Blue",
            "artist": "Laurel Music",
            "id": 22311271
        },
        {
            "name": "Show Me The Meaning Of Being Lonely",
            "artist": "Anna Ternheim",
            "id": 38846142
        },
        {
            "name": "The Curse",
            "artist": "Agnes Obel",
            "id": 27780270
        },
        {
            "name": "Bluebird",
            "artist": "Beach House",
            "id": 33075103
        },
        {
            "name": "Follow You",
            "artist": "Monogem",
            "id": 32046825
        },
        {
            "name": "California Dreamin'",
            "artist": "Sia",
            "id": 32019061
        },
        {
            "name": "Zombie",
            "artist": "The Cranberries",
            "id": 4330114
        },
        {
            "name": "Es Ist Ein Schnee Gefallen",
            "artist": "Adaro",
            "id": 3880911
        },
        {
            "name": "When",
            "artist": "Elysian Fields",
            "id": 17657650
        },
        {
            "name": "Sing Me to Sleep",
            "artist": "Alan Walker",
            "id": 415792222
        },
        {
            "name": "Bad Things",
            "artist": "Meiko",
            "id": 26304134
        },
        {
            "name": "Loving Strangers",
            "artist": "Jocelyn Pook",
            "id": 2788529
        },
        {
            "name": "Six Feet Under",
            "artist": "Billie Eilish",
            "id": 418603177
        }
    ]
}