{
    "playlist_info": {
        "name": "【神圣的大提琴】史蒂芬·夏普·尼尔森",
        "trackcount": 31,
        "playcount": 10045,
        "creator": "Dorothywhl",
        "createDate": "2015-03-16",
        "heat": 3.0
    },
    "songs": [
        {
            "name": "Come, Come Ye Saints",
            "artist": "Steven Sharp Nelson",
            "id": 1992755
        },
        {
            "name": "O Come, O Come, Emmanuel (feat. Marshall McDonald)",
            "artist": "Steven Sharp Nelson",
            "id": 1992724
        },
        {
            "name": "The cello song",
            "artist": "Steven Sharp Nelson",
            "id": 1992718
        },
        {
            "name": "Gabriel's Oboe",
            "artist": "Steven Sharp Nelson",
            "id": 1992758
        },
        {
            "name": "Lead, Kindly Light",
            "artist": "Steven Sharp Nelson",
            "id": 1992751
        },
        {
            "name": "Tender Mercies",
            "artist": "Steven Sharp Nelson",
            "id": 1992766
        },
        {
            "name": "Homeward Bound",
            "artist": "Steven Sharp Nelson",
            "id": 1992785
        },
        {
            "name": "Thanks Be to Thee",
            "artist": "Steven Sharp Nelson",
            "id": 1992774
        },
        {
            "name": "Winter Wind (feat. Jon Schmidt)",
            "artist": "Steven Sharp Nelson",
            "id": 1992742
        },
        {
            "name": "Moonlight",
            "artist": "Steven Sharp Nelson",
            "id": 1992713
        },
        {
            "name": "Silent Night Lullaby (feat. Al Van Der Beek)",
            "artist": "Steven Sharp Nelson",
            "id": 1992733
        },
        {
            "name": "All Creatures of Our God and King",
            "artist": "Steven Sharp Nelson",
            "id": 1992837
        },
        {
            "name": "Unaccompanied Cello Suite No. 1 in G Major: Prelude",
            "artist": "Steven Sharp Nelson",
            "id": 1992798
        },
        {
            "name": "Jesu, Joy of Man's Desiring",
            "artist": "Steven Sharp Nelson",
            "id": 1992801
        },
        {
            "name": "Rhapsody on a theme of Paganini",
            "artist": "Steven Sharp Nelson",
            "id": 1992824
        },
        {
            "name": "How Can I Keep from Singing?",
            "artist": "Steven Sharp Nelson",
            "id": 1992828
        },
        {
            "name": "God Be With You Till We Meet Again",
            "artist": "Steven Sharp Nelson",
            "id": 1992841
        },
        {
            "name": "Carol of the Bells/God Rest Ye Merry Gentelmen",
            "artist": "Steven Sharp Nelson",
            "id": 1992723
        },
        {
            "name": "New World",
            "artist": "Steven Sharp Nelson",
            "id": 1992780
        },
        {
            "name": "Away in a Manger",
            "artist": "Steven Sharp Nelson",
            "id": 1992726
        },
        {
            "name": "Still, Still, Still (feat. Marshall McDonald)",
            "artist": "Steven Sharp Nelson",
            "id": 1992727
        },
        {
            "name": "Without You",
            "artist": "Steven Sharp Nelson",
            "id": 1992770
        },
        {
            "name": "We Three Kings (feat. Giles Reaves)",
            "artist": "Steven Sharp Nelson",
            "id": 1992736
        },
        {
            "name": "Simple Gifts",
            "artist": "Steven Sharp Nelson",
            "id": 1992762
        },
        {
            "name": "Praise to the Man",
            "artist": "Steven Sharp Nelson",
            "id": 1992788
        },
        {
            "name": "The Water is Wide",
            "artist": "Steven Sharp Nelson",
            "id": 1992808
        },
        {
            "name": "Beautiful Savior",
            "artist": "Steven Sharp Nelson",
            "id": 1992816
        },
        {
            "name": "Chorale O, Savior Thou Who Wearest a Crown",
            "artist": "Steven Sharp Nelson",
            "id": 1992820
        },
        {
            "name": "Be Still My Soul",
            "artist": "Steven Sharp Nelson",
            "id": 1992812
        },
        {
            "name": "Nearer My God to Thee",
            "artist": "Steven Sharp Nelson",
            "id": 1992745
        },
        {
            "name": "O My Father",
            "artist": "Steven Sharp Nelson",
            "id": 1992833
        }
    ]
}