{
    "playlist_info": {
        "name": "『CSGO』集锦、练枪、死斗 节奏向BGM",
        "trackcount": 159,
        "playcount": 630574,
        "creator": "LinLaugh",
        "createDate": "2017-11-04",
        "heat": 305.0
    },
    "songs": [
        {
            "name": "Weavers",
            "artist": "Feint",
            "id": 1876293070
        },
        {
            "name": "BOUNCE!",
            "artist": "Zack Merci",
            "id": 1938150975
        },
        {
            "name": "Epic Sport Rock",
            "artist": "Seven-In-Music",
            "id": 1840459016
        },
        {
            "name": "Bitter",
            "artist": "Zardonic",
            "id": 2016304022
        },
        {
            "name": "Parallel",
            "artist": "Metrik",
            "id": 1454854714
        },
        {
            "name": "Solace",
            "artist": "Feint",
            "id": 1371052243
        },
        {
            "name": "We Are The Energy",
            "artist": "Metrik",
            "id": 1415272507
        },
        {
            "name": "Giants",
            "artist": "V O E",
            "id": 1496919714
        },
        {
            "name": "Rising star（Beat）",
            "artist": "ZHANG JUN（张俊）",
            "id": 2049770427
        },
        {
            "name": "Banger Machine",
            "artist": "Castion",
            "id": 1804648011
        },
        {
            "name": "Blood Code",
            "artist": "Le Castle Vania",
            "id": 2032183005
        },
        {
            "name": "The Taste",
            "artist": "Ellis",
            "id": 1821148919
        },
        {
            "name": "Follow Me",
            "artist": "Zardonic",
            "id": 2035385613
        },
        {
            "name": "\"VVS\"—Tyga Type Beat",
            "artist": "KINGOFJ",
            "id": 2031455445
        },
        {
            "name": "\"Still K.I.N.G\"—Boombap Type Beat",
            "artist": "KINGOFJ",
            "id": 2029287952
        },
        {
            "name": "Battlecry",
            "artist": "Mazare",
            "id": 1398588957
        },
        {
            "name": "Chapters",
            "artist": "Jonth",
            "id": 1895754722
        },
        {
            "name": "Black Sunrise",
            "artist": "Andreas Stone",
            "id": 1804686051
        },
        {
            "name": "Fearless",
            "artist": "Guapdad 4000",
            "id": 1914603573
        },
        {
            "name": "Take You Down",
            "artist": "Fox Stevenson",
            "id": 573936058
        },
        {
            "name": "Too Late",
            "artist": "Krimsonn",
            "id": 1443145083
        },
        {
            "name": "A Dark Machine",
            "artist": "ShockOne",
            "id": 1381467644
        },
        {
            "name": "Never Gonna Give You Up",
            "artist": "Rick Astley",
            "id": 18520488
        },
        {
            "name": "Shalala",
            "artist": "BROHUG",
            "id": 1963245334
        },
        {
            "name": "Miracle",
            "artist": "RetroVision",
            "id": 1894414553
        },
        {
            "name": "Voices In My Head",
            "artist": "Castion",
            "id": 1459977157
        },
        {
            "name": "Throne",
            "artist": "Mazare",
            "id": 1956642335
        },
        {
            "name": "Control",
            "artist": "Jay Eskar",
            "id": 1997351231
        },
        {
            "name": "Good Time",
            "artist": "Fox Stevenson",
            "id": 1894219336
        },
        {
            "name": "Drift Away",
            "artist": "hayve",
            "id": 1961912303
        },
        {
            "name": "BLAST EM'",
            "artist": "Aega",
            "id": 1981927201
        },
        {
            "name": "Out Of Me",
            "artist": "Raven & Kreyn",
            "id": 1820768810
        },
        {
            "name": "Don't Need You",
            "artist": "Facading",
            "id": 1406452396
        },
        {
            "name": "Alone",
            "artist": "Maduk",
            "id": 1853373763
        },
        {
            "name": "Surrender The Throne",
            "artist": "Krewella",
            "id": 413961586
        },
        {
            "name": "Healing",
            "artist": "Clarx",
            "id": 1840872818
        },
        {
            "name": "Ready for It",
            "artist": "Raffael Gruber",
            "id": 1904644739
        },
        {
            "name": "Funkytown",
            "artist": "Lipps Inc.",
            "id": 27756762
        },
        {
            "name": "No Respect",
            "artist": "The Qemists",
            "id": 423997330
        },
        {
            "name": "LED Spirals (Extended Version)",
            "artist": "Le Castle Vania",
            "id": 434656462
        },
        {
            "name": "Warrior Sound",
            "artist": "The Qemists",
            "id": 423997329
        },
        {
            "name": "John Wick Mode",
            "artist": "Le Castle Vania",
            "id": 458697969
        },
        {
            "name": "Out Of My Head",
            "artist": "Rezz",
            "id": 1893489634
        },
        {
            "name": "Requiem",
            "artist": "The Qemists",
            "id": 423997331
        },
        {
            "name": "Change",
            "artist": "hayve",
            "id": 1878133917
        },
        {
            "name": "Phenomenon",
            "artist": "Unknown Brain",
            "id": 1490787176
        },
        {
            "name": "Hunted",
            "artist": "Priority One",
            "id": 36308063
        },
        {
            "name": "dashstar*",
            "artist": "Knock2",
            "id": 1812390276
        },
        {
            "name": "New World Sound",
            "artist": "Tom & Jame",
            "id": 1395041187
        },
        {
            "name": "Angst (RMX by twocolors)",
            "artist": "Rammstein",
            "id": 1975535671
        },
        {
            "name": "Outlaw",
            "artist": "it's different",
            "id": 456185219
        },
        {
            "name": "Flashbang dance (feat. n0thing)",
            "artist": "The Verkkars",
            "id": 1882114750
        },
        {
            "name": "103 Degrees",
            "artist": "Spor",
            "id": 19081726
        },
        {
            "name": "Confession",
            "artist": "Dropgun",
            "id": 1409432170
        },
        {
            "name": "Badlands",
            "artist": "Alyssa Reid",
            "id": 440403691
        },
        {
            "name": "Start Again",
            "artist": "OVSKY",
            "id": 1842286746
        },
        {
            "name": "Shockwave",
            "artist": "Feint",
            "id": 1330767967
        },
        {
            "name": "炼狱小镇",
            "artist": "byR7",
            "id": 1940318633
        },
        {
            "name": "Get Crazy",
            "artist": "MUZZ",
            "id": 31053772
        },
        {
            "name": "Calling Out",
            "artist": "MUZZ",
            "id": 36921119
        },
        {
            "name": "Feeling Stronger (High Maintenance Remix)",
            "artist": "MUZZ",
            "id": 33035490
        },
        {
            "name": "In The Night",
            "artist": "MUZZ",
            "id": 565941411
        },
        {
            "name": "Symphony",
            "artist": "Aspyer",
            "id": 1808197478
        },
        {
            "name": "Primavera",
            "artist": "Kelle",
            "id": 1347065263
        },
        {
            "name": "The Sanctuary",
            "artist": "MUZZ",
            "id": 1467296829
        },
        {
            "name": "Take Me Away",
            "artist": "Stonebank",
            "id": 1815246511
        },
        {
            "name": "Dynamite",
            "artist": "Rogue",
            "id": 26978357
        },
        {
            "name": "Angels (Extended Mix)",
            "artist": "Vicetone",
            "id": 31477433
        },
        {
            "name": "THE DROP (Stonebank Remix)",
            "artist": "Gammer",
            "id": 863493633
        },
        {
            "name": "Nemesis",
            "artist": "MUZZ",
            "id": 1449745412
        },
        {
            "name": " Fight With Us",
            "artist": "Mapson",
            "id": 1334288917
        },
        {
            "name": "Lowlife",
            "artist": "Neck Deep",
            "id": 1425784312
        },
        {
            "name": "Hysteria",
            "artist": "F.O.O.L",
            "id": 1461511008
        },
        {
            "name": "To The Top",
            "artist": "Stonebank",
            "id": 1399605515
        },
        {
            "name": "How We Win",
            "artist": "FWLR",
            "id": 1301755944
        },
        {
            "name": "Black Gun (English Version)",
            "artist": "Happy People",
            "id": 467394056
        },
        {
            "name": "Sorry (I Had To Leave)",
            "artist": "Olly Walker",
            "id": 1419183725
        },
        {
            "name": "Titan",
            "artist": "Andromedik",
            "id": 1325079712
        },
        {
            "name": "Boomerang (Zardonic Remix)",
            "artist": "Smash Into Pieces",
            "id": 1470057790
        },
        {
            "name": "Sail",
            "artist": "AWOLNATION",
            "id": 16500455
        },
        {
            "name": "High Noon",
            "artist": "Feed Me",
            "id": 30474361
        },
        {
            "name": "Gold Steps",
            "artist": "Neck Deep",
            "id": 33933850
        },
        {
            "name": "相信自己",
            "artist": "蒙人",
            "id": 1498625062
        },
        {
            "name": "Criminals",
            "artist": "F.O.O.L",
            "id": 1435850557
        },
        {
            "name": "Chasing the Dragon",
            "artist": "Getsix",
            "id": 1390414308
        },
        {
            "name": "Takeover (Zardonic & Fickle6 VIP Remix) (Instrumental)",
            "artist": "Zardonic",
            "id": 1431995531
        },
        {
            "name": "Children of Hell",
            "artist": "MUZZ",
            "id": 412016808
        },
        {
            "name": "Bulletproof",
            "artist": "Blue Stahli",
            "id": 25888650
        },
        {
            "name": "Overpowered",
            "artist": "Phantom Power",
            "id": 1347394857
        },
        {
            "name": "Humanity",
            "artist": "Max Brhon",
            "id": 1392699879
        },
        {
            "name": "Warriors",
            "artist": "Asketa & Natan Chaim",
            "id": 1391722160
        },
        {
            "name": "Stonecold",
            "artist": "Killrude",
            "id": 1379567463
        },
        {
            "name": "Strike",
            "artist": "Far Out",
            "id": 1418092894
        },
        {
            "name": "Raise Hell (Original Mix)",
            "artist": "Zardonic",
            "id": 34899375
        },
        {
            "name": "Cyberpunk",
            "artist": "Max Brhon",
            "id": 1381414166
        },
        {
            "name": "Ez Katka",
            "artist": "DJ Blyatman",
            "id": 1372979297
        },
        {
            "name": "My Sunset (Original Mix)",
            "artist": "Feint",
            "id": 17867241
        },
        {
            "name": "Meant To Be",
            "artist": "Arc North",
            "id": 447925342
        },
        {
            "name": "Play",
            "artist": "MUZZ",
            "id": 412016810
        },
        {
            "name": "Exodus (Instrumental)",
            "artist": "Voicians",
            "id": 496902293
        },
        {
            "name": "Empire (Instrumental)",
            "artist": "Voicians",
            "id": 409830458
        },
        {
            "name": "End Of An Empire",
            "artist": "Celldweller",
            "id": 29412496
        },
        {
            "name": "Cyka Blyat",
            "artist": "DJ Blyatman",
            "id": 1368324900
        },
        {
            "name": "These Heights (Club Mix)",
            "artist": "Bassjackers",
            "id": 543710904
        },
        {
            "name": "EZ4ENCE (kannatuslaulu)",
            "artist": "The Verkkars",
            "id": 1346907833
        },
        {
            "name": "My Story (Official ESL Theme)",
            "artist": "Leet Mob",
            "id": 1311770968
        },
        {
            "name": "Holdin' On (Skrillex & Nero Remix)",
            "artist": "Monsta",
            "id": 29498741
        },
        {
            "name": "Neon Rainbow",
            "artist": "Rameses B",
            "id": 409931573
        },
        {
            "name": "One Last Time",
            "artist": "Feint",
            "id": 29407989
        },
        {
            "name": "Spring Is Coming",
            "artist": "Lifetheory",
            "id": 29922786
        },
        {
            "name": "H8 U 2",
            "artist": "LukHash",
            "id": 40915095
        },
        {
            "name": "Credo Revolution (Original Mix)",
            "artist": "DJ Maca Atomix",
            "id": 504639436
        },
        {
            "name": "Apex",
            "artist": "Far Out",
            "id": 1333144056
        },
        {
            "name": "You Made Me Do It",
            "artist": "Tommee Profitt",
            "id": 1350625628
        },
        {
            "name": "Fury",
            "artist": "Feint",
            "id": 4081265
        },
        {
            "name": "Ice Cold",
            "artist": "Netsky",
            "id": 1317435383
        },
        {
            "name": "Reflections",
            "artist": "Deflo",
            "id": 1313041054
        },
        {
            "name": "Energy Drink",
            "artist": "Virtual Riot",
            "id": 27542857
        },
        {
            "name": "That One (Original Mix)",
            "artist": "3D Stas",
            "id": 28071421
        },
        {
            "name": "Demons",
            "artist": "T & Sugah",
            "id": 501214213
        },
        {
            "name": "Battle Anthems",
            "artist": "pronobozo",
            "id": 27910583
        },
        {
            "name": "Confessions",
            "artist": "MYRNE",
            "id": 506986908
        },
        {
            "name": "Horsepower",
            "artist": "MUZZ",
            "id": 1307953574
        },
        {
            "name": "The Saint",
            "artist": "Xtortion Audio",
            "id": 35847481
        },
        {
            "name": "Charge",
            "artist": "Bossfight",
            "id": 1303197105
        },
        {
            "name": "4U (Julius Dreisig Remix)",
            "artist": "Aero Chord",
            "id": 1298648033
        },
        {
            "name": "Vision (Original Mix)",
            "artist": "Negativ",
            "id": 534149133
        },
        {
            "name": "Under Water",
            "artist": "Fareoh",
            "id": 550578481
        },
        {
            "name": "Demons (feat. Micah Martin)",
            "artist": "WE ARE FURY",
            "id": 493041976
        },
        {
            "name": "Hackwave Session",
            "artist": "pronobozo",
            "id": 27910584
        },
        {
            "name": "Recursive",
            "artist": "pronobozo",
            "id": 1860536
        },
        {
            "name": "Every Day Is a Saturday",
            "artist": "pronobozo",
            "id": 1860540
        },
        {
            "name": "Caterpillar (Drumsound & Bassline Smith Remix)",
            "artist": "Black Sun Empire",
            "id": 534065014
        },
        {
            "name": "Blockbuster",
            "artist": "Herobust",
            "id": 525241013
        },
        {
            "name": "100ft High",
            "artist": "pronobozo",
            "id": 1860539
        },
        {
            "name": "Back To You",
            "artist": "MUZZ",
            "id": 35440243
        },
        {
            "name": "Purified",
            "artist": "Celldweller",
            "id": 28058739
        },
        {
            "name": "New Age",
            "artist": "MUZZ",
            "id": 565941410
        },
        {
            "name": "Hey Mama (Original Mix)",
            "artist": "Cash For Sex",
            "id": 35848693
        },
        {
            "name": "Spectrum",
            "artist": "MUZZ",
            "id": 469699150
        },
        {
            "name": "Get The Party",
            "artist": "CØDE",
            "id": 535813511
        },
        {
            "name": "Party Freaks",
            "artist": "Pegboard Nerds",
            "id": 556207325
        },
        {
            "name": "Magnets (A-Trak Remix)",
            "artist": "Disclosure",
            "id": 444058305
        },
        {
            "name": "Start That Fire",
            "artist": "ÉWN",
            "id": 429482650
        },
        {
            "name": "Survival League",
            "artist": "Voicians",
            "id": 408532684
        },
        {
            "name": "This Pain Feels Real (Instrumental)",
            "artist": "Voicians",
            "id": 19666691
        },
        {
            "name": "Seconds",
            "artist": "Voicians",
            "id": 452997089
        },
        {
            "name": "Vagrant",
            "artist": "Feint",
            "id": 34613621
        },
        {
            "name": "Hysteria",
            "artist": "Mr FijiWiji",
            "id": 27578282
        },
        {
            "name": "Change Your Ways",
            "artist": "High Maintenance",
            "id": 35040609
        },
        {
            "name": "Epic Trailer 04",
            "artist": "Johannes Bornlöf",
            "id": 426291201
        },
        {
            "name": "Charged",
            "artist": "Really Slow Motion",
            "id": 34200952
        },
        {
            "name": "Sunder",
            "artist": "Really Slow Motion",
            "id": 407000836
        },
        {
            "name": "Worlds Collide (instrumental)",
            "artist": "Nicki Taylor",
            "id": 35618455
        },
        {
            "name": "Worth The Lie",
            "artist": "Feint",
            "id": 518088545
        },
        {
            "name": "I Ran (Epic Trailer Version)",
            "artist": "Hidden Citizens",
            "id": 485607862
        },
        {
            "name": "Everybody Wants To Rule The World",
            "artist": "Lorde",
            "id": 27965145
        },
        {
            "name": "Telepathetic",
            "artist": "Voicians",
            "id": 487210977
        },
        {
            "name": "Lost",
            "artist": "Tule",
            "id": 514761669
        }
    ]
}