{
    "playlist_info": {
        "name": "『特异独行』 身处孤独却又无比浪漫",
        "trackcount": 120,
        "playcount": 19868660,
        "creator": "小库v",
        "createDate": "2017-12-08",
        "heat": 9790.0
    },
    "songs": [
        {
            "name": "Young Dumb & Broke",
            "artist": "Joseph Vincent",
            "id": 1442111620
        },
        {
            "name": "eyes blue or brown, can't remember",
            "artist": "untrusted",
            "id": 1848034770
        },
        {
            "name": "I don't see nobody but you",
            "artist": "Yusei",
            "id": 1872929810
        },
        {
            "name": "honeysea",
            "artist": "Ivoris",
            "id": 1359508230
        },
        {
            "name": "double take",
            "artist": "dhruv",
            "id": 1369602061
        },
        {
            "name": "Redbone",
            "artist": "Kid Travis",
            "id": 1460622715
        },
        {
            "name": "Normal No More",
            "artist": "TYSM",
            "id": 1440570723
        },
        {
            "name": "Leave Me Alone / Calling My Phone",
            "artist": "Disciplinaries",
            "id": 1809938285
        },
        {
            "name": "Let Go",
            "artist": "Beau Young Prince",
            "id": 1333336513
        },
        {
            "name": "Warm (feat. Mia)",
            "artist": "Dre'es",
            "id": 524148990
        },
        {
            "name": "my peanut butter chocolate cake with kool-aid",
            "artist": "Alys",
            "id": 1319676183
        },
        {
            "name": "I'm Callin'",
            "artist": "Tennis",
            "id": 29041788
        },
        {
            "name": "Why Baby Why",
            "artist": "MyKey",
            "id": 509531185
        },
        {
            "name": "ᴵᵀ'ˢ ᴬ ᴸᴼᴺᴱᴸᵞ ᴿᴼᴬᴰ. (Prod. Kendo)",
            "artist": "purplehazeee",
            "id": 1331974916
        },
        {
            "name": "The Best For You",
            "artist": "欧阳娜娜",
            "id": 1453911130
        },
        {
            "name": "Flower",
            "artist": "Johnny Stimson",
            "id": 1376696818
        },
        {
            "name": "Say My Name",
            "artist": "NIKI",
            "id": 565841054
        },
        {
            "name": "So Far Away",
            "artist": "Martin Garrix",
            "id": 521416693
        },
        {
            "name": "Ruthless",
            "artist": "The Marías",
            "id": 1334034591
        },
        {
            "name": "juvenescence",
            "artist": "verzache",
            "id": 528273535
        },
        {
            "name": "Someday",
            "artist": "Yara Meyers",
            "id": 479029118
        },
        {
            "name": "New Light",
            "artist": "John Mayer",
            "id": 557584447
        },
        {
            "name": "Out Like a Light",
            "artist": "The Honeysticks",
            "id": 1307822772
        },
        {
            "name": "Strange To Hear",
            "artist": "Sports",
            "id": 571336918
        },
        {
            "name": "Nancy Jane",
            "artist": "Craig Ruhnke",
            "id": 1335835530
        },
        {
            "name": "You're All I Need",
            "artist": "Craig Ruhnke",
            "id": 1334296153
        },
        {
            "name": "88",
            "artist": "Inner Wave",
            "id": 567366398
        },
        {
            "name": "Lies",
            "artist": "Low",
            "id": 33991802
        },
        {
            "name": "夏日漱石 (Summer Cozy Rock)",
            "artist": "橘子海 (Orange Ocean)",
            "id": 1359818052
        },
        {
            "name": "cant take my eyes off you",
            "artist": "hunj1n9",
            "id": 1365861625
        },
        {
            "name": "Dancing",
            "artist": "mellow fellow",
            "id": 504264242
        },
        {
            "name": "I Love You So",
            "artist": "The Walters",
            "id": 1294899297
        },
        {
            "name": "ghost",
            "artist": "Megumi Acorda",
            "id": 1297494185
        },
        {
            "name": "woman on the hills",
            "artist": "Isaac Dunbar",
            "id": 1300423391
        },
        {
            "name": "Beauty",
            "artist": "Wolf Colony",
            "id": 32166834
        },
        {
            "name": "On My Mind",
            "artist": "Skytone",
            "id": 1325468580
        },
        {
            "name": "TEST DRIVE",
            "artist": "Joji",
            "id": 1317420364
        },
        {
            "name": "say something",
            "artist": "keshi",
            "id": 528272094
        },
        {
            "name": "again",
            "artist": "timmies",
            "id": 529661081
        },
        {
            "name": "Promise",
            "artist": "sapientdream",
            "id": 1308782023
        },
        {
            "name": "I Won't Let You Feel Alone Again",
            "artist": "Demxntia",
            "id": 1337981483
        },
        {
            "name": "Can't Tune You Out",
            "artist": "Sunny Levine",
            "id": 27825707
        },
        {
            "name": "Ooh Baby",
            "artist": "Craig Ruhnke",
            "id": 1303026047
        },
        {
            "name": "Nobody Else",
            "artist": "Demxntia",
            "id": 1334295081
        },
        {
            "name": "Album Soon",
            "artist": "sapientdream",
            "id": 1325896191
        },
        {
            "name": "Walking in the Moonlight",
            "artist": "西桥洞之夜",
            "id": 491757241
        },
        {
            "name": "Lullaby",
            "artist": "Risso",
            "id": 545799869
        },
        {
            "name": "revenge",
            "artist": "timmies",
            "id": 518895532
        },
        {
            "name": "Daisy",
            "artist": "yeon sue",
            "id": 416552070
        },
        {
            "name": "just friends",
            "artist": "keshi",
            "id": 524148577
        },
        {
            "name": "Dim Lights",
            "artist": "vietra",
            "id": 509106740
        },
        {
            "name": "like i need u",
            "artist": "keshi",
            "id": 1325449674
        },
        {
            "name": "Warm on a Cold Night",
            "artist": "HONNE",
            "id": 33367534
        },
        {
            "name": "Weather",
            "artist": "Novo Amor",
            "id": 28381440
        },
        {
            "name": "Honey",
            "artist": "Raveena",
            "id": 557583289
        },
        {
            "name": "girl how will i love you",
            "artist": "timmies",
            "id": 1306497946
        },
        {
            "name": "With Somebody Else",
            "artist": "Monty Datta",
            "id": 1309915041
        },
        {
            "name": "in love",
            "artist": "vietra",
            "id": 862102221
        },
        {
            "name": "WALLS",
            "artist": "sapientdream",
            "id": 571338636
        },
        {
            "name": "i know you so well",
            "artist": "抛",
            "id": 544064966
        },
        {
            "name": "Autumn Breeze",
            "artist": "JIDA",
            "id": 436698448
        },
        {
            "name": "Summer Friend (feat. Khai Dreams)",
            "artist": "through & through",
            "id": 528271111
        },
        {
            "name": "whole heart",
            "artist": "m6ke",
            "id": 544000137
        },
        {
            "name": "foryou",
            "artist": "vietra",
            "id": 532940220
        },
        {
            "name": "Silhouettes Of You",
            "artist": "Isaac Gracie",
            "id": 506224180
        },
        {
            "name": "K.",
            "artist": "Cigarettes After Sex",
            "id": 480768665
        },
        {
            "name": "Soaked Through",
            "artist": "Sara",
            "id": 461124355
        },
        {
            "name": "Sweet",
            "artist": "Cigarettes After Sex",
            "id": 480769653
        },
        {
            "name": "Stay Calm",
            "artist": "Calper",
            "id": 518013037
        },
        {
            "name": ":-( :-)",
            "artist": "emotional 001",
            "id": 481859560
        },
        {
            "name": "bb blue ( king krule cover )",
            "artist": "emotional 001",
            "id": 459733581
        },
        {
            "name": "Sweet Time",
            "artist": "Raveena",
            "id": 518094492
        },
        {
            "name": "Not Even Her (feat. Shiloh)",
            "artist": "Floreyyyy",
            "id": 526464522
        },
        {
            "name": "cant' love",
            "artist": "prxz",
            "id": 1350094638
        },
        {
            "name": "Jocelyn Flores",
            "artist": "XXXTENTACION",
            "id": 501133798
        },
        {
            "name": "Home (feat. Vietra & Dvdkm)",
            "artist": "mr. hong",
            "id": 505451191
        },
        {
            "name": "I Wrote This Song 4 U (Prod. Killedmyself)",
            "artist": "LiL BO WEEP",
            "id": 431357493
        },
        {
            "name": "ｏｈ✧˖°",
            "artist": "Good Grief",
            "id": 438803243
        },
        {
            "name": "Grl",
            "artist": "Meltycanon",
            "id": 411213067
        },
        {
            "name": "alone and lonely",
            "artist": "prxz",
            "id": 534065392
        },
        {
            "name": "come thru",
            "artist": "KIDTENDO!",
            "id": 522352153
        },
        {
            "name": "Soft Skin (Original Mix)",
            "artist": "timmies",
            "id": 518894488
        },
        {
            "name": "la vie en rose",
            "artist": "Olivia Herdt",
            "id": 485612149
        },
        {
            "name": "Sky Blush",
            "artist": "Matilda Lucas",
            "id": 466122601
        },
        {
            "name": "If Only",
            "artist": "Raveena",
            "id": 518895787
        },
        {
            "name": "Those Words",
            "artist": "Fether",
            "id": 422960264
        },
        {
            "name": "fish in the pool",
            "artist": "ヘクとパスカル",
            "id": 31861287
        },
        {
            "name": "You’ve Got The Kind Of Nerve I Like",
            "artist": "Tiny Ruins",
            "id": 2184653
        },
        {
            "name": "Loving Strangers",
            "artist": "Jocelyn Pook",
            "id": 2788529
        },
        {
            "name": "ineedyou.",
            "artist": "vietra",
            "id": 486999077
        },
        {
            "name": "Step Step",
            "artist": "Suran",
            "id": 429261578
        },
        {
            "name": "far",
            "artist": "vietra",
            "id": 484314392
        },
        {
            "name": "Limbs of Faith",
            "artist": "Beauvois",
            "id": 476987164
        },
        {
            "name": "wave",
            "artist": "vietra",
            "id": 499275445
        },
        {
            "name": "Think Again",
            "artist": "Kate Havnevik",
            "id": 2872197
        },
        {
            "name": "Paul",
            "artist": "Big Thief",
            "id": 415786182
        },
        {
            "name": "Rose",
            "artist": "Jereena Montemayor",
            "id": 864647100
        },
        {
            "name": "Unfold",
            "artist": "Alina Baraz",
            "id": 32166171
        },
        {
            "name": "I Don't Care",
            "artist": "VFSix",
            "id": 19715146
        },
        {
            "name": "Latch",
            "artist": "Kim Vallido",
            "id": 410802680
        },
        {
            "name": "Gasonline",
            "artist": "rosy",
            "id": 469073815
        },
        {
            "name": "Locket",
            "artist": "Kilo Kish",
            "id": 28774133
        },
        {
            "name": "dummy",
            "artist": "rosy",
            "id": 461080352
        },
        {
            "name": "Lavender and Velvet",
            "artist": "Alina Baraz",
            "id": 511920309
        },
        {
            "name": "Slowdance",
            "artist": "s a y",
            "id": 481853537
        },
        {
            "name": "5 Am",
            "artist": "Kwamie Liv",
            "id": 28939298
        },
        {
            "name": "Unfamiliar Energy",
            "artist": "Sophie Meiers",
            "id": 488647339
        },
        {
            "name": "Don't Want Your Love",
            "artist": "Brika",
            "id": 476323076
        },
        {
            "name": "#0000FF",
            "artist": "JasmineSokko楚晴",
            "id": 509612538
        },
        {
            "name": "Ты просто люби меня.",
            "artist": "MΣ$†ΛMN ΣKCПØNΛ†",
            "id": 487590283
        },
        {
            "name": "Fever (Medley Song)",
            "artist": "rosy",
            "id": 461124095
        },
        {
            "name": "Slow Down",
            "artist": "rosy",
            "id": 460112831
        },
        {
            "name": "waltz for hulot",
            "artist": "mamerico",
            "id": 26131191
        },
        {
            "name": "Don't Be Scared",
            "artist": "Sophie Meiers",
            "id": 473940663
        },
        {
            "name": "Hypnotic",
            "artist": "Zella Day",
            "id": 29561525
        },
        {
            "name": "Give It All Up",
            "artist": "SRNO",
            "id": 407002486
        },
        {
            "name": "Fantasy",
            "artist": "Alina Baraz",
            "id": 29533166
        },
        {
            "name": "Cold Out",
            "artist": "Janine and the Mixtape",
            "id": 37722921
        },
        {
            "name": "Lovit",
            "artist": "Marian Hill",
            "id": 28391135
        },
        {
            "name": "Here with Me",
            "artist": "Robot Koch",
            "id": 28569056
        }
    ]
}