{
    "playlist_info": {
        "name": "【渐进史诗】我们的征途是星辰大海",
        "trackcount": 111,
        "playcount": 2910213,
        "creator": "云破月来丶",
        "createDate": "2016-11-07",
        "heat": 1200.0
    },
    "songs": [
        {
            "name": "Between Worlds",
            "artist": "Roger Subirana",
            "id": 28661549
        },
        {
            "name": "暴风之舞",
            "artist": "Caelikus",
            "id": 2045583991
        },
        {
            "name": "Blue[3-6]",
            "artist": "澤野弘之",
            "id": 1950674581
        },
        {
            "name": "Suns And Stars",
            "artist": "Really Slow Motion",
            "id": 33682163
        },
        {
            "name": "Empyrean",
            "artist": "Jesper Kyd",
            "id": 29164101
        },
        {
            "name": "Intro",
            "artist": "王备",
            "id": 457492084
        },
        {
            "name": "Epiphany",
            "artist": "Shire Music",
            "id": 34916759
        },
        {
            "name": "The New Earth",
            "artist": "Audiomachine",
            "id": 3935239
        },
        {
            "name": "Epic Hollywood Trailer",
            "artist": "Peter McIsaac Music",
            "id": 33497726
        },
        {
            "name": "Mars",
            "artist": "Audio Network",
            "id": 32102946
        },
        {
            "name": "Last Reunion (Epicmusicvn Series)",
            "artist": "Peter Roe",
            "id": 32102855
        },
        {
            "name": "From the Ashes Reborn",
            "artist": "Twelve Titans Music",
            "id": 32320961
        },
        {
            "name": "Above and Beyond",
            "artist": "Audiomachine",
            "id": 26902555
        },
        {
            "name": "Rising Sun",
            "artist": "Cody Sorenson",
            "id": 573583288
        },
        {
            "name": "Living",
            "artist": "Florian Bur",
            "id": 27575590
        },
        {
            "name": "Equinox (No Choir)",
            "artist": "Audiomachine",
            "id": 26902590
        },
        {
            "name": "Water Of Life",
            "artist": "Silver Screen",
            "id": 35726462
        },
        {
            "name": "Awake",
            "artist": "Full Tilt",
            "id": 33682157
        },
        {
            "name": "Intimidation",
            "artist": "Mark Petrie",
            "id": 30798221
        },
        {
            "name": "The Beginning",
            "artist": "Capo Productions",
            "id": 31830765
        },
        {
            "name": "Liberators",
            "artist": "Epic Score",
            "id": 41630480
        },
        {
            "name": "Lost but Won",
            "artist": "Hans Zimmer",
            "id": 27733613
        },
        {
            "name": "Epic Trailer Music",
            "artist": "Florian Bur",
            "id": 27575589
        },
        {
            "name": "Sun and Stars",
            "artist": "Audiomachine",
            "id": 496619042
        },
        {
            "name": "Novera",
            "artist": "Dark Winter Music",
            "id": 29577767
        },
        {
            "name": "Compass",
            "artist": "Two Steps From Hell",
            "id": 28635212
        },
        {
            "name": "Phantasm",
            "artist": "Jesper Kyd",
            "id": 29164108
        },
        {
            "name": "Atlantis",
            "artist": "Two Steps From Hell",
            "id": 4379238
        },
        {
            "name": "Summit",
            "artist": "Dexter Britain",
            "id": 31574352
        },
        {
            "name": "Africa",
            "artist": "Marcus Warner",
            "id": 32857555
        },
        {
            "name": "The Way",
            "artist": "Florian Bur",
            "id": 27575585
        },
        {
            "name": "Positive Outlook",
            "artist": "David Hoffner",
            "id": 27946926
        },
        {
            "name": "Our Flame Shall Endure",
            "artist": "Epic Score",
            "id": 29808850
        },
        {
            "name": "Tempest",
            "artist": "Capo Productions",
            "id": 31830769
        },
        {
            "name": "Entropy",
            "artist": "Nick Murray",
            "id": 29751208
        },
        {
            "name": "Dreams (No Voices) [Bonus Track]",
            "artist": "BrunuhVille",
            "id": 34142773
        },
        {
            "name": "The Horizon (Full Mix)",
            "artist": "Silver Screen",
            "id": 399552536
        },
        {
            "name": "Adventure Time",
            "artist": "Philter",
            "id": 21375446
        },
        {
            "name": "In the Autumn",
            "artist": "Paul Reeves",
            "id": 32619160
        },
        {
            "name": "Dream",
            "artist": "Windsor Airlift",
            "id": 38592852
        },
        {
            "name": "Aura",
            "artist": "Approaching Nirvana",
            "id": 3932155
        },
        {
            "name": "Everdream",
            "artist": "Epic Soul Factory",
            "id": 36587577
        },
        {
            "name": "Home With A Vengeance",
            "artist": "John Debney",
            "id": 5053999
        },
        {
            "name": "Atlantic",
            "artist": "Sleeping at Last",
            "id": 28405261
        },
        {
            "name": "Main Theme",
            "artist": "Shire Music",
            "id": 35437578
        },
        {
            "name": "Conquest of Paradise",
            "artist": "Vangelis",
            "id": 2070502
        },
        {
            "name": "Legendary",
            "artist": "Epic Soul Factory",
            "id": 36586598
        },
        {
            "name": "Interstellar",
            "artist": "Groove Addicts",
            "id": 34749358
        },
        {
            "name": "Home",
            "artist": "Lights & Motion",
            "id": 27955711
        },
        {
            "name": "Rise Of The Chosen pt1 [NC MIX]",
            "artist": "Immediate Music",
            "id": 33638575
        },
        {
            "name": "Epica",
            "artist": "Audiomachine",
            "id": 3935248
        },
        {
            "name": "你看，天黑了",
            "artist": "魔鬼花园",
            "id": 1984303443
        },
        {
            "name": "Last Reunion",
            "artist": "EpicMusicVn",
            "id": 402073046
        },
        {
            "name": "Hope (No Choir)",
            "artist": "Silver Screen",
            "id": 35726457
        },
        {
            "name": "Empire of Angels",
            "artist": "Thomas Bergersen",
            "id": 29460377
        },
        {
            "name": "Terminal Station",
            "artist": "GET IN THE RING",
            "id": 30251507
        },
        {
            "name": "Dream Chasers",
            "artist": "Future World Music",
            "id": 1354100
        },
        {
            "name": "Florian Bur-Intro",
            "artist": "Florian Bur",
            "id": 27575582
        },
        {
            "name": "A Hero Will Rise",
            "artist": "Future World Music",
            "id": 28458418
        },
        {
            "name": "Forget Me (Without Vocal)",
            "artist": "Tanaki Alison",
            "id": 29045546
        },
        {
            "name": "Circle Of Life",
            "artist": "Really Slow Motion",
            "id": 408532630
        },
        {
            "name": "New Light",
            "artist": "Mark Petrie",
            "id": 29045492
        },
        {
            "name": "The Escape",
            "artist": "Philter",
            "id": 466343211
        },
        {
            "name": "Tales of Neverland（inspiring)",
            "artist": "J.T.Peterson",
            "id": 410628806
        },
        {
            "name": "Riders",
            "artist": "Two Steps From Hell",
            "id": 32737711
        },
        {
            "name": "Highdown",
            "artist": "Richard Schrieber",
            "id": 471969278
        },
        {
            "name": "It's Our Fight",
            "artist": "Steve Jablonsky",
            "id": 1942422
        },
        {
            "name": "A Closing Statement",
            "artist": "Dexter Britain",
            "id": 26543787
        },
        {
            "name": "In the Distance Fading",
            "artist": "God Is An Astronaut",
            "id": 4083100
        },
        {
            "name": "Follow Your Dream",
            "artist": "Future World Music",
            "id": 27574655
        },
        {
            "name": "κrOnё",
            "artist": "澤野弘之",
            "id": 498139
        },
        {
            "name": "Challengers",
            "artist": "英雄联盟",
            "id": 30431023
        },
        {
            "name": "Villanelle",
            "artist": "Jo Blankenburg",
            "id": 32857600
        },
        {
            "name": "A Thousand Voices",
            "artist": "Must Save Jane!",
            "id": 36664658
        },
        {
            "name": "Entorevolution",
            "artist": "Bernis",
            "id": 32069952
        },
        {
            "name": "The Lost World",
            "artist": "Epic Soul Factory",
            "id": 35437468
        },
        {
            "name": "The March",
            "artist": "Lights & Motion",
            "id": 27955714
        },
        {
            "name": "やわらかな光",
            "artist": "やまだ豊",
            "id": 28287132
        },
        {
            "name": "Dreaming of You",
            "artist": "Blurry Lights",
            "id": 29947400
        },
        {
            "name": "Letter",
            "artist": "iris",
            "id": 26620638
        },
        {
            "name": "Skulls & Trombones",
            "artist": "Two Steps From Hell",
            "id": 1339026479
        },
        {
            "name": "Days",
            "artist": "やまだ豊",
            "id": 30621428
        },
        {
            "name": "Oblivion",
            "artist": "Capo Productions",
            "id": 4010720
        },
        {
            "name": "Luv Letter",
            "artist": "DJ Okawari",
            "id": 406232
        },
        {
            "name": "Lucida (Instrumental)",
            "artist": "Jo Blankenburg",
            "id": 32857607
        },
        {
            "name": "A Promise",
            "artist": "Mark Petrie",
            "id": 1783962
        },
        {
            "name": "Rasa",
            "artist": "Sub Pub Music",
            "id": 413812699
        },
        {
            "name": "Time",
            "artist": "Hans Zimmer",
            "id": 1426503
        },
        {
            "name": "Dragonfly Keeper",
            "artist": "Phildel",
            "id": 31789196
        },
        {
            "name": "Experience",
            "artist": "Ludovico Einaudi",
            "id": 26484066
        },
        {
            "name": "第四楽章 Orange E7",
            "artist": "Morrigan",
            "id": 863380
        },
        {
            "name": "Imagination",
            "artist": "Cristian Onofreiciuc",
            "id": 33510666
        },
        {
            "name": "One Sweetest",
            "artist": "Valentin",
            "id": 857891
        },
        {
            "name": "Eleven Miles",
            "artist": "Exxasens",
            "id": 17566139
        },
        {
            "name": "Time Will Remember Us",
            "artist": "Epic Score",
            "id": 4054121
        },
        {
            "name": "決意を秘めて",
            "artist": "加藤達也",
            "id": 34367378
        },
        {
            "name": "Fire",
            "artist": "Silver Screen",
            "id": 33785247
        },
        {
            "name": "Th3 Awak3n1ng",
            "artist": "Really Slow Motion",
            "id": 28251783
        },
        {
            "name": "Magic of Love",
            "artist": "BrunuhVille",
            "id": 28002600
        },
        {
            "name": "Millennium",
            "artist": "Audiomachine",
            "id": 27969812
        },
        {
            "name": "Sogno di Volare (“The Dream of Flight”)",
            "artist": "Angel City Chorale",
            "id": 437292121
        },
        {
            "name": "Like a Dog Chasing Cars",
            "artist": "Hans Zimmer",
            "id": 1427521
        },
        {
            "name": "As One Tale Ends…",
            "artist": "David Buckley",
            "id": 1291920
        },
        {
            "name": "Northwind",
            "artist": "BrunuhVille",
            "id": 34142770
        },
        {
            "name": "战地往事（Battlefield Romance）",
            "artist": "水中的蜻蜓Sally233",
            "id": 425710047
        },
        {
            "name": "Men Of Honor",
            "artist": "Two Steps From Hell",
            "id": 35437378
        },
        {
            "name": "Stories of Hope",
            "artist": "Steven Coltart",
            "id": 1349017786
        },
        {
            "name": "Friendship Is Magic",
            "artist": "Marcus Warner",
            "id": 1399531193
        },
        {
            "name": "A Smile Goes A Long Way",
            "artist": "Richard Schrieber",
            "id": 471968268
        },
        {
            "name": "Arc",
            "artist": "Josh Leake",
            "id": 473964461
        },
        {
            "name": "Ocean Hearts",
            "artist": "Juriy Nikitin",
            "id": 504264942
        }
    ]
}