{
    "playlist_info": {
        "name": "【粤语】婚礼粤语歌单❤️表白 求婚 结婚",
        "trackcount": 33,
        "playcount": 1281547,
        "creator": "KTREVEL",
        "createDate": "2020-02-15",
        "heat": 1038.0
    },
    "songs": [
        {
            "name": "我的宣言",
            "artist": "周柏豪",
            "id": 27646405
        },
        {
            "name": "为你钟情(Live)",
            "artist": "张国荣",
            "id": 187083
        },
        {
            "name": "骚灵情歌",
            "artist": "张敬轩",
            "id": 28111630
        },
        {
            "name": "同一秒",
            "artist": "郑伊健",
            "id": 193337
        },
        {
            "name": "你的名字 我的姓氏",
            "artist": "张学友",
            "id": 110805
        },
        {
            "name": "我结婚了",
            "artist": "阔落",
            "id": 1404996697
        },
        {
            "name": "遇到了",
            "artist": "Mr.",
            "id": 366024
        },
        {
            "name": "囍",
            "artist": "梁汉文",
            "id": 118200
        },
        {
            "name": "咬唇",
            "artist": "杨千嬅",
            "id": 317000
        },
        {
            "name": "终于我们 (feat. 岑宁儿)",
            "artist": "周柏豪",
            "id": 454711144
        },
        {
            "name": "今天只做一件事",
            "artist": "陈奕迅",
            "id": 64803
        },
        {
            "name": "分分钟需要你",
            "artist": "林子祥",
            "id": 117614
        },
        {
            "name": "经典",
            "artist": "林海峰",
            "id": 115396
        },
        {
            "name": "难得一遇",
            "artist": "林奕匡",
            "id": 453491805
        },
        {
            "name": "有人共鸣",
            "artist": "林奕匡",
            "id": 36569471
        },
        {
            "name": "第一个早晨",
            "artist": "林奕匡",
            "id": 456175650
        },
        {
            "name": "长相厮守",
            "artist": "TONICK",
            "id": 462866592
        },
        {
            "name": "霸气情歌",
            "artist": "陈柏宇",
            "id": 487923125
        },
        {
            "name": "永久保存",
            "artist": "陈柏宇",
            "id": 66780
        },
        {
            "name": "认真如初",
            "artist": "陈柏宇",
            "id": 1302556232
        },
        {
            "name": "注定",
            "artist": "梁汉文",
            "id": 118212
        },
        {
            "name": "唯独你是不可取替 (Live)",
            "artist": "林二汶",
            "id": 26608518
        },
        {
            "name": "感激遇到你",
            "artist": "胡杏儿",
            "id": 243927
        },
        {
            "name": "一生爱你一个",
            "artist": "郑伊健",
            "id": 192587
        },
        {
            "name": "小传奇",
            "artist": "Mr.",
            "id": 365922
        },
        {
            "name": "前所未见",
            "artist": "陈慧琳",
            "id": 213673
        },
        {
            "name": "美丽之最",
            "artist": "侧田",
            "id": 64412
        },
        {
            "name": "夏日倾情",
            "artist": "黎明",
            "id": 114037
        },
        {
            "name": "Yes I Do",
            "artist": "Supper Moment",
            "id": 1813778929
        },
        {
            "name": "三十日",
            "artist": "侧田",
            "id": 407002636
        },
        {
            "name": "天下无双 (Live In Hong Kong, 2013)",
            "artist": "陈奕迅",
            "id": 28160882
        },
        {
            "name": "2084",
            "artist": "Dear Jane",
            "id": 1376165932
        },
        {
            "name": "每一个明天 (Live In Hong Kong, 2013)",
            "artist": "陈奕迅",
            "id": 28160871
        }
    ]
}