{
    "playlist_info": {
        "name": "「酥骨女嗓」如痴如醉深入骨髓",
        "trackcount": 23,
        "playcount": 685661,
        "creator": "JonathanHyden",
        "createDate": "2016-07-14",
        "heat": 269.0
    },
    "songs": [
        {
            "name": "Avalon",
            "artist": "Clara Mae",
            "id": 33024066
        },
        {
            "name": "Selfish",
            "artist": "Ace Wilder",
            "id": 418654731
        },
        {
            "name": "Running",
            "artist": "Amanda Fondell",
            "id": 31721689
        },
        {
            "name": "Fearless",
            "artist": "Dana Lowrey",
            "id": 32807006
        },
        {
            "name": "Body Say",
            "artist": "Demi Lovato",
            "id": 419594193
        },
        {
            "name": "Irresistible",
            "artist": "Hannie",
            "id": 419485282
        },
        {
            "name": "Nightmare",
            "artist": "Julietta",
            "id": 34248090
        },
        {
            "name": "Truly Yours",
            "artist": "Fether",
            "id": 419646470
        },
        {
            "name": "Come First",
            "artist": "Terror Jr",
            "id": 422977672
        },
        {
            "name": "Say It Again",
            "artist": "Frances",
            "id": 419485202
        },
        {
            "name": "I N F I N I T Y",
            "artist": "Niykee Heaton",
            "id": 33211691
        },
        {
            "name": "Into the Night",
            "artist": "Madeline Juno",
            "id": 37033171
        },
        {
            "name": "Raw Emotion",
            "artist": "Alanna Clarke",
            "id": 31352170
        },
        {
            "name": "Better For You",
            "artist": "Lemon.",
            "id": 38018147
        },
        {
            "name": "Second Nature",
            "artist": "Stalking Gia",
            "id": 418550944
        },
        {
            "name": "December Love",
            "artist": "Lucy Sunday",
            "id": 36621762
        },
        {
            "name": "~ c н a n g e ѕ ~",
            "artist": "barnacle boi",
            "id": 38391761
        },
        {
            "name": "You Know What?",
            "artist": "Madeline Juno",
            "id": 37906423
        },
        {
            "name": "Between You and I",
            "artist": "Maxine Ashley",
            "id": 38392746
        },
        {
            "name": "Fast Car (Acoustic)",
            "artist": "Jonas Blue",
            "id": 403382502
        },
        {
            "name": "Amandine Insensible",
            "artist": "Sevdaliza",
            "id": 38392676
        },
        {
            "name": "Rift (The Walton Hoax Remix)",
            "artist": "The Walton Hoax",
            "id": 28120762
        },
        {
            "name": "Please Don't Have Somebody Else",
            "artist": "Madeline Juno",
            "id": 37906426
        }
    ]
}