{
    "playlist_info": {
        "name": "『私人FM』你搜不到的宝藏声线",
        "trackcount": 74,
        "playcount": 6295690,
        "creator": "迷路____________",
        "createDate": "2021-07-22",
        "heat": 8900.0
    },
    "songs": [
        {
            "name": "她不是我的唯一",
            "artist": "安定區Stable zone",
            "id": 2050058466
        },
        {
            "name": "不再需要你",
            "artist": "h3R3",
            "id": 1956525809
        },
        {
            "name": "Leave Me Alone（寂寞作伴）",
            "artist": "TC",
            "id": 1806634682
        },
        {
            "name": "下雨天",
            "artist": "HEAT J",
            "id": 1954459534
        },
        {
            "name": "朋友圈",
            "artist": "高宇Slient",
            "id": 1950027446
        },
        {
            "name": "异地恋",
            "artist": "ZAVIS",
            "id": 1948478077
        },
        {
            "name": "闹剧",
            "artist": "LeeyOn李昂",
            "id": 1959434329
        },
        {
            "name": "故犯",
            "artist": "暴躁的兔子",
            "id": 1945262840
        },
        {
            "name": "再等冬天(Memories)",
            "artist": "h3R3",
            "id": 1927693793
        },
        {
            "name": "流浪",
            "artist": "江辰",
            "id": 1936399142
        },
        {
            "name": "11",
            "artist": "队长",
            "id": 1907766514
        },
        {
            "name": "十个字",
            "artist": "褚晨茜",
            "id": 1923458630
        },
        {
            "name": "撒盐",
            "artist": "DbabyKaze",
            "id": 1929049876
        },
        {
            "name": "我要你走的，又要你回来",
            "artist": "XMASwu(吴骜)",
            "id": 1906301400
        },
        {
            "name": "爱情杀人事件",
            "artist": "前男友",
            "id": 1919226883
        },
        {
            "name": "有种",
            "artist": "江辰",
            "id": 1909651843
        },
        {
            "name": "文案",
            "artist": "小好14",
            "id": 1923581177
        },
        {
            "name": "丘比特",
            "artist": "mac ova seas",
            "id": 1922629725
        },
        {
            "name": "某个夜里",
            "artist": "JERRYZ",
            "id": 1878315612
        },
        {
            "name": "她不爱的Rapstar",
            "artist": "深水29",
            "id": 1844891808
        },
        {
            "name": "爱情慢慢来",
            "artist": "Stake",
            "id": 1846292840
        },
        {
            "name": "7 %",
            "artist": "XMASwu(吴骜)",
            "id": 1423241987
        },
        {
            "name": "狐狸的童话",
            "artist": "Santa_SA",
            "id": 1815105886
        },
        {
            "name": "red lips（被我蒙对）",
            "artist": "沙一汀EL",
            "id": 1456659704
        },
        {
            "name": "真没睡",
            "artist": "姜云升",
            "id": 1358276770
        },
        {
            "name": "晚风",
            "artist": "7copy",
            "id": 1441758494
        },
        {
            "name": "没骗你",
            "artist": "江辰",
            "id": 1460681775
        },
        {
            "name": "篝火旁",
            "artist": "吕大叶",
            "id": 518725853
        },
        {
            "name": "雾里",
            "artist": "姚六一",
            "id": 1815085049
        },
        {
            "name": "嘉宾",
            "artist": "路飞文",
            "id": 1846489646
        },
        {
            "name": "风吹一夏",
            "artist": "DP龙猪",
            "id": 1851258433
        },
        {
            "name": "那一刻心动",
            "artist": "任子墨",
            "id": 1836033745
        },
        {
            "name": "起风了",
            "artist": "买辣椒也用券",
            "id": 1330348068
        },
        {
            "name": "还是会想你",
            "artist": "林达浪",
            "id": 1827600686
        },
        {
            "name": "哪里都是你",
            "artist": "队长",
            "id": 488249475
        },
        {
            "name": "22秒",
            "artist": "Aioz",
            "id": 1849998058
        },
        {
            "name": "沉沦与遐想",
            "artist": "C.HØPE",
            "id": 1492584510
        },
        {
            "name": "love9",
            "artist": "江辰",
            "id": 525086802
        },
        {
            "name": "回忆垃圾桶",
            "artist": "李佳隆",
            "id": 1351560886
        },
        {
            "name": "天空下着小雨",
            "artist": "hanji",
            "id": 1382592787
        },
        {
            "name": "Hey KONG",
            "artist": "KEY.L刘聪",
            "id": 1383954630
        },
        {
            "name": "唉",
            "artist": "河南说唱之神",
            "id": 1462707541
        },
        {
            "name": "湖",
            "artist": "李棒棒Muti",
            "id": 1321631043
        },
        {
            "name": "山",
            "artist": "李棒棒Muti",
            "id": 495294483
        },
        {
            "name": "你现在还好吗",
            "artist": "BigYear大年",
            "id": 1347374715
        },
        {
            "name": "都市寻情记",
            "artist": "Yee",
            "id": 1321391025
        },
        {
            "name": "所以你睡了没",
            "artist": "沙一汀EL",
            "id": 1449416890
        },
        {
            "name": "不喜欢下雨天",
            "artist": "PIggy",
            "id": 1371046568
        },
        {
            "name": "两个人的沙漠",
            "artist": "Lil Jet",
            "id": 553815236
        },
        {
            "name": "一天都不想呆了！",
            "artist": "刘思鉴",
            "id": 1859414071
        },
        {
            "name": "淹没我的爱",
            "artist": "深水29",
            "id": 1470170093
        },
        {
            "name": "哪样呢",
            "artist": "果妹",
            "id": 1474157584
        },
        {
            "name": "886",
            "artist": "hanji",
            "id": 1434800877
        },
        {
            "name": "没 死 就 别 找 我 了",
            "artist": "SipSu小口酥",
            "id": 1363568696
        },
        {
            "name": "阿司匹林",
            "artist": "王以太",
            "id": 1396141677
        },
        {
            "name": "有些",
            "artist": "颜人中",
            "id": 1406649619
        },
        {
            "name": "雨爱",
            "artist": "周星星",
            "id": 1445761206
        },
        {
            "name": "思 怜",
            "artist": "荨麻疹",
            "id": 1810431431
        },
        {
            "name": "白羊",
            "artist": "徐秉龙",
            "id": 514761281
        },
        {
            "name": "收敛",
            "artist": "不够",
            "id": 1435449062
        },
        {
            "name": "围城",
            "artist": "姜云升",
            "id": 1361832292
        },
        {
            "name": "可能",
            "artist": "队长",
            "id": 1844448537
        },
        {
            "name": "如果",
            "artist": "SOG",
            "id": 1363702070
        },
        {
            "name": "暴雨",
            "artist": "Haiwee",
            "id": 571832692
        },
        {
            "name": "痛快",
            "artist": "Aioz",
            "id": 1426233208
        },
        {
            "name": "想说",
            "artist": "Lambert",
            "id": 1483221816
        },
        {
            "name": "时差",
            "artist": "Young 7",
            "id": 1326345574
        },
        {
            "name": "归暑",
            "artist": "SUIYU",
            "id": 1387600215
        },
        {
            "name": "末梢",
            "artist": "泥鳅Zinco",
            "id": 520107359
        },
        {
            "name": "发现",
            "artist": "荨麻疹",
            "id": 1436917852
        },
        {
            "name": "太久",
            "artist": "刘思鉴",
            "id": 1314154490
        },
        {
            "name": "花开",
            "artist": "7copy",
            "id": 1429392677
        },
        {
            "name": "黑夜",
            "artist": "Yee",
            "id": 1442504279
        },
        {
            "name": "言语",
            "artist": "Shang",
            "id": 1389865597
        }
    ]
}