{
    "playlist_info": {
        "name": "学习5丨作业/咖啡图书馆/番茄钟/末尾长音",
        "trackcount": 153,
        "playcount": 592702,
        "creator": "妮可伊博格",
        "createDate": "2017-09-11",
        "heat": 279.0
    },
    "songs": [
        {
            "name": "Cute Cat Purring",
            "artist": "Anti Stress Music Zone",
            "id": 1936282764
        },
        {
            "name": "Potion Apothecary Relaxing Witchcraft Ambience: Sounds for Sleep",
            "artist": "Cozy Atmospheres",
            "id": 1481799705
        },
        {
            "name": "Apothecary Ambience (Potion Sounds and Soothing Rain Indoors)",
            "artist": "New Bliss",
            "id": 1852683709
        },
        {
            "name": "Old Tavern Ambience Relaxing Sounds for Sleep (1 Hour)",
            "artist": "Cozy Atmospheres",
            "id": 1486006150
        },
        {
            "name": "Camping Ambience: Relaxing Fireside Sounds for Sleep (1 Hour)",
            "artist": "Cozy Atmospheres",
            "id": 1482034660
        },
        {
            "name": "City Rains",
            "artist": "Mother Earth Sounds",
            "id": 1873996729
        },
        {
            "name": "舒适风铃声",
            "artist": "贵族音乐ASMR",
            "id": 1865691368
        },
        {
            "name": "雨后虫鸣 (ASMR)",
            "artist": "贵族音乐ASMR",
            "id": 1863342699
        },
        {
            "name": "Pencil Writing",
            "artist": "Katie Anne Relaxing Triggers",
            "id": 1485294059
        },
        {
            "name": "Espresso Machine Sounds: Making a Lungo",
            "artist": "Ambient Energy",
            "id": 1419438474
        },
        {
            "name": "Bubble Wrap Popping For Relaxation",
            "artist": "Ambient Energy",
            "id": 1300119700
        },
        {
            "name": "Flipping Book Pages Slowly",
            "artist": "Katie Anne Relaxing Triggers",
            "id": 1485294071
        },
        {
            "name": "Flipping Book Pages Fast",
            "artist": "Katie Anne Relaxing Triggers",
            "id": 1485294063
        },
        {
            "name": "Frog Sounds Effects",
            "artist": "White Noise Radiance",
            "id": 1480033682
        },
        {
            "name": "雨打芭蕉 Musa basjoo in the rain",
            "artist": "白灵筠",
            "id": 864187808
        },
        {
            "name": "午后翻书 Afternoon reading",
            "artist": "白灵筠",
            "id": 864508299
        },
        {
            "name": "Coffee Shop Sounds Ambience",
            "artist": "ASMR",
            "id": 1463840661
        },
        {
            "name": "Son d'un Feu de Camps dans l'Immensité du Désert",
            "artist": "Zen Remastering III",
            "id": 1857598228
        },
        {
            "name": "城市．夜行老司机漫游",
            "artist": "贵族音乐ASMR",
            "id": 1466287392
        },
        {
            "name": "键盘打字声",
            "artist": "贵族音乐ASMR",
            "id": 1453108546
        },
        {
            "name": "宁静无人打扰的阅读",
            "artist": "贵族音乐ASMR",
            "id": 1453108547
        },
        {
            "name": "电脑键盘清晰打字声",
            "artist": "贵族音乐ASMR",
            "id": 1453114423
        },
        {
            "name": "日常桌面翻书声",
            "artist": "贵族音乐ASMR",
            "id": 1453108545
        },
        {
            "name": "下雨声 (ASMR)",
            "artist": "贵族音乐ASMR",
            "id": 1816792205
        },
        {
            "name": "雨天 (ASMR)",
            "artist": "贵族音乐ASMR",
            "id": 1816789521
        },
        {
            "name": "大雨的夜里 (ASMR)",
            "artist": "贵族音乐ASMR",
            "id": 1816792206
        },
        {
            "name": "Notebook (Slow Scratching)",
            "artist": "ASMR Sounds Clinic",
            "id": 1374616532
        },
        {
            "name": "O'Hare Int'l Airport Main Terminal, Background (Chicago)",
            "artist": "Sound Effects Factory",
            "id": 1307615365
        },
        {
            "name": "Footsteps on the Sandy Beach",
            "artist": "Sound Effects Factory",
            "id": 1307616297
        },
        {
            "name": "Self-Service Restaurant, Background",
            "artist": "Sound Effects Factory",
            "id": 1307631478
        },
        {
            "name": "飞机客舱中途飞行 (白噪声循环)",
            "artist": "科学的声音",
            "id": 1354419922
        },
        {
            "name": "Coffee Shop Noise, Pt. 25",
            "artist": "Ambient Sounds from I'm In Records",
            "id": 1329615082
        },
        {
            "name": "Lofi Fireplace",
            "artist": "Fire Sounds",
            "id": 1824149663
        },
        {
            "name": "Cosy Fireplace with Rain on the Window",
            "artist": "Zen Remastering III",
            "id": 1831658421
        },
        {
            "name": "Warm Crackling Fireplace Fire",
            "artist": "ASMR Earth",
            "id": 1837934459
        },
        {
            "name": "Morning Forest Backgrounds",
            "artist": "ASMR",
            "id": 1833518679
        },
        {
            "name": "Pop Pop Tap Tap ASMR",
            "artist": "Asmr Girl",
            "id": 1833517429
        },
        {
            "name": "Typing Sounds",
            "artist": "Asmr Girl",
            "id": 1833517426
        },
        {
            "name": "Kitchen Restaurant Knife Cutting Herbs, Ambiance, Utensils",
            "artist": "Julien Nègre",
            "id": 1401390027
        },
        {
            "name": "ASMR Sound of pouring hot tea",
            "artist": "ASMR White Noise",
            "id": 1365717341
        },
        {
            "name": "Forest Sounds",
            "artist": "ASMR Baraka",
            "id": 1442585795
        },
        {
            "name": "Ambient Woods",
            "artist": "ASMR Earth",
            "id": 1838874359
        },
        {
            "name": "Vintage Living-Room with a Fireplace and a Pendulum Clock",
            "artist": "Zen Remastering III",
            "id": 1487370240
        },
        {
            "name": "In an Hammock on a Tropical Beach",
            "artist": "Zen Remastering III",
            "id": 1488890545
        },
        {
            "name": "Walking Through The Woods Sound, Loop",
            "artist": "ASMR Earth",
            "id": 1480204317
        },
        {
            "name": "Cat Purring",
            "artist": "Alextre",
            "id": 1399878916
        },
        {
            "name": "Glass of Ice",
            "artist": "Alextre",
            "id": 1399878911
        },
        {
            "name": "ASMR: Campfire",
            "artist": "ASMR Earth",
            "id": 1379911473
        },
        {
            "name": "Som De Fogueira, Pt. 2",
            "artist": "ASMR",
            "id": 1456715673
        },
        {
            "name": "铅笔写字声",
            "artist": "ASMR Lullaby",
            "id": 1438186530
        },
        {
            "name": "책 페이지 넘기는 소리",
            "artist": "V.A.",
            "id": 504750212
        },
        {
            "name": "安稳睡眠的森林鸟鸣溪流声",
            "artist": "강아지 음악",
            "id": 502228172
        },
        {
            "name": "Birds in the Air Waves",
            "artist": "ASMR Earth",
            "id": 1838500082
        },
        {
            "name": "Zen Waters",
            "artist": "White Noise Sleep Sounds",
            "id": 1448099775
        },
        {
            "name": "Bonfire",
            "artist": "Sound Effects",
            "id": 22259974
        },
        {
            "name": "셀프 서비스 식당내 소리",
            "artist": "V.A.",
            "id": 504750327
        },
        {
            "name": "Waves For Dreaming - Loopable with No Fade",
            "artist": "ASMR Earth",
            "id": 1454326681
        },
        {
            "name": "휴식을 선물해주는 빗소리",
            "artist": "포레스트 사운드",
            "id": 481849718
        },
        {
            "name": "ASMR: Campfire on the Beach",
            "artist": "ASMR Earth",
            "id": 1379911474
        },
        {
            "name": "ASMR: Evening Campfire Sound",
            "artist": "ASMR Earth",
            "id": 1379911475
        },
        {
            "name": "ASMR: Beach Campfire",
            "artist": "ASMR Earth",
            "id": 1379911476
        },
        {
            "name": "ASMR: Beach Bonfire",
            "artist": "ASMR Earth",
            "id": 1379910673
        },
        {
            "name": "ASMR: Campfire Crackle",
            "artist": "ASMR Earth",
            "id": 1379910674
        },
        {
            "name": "ASMR: Gentle Campfire",
            "artist": "ASMR Earth",
            "id": 1379911477
        },
        {
            "name": "ASMR: Gentle Burning Wood",
            "artist": "ASMR Earth",
            "id": 1379911478
        },
        {
            "name": "ASMR: Fire Starting",
            "artist": "ASMR Earth",
            "id": 1379910675
        },
        {
            "name": "ASMR: Relaxing Campfire",
            "artist": "ASMR Earth",
            "id": 1379910676
        },
        {
            "name": "沉思",
            "artist": "Noble Music Project",
            "id": 1421284283
        },
        {
            "name": "疗愈风声",
            "artist": "Noble Music Project",
            "id": 1421276881
        },
        {
            "name": "Burning Fireplace with Crackling Fire Sounds, Pt. 26",
            "artist": "Sleepy Times",
            "id": 36390528
        },
        {
            "name": "Coffee Shop Sounds - Nature Sounds for Relaxation, Meditation, Studying & Deep Sleep- Part 3",
            "artist": "Nature Sounds",
            "id": 864293931
        },
        {
            "name": "Coffee Shop Sounds - Nature Sounds for Relaxation, Meditation, Studying & Deep Sleep- Part 1",
            "artist": "Nature Sounds",
            "id": 864295321
        },
        {
            "name": "Coffee Shop Sounds - Nature Sounds for Relaxation, Meditation, Studying & Deep Sleep- Part 2",
            "artist": "Nature Sounds",
            "id": 864293930
        },
        {
            "name": "Library Sounds - Nature Sounds for Relaxation, Meditation, Studying & Deep Sleep- Part 1",
            "artist": "Nature Sounds",
            "id": 864456649
        },
        {
            "name": "River Walks",
            "artist": "Nature Sounds",
            "id": 1374638340
        },
        {
            "name": "Library Sounds - Nature Sounds for Relaxation, Meditation, Studying & Deep Sleep- Part 2",
            "artist": "Nature Sounds",
            "id": 864456650
        },
        {
            "name": "Library Sounds - Nature Sounds for Relaxation, Meditation, Studying & Deep Sleep- Part 3",
            "artist": "Nature Sounds",
            "id": 864457324
        },
        {
            "name": "Library Sounds - Nature Sounds for Relaxation, Meditation, Studying & Deep Sleep- Part 4",
            "artist": "Nature Sounds",
            "id": 864456651
        },
        {
            "name": "Jungle Relaxation - Nature Sounds for Relaxation, Meditation, Studying & Deep Sleep- Part 1",
            "artist": "Nature Sounds",
            "id": 864295302
        },
        {
            "name": "Jungle Relaxation - Nature Sounds for Relaxation, Meditation, Studying & Deep Sleep- Part 2",
            "artist": "Nature Sounds",
            "id": 864293911
        },
        {
            "name": "Jungle Relaxation - Nature Sounds for Relaxation, Meditation, Studying & Deep Sleep- Part 3",
            "artist": "Nature Sounds",
            "id": 864295303
        },
        {
            "name": "Jungle Relaxation - Nature Sounds for Relaxation, Meditation, Studying & Deep Sleep- Part 4",
            "artist": "Nature Sounds",
            "id": 864295304
        },
        {
            "name": "Study With Me - | A Real Time Study Session (without music) - For Studying & Focusing",
            "artist": "Nature Sounds",
            "id": 573358812
        },
        {
            "name": "Nature Sounds for Sleep & Relaxation (Magical rainforest, cicadas, brown noise) 01",
            "artist": "Nature Sounds",
            "id": 1345273936
        },
        {
            "name": "Nature Sounds for Sleep & Relaxation (Calm forest, water noise, brown noise) 01",
            "artist": "Nature Sounds",
            "id": 1345273930
        },
        {
            "name": "Christmas Nature Sounds -Nature Sounds for Relaxation, Meditation, Studying & Deep Sleep Part 1",
            "artist": "Nature Sounds",
            "id": 864293891
        },
        {
            "name": "Coffee Shop Sounds - Nature Sounds for Relaxation, Meditation, Studying & Deep Sleep- Part 4",
            "artist": "Nature Sounds",
            "id": 864293932
        },
        {
            "name": "Cafeteria",
            "artist": "Authentic Sound Effects",
            "id": 504959074
        },
        {
            "name": "Restaurant",
            "artist": "Ambient Sounds",
            "id": 486313992
        },
        {
            "name": "Human Sound / Restaurant 1 (Ristorante)",
            "artist": "Sound Effects",
            "id": 530886414
        },
        {
            "name": "Human Sound / Restaurant 2 (Ristorante)",
            "artist": "Sound Effects",
            "id": 530886415
        },
        {
            "name": "Gatherings: Country Pub - General Sounds in the Bar",
            "artist": "Spectacular Sound Effects",
            "id": 424395475
        },
        {
            "name": "Crowds: Crowd Murmur in a Small Hall",
            "artist": "Spectacular Sound Effects",
            "id": 424395471
        },
        {
            "name": "Manual Of Arms",
            "artist": "Authentic Sound Effects",
            "id": 504959014
        },
        {
            "name": "Kiss",
            "artist": "Authentic Sound Effects",
            "id": 504959169
        },
        {
            "name": "Working Environment / Restaurant Cuisine (Cucina ristorante)",
            "artist": "Sound Effects",
            "id": 530853667
        },
        {
            "name": "Typewriter",
            "artist": "Sound Effects",
            "id": 22259939
        },
        {
            "name": "Ringing Tone",
            "artist": "Sound Effects",
            "id": 22259932
        },
        {
            "name": "[1] Airport + [2] Aircraft (inside)",
            "artist": "Ambient sounds",
            "id": 486313996
        },
        {
            "name": "Helicopter Hover",
            "artist": "Authentic Sound Effects",
            "id": 504597999
        },
        {
            "name": "Rainy Journey To Minsk (Original Mix)",
            "artist": "Rain Sounds",
            "id": 535382310
        },
        {
            "name": "Victoria Station (Station Announcer / Escalator)",
            "artist": "Sound Effects",
            "id": 22259978
        },
        {
            "name": "《诺闵扎木》城市环境音",
            "artist": "孛儿只斤·包迪",
            "id": 497739217
        },
        {
            "name": "Road Transport: Bus - Stopping, Bell Ringing, Driving Off",
            "artist": "Spectacular Sound Effects",
            "id": 424395467
        },
        {
            "name": "Town Ambient (Original Mix)",
            "artist": "Rain Sounds",
            "id": 545779836
        },
        {
            "name": "Rainy Journey With A Train (Original Mix)",
            "artist": "Rain Sounds",
            "id": 545779838
        },
        {
            "name": "City Ambient (Original Mix)",
            "artist": "Rain Sounds",
            "id": 535382312
        },
        {
            "name": "Horses: Group of Horses Trotting on Gravel",
            "artist": "Spectacular Sound Effects",
            "id": 424395482
        },
        {
            "name": "Footsteps: Walking - Light & Heavy in Street With Traffic Noises",
            "artist": "Spectacular Sound Effects",
            "id": 424395525
        },
        {
            "name": "Traffic",
            "artist": "Ambient Sounds",
            "id": 486313991
        },
        {
            "name": "Campfire",
            "artist": "Dan Gibson",
            "id": 1219932
        },
        {
            "name": "环境音01带脚步夏天",
            "artist": "Benno包包",
            "id": 522656344
        },
        {
            "name": "四尾連湖 夜明けの森",
            "artist": "Natural Garden",
            "id": 26099530
        },
        {
            "name": "蔦温泉 放牧地を囲む林",
            "artist": "Natural Garden",
            "id": 26099531
        },
        {
            "name": "Storm on a Wilderness Lake [Proc]",
            "artist": "Dan Gibson",
            "id": 5023702
        },
        {
            "name": "The Seaside: Waves Breaking with Seagulls",
            "artist": "Spectacular Sound Effects",
            "id": 424395453
        },
        {
            "name": "The Seaside: Water Splashing Round Pier, Rocks, Etc",
            "artist": "Spectacular Sound Effects",
            "id": 424395456
        },
        {
            "name": "Big River",
            "artist": "Echoes of Nature",
            "id": 17673481
        },
        {
            "name": "Gentle Ocean Waves",
            "artist": "The Nature Sounds Society Japan",
            "id": 853702
        },
        {
            "name": "10 Hz Alpha Thunderstorm (Extended Version)",
            "artist": "White Noise Meditation",
            "id": 32070215
        },
        {
            "name": "Thunder And Rain",
            "artist": "Echoes of Nature",
            "id": 17673523
        },
        {
            "name": "Small Rapid",
            "artist": "Echoes of Nature",
            "id": 17673483
        },
        {
            "name": "Water Frogs",
            "artist": "Echoes of Nature",
            "id": 17673511
        },
        {
            "name": "Ocean Waves",
            "artist": "Dr. Jeffrey Thompson",
            "id": 1248472
        },
        {
            "name": "Jungle River",
            "artist": "Echoes of Nature",
            "id": 17673536
        },
        {
            "name": "Rowing Boat",
            "artist": "Sound Effects",
            "id": 22259996
        },
        {
            "name": "Hill Rain (Original Mix)",
            "artist": "Rain Sounds",
            "id": 545779832
        },
        {
            "name": "Rain, Totoro Forest",
            "artist": "The Nature Sounds Society Japan",
            "id": 853708
        },
        {
            "name": "《诺闵扎木》草原环境音",
            "artist": "孛儿只斤·包迪",
            "id": 497741044
        },
        {
            "name": "Seagulls",
            "artist": "Authentic Sound Effects",
            "id": 504959045
        },
        {
            "name": "Chirping of Cicadas & Stream 2",
            "artist": "The Nature Sounds Society Japan",
            "id": 853638
        },
        {
            "name": "Bees on Honeysuckle",
            "artist": "Sound Effects",
            "id": 22260013
        },
        {
            "name": "Country Sounds: Village Scene With Animals, Children Playing In The Distance, Church Bells",
            "artist": "Spectacular Sound Effects",
            "id": 424395553
        },
        {
            "name": "Country Sounds: A Countryside Montage, Birds, Bees, Etc.",
            "artist": "Spectacular Sound Effects",
            "id": 424395552
        },
        {
            "name": "Pre-Dawn",
            "artist": "Echoes of Nature",
            "id": 17673494
        },
        {
            "name": "Birds: Owls (Barn & Screech)",
            "artist": "Spectacular Sound Effects",
            "id": 424395577
        },
        {
            "name": "Jungle Noises - Crickets",
            "artist": "Sound Effects",
            "id": 22260012
        },
        {
            "name": "Cats: Cats Miaowing",
            "artist": "Spectacular Sound Effects",
            "id": 424395481
        },
        {
            "name": "Cat",
            "artist": "Yukari Fresh",
            "id": 22663054
        },
        {
            "name": "Jungle Birdsong",
            "artist": "Echoes of Nature",
            "id": 4054363
        },
        {
            "name": "빗방울",
            "artist": "이펙터",
            "id": 34125090
        },
        {
            "name": "Clocks: Cuckoo Clock - 12 O'Clock",
            "artist": "Spectacular Sound Effects",
            "id": 424395496
        },
        {
            "name": "Clocks: Alarm Clock Ticking & Goes",
            "artist": "Spectacular Sound Effects",
            "id": 424395497
        },
        {
            "name": "Grandfather Clock Ticking",
            "artist": "Sound Effects",
            "id": 22259949
        },
        {
            "name": "Snooker and Billiard Table",
            "artist": "Sound Effects",
            "id": 22259993
        },
        {
            "name": "Sport / Basket, Training (Basket, allenamento)",
            "artist": "Sound Effects",
            "id": 530886386
        },
        {
            "name": "Game / Billiards (Biliardo)",
            "artist": "Sound Effects",
            "id": 530886388
        },
        {
            "name": "Ping Pong",
            "artist": "Authentic Sound Effects",
            "id": 504959061
        },
        {
            "name": "Tenis Match",
            "artist": "Authentic Sound Effects",
            "id": 504959062
        },
        {
            "name": "Video Game Arcade",
            "artist": "Authentic Sound Effects",
            "id": 504959054
        },
        {
            "name": "Human Sound / Heart-Beat 4 (Battito cardiaco 4)",
            "artist": "Sound Effects",
            "id": 530822505
        },
        {
            "name": "Human Sound / Heart-Beat 3 (Battito cardiaco 3)",
            "artist": "Sound Effects",
            "id": 530822504
        },
        {
            "name": "Human Sound / Heart-Beat 2 (Battito cardiaco 2)",
            "artist": "Sound Effects",
            "id": 530822503
        }
    ]
}