{
    "playlist_info": {
        "name": "孤独是人生常态，接受且不畏惧孤独感",
        "trackcount": 584,
        "playcount": 1458672,
        "creator": "洛丽塔-大哥",
        "createDate": "2023-06-11",
        "heat": 79772.0
    },
    "songs": [
        {
            "name": "屋顶着火",
            "artist": "宋茜",
            "id": 1449328722
        },
        {
            "name": "开往早晨的午夜",
            "artist": "张碧晨",
            "id": 449577636
        },
        {
            "name": "向云端",
            "artist": "小霞",
            "id": 2049512697
        },
        {
            "name": "爱如潮水",
            "artist": "张信哲",
            "id": 186345
        },
        {
            "name": "过火",
            "artist": "张信哲",
            "id": 423406145
        },
        {
            "name": "有一点动心",
            "artist": "张信哲",
            "id": 186348
        },
        {
            "name": "白月光",
            "artist": "张信哲",
            "id": 481853239
        },
        {
            "name": "别怕我伤心 (Live版)",
            "artist": "张信哲",
            "id": 2040836953
        },
        {
            "name": "信仰 (Live)",
            "artist": "张信哲",
            "id": 402073804
        },
        {
            "name": "梦醒时分 (Live版)",
            "artist": "张信哲",
            "id": 2046805500
        },
        {
            "name": "遗憾 (Live版)",
            "artist": "张信哲",
            "id": 2042836592
        },
        {
            "name": "难以抗拒你容颜",
            "artist": "张信哲",
            "id": 186383
        },
        {
            "name": "别怕我伤心",
            "artist": "悦开心i",
            "id": 1852086408
        },
        {
            "name": "雨中的恋人们",
            "artist": "黄凯芹",
            "id": 94576
        },
        {
            "name": "突然好想你",
            "artist": "五月天",
            "id": 385781
        },
        {
            "name": "知足",
            "artist": "五月天",
            "id": 385965
        },
        {
            "name": "我不愿让你一个人",
            "artist": "五月天",
            "id": 385554
        },
        {
            "name": "步步",
            "artist": "五月天",
            "id": 28181103
        },
        {
            "name": "温柔",
            "artist": "五月天",
            "id": 386538
        },
        {
            "name": "倔强",
            "artist": "五月天",
            "id": 386175
        },
        {
            "name": "你不是真正的快乐",
            "artist": "五月天",
            "id": 385787
        },
        {
            "name": "私奔到月球",
            "artist": "五月天",
            "id": 385818
        },
        {
            "name": "干杯",
            "artist": "五月天",
            "id": 22197007
        },
        {
            "name": "恋爱ing",
            "artist": "五月天",
            "id": 385973
        },
        {
            "name": "伤心的人别听慢歌(贯彻快乐)",
            "artist": "五月天",
            "id": 28181107
        },
        {
            "name": "离开地球表面",
            "artist": "五月天",
            "id": 385821
        },
        {
            "name": "后来的我们",
            "artist": "五月天",
            "id": 553310243
        },
        {
            "name": "Who Says",
            "artist": "Selena Gomez",
            "id": 29747526
        },
        {
            "name": "说谎",
            "artist": "林欣彤",
            "id": 274483
        },
        {
            "name": "成全",
            "artist": "林宥嘉",
            "id": 431259309
        },
        {
            "name": "全世界谁倾听你",
            "artist": "林宥嘉",
            "id": 432509483
        },
        {
            "name": "致姗姗来迟的你",
            "artist": "阿肆",
            "id": 432506809
        },
        {
            "name": "浪费 (Live)",
            "artist": "林宥嘉",
            "id": 443292045
        },
        {
            "name": "突然好想你(Live)",
            "artist": "林宥嘉",
            "id": 34614324
        },
        {
            "name": "我有多么喜欢你",
            "artist": "萧敬腾",
            "id": 565907377
        },
        {
            "name": "如同悲伤被下载了两次",
            "artist": "陈珊妮",
            "id": 34179838
        },
        {
            "name": "你把我灌醉 (Live)",
            "artist": "林宥嘉",
            "id": 34916137
        },
        {
            "name": "我是一只鱼 (Live)",
            "artist": "林宥嘉",
            "id": 34916139
        },
        {
            "name": "给我你的爱 (Live)",
            "artist": "林宥嘉",
            "id": 25714337
        },
        {
            "name": "让爱转动整个宇宙",
            "artist": "五月天 阿信",
            "id": 5240342
        },
        {
            "name": "到不了",
            "artist": "林宥嘉",
            "id": 33765095
        },
        {
            "name": "樱花树下",
            "artist": "周柏豪",
            "id": 444269722
        },
        {
            "name": "到底发生过什么事",
            "artist": "Dear Jane",
            "id": 1991436069
        },
        {
            "name": "不许你注定一人",
            "artist": "Dear Jane",
            "id": 28406634
        },
        {
            "name": "心淡 (Live)",
            "artist": "容祖儿",
            "id": 27867503
        },
        {
            "name": "形容",
            "artist": "沈以诚",
            "id": 1336856864
        },
        {
            "name": "新鸳鸯蝴蝶梦",
            "artist": "黄安",
            "id": 95410
        },
        {
            "name": "越来越不懂",
            "artist": "蔡健雅",
            "id": 208958
        },
        {
            "name": "红色高跟鞋",
            "artist": "蔡健雅",
            "id": 208902
        },
        {
            "name": "别找我麻烦",
            "artist": "蔡健雅",
            "id": 208889
        },
        {
            "name": "被驯服的象",
            "artist": "蔡健雅",
            "id": 27747330
        },
        {
            "name": "空白格",
            "artist": "蔡健雅",
            "id": 208938
        },
        {
            "name": "Letting Go",
            "artist": "蔡健雅",
            "id": 208891
        },
        {
            "name": "快乐崇拜",
            "artist": "潘玮柏",
            "id": 139808
        },
        {
            "name": "领悟",
            "artist": "辛晓琪",
            "id": 308518
        },
        {
            "name": "越过山丘 (Live)",
            "artist": "李雅leah",
            "id": 499673023
        },
        {
            "name": "床",
            "artist": "草东没有派对",
            "id": 2035279723
        },
        {
            "name": "山海",
            "artist": "草东没有派对",
            "id": 411314659
        },
        {
            "name": "大风吹",
            "artist": "草东没有派对",
            "id": 411314657
        },
        {
            "name": "烂泥",
            "artist": "草东没有派对",
            "id": 411314656
        },
        {
            "name": "鬼",
            "artist": "草东没有派对",
            "id": 411315635
        },
        {
            "name": "丑",
            "artist": "草东没有派对",
            "id": 411315632
        },
        {
            "name": "勇敢的人",
            "artist": "草东没有派对",
            "id": 410801745
        },
        {
            "name": "情歌",
            "artist": "草东没有派对",
            "id": 411314660
        },
        {
            "name": "如常",
            "artist": "草东没有派对",
            "id": 1458711455
        },
        {
            "name": "在",
            "artist": "草东没有派对",
            "id": 410802751
        },
        {
            "name": "我们",
            "artist": "草东没有派对",
            "id": 410802753
        },
        {
            "name": "就让这大雨全都落下",
            "artist": "容祖儿",
            "id": 1984475097
        },
        {
            "name": "习惯失恋",
            "artist": "容祖儿",
            "id": 288075
        },
        {
            "name": "玫瑰",
            "artist": "贰佰",
            "id": 458238990
        },
        {
            "name": "嘿，抬头！",
            "artist": "贰佰",
            "id": 448317748
        },
        {
            "name": "从夜晚，到清晨",
            "artist": "贰佰",
            "id": 468878045
        },
        {
            "name": "回不去的2018",
            "artist": "贰佰",
            "id": 1472802865
        },
        {
            "name": "阿拉善",
            "artist": "贰佰",
            "id": 468878043
        },
        {
            "name": "以梦喂马",
            "artist": "贰佰",
            "id": 468877074
        },
        {
            "name": "苏州河",
            "artist": "薛凯琪",
            "id": 306855
        },
        {
            "name": "庸人自扰",
            "artist": "王理文",
            "id": 545589369
        },
        {
            "name": "阁楼",
            "artist": "陈慧琳",
            "id": 213791
        },
        {
            "name": "前所未见",
            "artist": "陈慧琳",
            "id": 213673
        },
        {
            "name": "谁愿放手",
            "artist": "陈慧琳",
            "id": 215973
        },
        {
            "name": "独角戏",
            "artist": "许茹芸",
            "id": 307525
        },
        {
            "name": "他不准我哭",
            "artist": "邓丽欣",
            "id": 348418
        },
        {
            "name": "苦口良药",
            "artist": "许志安",
            "id": 169703
        },
        {
            "name": "终身美丽",
            "artist": "郑秀文",
            "id": 328169
        },
        {
            "name": "好好恋爱",
            "artist": "邓丽欣",
            "id": 5261521
        },
        {
            "name": "一事无成",
            "artist": "周柏豪",
            "id": 191560
        },
        {
            "name": "电灯胆",
            "artist": "邓丽欣",
            "id": 224086
        },
        {
            "name": "罗生门",
            "artist": "麦浚龙",
            "id": 33471531
        },
        {
            "name": "上心",
            "artist": "长晴",
            "id": 1831810728
        },
        {
            "name": "告白",
            "artist": "吴雨霏",
            "id": 298061
        },
        {
            "name": "蜚蜚",
            "artist": "陈僖仪",
            "id": 26353080
        },
        {
            "name": "傻女",
            "artist": "陈慧娴",
            "id": 212376
        },
        {
            "name": "人非草木",
            "artist": "吴雨霏",
            "id": 25639351
        },
        {
            "name": "黑白照",
            "artist": "邓丽欣",
            "id": 224133
        },
        {
            "name": "最爱",
            "artist": "周慧敏",
            "id": 329925
        },
        {
            "name": "天才白痴梦",
            "artist": "许冠杰",
            "id": 172416
        },
        {
            "name": "斯德哥尔摩情人",
            "artist": "陈奕迅",
            "id": 27483204
        },
        {
            "name": "夏日倾情",
            "artist": "卫兰",
            "id": 26524408
        },
        {
            "name": "二十世纪少年(Unplugged)",
            "artist": "Ping Pung",
            "id": 370776
        },
        {
            "name": "走狗",
            "artist": "周柏豪",
            "id": 191508
        },
        {
            "name": "情人知己",
            "artist": "叶蒨文",
            "id": 317868
        },
        {
            "name": "小城大事",
            "artist": "杨千嬅",
            "id": 316756
        },
        {
            "name": "感激遇到你",
            "artist": "胡杏儿",
            "id": 243927
        },
        {
            "name": "成就感",
            "artist": "郑融",
            "id": 330217
        },
        {
            "name": "下一站天后",
            "artist": "Twins",
            "id": 382844
        },
        {
            "name": "李香兰",
            "artist": "张学友",
            "id": 188703
        },
        {
            "name": "传闻",
            "artist": "周柏豪",
            "id": 28341498
        },
        {
            "name": "够钟",
            "artist": "周柏豪",
            "id": 191528
        },
        {
            "name": "大哥",
            "artist": "卫兰",
            "id": 5256469
        },
        {
            "name": "My Cookie Can",
            "artist": "卫兰",
            "id": 26902923
        },
        {
            "name": "街灯晚餐",
            "artist": "卫兰",
            "id": 25657581
        },
        {
            "name": "你的眼神",
            "artist": "卫兰",
            "id": 27591218
        },
        {
            "name": "验伤",
            "artist": "卫兰",
            "id": 451473846
        },
        {
            "name": "Wonderland",
            "artist": "卫兰",
            "id": 297482
        },
        {
            "name": "残酷游戏",
            "artist": "卫兰",
            "id": 27591220
        },
        {
            "name": "心有不甘",
            "artist": "卫兰",
            "id": 27591204
        },
        {
            "name": "煎熬",
            "artist": "李佳薇",
            "id": 406308124
        },
        {
            "name": "有没有那么一首歌",
            "artist": "张茜",
            "id": 1431528408
        },
        {
            "name": "我们打着光脚在风车下跑，手上的狗尾巴草摇啊摇",
            "artist": "等一下就回家",
            "id": 1838505400
        },
        {
            "name": "骂醒我·2022",
            "artist": "刘大拿",
            "id": 1989423797
        },
        {
            "name": "呼吸决定",
            "artist": "Fine乐团",
            "id": 35678875
        },
        {
            "name": "失语者",
            "artist": "蔡健雅",
            "id": 36024442
        },
        {
            "name": "让我欢喜让我忧",
            "artist": "浮笙",
            "id": 1431448890
        },
        {
            "name": "Umbrella",
            "artist": "Rihanna",
            "id": 21563094
        },
        {
            "name": "La La La",
            "artist": "Naughty Boy",
            "id": 26390073
        },
        {
            "name": "哭泣站台",
            "artist": "王小帅",
            "id": 1892583113
        },
        {
            "name": "萬水千山總是情",
            "artist": "群星",
            "id": 1477531481
        },
        {
            "name": "出现又离开 (Live)",
            "artist": "梁博",
            "id": 1363553440
        },
        {
            "name": "留什么给你 (粤国语版)",
            "artist": "王晴音乐",
            "id": 1975807075
        },
        {
            "name": "Summertime Sadness",
            "artist": "Lana Del Rey",
            "id": 16593589
        },
        {
            "name": "对玄机",
            "artist": "任然",
            "id": 1447744468
        },
        {
            "name": "Classic Aftertaste Joanna (Live)",
            "artist": "王若琳",
            "id": 472060885
        },
        {
            "name": "所以你睡了没",
            "artist": "沙一汀EL",
            "id": 1449416890
        },
        {
            "name": "心墙",
            "artist": "郭静",
            "id": 27671269
        },
        {
            "name": "遺憾",
            "artist": "陈洁仪",
            "id": 210287
        },
        {
            "name": "水晶 (Live)",
            "artist": "GALI",
            "id": 1474621496
        },
        {
            "name": "海芋恋",
            "artist": "萧敬腾",
            "id": 168039
        },
        {
            "name": "你的样子",
            "artist": "罗大佑",
            "id": 108641
        },
        {
            "name": "路过人间",
            "artist": "郁可唯",
            "id": 1888915574
        },
        {
            "name": "我记得",
            "artist": "赵雷",
            "id": 1974443814
        },
        {
            "name": "我的楼兰",
            "artist": "云朵",
            "id": 26545309
        },
        {
            "name": "葡萄成熟时",
            "artist": "陈奕迅",
            "id": 66285
        },
        {
            "name": "苦瓜",
            "artist": "陈奕迅",
            "id": 64293
        },
        {
            "name": "无条件",
            "artist": "陈奕迅",
            "id": 473194652
        },
        {
            "name": "夏日漱石 (Summer Cozy Rock)",
            "artist": "橘子海 (Orange Ocean)",
            "id": 1359818052
        },
        {
            "name": "大约在冬季",
            "artist": "齐秦",
            "id": 485992506
        },
        {
            "name": "情意结",
            "artist": "陈慧娴",
            "id": 211238
        },
        {
            "name": "凄美地",
            "artist": "郭顶",
            "id": 436346833
        },
        {
            "name": "如愿",
            "artist": "野生王菲",
            "id": 1884587759
        },
        {
            "name": "没有理想的人不伤心",
            "artist": "新裤子",
            "id": 28009051
        },
        {
            "name": "写给黄淮",
            "artist": "邵帅",
            "id": 1334295185
        },
        {
            "name": "看得最远的地方",
            "artist": "毛不易",
            "id": 1953125353
        },
        {
            "name": "他爱他",
            "artist": "一支榴莲",
            "id": 1470255607
        },
        {
            "name": "当爱在靠近",
            "artist": "刘若英",
            "id": 254460
        },
        {
            "name": "人世间",
            "artist": "雷佳",
            "id": 1915875397
        },
        {
            "name": "慢半拍",
            "artist": "薛之谦",
            "id": 1374061028
        },
        {
            "name": "勿忘我",
            "artist": "要不要买菜",
            "id": 1449176353
        },
        {
            "name": "负重一万斤长大",
            "artist": "太一",
            "id": 1406686876
        },
        {
            "name": "马",
            "artist": "福禄寿FloruitShow",
            "id": 1345353903
        },
        {
            "name": "我用什么把你留住",
            "artist": "福禄寿FloruitShow",
            "id": 1306923998
        },
        {
            "name": "起风了",
            "artist": "买辣椒也用券",
            "id": 1330348068
        },
        {
            "name": "晚风心里吹",
            "artist": "阿梨粤",
            "id": 1929370102
        },
        {
            "name": "溯 (Reverse)",
            "artist": "CORSAK胡梦周",
            "id": 1294951288
        },
        {
            "name": "在你的身边",
            "artist": "盛哲",
            "id": 475479888
        },
        {
            "name": "Bones",
            "artist": "Imagine Dragons",
            "id": 1927389937
        },
        {
            "name": "海市蜃楼",
            "artist": "Joysaaaa",
            "id": 1451675215
        },
        {
            "name": "Teenage Mona Lisa (feat. Aiden Adair)",
            "artist": "Alfie Castley",
            "id": 1920396901
        },
        {
            "name": "浪漫血液",
            "artist": "林俊杰",
            "id": 29850683
        },
        {
            "name": "再见莫妮卡",
            "artist": "彭席彦",
            "id": 1824045033
        },
        {
            "name": "给你一瓶魔法药水",
            "artist": "告五人",
            "id": 1959667345
        },
        {
            "name": "唯一",
            "artist": "告五人",
            "id": 1807799505
        },
        {
            "name": "带我去找夜生活",
            "artist": "告五人",
            "id": 1410647903
        },
        {
            "name": "温蒂公主的侍卫",
            "artist": "告五人",
            "id": 1807796555
        },
        {
            "name": "披星戴月的想你",
            "artist": "告五人",
            "id": 1317457805
        },
        {
            "name": "爱在夏天",
            "artist": "告五人",
            "id": 563563366
        },
        {
            "name": "法兰西多士",
            "artist": "告五人",
            "id": 1368753797
        },
        {
            "name": "好不容易",
            "artist": "告五人",
            "id": 1902251868
        },
        {
            "name": "丑人多作怪",
            "artist": "告五人",
            "id": 1807796549
        },
        {
            "name": "红",
            "artist": "告五人",
            "id": 1368756097
        },
        {
            "name": "与海无关",
            "artist": "告五人",
            "id": 1807799506
        },
        {
            "name": "我以为你不会出现",
            "artist": "告五人",
            "id": 1948145018
        },
        {
            "name": "在这座城市遗失了你",
            "artist": "告五人",
            "id": 1807799504
        },
        {
            "name": "夜里无星",
            "artist": "告五人",
            "id": 1368754722
        },
        {
            "name": "寂寞留白",
            "artist": "告五人",
            "id": 1892514735
        },
        {
            "name": "安和桥",
            "artist": "宋冬野",
            "id": 27646205
        },
        {
            "name": "董小姐",
            "artist": "宋冬野",
            "id": 27646198
        },
        {
            "name": "斑马，斑马",
            "artist": "宋冬野",
            "id": 27646199
        },
        {
            "name": "郭源潮",
            "artist": "宋冬野",
            "id": 477251491
        },
        {
            "name": "莉莉安",
            "artist": "宋冬野",
            "id": 27646196
        },
        {
            "name": "鸽子",
            "artist": "宋冬野",
            "id": 27646197
        },
        {
            "name": "关忆北",
            "artist": "宋冬野",
            "id": 27646202
        },
        {
            "name": "我多想拥抱你",
            "artist": "黑屋乐队",
            "id": 1959668190
        },
        {
            "name": "通宵",
            "artist": "直火帮_谢子通",
            "id": 1459439332
        },
        {
            "name": "必杀技",
            "artist": "古巨基",
            "id": 86943
        },
        {
            "name": "极爱自己",
            "artist": "陈冠希",
            "id": 66451
        },
        {
            "name": "遠古秦琴~续",
            "artist": "许明",
            "id": 1384778262
        },
        {
            "name": "11",
            "artist": "队长",
            "id": 1907766514
        },
        {
            "name": "哪里都是你",
            "artist": "队长",
            "id": 488249475
        },
        {
            "name": "别怕变老 (Live)",
            "artist": "王以太",
            "id": 1962364527
        },
        {
            "name": "青春的颜色",
            "artist": "曾子岚",
            "id": 27612538
        },
        {
            "name": "寻常岁月诗",
            "artist": "柏松",
            "id": 1415663223
        },
        {
            "name": "面会菜",
            "artist": "林生祥",
            "id": 484056997
        },
        {
            "name": "爱人错过",
            "artist": "告五人",
            "id": 1368754688
        },
        {
            "name": "漠河舞厅·2022",
            "artist": "柳爽",
            "id": 1894094482
        },
        {
            "name": "踏浪",
            "artist": "徐怀钰",
            "id": 308212
        },
        {
            "name": "如果当时",
            "artist": "许嵩",
            "id": 167870
        },
        {
            "name": "初恋情人",
            "artist": "刘小慧",
            "id": 263720
        },
        {
            "name": "差你一次旅行",
            "artist": "翁大涵",
            "id": 429461907
        },
        {
            "name": "平凡的一天",
            "artist": "毛不易",
            "id": 569214247
        },
        {
            "name": "再见,再见",
            "artist": "逃跑计划",
            "id": 25706285
        },
        {
            "name": "一万次悲伤",
            "artist": "逃跑计划",
            "id": 25706279
        },
        {
            "name": "悬溺",
            "artist": "葛东琪",
            "id": 1397345903
        },
        {
            "name": "彩云之南(合唱完整版)",
            "artist": "兮雅",
            "id": 1831459262
        },
        {
            "name": "Don't Break My Heart",
            "artist": "黑豹乐队",
            "id": 357263
        },
        {
            "name": "无地自容",
            "artist": "黑豹乐队",
            "id": 357279
        },
        {
            "name": "一程山路",
            "artist": "毛不易",
            "id": 1417849873
        },
        {
            "name": "原谅",
            "artist": "张玉华",
            "id": 329336
        },
        {
            "name": "保留",
            "artist": "郭顶",
            "id": 442869203
        },
        {
            "name": "东北民谣",
            "artist": "毛不易",
            "id": 1411558182
        },
        {
            "name": "他不懂",
            "artist": "张杰",
            "id": 28059417
        },
        {
            "name": "太阳",
            "artist": "王巨星",
            "id": 1385856956
        },
        {
            "name": "生活在别处的你 Another me",
            "artist": "毛不易",
            "id": 1860567964
        },
        {
            "name": "为你唱首歌",
            "artist": "痛仰乐队",
            "id": 381858
        },
        {
            "name": "这是我一生中最勇敢的瞬间",
            "artist": "棱镜乐队",
            "id": 1366216050
        },
        {
            "name": "中毒",
            "artist": "野区歌神",
            "id": 863109097
        },
        {
            "name": "留君遥",
            "artist": "毕然",
            "id": 1360405192
        },
        {
            "name": "这世界那么多人",
            "artist": "莫文蔚",
            "id": 1842025914
        },
        {
            "name": "茫",
            "artist": "李润祺",
            "id": 1495058484
        },
        {
            "name": "凤凰花开的路口",
            "artist": "林志炫",
            "id": 109734
        },
        {
            "name": "有心人",
            "artist": "张国荣",
            "id": 29343372
        },
        {
            "name": "爱与诚",
            "artist": "古巨基",
            "id": 86503
        },
        {
            "name": "爱得太迟",
            "artist": "古巨基",
            "id": 5240533
        },
        {
            "name": "找到你是我最伟大的成功",
            "artist": "古巨基",
            "id": 34614664
        },
        {
            "name": "相爱很难",
            "artist": "梅艳芳",
            "id": 36861904
        },
        {
            "name": "爱情没有刚刚好",
            "artist": "李代沫",
            "id": 28256943
        },
        {
            "name": "The Nights",
            "artist": "Avicii",
            "id": 1847406619
        },
        {
            "name": "倾城 (Live)",
            "artist": "陈奕迅",
            "id": 27867449
        },
        {
            "name": "人来人往 (Live)",
            "artist": "陈奕迅",
            "id": 65923
        },
        {
            "name": "约定(Live)",
            "artist": "陈奕迅",
            "id": 64443
        },
        {
            "name": "断线",
            "artist": "Shang",
            "id": 496370620
        },
        {
            "name": "我说今晚月光那么美,你说是的",
            "artist": "好妹妹",
            "id": 26427666
        },
        {
            "name": "尚好的青春",
            "artist": "孙燕姿",
            "id": 28283346
        },
        {
            "name": "不为谁而作的歌",
            "artist": "林俊杰",
            "id": 486194136
        },
        {
            "name": "蜂鸟",
            "artist": "吴青峰",
            "id": 1348568908
        },
        {
            "name": "我们",
            "artist": "陈奕迅",
            "id": 551816010
        },
        {
            "name": "雾里",
            "artist": "姚六一",
            "id": 1815085049
        },
        {
            "name": "无赖",
            "artist": "郑中基",
            "id": 191171
        },
        {
            "name": "万疆",
            "artist": "李玉刚",
            "id": 1840861309
        },
        {
            "name": "二零三",
            "artist": "毛不易",
            "id": 1407214788
        },
        {
            "name": "给自己的歌",
            "artist": "李宗盛",
            "id": 394670
        },
        {
            "name": "了",
            "artist": "一支榴莲",
            "id": 1427609391
        },
        {
            "name": "玫瑰",
            "artist": "要不要买菜",
            "id": 1439121983
        },
        {
            "name": "记事本",
            "artist": "陈慧琳",
            "id": 189986
        },
        {
            "name": "地尽头",
            "artist": "关淑怡",
            "id": 234252
        },
        {
            "name": "灰姑娘",
            "artist": "梁咏琪",
            "id": 255589
        },
        {
            "name": "虞兮叹",
            "artist": "闻人听書_",
            "id": 1479526505
        },
        {
            "name": "爱就一个字",
            "artist": "张信哲",
            "id": 33599439
        },
        {
            "name": "归来",
            "artist": "满江",
            "id": 403710591
        },
        {
            "name": "人生何处不相逢",
            "artist": "陈慧娴",
            "id": 212253
        },
        {
            "name": "红山果",
            "artist": "安与骑兵",
            "id": 27571483
        },
        {
            "name": "好想爱这个世界啊 (Live)",
            "artist": "华晨宇",
            "id": 1436910205
        },
        {
            "name": "回电我",
            "artist": "卫兰",
            "id": 25657578
        },
        {
            "name": "别怕我伤心",
            "artist": "张信哲",
            "id": 186385
        },
        {
            "name": "那就晚安",
            "artist": "尚士达",
            "id": 1373225817
        },
        {
            "name": "无骨无花，无我无他",
            "artist": "尚东峰",
            "id": 863706084
        },
        {
            "name": "人间城",
            "artist": "王贰浪",
            "id": 1377574592
        },
        {
            "name": "雪下的时候",
            "artist": "乔佳旭",
            "id": 1417143120
        },
        {
            "name": "秋夜之曲",
            "artist": "李源田",
            "id": 1352615199
        },
        {
            "name": "秋天不回来 ",
            "artist": "刘大壮",
            "id": 1489064589
        },
        {
            "name": "若把你",
            "artist": "Kirsty刘瑾睿",
            "id": 865632948
        },
        {
            "name": "我好像在哪见过你",
            "artist": "薛之谦",
            "id": 417859631
        },
        {
            "name": "半点心",
            "artist": "草蜢",
            "id": 349981
        },
        {
            "name": "失恋",
            "artist": "草蜢",
            "id": 349079
        },
        {
            "name": "尘埃",
            "artist": "王菲",
            "id": 422132597
        },
        {
            "name": "旋木",
            "artist": "王菲",
            "id": 299264
        },
        {
            "name": "流年",
            "artist": "王菲",
            "id": 299445
        },
        {
            "name": "笑忘书",
            "artist": "王菲",
            "id": 299601
        },
        {
            "name": "传奇",
            "artist": "王菲",
            "id": 298838
        },
        {
            "name": "你在终点等我",
            "artist": "王菲",
            "id": 431357712
        },
        {
            "name": "红豆",
            "artist": "王菲",
            "id": 299936
        },
        {
            "name": "人间",
            "artist": "王菲",
            "id": 300062
        },
        {
            "name": "因为爱情",
            "artist": "陈奕迅",
            "id": 64317
        },
        {
            "name": "匆匆那年",
            "artist": "王菲",
            "id": 31514406
        },
        {
            "name": "容易受伤的女人",
            "artist": "王菲",
            "id": 298880
        },
        {
            "name": "约定",
            "artist": "王菲",
            "id": 299116
        },
        {
            "name": "矜持",
            "artist": "王菲",
            "id": 300129
        },
        {
            "name": "暗涌",
            "artist": "王菲",
            "id": 300136
        },
        {
            "name": "暧昧",
            "artist": "王菲",
            "id": 299981
        },
        {
            "name": "再见杰克",
            "artist": "痛仰乐队",
            "id": 381821
        },
        {
            "name": "天若有情",
            "artist": "袁凤瑛",
            "id": 347705
        },
        {
            "name": "三千年前",
            "artist": "关淑怡",
            "id": 234263
        },
        {
            "name": "一起走过的日子",
            "artist": "刘德华",
            "id": 113075
        },
        {
            "name": "暗里着迷 (Live)",
            "artist": "刘德华",
            "id": 29723022
        },
        {
            "name": "寂寞先生",
            "artist": "曹格",
            "id": 63538
        },
        {
            "name": "寂寞先生",
            "artist": "马英伦",
            "id": 516571913
        },
        {
            "name": "怎么能忘了 (不插电)",
            "artist": "程响",
            "id": 1416772486
        },
        {
            "name": "人造流星",
            "artist": "邵帅",
            "id": 1413477626
        },
        {
            "name": "时光",
            "artist": "GloomyAngel 陈希桐",
            "id": 470520280
        },
        {
            "name": "顺流逆流",
            "artist": "徐小凤",
            "id": 28186082
        },
        {
            "name": "七友",
            "artist": "梁汉文",
            "id": 118261
        },
        {
            "name": "钟无艳",
            "artist": "谢安琪",
            "id": 308353
        },
        {
            "name": "吴哥窟",
            "artist": "吴雨霏",
            "id": 298258
        },
        {
            "name": "山水之间",
            "artist": "许嵩",
            "id": 28802028
        },
        {
            "name": "逆流时光",
            "artist": "安图声乐队",
            "id": 30394202
        },
        {
            "name": "囚鸟（抖音版）",
            "artist": "杰克船长",
            "id": 1398305777
        },
        {
            "name": "春夏秋冬 A Balloon's Journey",
            "artist": "张国荣",
            "id": 1478435236
        },
        {
            "name": "大眠 (完整版)",
            "artist": "小乐哥（王唯乐）",
            "id": 1413142894
        },
        {
            "name": "日落大道",
            "artist": "梁博",
            "id": 36392029
        },
        {
            "name": "甜葡萄 红眼睛",
            "artist": "Jony J",
            "id": 491065931
        },
        {
            "name": "情难枕",
            "artist": "阿虾",
            "id": 1401267763
        },
        {
            "name": "半夜里的歌",
            "artist": "孟大宝",
            "id": 548054997
        },
        {
            "name": "宁配吗",
            "artist": "药水哥",
            "id": 1471049184
        },
        {
            "name": "《表态》（翻自 梁博）（翻自 梁博） ",
            "artist": "陈同学",
            "id": 1377767011
        },
        {
            "name": "平淡日子里的刺",
            "artist": "宋冬野",
            "id": 27808295
        },
        {
            "name": "迷途羔羊",
            "artist": "张震岳",
            "id": 454698657
        },
        {
            "name": "用尽我的一切奔向你",
            "artist": "周笔畅",
            "id": 489770143
        },
        {
            "name": "春夏秋冬的你",
            "artist": "王宇良",
            "id": 412175360
        },
        {
            "name": "如果有一天我变得很有钱",
            "artist": "毛不易",
            "id": 569214252
        },
        {
            "name": "琴师",
            "artist": "要不要买菜",
            "id": 1406119516
        },
        {
            "name": "爱的代价",
            "artist": "李宗盛",
            "id": 108299
        },
        {
            "name": "223's Feat YNW Melly (Produced By Rocco & Glokknine)",
            "artist": "9lokknine",
            "id": 1334296095
        },
        {
            "name": "lalala (prod. y2k)",
            "artist": "bbno$",
            "id": 1370228117
        },
        {
            "name": "问",
            "artist": "林忆莲",
            "id": 255950
        },
        {
            "name": "心事",
            "artist": "徐秉龙",
            "id": 1294899029
        },
        {
            "name": "多情种",
            "artist": "要不要买菜",
            "id": 1398508295
        },
        {
            "name": "Mr. Bentley",
            "artist": "KnowKnow",
            "id": 1408941727
        },
        {
            "name": "不小心",
            "artist": "陈尤利",
            "id": 538538312
        },
        {
            "name": "这城市风总是很大",
            "artist": "枯木逢春",
            "id": 1378945187
        },
        {
            "name": "如果没有你",
            "artist": "李代沫",
            "id": 25641187
        },
        {
            "name": "我最亲爱的",
            "artist": "李代沫",
            "id": 25657367
        },
        {
            "name": "我是不是你最疼爱的人",
            "artist": "李代沫",
            "id": 25657364
        },
        {
            "name": "旧账",
            "artist": "文夫",
            "id": 1351615757
        },
        {
            "name": "孤芒",
            "artist": "王帝",
            "id": 400876412
        },
        {
            "name": "逝去日子(Live)",
            "artist": "谢安琪",
            "id": 308276
        },
        {
            "name": "海底",
            "artist": "一支榴莲",
            "id": 1426649237
        },
        {
            "name": "DEAR JOHN",
            "artist": "比莉",
            "id": 207497
        },
        {
            "name": "写给自己的",
            "artist": "刘梓炎",
            "id": 523355848
        },
        {
            "name": "呓语",
            "artist": "毛不易",
            "id": 1417862046
        },
        {
            "name": "不要了",
            "artist": "宇西",
            "id": 1323303656
        },
        {
            "name": "冬眠",
            "artist": "司南",
            "id": 1398663411
        },
        {
            "name": "句号",
            "artist": "G.E.M.邓紫棋",
            "id": 1405283464
        },
        {
            "name": "还是分开",
            "artist": "张叶蕾",
            "id": 465921195
        },
        {
            "name": "盛夏",
            "artist": "毛不易",
            "id": 569212211
        },
        {
            "name": "独居男子",
            "artist": "沈以诚",
            "id": 1347692190
        },
        {
            "name": "一荤一素",
            "artist": "毛不易",
            "id": 569200212
        },
        {
            "name": "逍遥游",
            "artist": "Hayrul海力",
            "id": 1359507281
        },
        {
            "name": "借",
            "artist": "毛不易",
            "id": 569214250
        },
        {
            "name": "鸦雀无声",
            "artist": "Ice Paper",
            "id": 1342823472
        },
        {
            "name": "白媚生",
            "artist": "Ice Paper",
            "id": 1327057005
        },
        {
            "name": "只只",
            "artist": "孟凡明",
            "id": 519136840
        },
        {
            "name": "棕旨",
            "artist": "Ice Paper",
            "id": 1321929928
        },
        {
            "name": "断桥记",
            "artist": "Round_2",
            "id": 1340192075
        },
        {
            "name": "Old Town Road",
            "artist": "Lil Nas X",
            "id": 1351219081
        },
        {
            "name": "望",
            "artist": "小时姑娘",
            "id": 507502138
        },
        {
            "name": "无心斗艳",
            "artist": "大布",
            "id": 1367609755
        },
        {
            "name": "世外桃源",
            "artist": "许巍",
            "id": 25657384
        },
        {
            "name": "有一种悲伤",
            "artist": "黄丽玲",
            "id": 1315718569
        },
        {
            "name": "Wrap Me in plastic（翻自 CHROMANCE） ",
            "artist": "koka",
            "id": 1392580896
        },
        {
            "name": "煙幕",
            "artist": "陈忻玥",
            "id": 528321045
        },
        {
            "name": "欠我个未来",
            "artist": "艾岩",
            "id": 1321378753
        },
        {
            "name": "通透",
            "artist": "陈亦云",
            "id": 548808659
        },
        {
            "name": "有幸",
            "artist": "赵砚卿",
            "id": 1382423403
        },
        {
            "name": "骨子里的我",
            "artist": "李代沫",
            "id": 26584214
        },
        {
            "name": "这就是爱情",
            "artist": "李代沫",
            "id": 516323185
        },
        {
            "name": "时迁",
            "artist": "耳朵玥",
            "id": 1384971398
        },
        {
            "name": "亦是此间少年（demo）",
            "artist": "枯木逢春",
            "id": 1316921651
        },
        {
            "name": "孤身",
            "artist": "徐秉龙",
            "id": 1365393542
        },
        {
            "name": "把孤独当做晚餐(翻自 群星) ",
            "artist": "井胧",
            "id": 1381969230
        },
        {
            "name": "你的答案",
            "artist": "阿冗",
            "id": 1400256289
        },
        {
            "name": "飞",
            "artist": "王恩信Est",
            "id": 1386259535
        },
        {
            "name": "我要找到你",
            "artist": "Zic子晨",
            "id": 1406642934
        },
        {
            "name": "华夏",
            "artist": "GAI周延",
            "id": 1360802561
        },
        {
            "name": "太多",
            "artist": "阿冗",
            "id": 1343756008
        },
        {
            "name": "麻雀",
            "artist": "李荣浩",
            "id": 1407551413
        },
        {
            "name": "酒空人醒",
            "artist": "李冠霖",
            "id": 1376149370
        },
        {
            "name": "The Sound Of Silence",
            "artist": "Simon & Garfunkel",
            "id": 27198279
        },
        {
            "name": "关于孤独我想说的话 ",
            "artist": "隔壁老樊",
            "id": 1346093140
        },
        {
            "name": "世间美好与你环环相扣",
            "artist": "柏松",
            "id": 1363948882
        },
        {
            "name": "余香",
            "artist": "张小九",
            "id": 487885426
        },
        {
            "name": "事关孤独",
            "artist": "马良",
            "id": 1361434698
        },
        {
            "name": "你是人间四月天",
            "artist": "邵帅",
            "id": 1344897943
        },
        {
            "name": "我在昨天的梦里又看见了你（demo）",
            "artist": "枯木逢春",
            "id": 1323106961
        },
        {
            "name": "千禧",
            "artist": "徐秉龙",
            "id": 522510615
        },
        {
            "name": "南下",
            "artist": "徐海俏",
            "id": 414706021
        },
        {
            "name": "我走后",
            "artist": "小咪",
            "id": 1370047789
        },
        {
            "name": "动物世界",
            "artist": "薛之谦",
            "id": 468517654
        },
        {
            "name": "失眠飞行",
            "artist": "接个吻，开一枪",
            "id": 1365898499
        },
        {
            "name": "出卖",
            "artist": "李荣浩",
            "id": 31134193
        },
        {
            "name": "这一生关于你的风景",
            "artist": "枯木逢春",
            "id": 1356350562
        },
        {
            "name": "这一生关于你的风景",
            "artist": "隔壁老樊",
            "id": 1383927243
        },
        {
            "name": "第三人称",
            "artist": "买辣椒也用券",
            "id": 502043537
        },
        {
            "name": "暗恋是一个人的事",
            "artist": "宿羽阳",
            "id": 1380075991
        },
        {
            "name": "山楂树之恋",
            "artist": "程佳佳",
            "id": 1381755293
        },
        {
            "name": "芒种",
            "artist": "音阙诗听",
            "id": 1369798757
        },
        {
            "name": "画 (Live Piano Session II)",
            "artist": "G.E.M.邓紫棋",
            "id": 412911436
        },
        {
            "name": "庆功酒(Jungle Juice)",
            "artist": "FOX胡天渝",
            "id": 562118482
        },
        {
            "name": "飞行随笔(Airplane Freestyle)",
            "artist": "FOX胡天渝",
            "id": 1320100120
        },
        {
            "name": "高山低谷",
            "artist": "林奕匡",
            "id": 28457932
        },
        {
            "name": "我们俩",
            "artist": "郭顶",
            "id": 85571
        },
        {
            "name": "人间不值得",
            "artist": "黄诗扶",
            "id": 1340543218
        },
        {
            "name": "我的名字",
            "artist": "焦迈奇",
            "id": 554241732
        },
        {
            "name": "四块五",
            "artist": "隔壁老樊",
            "id": 1365221826
        },
        {
            "name": "Bridge of Faith",
            "artist": "王力宏",
            "id": 461519911
        },
        {
            "name": "蝴蝶泉边",
            "artist": "黄雅莉",
            "id": 239682
        },
        {
            "name": "那个女孩",
            "artist": "张泽熙",
            "id": 1300994613
        },
        {
            "name": "生而为人",
            "artist": "尚士达",
            "id": 1335350269
        },
        {
            "name": "独行侠",
            "artist": "宋恩泽YKEY",
            "id": 462769331
        },
        {
            "name": "传闻",
            "artist": "周柏豪",
            "id": 400075263
        },
        {
            "name": "赧(nǎn)然的贼",
            "artist": "焦迈奇",
            "id": 507014930
        },
        {
            "name": "爱江山更爱美人",
            "artist": "阿虾",
            "id": 1358554236
        },
        {
            "name": "爸爸妈妈",
            "artist": "李荣浩",
            "id": 407450223
        },
        {
            "name": "最近 (正式版)",
            "artist": "王小帅",
            "id": 1357825630
        },
        {
            "name": "归去来兮",
            "artist": "花粥",
            "id": 1357999894
        },
        {
            "name": "心如止水",
            "artist": "Ice Paper",
            "id": 1349292048
        },
        {
            "name": "最初的梦想",
            "artist": "金玟岐",
            "id": 28892385
        },
        {
            "name": "不露声色",
            "artist": "Jam",
            "id": 470759757
        },
        {
            "name": "不必在乎我是谁",
            "artist": "林忆莲",
            "id": 257202
        },
        {
            "name": "野孩子",
            "artist": "杨千嬅",
            "id": 316486
        },
        {
            "name": "暗淡的是你曾温柔的小动作",
            "artist": "太一",
            "id": 552142155
        },
        {
            "name": "你的姑娘",
            "artist": "隔壁老樊",
            "id": 1356499052
        },
        {
            "name": "多想在平庸的生活拥抱你",
            "artist": "隔壁老樊",
            "id": 1346104327
        },
        {
            "name": "杀死那个石家庄人",
            "artist": "万能青年旅店",
            "id": 386844
        },
        {
            "name": "你的酒馆对我打了烊",
            "artist": "陈雪凝",
            "id": 1341964346
        },
        {
            "name": "只是太爱你",
            "artist": "张敬轩",
            "id": 28111646
        },
        {
            "name": "像暗杀似的绕到背后突然拥抱你",
            "artist": "太一",
            "id": 520482501
        },
        {
            "name": "盛夏的果实",
            "artist": "莫文蔚",
            "id": 27937429
        },
        {
            "name": "晚安",
            "artist": "丢火车",
            "id": 34923114
        },
        {
            "name": "最近",
            "artist": "王小帅",
            "id": 1350364033
        },
        {
            "name": "绿色",
            "artist": "陈雪凝",
            "id": 1345848098
        },
        {
            "name": "胆小鬼",
            "artist": "梁咏琪",
            "id": 255907
        },
        {
            "name": "小宇",
            "artist": "张震岳",
            "id": 185712
        },
        {
            "name": "你还怕大雨吗",
            "artist": "周柏豪",
            "id": 27646409
        },
        {
            "name": "安和桥（Cover 宋冬野）",
            "artist": "宇西",
            "id": 416892296
        },
        {
            "name": "不甘心的甘愿",
            "artist": "邵帅",
            "id": 1340678372
        },
        {
            "name": "我曾",
            "artist": "隔壁老樊",
            "id": 1336856777
        },
        {
            "name": "写给黄淮（女版吉他弹唱）",
            "artist": "我是张怡啊",
            "id": 1331618583
        },
        {
            "name": "桥豆麻袋",
            "artist": "陈粒",
            "id": 421563713
        },
        {
            "name": "陈小姐的话",
            "artist": "楚胜尧",
            "id": 569012732
        },
        {
            "name": "醉仙美",
            "artist": "娜美",
            "id": 1338146682
        },
        {
            "name": "相思",
            "artist": "毛阿敏",
            "id": 276294
        },
        {
            "name": "小城谣",
            "artist": "胡碧乔",
            "id": 34017157
        },
        {
            "name": "长河",
            "artist": "C-BLOCK",
            "id": 553815246
        },
        {
            "name": "Jason.c - Earthquake(Jason.c Extended Mix)",
            "artist": "Jason.c",
            "id": 487387216
        },
        {
            "name": "未妨惆怅是清狂",
            "artist": "太一",
            "id": 534699268
        },
        {
            "name": "（笑）",
            "artist": "太一",
            "id": 526646591
        },
        {
            "name": "你是年少的欢喜",
            "artist": "孟大C",
            "id": 1300423173
        },
        {
            "name": "天份",
            "artist": "薛之谦",
            "id": 1334647784
        },
        {
            "name": "写给黄淮（demo）",
            "artist": "邵帅",
            "id": 1306400549
        },
        {
            "name": "你要的爱",
            "artist": "戴佩妮",
            "id": 223994
        },
        {
            "name": "爱的故事(上)",
            "artist": "孙耀威",
            "id": 147030
        },
        {
            "name": "你一定要幸福",
            "artist": "何洁",
            "id": 4874159
        },
        {
            "name": "再见",
            "artist": "张震岳",
            "id": 185726
        },
        {
            "name": "这些民谣-一次听个够",
            "artist": "翁大涵",
            "id": 526763682
        },
        {
            "name": "拿走了什么",
            "artist": "黄丽玲",
            "id": 29897546
        },
        {
            "name": "像我这样的人",
            "artist": "毛不易",
            "id": 569213220
        },
        {
            "name": "浪子回头",
            "artist": "王玉萌",
            "id": 1323304621
        },
        {
            "name": "幻听",
            "artist": "许嵩",
            "id": 167655
        },
        {
            "name": "停格",
            "artist": "蔡健雅",
            "id": 30590559
        },
        {
            "name": "心動",
            "artist": "陈洁仪",
            "id": 210281
        },
        {
            "name": "怎样",
            "artist": "戴佩妮",
            "id": 224000
        },
        {
            "name": "月牙湾",
            "artist": "F.I.R.",
            "id": 354352
        },
        {
            "name": "一个人想著一个人",
            "artist": "曾沛慈",
            "id": 25714102
        },
        {
            "name": "不在",
            "artist": "韩安旭",
            "id": 541511427
        },
        {
            "name": "侧脸",
            "artist": "于果",
            "id": 534542079
        },
        {
            "name": "活该",
            "artist": "徐真真",
            "id": 1313107233
        },
        {
            "name": "如也",
            "artist": "陈粒",
            "id": 30431374
        },
        {
            "name": "妙龄童",
            "artist": "陈粒",
            "id": 29979822
        },
        {
            "name": "祝星",
            "artist": "陈粒",
            "id": 29753832
        },
        {
            "name": "历历万乡",
            "artist": "陈粒",
            "id": 29535531
        },
        {
            "name": "光",
            "artist": "陈粒",
            "id": 30431364
        },
        {
            "name": "奇妙能力歌",
            "artist": "陈粒",
            "id": 30431366
        },
        {
            "name": "虚拟",
            "artist": "陈粒",
            "id": 421423808
        },
        {
            "name": "走马",
            "artist": "陈粒",
            "id": 30431367
        },
        {
            "name": "小半",
            "artist": "陈粒",
            "id": 421423806
        },
        {
            "name": "光明",
            "artist": "谭茜",
            "id": 34280405
        },
        {
            "name": "雨巷",
            "artist": "崔开潮",
            "id": 557583044
        },
        {
            "name": "冬天时我喜欢靠近温暖的事",
            "artist": "宿羽阳",
            "id": 534385863
        },
        {
            "name": "Hero (feat. Christina Perri)",
            "artist": "Cash Cash",
            "id": 418603096
        },
        {
            "name": "十一种孤独",
            "artist": "宿羽阳",
            "id": 546722350
        },
        {
            "name": "说书人",
            "artist": "暗杠",
            "id": 1303019637
        },
        {
            "name": "Never Be Alone / Hey There Delilah (Live At Madison Square Garden/ 2016 / Medley)",
            "artist": "Shawn Mendes",
            "id": 448157854
        },
        {
            "name": "人生",
            "artist": "夏小虎",
            "id": 41664790
        },
        {
            "name": "晚睡的姑娘",
            "artist": "周新诚",
            "id": 455995743
        },
        {
            "name": "北方的女王(demo)",
            "artist": "尧十三",
            "id": 28381611
        },
        {
            "name": "信仰",
            "artist": "Jony J",
            "id": 31260611
        },
        {
            "name": "很高兴认识你",
            "artist": "C-BLOCK",
            "id": 1318571230
        },
        {
            "name": "寂寞烟火",
            "artist": "朱婧汐Akini Jing",
            "id": 29357087
        },
        {
            "name": "出山",
            "artist": "花粥",
            "id": 1313354324
        },
        {
            "name": "漂 Part II (Live)",
            "artist": "那吾克热-NW",
            "id": 1306498048
        },
        {
            "name": "飘向北方 (Live)",
            "artist": "那吾克热-NW",
            "id": 1308818967
        },
        {
            "name": "只道寻常",
            "artist": "谢春花",
            "id": 450048216
        },
        {
            "name": "红蔷薇白玫瑰",
            "artist": "G.E.M.邓紫棋",
            "id": 420513158
        },
        {
            "name": "走歌人",
            "artist": "暗杠",
            "id": 418990139
        },
        {
            "name": "如约",
            "artist": "栗先达",
            "id": 546588939
        },
        {
            "name": "南方的我，北方的你",
            "artist": "王般若",
            "id": 426343036
        },
        {
            "name": "繁华之处",
            "artist": "栗先达",
            "id": 521780143
        },
        {
            "name": "十二",
            "artist": "留声玩具",
            "id": 404465600
        },
        {
            "name": "雅俗共赏",
            "artist": "许嵩",
            "id": 411214279
        },
        {
            "name": "可不可以",
            "artist": "张紫豪",
            "id": 553755659
        },
        {
            "name": "让我偷偷看你",
            "artist": "赵雷",
            "id": 33166602
        },
        {
            "name": "我还年轻 我还年轻",
            "artist": "老王乐队",
            "id": 509512457
        },
        {
            "name": "凌晨三点（demo）",
            "artist": "陈硕子",
            "id": 1306431916
        },
        {
            "name": "生活不止眼前苟且（翻自 许巍）",
            "artist": "刘镭",
            "id": 539667075
        },
        {
            "name": "我的一个道姑朋友（Cover タイナカ彩智）",
            "artist": "LON",
            "id": 533245911
        },
        {
            "name": "醒着醉",
            "artist": "马良",
            "id": 571338083
        },
        {
            "name": "八十年代的歌",
            "artist": "赵雷",
            "id": 447925066
        },
        {
            "name": "彩虹下面",
            "artist": "赵雷",
            "id": 1295824647
        },
        {
            "name": "我一定会爱上你",
            "artist": "谢春花",
            "id": 479219330
        },
        {
            "name": "盗将行",
            "artist": "花粥",
            "id": 574566207
        },
        {
            "name": "爱江山更爱美人",
            "artist": "李丽芬",
            "id": 256469
        },
        {
            "name": "当我要走的时候",
            "artist": "陈硕子",
            "id": 421563082
        },
        {
            "name": "这是你想要的生活吗",
            "artist": "房东的猫",
            "id": 1297750680
        },
        {
            "name": "往后余生",
            "artist": "王贰浪",
            "id": 571338279
        },
        {
            "name": "白桦林",
            "artist": "朴树",
            "id": 139385
        },
        {
            "name": "那些花儿",
            "artist": "朴树",
            "id": 139377
        },
        {
            "name": "庐州月",
            "artist": "许嵩",
            "id": 167850
        },
        {
            "name": "性空山",
            "artist": "陈粒",
            "id": 30051774
        },
        {
            "name": "白兰鸽巡游记",
            "artist": "丢火车",
            "id": 29593805
        },
        {
            "name": "贤良",
            "artist": "苏阳",
            "id": 145187
        },
        {
            "name": "你曾是少年",
            "artist": "好妹妹",
            "id": 26427663
        },
        {
            "name": "**的青春",
            "artist": "贰佰",
            "id": 28310921
        },
        {
            "name": "春的茉莉花开",
            "artist": "冯毅",
            "id": 521748481
        },
        {
            "name": "可能否",
            "artist": "木小雅",
            "id": 569214126
        },
        {
            "name": "至此流年各天涯",
            "artist": "我不理智",
            "id": 470057375
        },
        {
            "name": "车站 (Live)",
            "artist": "李健",
            "id": 31877636
        },
        {
            "name": "没忘",
            "artist": "栗先达",
            "id": 512727331
        },
        {
            "name": "相守",
            "artist": "栗先达",
            "id": 409650012
        },
        {
            "name": "觅香",
            "artist": "栗先达",
            "id": 507815173
        },
        {
            "name": "如常",
            "artist": "房东的猫",
            "id": 544713530
        },
        {
            "name": "美好事物",
            "artist": "房东的猫",
            "id": 417596830
        },
        {
            "name": "下一站茶山刘",
            "artist": "房东的猫",
            "id": 486188245
        },
        {
            "name": "云烟成雨",
            "artist": "房东的猫",
            "id": 513360721
        },
        {
            "name": "秋酿",
            "artist": "房东的猫",
            "id": 30635613
        },
        {
            "name": "茶底世界",
            "artist": "丢火车",
            "id": 27591444
        },
        {
            "name": "椿",
            "artist": "沈以诚",
            "id": 479598964
        },
        {
            "name": "朵",
            "artist": "赵雷",
            "id": 447926063
        },
        {
            "name": "玛丽",
            "artist": "赵雷",
            "id": 447925058
        },
        {
            "name": "吉姆餐厅",
            "artist": "赵雷",
            "id": 29567187
        },
        {
            "name": "化身孤岛的鲸",
            "artist": "不才",
            "id": 448184048
        },
        {
            "name": "你喜欢海却不喜欢山 ",
            "artist": "鹿先森乐队",
            "id": 431259341
        },
        {
            "name": "我们向往着哪里",
            "artist": "马潇",
            "id": 490602330
        },
        {
            "name": "很久以前",
            "artist": "鹿先森乐队",
            "id": 412493245
        },
        {
            "name": "关于南方破碎的理想",
            "artist": "老四叔",
            "id": 420400344
        },
        {
            "name": "生如夏花",
            "artist": "朴树",
            "id": 139357
        },
        {
            "name": "华年",
            "artist": "鹿先森乐队",
            "id": 542667160
        },
        {
            "name": "自拔",
            "artist": "夏小虎",
            "id": 406000222
        },
        {
            "name": "热勇",
            "artist": "栗先达",
            "id": 423015580
        },
        {
            "name": "三十岁的女人",
            "artist": "赵雷",
            "id": 29567191
        },
        {
            "name": "一个人的朝圣",
            "artist": "徐大乐",
            "id": 32272627
        },
        {
            "name": "阿刁",
            "artist": "赵雷",
            "id": 447925059
        },
        {
            "name": "十九岁",
            "artist": "赵雷",
            "id": 530995556
        },
        {
            "name": "BINGBIAN病变（prod.jurrivh）",
            "artist": "Cubi",
            "id": 486218073
        },
        {
            "name": "Five Hundred Miles（500英里）",
            "artist": "水冰火星",
            "id": 456869610
        },
        {
            "name": "男孩",
            "artist": "梁博",
            "id": 482988834
        },
        {
            "name": "父亲写的散文诗",
            "artist": "许飞",
            "id": 417250673
        },
        {
            "name": "广东十年爱情故事",
            "artist": "广东雨神",
            "id": 513791211
        },
        {
            "name": "声声慢",
            "artist": "崔开潮",
            "id": 439139384
        },
        {
            "name": "家",
            "artist": "许巍",
            "id": 167751
        },
        {
            "name": "故乡",
            "artist": "许巍",
            "id": 168053
        },
        {
            "name": "我们的时光",
            "artist": "赵雷",
            "id": 29567193
        },
        {
            "name": "认真地老去",
            "artist": "张希",
            "id": 461080452
        },
        {
            "name": "一如年少模样",
            "artist": "陈鸿宇",
            "id": 463157222
        },
        {
            "name": "逝年",
            "artist": "夏小虎",
            "id": 32957955
        },
        {
            "name": "北方",
            "artist": "倪健",
            "id": 41640165
        },
        {
            "name": "我从崖边跌落",
            "artist": "谢春花",
            "id": 415086030
        },
        {
            "name": "锦鲤抄",
            "artist": "银临",
            "id": 28188434
        },
        {
            "name": "借我",
            "artist": "谢春花",
            "id": 408814900
        },
        {
            "name": "去大理",
            "artist": "黄渤",
            "id": 29357101
        },
        {
            "name": "贝加尔湖畔",
            "artist": "李健",
            "id": 109998
        },
        {
            "name": "南瓜饼子店",
            "artist": "Jam",
            "id": 36117834
        },
        {
            "name": "我唯一青春里的路人",
            "artist": "陈雪凝",
            "id": 474922552
        },
        {
            "name": "突然想到理想这个词",
            "artist": "郝云",
            "id": 93562
        },
        {
            "name": "十点半的地铁",
            "artist": "刘锦泽",
            "id": 445144811
        },
        {
            "name": "故梦（Cover 橙翼）",
            "artist": "双笙（陈元汐）",
            "id": 409654891
        },
        {
            "name": "理想",
            "artist": "赵雷",
            "id": 29567189
        },
        {
            "name": "不找了",
            "artist": "郭旭",
            "id": 29850531
        },
        {
            "name": "再见吧喵小姐（翻自 王晓天）",
            "artist": "姜贰拾",
            "id": 33920046
        },
        {
            "name": "这个年纪",
            "artist": "齐一",
            "id": 35476049
        },
        {
            "name": "春风十里",
            "artist": "鹿先森乐队",
            "id": 38576323
        },
        {
            "name": "成都",
            "artist": "赵雷",
            "id": 436514312
        },
        {
            "name": "南方姑娘",
            "artist": "赵雷",
            "id": 202373
        },
        {
            "name": "理想三旬",
            "artist": "陈鸿宇",
            "id": 31445772
        },
        {
            "name": "易燃易爆炸",
            "artist": "陈粒",
            "id": 30431376
        },
        {
            "name": "老街",
            "artist": "李荣浩",
            "id": 133998
        }
    ]
}