{
    "playlist_info": {
        "name": "学霸必备:静心凝神提高写作效率",
        "trackcount": 75,
        "playcount": 715972,
        "creator": "来日相聚就是缘",
        "createDate": "2021-12-12",
        "heat": 1270.0
    },
    "songs": [
        {
            "name": "⅞",
            "artist": "紫薯米昔",
            "id": 1811895987
        },
        {
            "name": "✘",
            "artist": "紫薯米昔",
            "id": 1814473634
        },
        {
            "name": "傘が泣",
            "artist": "月海花千野",
            "id": 1428038847
        },
        {
            "name": "▬終於〓",
            "artist": "KIND",
            "id": 1481975233
        },
        {
            "name": "烟花落",
            "artist": "DarkSpirit",
            "id": 1314010312
        },
        {
            "name": "白云外",
            "artist": "三号樵夫",
            "id": 1424249495
        },
        {
            "name": "可惜我們不會再見了",
            "artist": "Seto",
            "id": 1465084366
        },
        {
            "name": "⅝",
            "artist": "紫薯米昔",
            "id": 1816258891
        },
        {
            "name": "星尘",
            "artist": "温野",
            "id": 1345821920
        },
        {
            "name": "セ",
            "artist": "紫薯米昔",
            "id": 1878868565
        },
        {
            "name": "夏の癒し曲",
            "artist": "Max Daniel",
            "id": 1324453694
        },
        {
            "name": "暮秋沉眠",
            "artist": "MoreanP",
            "id": 1480584786
        },
        {
            "name": "沫云",
            "artist": "MoFeansy",
            "id": 1464027963
        },
        {
            "name": "最後の命",
            "artist": "小瀬村晶",
            "id": 29498694
        },
        {
            "name": "落月随山隐",
            "artist": "饭碗的彼岸",
            "id": 1333365172
        },
        {
            "name": "轻柔海风",
            "artist": "smile丶轩",
            "id": 1450672287
        },
        {
            "name": "青花灯",
            "artist": "依旧在雨中等你",
            "id": 1819706843
        },
        {
            "name": "世界末日前一天",
            "artist": "温子琛",
            "id": 1478276986
        },
        {
            "name": "我 在 時 間 尽 头 等 你",
            "artist": "三石阿",
            "id": 1501139180
        },
        {
            "name": "“枫”她会对我说谎吗",
            "artist": "小新",
            "id": 1496136100
        },
        {
            "name": "《夜色钢琴曲》等你的季节",
            "artist": "赵海洋",
            "id": 31081015
        },
        {
            "name": "君の明日について",
            "artist": "春野杉卉",
            "id": 1404691013
        },
        {
            "name": "冬天 雪 车站 夜",
            "artist": "拿花负荷",
            "id": 1806141428
        },
        {
            "name": "爱就像世界奇迹",
            "artist": "藏了很久很久",
            "id": 1416438377
        },
        {
            "name": "沧海不可期",
            "artist": "彭柏德",
            "id": 1425409332
        },
        {
            "name": "弱酸星系",
            "artist": "灰澈",
            "id": 1431047340
        },
        {
            "name": "四月樱花",
            "artist": "dylanf",
            "id": 1355079681
        },
        {
            "name": "双向奔赴",
            "artist": "毛亦周",
            "id": 1482169063
        },
        {
            "name": "怦然心动",
            "artist": "Hea2t",
            "id": 1495126400
        },
        {
            "name": "柠檬树下",
            "artist": "dylanf",
            "id": 1351936553
        },
        {
            "name": "纯纯的夏天",
            "artist": "LIKPIA",
            "id": 519870772
        },
        {
            "name": "采渡银河",
            "artist": "意陈陈陈",
            "id": 1469497458
        },
        {
            "name": "星茶会",
            "artist": "灰澈",
            "id": 492390949
        },
        {
            "name": "花海",
            "artist": "八月夜空",
            "id": 1808600618
        },
        {
            "name": "Tenderness",
            "artist": "Delos",
            "id": 1449763701
        },
        {
            "name": "♡",
            "artist": "Xxankid",
            "id": 571693353
        },
        {
            "name": "nop",
            "artist": "陈越龙",
            "id": 1427725543
        },
        {
            "name": "春语",
            "artist": "钱晨航",
            "id": 546167846
        },
        {
            "name": "winter",
            "artist": "千万般遗憾",
            "id": 1435103349
        },
        {
            "name": "Lovely♡",
            "artist": "LinG",
            "id": 1436536918
        },
        {
            "name": "Jazz Lounge",
            "artist": "Jazz Lounge",
            "id": 1327213933
        },
        {
            "name": "For Perfect Day",
            "artist": "Piano Love Songs",
            "id": 1379252215
        },
        {
            "name": "风中有朵雨做的云 Piano Ver.",
            "artist": "昼夜",
            "id": 1429250565
        },
        {
            "name": "ヽ｀ヽ｀、ヽ｀",
            "artist": "沙皮",
            "id": 1384447944
        },
        {
            "name": "秒 · 流云",
            "artist": "八云轨",
            "id": 1399286389
        },
        {
            "name": "秦时明月-飞雪玉花",
            "artist": "魏小涵",
            "id": 29812078
        },
        {
            "name": "夏日之梦",
            "artist": "傅许",
            "id": 429459844
        },
        {
            "name": "逃不开夏天",
            "artist": "余家仪",
            "id": 1346528158
        },
        {
            "name": "水灵",
            "artist": "喵步小雨中",
            "id": 508297343
        },
        {
            "name": "星辰坠入梦里",
            "artist": "Hea2t",
            "id": 1432435619
        },
        {
            "name": "夜街，骤雨和启明星",
            "artist": "鹤见江野",
            "id": 1429787173
        },
        {
            "name": "紫陽花",
            "artist": "glassmoon",
            "id": 35505031
        },
        {
            "name": "8月23日",
            "artist": "吴宇深",
            "id": 1304719349
        },
        {
            "name": "枫桥雨",
            "artist": "英复光",
            "id": 1369034842
        },
        {
            "name": "浮游于梦",
            "artist": "忘乡",
            "id": 404459371
        },
        {
            "name": "早上的雨",
            "artist": "N.K.杨凯",
            "id": 1409406543
        },
        {
            "name": "微风轻起，我喜欢你",
            "artist": "马路通",
            "id": 555422283
        },
        {
            "name": "天空边际游动的鱼",
            "artist": "沈奕秋",
            "id": 1379563063
        },
        {
            "name": "静かな夏",
            "artist": "春野杉卉",
            "id": 1380556360
        },
        {
            "name": "让我再睡5分钟",
            "artist": "爱喝柠檬茶的喵",
            "id": 1302155722
        },
        {
            "name": "雪的华尔兹",
            "artist": "舒暖暖",
            "id": 1807231003
        },
        {
            "name": "猫眼星云",
            "artist": "bankyya",
            "id": 1357582934
        },
        {
            "name": "天夜之上 月亮被嚼碎变化作星星",
            "artist": "夜秋",
            "id": 1441589392
        },
        {
            "name": "沉海",
            "artist": "壹勺籽糖",
            "id": 1457757707
        },
        {
            "name": "这就是爱吗",
            "artist": "魏欣宸",
            "id": 1420349595
        },
        {
            "name": "清月",
            "artist": "忘乡",
            "id": 410714365
        },
        {
            "name": "听海",
            "artist": "藏了很久很久",
            "id": 1443934873
        },
        {
            "name": "海鸥的夏天",
            "artist": "何石",
            "id": 1832606560
        },
        {
            "name": "秋风细雨，你我皆是过客",
            "artist": "叶轻衣",
            "id": 1412209212
        },
        {
            "name": "风的小径",
            "artist": "万能日记",
            "id": 1455273374
        },
        {
            "name": "☆═━┈",
            "artist": "沙皮",
            "id": 1428243647
        },
        {
            "name": "Many Moons Ago",
            "artist": "Relax α Wave",
            "id": 1385294656
        },
        {
            "name": "Coral Red",
            "artist": "Arden Forest",
            "id": 1300702927
        },
        {
            "name": "Enouement",
            "artist": "Josh Kramer",
            "id": 1463342884
        },
        {
            "name": "Farewell",
            "artist": "小瀬村晶",
            "id": 416554201
        }
    ]
}