{
    "playlist_info": {
        "name": "学习阅读&作业白噪音|翻书声 写字声 烤火声",
        "trackcount": 215,
        "playcount": 11943,
        "creator": "prinkleF",
        "createDate": "2020-04-14",
        "heat": 10.0
    },
    "songs": [
        {
            "name": "ζ",
            "artist": "α·Pav",
            "id": 29137872
        },
        {
            "name": "η",
            "artist": "α·Pav",
            "id": 29137871
        },
        {
            "name": "κ",
            "artist": "α·Pav",
            "id": 139227
        },
        {
            "name": "τ",
            "artist": "α·Pav",
            "id": 29137873
        },
        {
            "name": "δ",
            "artist": "α·Pav",
            "id": 29137868
        },
        {
            "name": "γ",
            "artist": "α·Pav",
            "id": 29137875
        },
        {
            "name": "λ",
            "artist": "α·Pav",
            "id": 29137870
        },
        {
            "name": "ι",
            "artist": "α·Pav",
            "id": 498371679
        },
        {
            "name": "ρ",
            "artist": "α·Pav",
            "id": 498373298
        },
        {
            "name": "β",
            "artist": "α·Pav",
            "id": 29137869
        },
        {
            "name": "υ",
            "artist": "α·Pav",
            "id": 498372619
        },
        {
            "name": "ξ",
            "artist": "α·Pav",
            "id": 139235
        },
        {
            "name": "φ²",
            "artist": "α·Pav",
            "id": 498371701
        },
        {
            "name": "ki",
            "artist": "hideyuki hashimoto",
            "id": 28679464
        },
        {
            "name": "续",
            "artist": "时过夏末",
            "id": 380119
        },
        {
            "name": "凉",
            "artist": "仁辰",
            "id": 520126220
        },
        {
            "name": "ari",
            "artist": "hideyuki hashimoto",
            "id": 28679451
        },
        {
            "name": "You",
            "artist": "小瀬村晶",
            "id": 458238835
        },
        {
            "name": "umi",
            "artist": "hideyuki hashimoto",
            "id": 28679440
        },
        {
            "name": "tabi",
            "artist": "hideyuki hashimoto",
            "id": 28679460
        },
        {
            "name": "Cat",
            "artist": "Yukari Fresh",
            "id": 22663054
        },
        {
            "name": "Cat",
            "artist": "Sound Effects",
            "id": 569800181
        },
        {
            "name": "雨声",
            "artist": "X303FFF",
            "id": 485533647
        },
        {
            "name": "春蝉",
            "artist": "ゴンチチ",
            "id": 757546
        },
        {
            "name": "夏日",
            "artist": "四季音色",
            "id": 413829862
        },
        {
            "name": "夏夜",
            "artist": "Infinite Mask",
            "id": 1456847521
        },
        {
            "name": "芒种",
            "artist": "VIIOX",
            "id": 571612868
        },
        {
            "name": "心夜",
            "artist": "鱼九",
            "id": 483053304
        },
        {
            "name": "晚星",
            "artist": "逆时针向",
            "id": 1319520140
        },
        {
            "name": "1967",
            "artist": "ゴンチチ",
            "id": 757567
        },
        {
            "name": "rain",
            "artist": "ねこぼーろ",
            "id": 29713218
        },
        {
            "name": "fune",
            "artist": "hideyuki hashimoto",
            "id": 28679453
        },
        {
            "name": "mure",
            "artist": "hideyuki hashimoto",
            "id": 507585639
        },
        {
            "name": "yama",
            "artist": "hideyuki hashimoto",
            "id": 28679448
        },
        {
            "name": "Oana",
            "artist": "Otto A Totland",
            "id": 28245304
        },
        {
            "name": "tsuki",
            "artist": "hideyuki hashimoto",
            "id": 28679465
        },
        {
            "name": "hitori",
            "artist": "hideyuki hashimoto",
            "id": 507585626
        },
        {
            "name": "futari",
            "artist": "hideyuki hashimoto",
            "id": 507585627
        },
        {
            "name": "20:17",
            "artist": "Ólafur Arnalds",
            "id": 36199955
        },
        {
            "name": "21:05",
            "artist": "Ólafur Arnalds",
            "id": 36198994
        },
        {
            "name": "青石巷",
            "artist": "魏琮霏",
            "id": 422429425
        },
        {
            "name": "海の形",
            "artist": "昙轩",
            "id": 535056564
        },
        {
            "name": "カノン",
            "artist": "DJ Okawari",
            "id": 4894309
        },
        {
            "name": "Blanc",
            "artist": "Sylvain Chauveau",
            "id": 1943186
        },
        {
            "name": "Heart",
            "artist": "Ma Ru",
            "id": 5321940
        },
        {
            "name": "Cariño",
            "artist": "Chris Spheeris",
            "id": 5220646
        },
        {
            "name": "Волны",
            "artist": "ForeverLive",
            "id": 4079181
        },
        {
            "name": "夏Style",
            "artist": "LIKPIA",
            "id": 523660700
        },
        {
            "name": "Listless",
            "artist": "Xeuphoria",
            "id": 1299550147
        },
        {
            "name": "ashioto",
            "artist": "hideyuki hashimoto",
            "id": 28679461
        },
        {
            "name": "Déjà vu",
            "artist": "Fabrizio Paterlini",
            "id": 1369955
        },
        {
            "name": "My Soul",
            "artist": "July",
            "id": 5308028
        },
        {
            "name": "Do You?",
            "artist": "Yiruma",
            "id": 22829926
        },
        {
            "name": "朝",
            "artist": "ゴンチチ",
            "id": 757757
        },
        {
            "name": "夏の喚く",
            "artist": "邱有句",
            "id": 434871406
        },
        {
            "name": "hajimari",
            "artist": "hideyuki hashimoto",
            "id": 28679438
        },
        {
            "name": "Whisper",
            "artist": "Miro",
            "id": 518896967
        },
        {
            "name": "早上的雨",
            "artist": "N.K.杨凯",
            "id": 1409406543
        },
        {
            "name": "天空云海",
            "artist": "dylanf",
            "id": 1348892301
        },
        {
            "name": "忆夏思乡",
            "artist": "MoreanP",
            "id": 506650377
        },
        {
            "name": "盛夏之雨",
            "artist": "N.K.杨凯",
            "id": 1395381349
        },
        {
            "name": "湖滨初晴",
            "artist": "dylanf",
            "id": 1362391375
        },
        {
            "name": "云村的风",
            "artist": "邱有句",
            "id": 520849195
        },
        {
            "name": "光风霁月",
            "artist": "Funton",
            "id": 1314927168
        },
        {
            "name": "Opus 37",
            "artist": "Dustin O'Halloran",
            "id": 17241428
        },
        {
            "name": "wa1c oo",
            "artist": "nunu",
            "id": 3204370
        },
        {
            "name": "Firewood",
            "artist": "Tv Resource Studio",
            "id": 548615041
        },
        {
            "name": "Showers",
            "artist": "Echoes of Nature",
            "id": 17673522
        },
        {
            "name": "Campfire",
            "artist": "Dan Gibson",
            "id": 1219932
        },
        {
            "name": "Fresh Air",
            "artist": "Dan Gibson",
            "id": 5023041
        },
        {
            "name": "Week #2",
            "artist": "Fabrizio Paterlini",
            "id": 1369817
        },
        {
            "name": "Fell for U",
            "artist": "Noicybino",
            "id": 39635710
        },
        {
            "name": "Effotless",
            "artist": "Dan Gibson",
            "id": 5023043
        },
        {
            "name": "The Rain (From \"Kikujiro\" Soundtrack)",
            "artist": "久石譲",
            "id": 444312
        },
        {
            "name": "Meet You",
            "artist": "英复光",
            "id": 864473442
        },
        {
            "name": "Going Out (From \"Kikujiro\" Soundtrack)",
            "artist": "久石譲",
            "id": 444296
        },
        {
            "name": "pure heart",
            "artist": "松田彬人",
            "id": 4946902
        },
        {
            "name": "Love home",
            "artist": "夏小舟",
            "id": 404459321
        },
        {
            "name": "Wet Hands",
            "artist": "C418",
            "id": 4010213
        },
        {
            "name": "Rainy Mood",
            "artist": "群星",
            "id": 29818028
        },
        {
            "name": "篝火在森林",
            "artist": "自然的聲音",
            "id": 541145531
        },
        {
            "name": "散落的星子",
            "artist": "方彦霖",
            "id": 1360600062
        },
        {
            "name": "梦中的婚礼",
            "artist": "Richard Clayderman",
            "id": 34341360
        },
        {
            "name": "夏野与暗恋",
            "artist": "闫东炜",
            "id": 421934070
        },
        {
            "name": "Large Fire",
            "artist": "Digiffects Sound Effects Library",
            "id": 568518502
        },
        {
            "name": "僕は帰ろう",
            "artist": "ゴンチチ",
            "id": 757587
        },
        {
            "name": "September",
            "artist": "DarkSpirit",
            "id": 1316184355
        },
        {
            "name": "Somewhere",
            "artist": "July",
            "id": 5307932
        },
        {
            "name": "Tropical Rain",
            "artist": "Echoes of Nature",
            "id": 17673535
        },
        {
            "name": "serce polska",
            "artist": "nunu",
            "id": 3204385
        },
        {
            "name": "The promise",
            "artist": "Secret Garden",
            "id": 21725725
        },
        {
            "name": "梦想 Dream",
            "artist": "Andemund Orchestra",
            "id": 3930626
        },
        {
            "name": "sweet dream",
            "artist": "smile丶轩",
            "id": 1340840510
        },
        {
            "name": "夏に花が散る",
            "artist": "羽肿",
            "id": 490687121
        },
        {
            "name": "和煦的糖果风",
            "artist": "Candy_Wind",
            "id": 439142564
        },
        {
            "name": "Sunshowers",
            "artist": "Dan Gibson",
            "id": 5023037
        },
        {
            "name": "Inner Musing",
            "artist": "Dan Gibson",
            "id": 5023045
        },
        {
            "name": "海の見える街",
            "artist": "川本比佐志",
            "id": 32102186
        },
        {
            "name": "夜的钢琴曲五",
            "artist": "Leon不太冷",
            "id": 558261233
        },
        {
            "name": "やさしい時間",
            "artist": "伊賀拓郎",
            "id": 488388701
        },
        {
            "name": "Small Stream",
            "artist": "The Nature Sounds Society Japan",
            "id": 853692
        },
        {
            "name": "In A Notebook",
            "artist": "Goldmund",
            "id": 18057481
        },
        {
            "name": "守りたいもの",
            "artist": "林有三",
            "id": 463790
        },
        {
            "name": "追光者 钢琴版",
            "artist": "陈考拉",
            "id": 489499305
        },
        {
            "name": "顺滑（smooth）",
            "artist": "MT1990",
            "id": 1444605178
        },
        {
            "name": "Page Turning",
            "artist": "Asmr HQ",
            "id": 1377067958
        },
        {
            "name": "The Right Path",
            "artist": "Thomas Greenberg",
            "id": 2061452
        },
        {
            "name": "Where are you",
            "artist": "AniFace",
            "id": 453843751
        },
        {
            "name": "花 が とぶ 飛ぶ",
            "artist": "邱有句",
            "id": 421885589
        },
        {
            "name": "初めてのデート",
            "artist": "SimorE",
            "id": 475774775
        },
        {
            "name": "Aspen Starlight",
            "artist": "Zachary Bruno",
            "id": 32320833
        },
        {
            "name": "夜、萤火虫和你",
            "artist": "AniFace",
            "id": 509720124
        },
        {
            "name": "Tender Passion",
            "artist": "Music therapy",
            "id": 5268330
        },
        {
            "name": "Sayama Rain 1",
            "artist": "The Nature Sounds Society Japan",
            "id": 853591
        },
        {
            "name": "Gymnopedies 1",
            "artist": "Erik Satie",
            "id": 5299097
        },
        {
            "name": "Jingle Bell Rock",
            "artist": "Paniyolo",
            "id": 26131499
        },
        {
            "name": "Awakenes Spirit",
            "artist": "Dan Gibson",
            "id": 5023039
        },
        {
            "name": "Driftwood",
            "artist": "Dan Gibson",
            "id": 1220817
        },
        {
            "name": "长安雪（古筝版）",
            "artist": "长风",
            "id": 1403822559
        },
        {
            "name": "夏祭り、夢花火。",
            "artist": "妹尾武",
            "id": 28411784
        },
        {
            "name": "Waltzing Leaves",
            "artist": "Kavin Hoo",
            "id": 27599285
        },
        {
            "name": "pure imagination",
            "artist": "Rook1e",
            "id": 494858498
        },
        {
            "name": "Unspoiled Beauty",
            "artist": "Dan Gibson",
            "id": 5023046
        },
        {
            "name": "Fragments Found",
            "artist": "Fabrizio Paterlini",
            "id": 1369942
        },
        {
            "name": "Careless Whisper",
            "artist": "Sam Levine",
            "id": 19059807
        },
        {
            "name": "巴赫-C大调前奏曲",
            "artist": "橙光音乐",
            "id": 488919588
        },
        {
            "name": "Rain after Summer",
            "artist": "羽肿",
            "id": 430685732
        },
        {
            "name": "Windy Hill",
            "artist": "羽肿",
            "id": 427606780
        },
        {
            "name": "Cold Night Colors",
            "artist": "Robert J. P. Oberg",
            "id": 1924530
        },
        {
            "name": "优美的小调(钢琴曲)",
            "artist": "张宇桦",
            "id": 28160230
        },
        {
            "name": "《E8r钢琴曲》雨滴",
            "artist": "E8r",
            "id": 1304476581
        },
        {
            "name": "我们别时和见时不同",
            "artist": "饭碗的彼岸",
            "id": 863464857
        },
        {
            "name": "You Are so Beautiful",
            "artist": "Dan Gibson",
            "id": 5022522
        },
        {
            "name": "Reading a Magazine",
            "artist": "Digiffects Sound Effects Library",
            "id": 565422106
        },
        {
            "name": "当你看着星星想起我。",
            "artist": "FLuoRiTe",
            "id": 1302394480
        },
        {
            "name": "A Little Story",
            "artist": "Valentin",
            "id": 857896
        },
        {
            "name": "Sakura Tears",
            "artist": "Snigellin",
            "id": 509313150
        },
        {
            "name": "Always With Me",
            "artist": "木村弓",
            "id": 5267808
        },
        {
            "name": "Rain, Totoro Forest",
            "artist": "The Nature Sounds Society Japan",
            "id": 853708
        },
        {
            "name": "Week #14 (piano solo)",
            "artist": "Fabrizio Paterlini",
            "id": 1369861
        },
        {
            "name": "思い出をありがとう",
            "artist": "坂本昌一郎",
            "id": 28699446
        },
        {
            "name": "비오는 날",
            "artist": "이펙터",
            "id": 34125092
        },
        {
            "name": "Veloma (re-imagined)",
            "artist": "Fabrizio Paterlini",
            "id": 1369977
        },
        {
            "name": "晨鸟之歌 (纯自然声音)",
            "artist": "风潮音乐",
            "id": 5268746
        },
        {
            "name": "Rainy Blue (蓝色阴雨)",
            "artist": "饭碗的彼岸",
            "id": 1341912654
        },
        {
            "name": "To the Order of Night",
            "artist": "Balmorhea",
            "id": 3954291
        },
        {
            "name": "恋だね",
            "artist": "久石譲",
            "id": 442545
        },
        {
            "name": "Born a Stranger（slow）",
            "artist": "Lerge",
            "id": 455634241
        },
        {
            "name": "蓝色天际 Blue Horizon",
            "artist": "Andemund Orchestra",
            "id": 3930627
        },
        {
            "name": "Night, moon, wind, you",
            "artist": "DeadForest",
            "id": 473742686
        },
        {
            "name": "夜空中最亮的星 (钢琴版)",
            "artist": "Jesse T",
            "id": 1403302123
        },
        {
            "name": "DAYS of DASH piano arr.",
            "artist": "林有三",
            "id": 28786024
        },
        {
            "name": "The Fallen Leaves",
            "artist": "Dan Gibson",
            "id": 1220809
        },
        {
            "name": "梦的翅膀 Wing of Dream",
            "artist": "Andemund Orchestra",
            "id": 3930619
        },
        {
            "name": "城市．巷弄中的喧哗声响",
            "artist": "贵族音乐ASMR",
            "id": 1451700821
        },
        {
            "name": "Illusionary Daytime",
            "artist": "Shirfine",
            "id": 28907016
        },
        {
            "name": "メインテーマ piano solo",
            "artist": "大島ミチル",
            "id": 635467
        },
        {
            "name": "Adagio for Summer Wind",
            "artist": "Key Sounds Label",
            "id": 760037
        },
        {
            "name": "Purple Passion",
            "artist": "Diana Boncheva",
            "id": 2529472
        },
        {
            "name": "爱的旋律 Melody for Love",
            "artist": "Andemund Orchestra",
            "id": 3930625
        },
        {
            "name": "いつも何度でも",
            "artist": "宗次郎",
            "id": 480353
        },
        {
            "name": "緋のワルツ",
            "artist": "磯村由紀子",
            "id": 586321
        },
        {
            "name": "風の住む街",
            "artist": "磯村由紀子",
            "id": 586299
        },
        {
            "name": "Amazing Sound for Health",
            "artist": "힐링 네이쳐",
            "id": 572916047
        },
        {
            "name": "《瞬间的永恒》夜色钢琴曲",
            "artist": "赵海洋",
            "id": 31134621
        },
        {
            "name": "所有你想要的都在向你走来",
            "artist": "万能日记",
            "id": 1473715829
        },
        {
            "name": "午后翻书 Afternoon reading",
            "artist": "白灵筠",
            "id": 864508299
        },
        {
            "name": "A Minute For The Beginning",
            "artist": "Endless Melancholy",
            "id": 4064247
        },
        {
            "name": "☾ 你 喜 歡 的 人 的 夢 裡 面",
            "artist": "Mei",
            "id": 1368934522
        },
        {
            "name": "Writing Page, Turning Coins",
            "artist": "Olivia Kissper ASMR",
            "id": 573673229
        },
        {
            "name": "Writing on paper with pencil",
            "artist": "Authentic Sound Effects",
            "id": 566179041
        },
        {
            "name": "달이 지던 밤",
            "artist": "Shizuko Mori",
            "id": 31168164
        },
        {
            "name": "グリーン・ウィローGuitar2",
            "artist": "池頼広",
            "id": 420602
        },
        {
            "name": "《夜色钢琴曲》在一起的时光",
            "artist": "赵海洋",
            "id": 31134633
        },
        {
            "name": "歩いても 歩いても",
            "artist": "ゴンチチ",
            "id": 757761
        },
        {
            "name": "初めて出逢った日のようにー",
            "artist": "α波オルゴール",
            "id": 5267465
        },
        {
            "name": "Sleepy Pond Sound for Stress",
            "artist": "힐링 네이쳐",
            "id": 572915106
        },
        {
            "name": "곡 상세보기 그 자리엔 미소만 남아.",
            "artist": "Little Story",
            "id": 28482936
        },
        {
            "name": "美好的传说 A Moving Legend",
            "artist": "Andemund Orchestra",
            "id": 3930621
        },
        {
            "name": "백색소음 빗소리",
            "artist": "강아지 음악",
            "id": 486194200
        },
        {
            "name": "第一次约会 First Appointment",
            "artist": "Andemund Orchestra",
            "id": 3930617
        },
        {
            "name": "Secret Feelings - Now Revealed",
            "artist": "麗美",
            "id": 26135477
        },
        {
            "name": "어느 휴일의 공원",
            "artist": "Little Story",
            "id": 28482935
        },
        {
            "name": "爱的记忆 Remembrance of Love",
            "artist": "Andemund Orchestra",
            "id": 3930615
        },
        {
            "name": "Calm Forest Sound for Deepsleep",
            "artist": "힐링 네이쳐",
            "id": 572916046
        },
        {
            "name": "千与千寻 主题曲《いつも何度でも》",
            "artist": "里德可以Houche",
            "id": 524543708
        },
        {
            "name": "月光の雲海",
            "artist": "久石譲",
            "id": 442760
        },
        {
            "name": "Homecoming (Daddy's Homecoming)",
            "artist": "Brad Jacobsen",
            "id": 32337165
        },
        {
            "name": "Comptine D'un Autre Été, L'après-Midi",
            "artist": "Yann Tiersen",
            "id": 26635189
        },
        {
            "name": "햇살...바람...그리고 너",
            "artist": "Another World",
            "id": 5293155
        },
        {
            "name": "Summer",
            "artist": "久石譲",
            "id": 443242
        },
        {
            "name": "【钢琴】《你的名字》插曲《三叶主题曲》",
            "artist": "疯狂粤语",
            "id": 448226072
        },
        {
            "name": "云村的重逢/致爱梵高，自由旋转的向日葵",
            "artist": "邱有句",
            "id": 541432715
        },
        {
            "name": "Nocturne No. 2 in E Flat Major, Op. 9, No. 2",
            "artist": "Arthur Rubinstein",
            "id": 1060914
        },
        {
            "name": "海の見える街",
            "artist": "小坂明子",
            "id": 4988618
        },
        {
            "name": "연필로 글씨 쓰는 소리 (공부, 집중력, 힐링 ASMR)",
            "artist": "ASMR Lullaby",
            "id": 1316554304
        },
        {
            "name": "Bagatelle No. 25 in A Minor, WoO 59 \"Für Elise\"",
            "artist": "郎朗",
            "id": 1340400140
        },
        {
            "name": "在法国的十三天",
            "artist": "MayPiano",
            "id": 1343379745
        },
        {
            "name": "A小調圓舞曲〈遺作〉waltz In A Minor B.150 Op. Posth",
            "artist": "Zelimir Panic",
            "id": 1295212133
        },
        {
            "name": "PLANET（钢琴版）——谢少华",
            "artist": "谢少华",
            "id": 1403107675
        },
        {
            "name": "Mia & Sebastian’s Theme (Late For The Date)",
            "artist": "Justin Hurwitz",
            "id": 445867401
        },
        {
            "name": "Schwanengesang, D.957 (Cycle):Serenade (Ständchen D 957/4)",
            "artist": "Gil Shaham",
            "id": 1415254
        },
        {
            "name": "Burning Fireplace with Crackling Fire Sounds, Pt. 36",
            "artist": "Sleepy Times",
            "id": 36386428
        },
        {
            "name": "I Wish This Could Go Back To How It Used To Be",
            "artist": "Xeuphoria",
            "id": 523248153
        },
        {
            "name": "I saw you smile today. I almost forgot that you faded away",
            "artist": "Xeuphoria",
            "id": 405377983
        },
        {
            "name": "We are all kind of weird twisted and drowning",
            "artist": "Xeuphoria",
            "id": 431610359
        },
        {
            "name": "晴天的周末在去学校补课的路上遇见了喜欢的人",
            "artist": "AniFace",
            "id": 477310237
        },
        {
            "name": "いつも何度でも",
            "artist": "木村弓",
            "id": 443078
        },
        {
            "name": "Burning Fireplace with Crackling Fire Sounds, Pt. 39",
            "artist": "Sleepy Times",
            "id": 36386431
        },
        {
            "name": "Burning Fireplace with Crackling Fire Sounds, Pt. 40",
            "artist": "Sleepy Times",
            "id": 36386432
        },
        {
            "name": "Burning Fireplace with Crackling Fire Sounds, Pt. 37",
            "artist": "Sleepy Times",
            "id": 36386429
        },
        {
            "name": "Burning Fireplace with Crackling Fire Sounds, Pt. 38",
            "artist": "Sleepy Times",
            "id": 36386430
        },
        {
            "name": "Burning Fireplace with Crackling Fire Sounds, Pt. 8",
            "artist": "Sleepy Times",
            "id": 36386463
        },
        {
            "name": "Study With Me - | A Real Time Study Session (without music) - For Studying & Focusing",
            "artist": "Nature Sounds",
            "id": 573358812
        },
        {
            "name": "Outdoors Fire with Lighter Fluid and Water Poured On",
            "artist": "Digiffects Sound Effects Library",
            "id": 568520134
        }
    ]
}