{
    "playlist_info": {
        "name": "国内 独立 摇滚 乐队",
        "trackcount": 314,
        "playcount": 758010,
        "creator": "醉嘞",
        "createDate": "2019-02-12",
        "heat": 474.0
    },
    "songs": [
        {
            "name": "共生（Symbiosis）",
            "artist": "赤身集Bare Set",
            "id": 2040478463
        },
        {
            "name": "稻香村",
            "artist": "圈儿踢CypherT",
            "id": 2020102234
        },
        {
            "name": "老菠菜與姜曉夢",
            "artist": "無限菲林EndlessFilm",
            "id": 2056468605
        },
        {
            "name": "伟大的陷阱",
            "artist": "雨天可以跳伞吗",
            "id": 2048831471
        },
        {
            "name": "赞美诗",
            "artist": "贊詩",
            "id": 1928429852
        },
        {
            "name": "放声哭吧",
            "artist": "分手俱乐部",
            "id": 1995482409
        },
        {
            "name": "光影边缘",
            "artist": "气象限定",
            "id": 2032723620
        },
        {
            "name": "We",
            "artist": "酸月亮 Sour Moon",
            "id": 1860879623
        },
        {
            "name": "人间分类",
            "artist": "异国人",
            "id": 1926274581
        },
        {
            "name": "Can't Feel It All",
            "artist": "柯曼离析 Caumann Riechy",
            "id": 2030240142
        },
        {
            "name": "汐涟漪",
            "artist": "繁影TheFaning",
            "id": 1866164710
        },
        {
            "name": "马猴烧酒的灵态飞行",
            "artist": "灵魂伴侣",
            "id": 2023532002
        },
        {
            "name": "时代青年",
            "artist": "一种心情",
            "id": 1997225839
        },
        {
            "name": "那个不合时宜的夜晚",
            "artist": "LostCity迷城",
            "id": 2032812975
        },
        {
            "name": "透明水体",
            "artist": "Miss Question问题少女",
            "id": 1976418151
        },
        {
            "name": "潮湿",
            "artist": "粉红A",
            "id": 354812
        },
        {
            "name": "我想睡到下午2:30",
            "artist": "预告",
            "id": 2020156008
        },
        {
            "name": "地风火 E.W.F.",
            "artist": "MiLK牛奶乐队",
            "id": 1854472823
        },
        {
            "name": "灵鹿",
            "artist": "双鸟TwoBirds",
            "id": 1938307526
        },
        {
            "name": "Ashes灰烬",
            "artist": "Cephalosis",
            "id": 1933914735
        },
        {
            "name": "草木中国",
            "artist": "寂寞.夏.日",
            "id": 361143
        },
        {
            "name": "不要脸",
            "artist": "银河快递",
            "id": 1999005174
        },
        {
            "name": "转动",
            "artist": "The Brown Sugar（棕糖）",
            "id": 2004386322
        },
        {
            "name": "迷夜",
            "artist": "汤乐队",
            "id": 1337243150
        },
        {
            "name": "冰川",
            "artist": "浅水ShallowEnd",
            "id": 1994456192
        },
        {
            "name": "自由奔向广阔的世界",
            "artist": "大粉乐队",
            "id": 1932538132
        },
        {
            "name": "迷雾丢失",
            "artist": "Since TMRW 始于明天",
            "id": 1987842073
        },
        {
            "name": "Eternity",
            "artist": "失速海浪",
            "id": 1985125327
        },
        {
            "name": "哭你一條河",
            "artist": "鱼条 Fish Stick",
            "id": 557713872
        },
        {
            "name": "何其所",
            "artist": "郭屿施乐队",
            "id": 1884105145
        },
        {
            "name": "你永远住在我万分绮丽的梦里(Time is unforgiving)",
            "artist": "果然乐队",
            "id": 1950032473
        },
        {
            "name": "森 林",
            "artist": "罗德信箱",
            "id": 1962307057
        },
        {
            "name": "我开着火箭载你去流浪",
            "artist": "WayLife生活方式",
            "id": 1973359837
        },
        {
            "name": "迷失广州",
            "artist": "唯利玉碎计划",
            "id": 1457773014
        },
        {
            "name": "佩奇的夏天",
            "artist": "阁楼演奏班",
            "id": 1381814876
        },
        {
            "name": "在我二十岁的时候，我回到了爸爸的小村庄，那是我的乌托邦",
            "artist": "悲伤玩具",
            "id": 1974160807
        },
        {
            "name": "假日派对",
            "artist": "假日气象台",
            "id": 1957765450
        },
        {
            "name": "世界不会轻易崩塌",
            "artist": "打扰一下乐团",
            "id": 515452931
        },
        {
            "name": "SOMEBODY YOU NEVER KNOW",
            "artist": "遗忘俱乐部",
            "id": 1849034354
        },
        {
            "name": "春天音乐",
            "artist": "丢莱卡WastedLaika",
            "id": 1836139178
        },
        {
            "name": "Wake Up(醒觉)",
            "artist": "超级查理",
            "id": 1965166966
        },
        {
            "name": "晓",
            "artist": "City Heart 城市之心",
            "id": 1931203193
        },
        {
            "name": "当我爱你的时候",
            "artist": "钢心",
            "id": 1944593655
        },
        {
            "name": "Final Limit",
            "artist": "涂闻打印店",
            "id": 1840087914
        },
        {
            "name": "无妄之歌",
            "artist": "RUBUR",
            "id": 1477320210
        },
        {
            "name": "公开的口信",
            "artist": "疯医",
            "id": 1888416982
        },
        {
            "name": "放我走",
            "artist": "短裤里的诗歌",
            "id": 1418408497
        },
        {
            "name": "爱的卡片",
            "artist": "明天的盐",
            "id": 1867184321
        },
        {
            "name": "就再见吧",
            "artist": "甜味外送SweetDelivery",
            "id": 1929355294
        },
        {
            "name": "我把昨天晚上又重复了一遍",
            "artist": "分手俱乐部",
            "id": 1876755192
        },
        {
            "name": "听",
            "artist": "影的告别乐队",
            "id": 1940257642
        },
        {
            "name": "一无是处",
            "artist": "失浪潮LostWave",
            "id": 1911811505
        },
        {
            "name": "遗失梦境(Lost Dream)",
            "artist": "白色海岸The White Coast",
            "id": 1940595823
        },
        {
            "name": "日落海岸线",
            "artist": "浪旅LongTravel",
            "id": 1904678833
        },
        {
            "name": "一直游到海水变蓝",
            "artist": "BloomInShadow-暗影中绽放",
            "id": 1916134408
        },
        {
            "name": "迷失海岸",
            "artist": "某知名乐队",
            "id": 1908341699
        },
        {
            "name": "荒诞城市",
            "artist": "游学者",
            "id": 1916065383
        },
        {
            "name": "为生活投降的人",
            "artist": "荡失路",
            "id": 1930933029
        },
        {
            "name": "直至银河尽头",
            "artist": "赫奕",
            "id": 1929949336
        },
        {
            "name": "一甲板失望的人",
            "artist": "OPPOSITE相反",
            "id": 1901632197
        },
        {
            "name": "飞升",
            "artist": "聲無哀樂",
            "id": 1463697613
        },
        {
            "name": "独白",
            "artist": "断点Breakpoint",
            "id": 1917597169
        },
        {
            "name": "逃离夏天",
            "artist": "平人乐队",
            "id": 1859571883
        },
        {
            "name": "两个太阳",
            "artist": "厕纸",
            "id": 1905580524
        },
        {
            "name": "雀",
            "artist": "藤乐队",
            "id": 1915298537
        },
        {
            "name": "Dream",
            "artist": "梦游动物园",
            "id": 1841195310
        },
        {
            "name": "Cherry Lime",
            "artist": "Ocean Radio",
            "id": 1822474172
        },
        {
            "name": "Rotten Rose",
            "artist": "伤心车库",
            "id": 1844717395
        },
        {
            "name": "引力爱人",
            "artist": "浪旅LongTravel",
            "id": 1885952860
        },
        {
            "name": "太阳可以是蓝色吗",
            "artist": "潮池蓝",
            "id": 1477576719
        },
        {
            "name": "魔术手",
            "artist": "明天就解散",
            "id": 1465973425
        },
        {
            "name": "社畜少女",
            "artist": "ChiliChill",
            "id": 1909424062
        },
        {
            "name": "会唱歌的哈布特",
            "artist": "Paliulius 乐团",
            "id": 454435510
        },
        {
            "name": "新朗尼先生传",
            "artist": "福麟阁",
            "id": 355507
        },
        {
            "name": "菊花宝典",
            "artist": "伟大科学家乐队",
            "id": 1902739315
        },
        {
            "name": "海马舞会",
            "artist": "阁楼演奏班",
            "id": 1458394045
        },
        {
            "name": "“世界啊”",
            "artist": "Hoo!",
            "id": 1456406618
        },
        {
            "name": "春日部的告别",
            "artist": "海妖SeaMaiden",
            "id": 1852326658
        },
        {
            "name": "想说却还没说的",
            "artist": "对角巷乐队",
            "id": 1417454947
        },
        {
            "name": "Silence",
            "artist": "小熊饼干",
            "id": 387837
        },
        {
            "name": "阿多尼斯花园里的玫瑰",
            "artist": "左卡",
            "id": 1297778604
        },
        {
            "name": "训早鸟",
            "artist": "饮马池",
            "id": 1877525726
        },
        {
            "name": "青少年妄想",
            "artist": "堆填区",
            "id": 1849070308
        },
        {
            "name": "漩涡",
            "artist": "时间不够以后",
            "id": 1842563428
        },
        {
            "name": "末日旅途 Sakura Matsuri",
            "artist": "青鹿乐队",
            "id": 1463787635
        },
        {
            "name": "蒼南夜語",
            "artist": "Gatsby in a Daze",
            "id": 554245736
        },
        {
            "name": "给黑夜（unplugged）",
            "artist": "壹环的复兴",
            "id": 1405577512
        },
        {
            "name": "If you stay",
            "artist": "异国人",
            "id": 515596591
        },
        {
            "name": "开场曲",
            "artist": "如梦乐队（ROMO）",
            "id": 1862310141
        },
        {
            "name": "数字化形象",
            "artist": "退格Backspace",
            "id": 862098814
        },
        {
            "name": "这一次我们别说话了",
            "artist": "电气樱桃",
            "id": 1817431832
        },
        {
            "name": "时间之浪",
            "artist": "铁风筝",
            "id": 405377384
        },
        {
            "name": "丽园便利店",
            "artist": "和平和浪",
            "id": 1294899224
        },
        {
            "name": "关上所有的灯",
            "artist": "记号士",
            "id": 400162567
        },
        {
            "name": "死在那晚湛蓝的阳光下",
            "artist": "混合胶囊乐队",
            "id": 1875394703
        },
        {
            "name": "恋爱狂",
            "artist": "大都会乐团",
            "id": 1867862867
        },
        {
            "name": "Get out of my way",
            "artist": "R组织",
            "id": 1835678021
        },
        {
            "name": "爱就爱了",
            "artist": "梭哈乐队(ShowHand)",
            "id": 1485523959
        },
        {
            "name": "The Lover",
            "artist": "深蓝雾灯-",
            "id": 1866996947
        },
        {
            "name": "失去爱情的摩托车手",
            "artist": "THE BOOTLEGS 靴腿",
            "id": 1389882639
        },
        {
            "name": "喜夜",
            "artist": "悲剧药方",
            "id": 1825175011
        },
        {
            "name": "漩涡",
            "artist": "愤怒青年",
            "id": 1826048139
        },
        {
            "name": "吞吐 (Puff)",
            "artist": "八仙饭店",
            "id": 1811283484
        },
        {
            "name": "哑牛",
            "artist": "蛙池",
            "id": 1834727583
        },
        {
            "name": "**** You. Lover",
            "artist": "鳄鱼般乐队",
            "id": 1867690983
        },
        {
            "name": "海风 Ocean Breeze",
            "artist": "海德薇乐队(THE HEDWIG)",
            "id": 1850910161
        },
        {
            "name": "Broken toys",
            "artist": "幼兽皮乐队",
            "id": 1861475321
        },
        {
            "name": "等太阳落山，就一起做梦",
            "artist": "渡洛西汀",
            "id": 1843740336
        },
        {
            "name": "你迎面走来，再面无表情地离开",
            "artist": "温室杂草",
            "id": 1834118074
        },
        {
            "name": "让时间决定",
            "artist": "穷辛Korsion",
            "id": 1853410326
        },
        {
            "name": "赫尔辛基",
            "artist": "洗浴时间ShoweringTiming",
            "id": 1850219524
        },
        {
            "name": "舜耕山下最后的少年",
            "artist": "暖烟 WarmVapour",
            "id": 1851673684
        },
        {
            "name": "乖",
            "artist": "無望春 Nospring",
            "id": 1843815443
        },
        {
            "name": "难过的事总是发生在夏天",
            "artist": "安娜其",
            "id": 1456103191
        },
        {
            "name": "银菊北路",
            "artist": "急诊科(THE TIMES)",
            "id": 1482699273
        },
        {
            "name": "春日玫瑰(Spring Roses)",
            "artist": "春日玫瑰(Spring Roses)",
            "id": 1842549992
        },
        {
            "name": "送春归（She has Gone）",
            "artist": "送春归",
            "id": 1470105798
        },
        {
            "name": "25",
            "artist": "鸟撞 Birdstriking",
            "id": 500410133
        },
        {
            "name": "西西福神话",
            "artist": "小闪电俱乐部乐队",
            "id": 1476445605
        },
        {
            "name": "封存自己",
            "artist": "南无",
            "id": 369803
        },
        {
            "name": "Underless",
            "artist": "二向箔",
            "id": 1819379080
        },
        {
            "name": "跳舞吧 做梦吧",
            "artist": "顽石theOnes",
            "id": 1440719421
        },
        {
            "name": "四季",
            "artist": "接电巴赫",
            "id": 1439739254
        },
        {
            "name": "fever",
            "artist": "失速海浪",
            "id": 1822839544
        },
        {
            "name": "灯塔 Lighthouse",
            "artist": "TONELESS",
            "id": 1404470160
        },
        {
            "name": "夏夜舞步(Summer dance)",
            "artist": "刘炀",
            "id": 1469707766
        },
        {
            "name": "一万个太阳",
            "artist": "笑匠 HAHA MASTER",
            "id": 1826780311
        },
        {
            "name": "银色山坡 (Silver Hillside)",
            "artist": "Bad Sweetheart",
            "id": 1423985782
        },
        {
            "name": "画笔",
            "artist": "提香(TITIAN)",
            "id": 1391289103
        },
        {
            "name": "异类无碍",
            "artist": "白鲨JAWS",
            "id": 1498327327
        },
        {
            "name": "闷声发大财",
            "artist": "胭脂",
            "id": 1391126134
        },
        {
            "name": "电影里的那颗星星（Demo）",
            "artist": "画家ThePainter",
            "id": 865314413
        },
        {
            "name": "殷雀撕汀（On The Spree）",
            "artist": "海皮威尔",
            "id": 452679015
        },
        {
            "name": "草莓",
            "artist": "海朋森",
            "id": 1383782457
        },
        {
            "name": "Sun of Beach（电视剧《流金岁月》插曲）",
            "artist": "TiLL The MORNiNG乐队",
            "id": 563686445
        },
        {
            "name": "紫罗兰与旧少年",
            "artist": "Mind Freek",
            "id": 1815176886
        },
        {
            "name": "1998,繽紛如夏 cxc Ver.",
            "artist": "NYSE",
            "id": 1415851384
        },
        {
            "name": "我想了太多关于你的形容（adj.）",
            "artist": "温和治疗(MILDCURE)",
            "id": 1406753113
        },
        {
            "name": "后马厂",
            "artist": "孤独的利里（Lonely Leary）",
            "id": 1317318240
        },
        {
            "name": "住民的侍奉",
            "artist": "浅川药店",
            "id": 1403094517
        },
        {
            "name": "庸人自扰",
            "artist": "倒车入库",
            "id": 1356140835
        },
        {
            "name": "停在空中（I Need a Conversation）",
            "artist": "不优雅（biuya）",
            "id": 1410237096
        },
        {
            "name": "末日",
            "artist": "飛去來",
            "id": 1406653030
        },
        {
            "name": "凌星凝望",
            "artist": "Theseus 忒修斯",
            "id": 1363343304
        },
        {
            "name": "看那只海狗在划水",
            "artist": "斯斯与帆",
            "id": 1363955286
        },
        {
            "name": "东莞 (Dong Guan)",
            "artist": "白纸扇/AV大久保",
            "id": 1406498247
        },
        {
            "name": "回忆如同猛兽，我们手无寸铁",
            "artist": "野岸刊",
            "id": 1479024009
        },
        {
            "name": "If",
            "artist": "丹娜乐团",
            "id": 399354901
        },
        {
            "name": "而今",
            "artist": "大音希声乐队",
            "id": 1808327786
        },
        {
            "name": "野莲出庄",
            "artist": "生祥乐队",
            "id": 1498051330
        },
        {
            "name": "我爱你 我的生活",
            "artist": "海底时光机",
            "id": 1808250358
        },
        {
            "name": "Marry Lonely Disco Night",
            "artist": "イルカポリス 海豚刑警",
            "id": 1372514382
        },
        {
            "name": "霓虹列车",
            "artist": "金马市场",
            "id": 1495002900
        },
        {
            "name": "再次愛上你",
            "artist": "厭世少年 Angry Youth",
            "id": 420400203
        },
        {
            "name": "十七岁少女金色心",
            "artist": "脆莓(Brickleberry)",
            "id": 1404715631
        },
        {
            "name": "分割",
            "artist": "不留行",
            "id": 551430759
        },
        {
            "name": "我常常有一种感觉",
            "artist": "当代电影大师",
            "id": 1397160249
        },
        {
            "name": "世界悲",
            "artist": "Chinese Football",
            "id": 35678542
        },
        {
            "name": "台北流浪指南",
            "artist": "伤心欲绝",
            "id": 1401279309
        },
        {
            "name": "偏执狂的论文",
            "artist": "草莓救星",
            "id": 27588545
        },
        {
            "name": "行洲倒立与八只手臂",
            "artist": "虎啸春",
            "id": 1438032645
        },
        {
            "name": "家的概念",
            "artist": "右侧合流",
            "id": 1464878320
        },
        {
            "name": "锡林河",
            "artist": "王喂马乐队",
            "id": 1350491983
        },
        {
            "name": "百万文青",
            "artist": "迷幻世界乐队",
            "id": 1445362528
        },
        {
            "name": "叫魂",
            "artist": "濮曼乐队",
            "id": 1465332362
        },
        {
            "name": "另一个自己",
            "artist": "大粉乐队",
            "id": 41640630
        },
        {
            "name": "在细雨中呼喊",
            "artist": "杀死所有沙漠",
            "id": 413830517
        },
        {
            "name": "如果一生只有三十岁",
            "artist": "新青年理发厅",
            "id": 28953452
        },
        {
            "name": "老鼠",
            "artist": "白皮书乐队",
            "id": 1321451882
        },
        {
            "name": "还山",
            "artist": "无边界音乐",
            "id": 1340673014
        },
        {
            "name": "莫欺少年穷（demo）",
            "artist": "九连真人",
            "id": 1355943329
        },
        {
            "name": "Dear Mary",
            "artist": "悶餅MOONBAND",
            "id": 1334296072
        },
        {
            "name": "白日梦与玻璃心",
            "artist": "SOUTH ACID MIMI",
            "id": 526472834
        },
        {
            "name": "皇都大厦",
            "artist": "杨公堤上下运动社团",
            "id": 1370255315
        },
        {
            "name": "山头",
            "artist": "无妄合作社",
            "id": 1393633521
        },
        {
            "name": "回声 Echo",
            "artist": "Mandarin",
            "id": 1464742717
        },
        {
            "name": "雨和眼泪",
            "artist": "四分卫",
            "id": 377209
        },
        {
            "name": "无论理想有多远",
            "artist": "光速飞行",
            "id": 30590629
        },
        {
            "name": "没有你",
            "artist": "苏紫旭&The Paramecia",
            "id": 35566924
        },
        {
            "name": "温暖忧伤 (1)",
            "artist": "自画像乐队",
            "id": 547973560
        },
        {
            "name": "噩梦四号",
            "artist": "再循环乐队",
            "id": 1448517168
        },
        {
            "name": "小大人之歌",
            "artist": "热键被杀手",
            "id": 1368252489
        },
        {
            "name": "劣质子弹",
            "artist": "花墙FancyWall",
            "id": 1382234516
        },
        {
            "name": "你吃下了一整个宇宙",
            "artist": "桃子假象",
            "id": 1399129425
        },
        {
            "name": "Depot",
            "artist": "宠物同谋",
            "id": 4238696
        },
        {
            "name": "控制 (2016版)",
            "artist": "法兹乐队 FAZI",
            "id": 1317365420
        },
        {
            "name": "艾蜜莉",
            "artist": "回春丹",
            "id": 1429237296
        },
        {
            "name": "慈城公园交谊舞",
            "artist": "还潮",
            "id": 1307385071
        },
        {
            "name": "蝴蝶",
            "artist": "指人儿",
            "id": 35847424
        },
        {
            "name": "Only Lover",
            "artist": "散养溜达猴",
            "id": 1412429972
        },
        {
            "name": "傍晚去太子湾吗",
            "artist": "Schoolgirl byebye",
            "id": 1413368107
        },
        {
            "name": "囚",
            "artist": "Another1千千",
            "id": 539171406
        },
        {
            "name": "呼吸决定",
            "artist": "Fine乐团",
            "id": 35678875
        },
        {
            "name": "祭",
            "artist": "RAiNBOW计划",
            "id": 30284675
        },
        {
            "name": "Bypass",
            "artist": "香料SPIICE",
            "id": 27538274
        },
        {
            "name": "船",
            "artist": "荷尔蒙小姐",
            "id": 29816903
        },
        {
            "name": "香吉士之歌",
            "artist": "四枝筆 Four Pens",
            "id": 26620457
        },
        {
            "name": "桃乐茜的来信",
            "artist": "I'll call you.(ICU Band)",
            "id": 1366467511
        },
        {
            "name": "醒",
            "artist": "试一年乐队",
            "id": 489336329
        },
        {
            "name": "it doesn‘t matter",
            "artist": "渐入佳境乐队",
            "id": 435996676
        },
        {
            "name": "射",
            "artist": "偷喜办",
            "id": 31477119
        },
        {
            "name": "你要如何，我们就如何",
            "artist": "康姆士COM'Z",
            "id": 458356832
        },
        {
            "name": "鱼贯",
            "artist": "醒山AwakeMountains",
            "id": 1432178543
        },
        {
            "name": "粉红电台头",
            "artist": "薄荷叶",
            "id": 344591
        },
        {
            "name": "世界上最丑陋的男人",
            "artist": "兰亭",
            "id": 29588664
        },
        {
            "name": "放漾",
            "artist": "A公馆",
            "id": 1412264341
        },
        {
            "name": "爱就像一阵微风",
            "artist": "童党乐队Children party",
            "id": 419374913
        },
        {
            "name": "你的故事",
            "artist": "黑色收音机派对",
            "id": 1360807373
        },
        {
            "name": "波兰首都是上海",
            "artist": "yourboyfriendsucks!",
            "id": 419596181
        },
        {
            "name": "跳东湖",
            "artist": "广场恐惧症",
            "id": 1396419734
        },
        {
            "name": "圈",
            "artist": "嘎调",
            "id": 355946
        },
        {
            "name": "我又再度依恋上昨天",
            "artist": "Tizzy Bac",
            "id": 382100
        },
        {
            "name": "Candy Dream",
            "artist": "浪旅LongTravel",
            "id": 1363371886
        },
        {
            "name": "Aamir",
            "artist": "STOLEN秘密行动",
            "id": 1386760242
        },
        {
            "name": "别让梦醒来",
            "artist": "左右乐队",
            "id": 28310905
        },
        {
            "name": "穿过冰冷的绿街",
            "artist": "雨镈",
            "id": 183492
        },
        {
            "name": "岁末信笺",
            "artist": "头发胡同",
            "id": 537170096
        },
        {
            "name": "一万种呼啸而过的方式",
            "artist": "表情银行MimikBanka",
            "id": 1334296027
        },
        {
            "name": "银河路没有银河",
            "artist": "跳大海",
            "id": 1422097099
        },
        {
            "name": "人生浪费指南",
            "artist": "夏日入侵企画",
            "id": 497572729
        },
        {
            "name": "Lover's Hell",
            "artist": "爱是唯一",
            "id": 1378906742
        },
        {
            "name": "我不够G8",
            "artist": "台北公案",
            "id": 536624691
        },
        {
            "name": "县城",
            "artist": "刘森",
            "id": 1394402692
        },
        {
            "name": "Speed Up",
            "artist": "音墟",
            "id": 1364135116
        },
        {
            "name": "天下一",
            "artist": "福禄乐队",
            "id": 484666318
        },
        {
            "name": "亲爱的",
            "artist": "沉默演讲（Silent Speech）",
            "id": 1338450406
        },
        {
            "name": "萬華的宇宙",
            "artist": "透明杂志",
            "id": 26094381
        },
        {
            "name": "人生像今夜",
            "artist": "冷冻街",
            "id": 364070
        },
        {
            "name": "Lover Song",
            "artist": "SoulFa 灵魂沙发",
            "id": 1345336709
        },
        {
            "name": "浪漫人渣",
            "artist": "打倒三明治",
            "id": 1393632137
        },
        {
            "name": "昆明时间",
            "artist": "奇怪的日子乐队",
            "id": 371917
        },
        {
            "name": "过客",
            "artist": "面孔乐队",
            "id": 1409354351
        },
        {
            "name": "踌躇",
            "artist": "爱人眼睛",
            "id": 1377148632
        },
        {
            "name": "我不想改变世界 我只想不被世界改变",
            "artist": "八三夭",
            "id": 454966179
        },
        {
            "name": "Help",
            "artist": "狮童乐队",
            "id": 1397082913
        },
        {
            "name": "Circle of Love",
            "artist": "浪旅LongTravel",
            "id": 1388173383
        },
        {
            "name": "再见，谢谢你们的鱼",
            "artist": "Uhsgnǒd",
            "id": 416892393
        },
        {
            "name": "身不由己",
            "artist": "闪星TwinkleStar",
            "id": 413077548
        },
        {
            "name": "交杂陨石",
            "artist": "林以乐",
            "id": 1317268389
        },
        {
            "name": "要不要来",
            "artist": "SJIN",
            "id": 526920025
        },
        {
            "name": "想他的时候，南方应该下一场雨",
            "artist": "温莎森林",
            "id": 1374489233
        },
        {
            "name": "散在风里",
            "artist": "CHARON卡戎乐队",
            "id": 1336652883
        },
        {
            "name": "Short Stay",
            "artist": "The Fur.",
            "id": 1305365914
        },
        {
            "name": "图书馆要关门了",
            "artist": "陆人计划",
            "id": 477878766
        },
        {
            "name": "半山",
            "artist": "MOONAGE",
            "id": 558408327
        },
        {
            "name": "你是一架无可奈何的飞机",
            "artist": "葡萄不愤怒",
            "id": 417595809
        },
        {
            "name": "You So (Youth Soul)",
            "artist": "I Mean Us",
            "id": 1313107109
        },
        {
            "name": "夏日漱石 (Summer Cozy Rock)",
            "artist": "橘子海 (Orange Ocean)",
            "id": 1359818052
        },
        {
            "name": "行星",
            "artist": "理想混蛋 Bestards",
            "id": 1296115177
        },
        {
            "name": "爱你的自由",
            "artist": "颜子夕",
            "id": 473964639
        },
        {
            "name": "诱",
            "artist": "YOUNG&DUMB甜又丧乐队",
            "id": 482592549
        },
        {
            "name": "公路之歌",
            "artist": "痛仰乐队",
            "id": 381825
        },
        {
            "name": "迷恋",
            "artist": "梅卡德尔",
            "id": 28819359
        },
        {
            "name": "火车驶向云外，梦安魂于九霄",
            "artist": "刺猬",
            "id": 528272281
        },
        {
            "name": "Fog rain/雾雨",
            "artist": "直惘乐队",
            "id": 509888368
        },
        {
            "name": "Cube",
            "artist": "动物园钉子户",
            "id": 549364495
        },
        {
            "name": "Anybody Out There?",
            "artist": "HUSH",
            "id": 31062390
        },
        {
            "name": "留给你的我从未",
            "artist": "甜約翰 Sweet John",
            "id": 524003141
        },
        {
            "name": "The Tour Song/漫游之歌",
            "artist": "Quark",
            "id": 36080244
        },
        {
            "name": "答答答",
            "artist": "13月終了",
            "id": 1316562702
        },
        {
            "name": "与浪之间",
            "artist": "VH (Vast & Hazy)",
            "id": 452614957
        },
        {
            "name": "在沒有家的台北市",
            "artist": "废埕乐团",
            "id": 521784122
        },
        {
            "name": "靠腰毛里森",
            "artist": "巨大的轰鸣",
            "id": 412175560
        },
        {
            "name": "被你遗忘的森林",
            "artist": "原子邦妮",
            "id": 448518236
        },
        {
            "name": "Tick",
            "artist": "鬼否",
            "id": 29843263
        },
        {
            "name": "1975(DEMO)",
            "artist": "白日密语",
            "id": 494020372
        },
        {
            "name": "我们如此超群绝伦怎能拘于俗世所见",
            "artist": "昏鸦",
            "id": 34532822
        },
        {
            "name": "塔克",
            "artist": "雾虹",
            "id": 541492527
        },
        {
            "name": "美好的事可不可以發生在我身上",
            "artist": "康士坦的变化球",
            "id": 1304685375
        },
        {
            "name": "荒野脱马",
            "artist": "贰伍吸菸所 Smoking Area 25",
            "id": 532413954
        },
        {
            "name": "手捧一杯酒",
            "artist": "椅子乐团 The Chairs",
            "id": 574925504
        },
        {
            "name": "曲率飞行",
            "artist": "昨夜派对（L.N Party）",
            "id": 556995768
        },
        {
            "name": "未来",
            "artist": "李夏",
            "id": 364817
        },
        {
            "name": "六月的某一个早晨",
            "artist": "理想后花园",
            "id": 27937787
        },
        {
            "name": "总有一天我会欺骗你",
            "artist": "新裤子",
            "id": 387478
        },
        {
            "name": "将死之时掩以水门汀",
            "artist": "缺省",
            "id": 466142956
        },
        {
            "name": "小影子",
            "artist": "美好药店",
            "id": 5246311
        },
        {
            "name": "走在国家大街上",
            "artist": "星球撞树",
            "id": 438456396
        },
        {
            "name": "镜子中",
            "artist": "扭曲机器",
            "id": 368729
        },
        {
            "name": "披星戴月的想你",
            "artist": "告五人",
            "id": 1317457805
        },
        {
            "name": "允许部分艺术家先富起来",
            "artist": "二手玫瑰",
            "id": 353700
        },
        {
            "name": "慢城",
            "artist": "白噪音乐队",
            "id": 31789341
        },
        {
            "name": "一万次悲伤",
            "artist": "逃跑计划",
            "id": 25706279
        },
        {
            "name": "玛卡瑞纳",
            "artist": "海龟先生",
            "id": 25702070
        },
        {
            "name": "十二",
            "artist": "留声玩具",
            "id": 404465600
        },
        {
            "name": "柠檬白兰地",
            "artist": "卧轨的火车（Railway Suicide Train)",
            "id": 434550135
        },
        {
            "name": "流血",
            "artist": "渡鸦",
            "id": 351231
        },
        {
            "name": "茶底世界",
            "artist": "丢火车",
            "id": 27591444
        },
        {
            "name": "My Jinji",
            "artist": "落日飞车",
            "id": 438462713
        },
        {
            "name": "我真的需要",
            "artist": "鲍家街43号",
            "id": 344362
        },
        {
            "name": "Finger",
            "artist": "大象体操",
            "id": 26484759
        },
        {
            "name": "Ambulance of love",
            "artist": "脑浊乐队",
            "id": 368971
        },
        {
            "name": "中南海",
            "artist": "Carsick Cars",
            "id": 347966
        },
        {
            "name": "环形公路",
            "artist": "哪吒乐队",
            "id": 368907
        },
        {
            "name": "白日梦(DEMO)",
            "artist": "红白色乐队",
            "id": 533788692
        },
        {
            "name": "再谈记忆",
            "artist": "盘尼西林",
            "id": 472137696
        },
        {
            "name": "等待戈多",
            "artist": "鲤鱼滑梯",
            "id": 410715153
        },
        {
            "name": "钢铁是怎样没有炼成的",
            "artist": "木推瓜",
            "id": 5271359
        },
        {
            "name": "乌鸦",
            "artist": "破碎乐队",
            "id": 40255375
        },
        {
            "name": "山上的人",
            "artist": "孔雀眼",
            "id": 420401202
        },
        {
            "name": "人间惆怅客",
            "artist": "皇后皮箱",
            "id": 29592146
        },
        {
            "name": "鸿鹄志",
            "artist": "耳光乐队",
            "id": 353993
        },
        {
            "name": "148",
            "artist": "野外合作社",
            "id": 29740162
        },
        {
            "name": "世事难料",
            "artist": "布衣乐队",
            "id": 28860669
        },
        {
            "name": "侠",
            "artist": "不可撤销",
            "id": 29747623
        },
        {
            "name": "嘿,姑娘",
            "artist": "反光镜",
            "id": 25843038
        },
        {
            "name": "心要野",
            "artist": "后海大鲨鱼",
            "id": 406072138
        },
        {
            "name": "谁也别管谁",
            "artist": "文雀",
            "id": 32102402
        },
        {
            "name": "玩具",
            "artist": "岛屿心情",
            "id": 41659256
        },
        {
            "name": "浪流連",
            "artist": "茄子蛋",
            "id": 1307822531
        },
        {
            "name": "我还年轻 我还年轻",
            "artist": "老王乐队",
            "id": 509512457
        },
        {
            "name": "夜间独白",
            "artist": "deca joins",
            "id": 1317457815
        },
        {
            "name": "揪心的玩笑与漫长的白日梦",
            "artist": "万能青年旅店",
            "id": 386829
        },
        {
            "name": "大风吹",
            "artist": "草东没有派对",
            "id": 411314657
        }
    ]
}