{
    "playlist_info": {
        "name": "在你不知道的时间里爱你很久",
        "trackcount": 200,
        "playcount": 1054857,
        "creator": "十三-1229",
        "createDate": "2021-06-19",
        "heat": 1418.0
    },
    "songs": [
        {
            "name": "外人",
            "artist": "萧秉治",
            "id": 2058957078
        },
        {
            "name": "没有关系",
            "artist": "UQ",
            "id": 2048593069
        },
        {
            "name": "指纹",
            "artist": "杜宣达",
            "id": 1887139866
        },
        {
            "name": "崇拜",
            "artist": "薛之谦",
            "id": 2055887708
        },
        {
            "name": "Alive",
            "artist": "张艺兴",
            "id": 2047743493
        },
        {
            "name": "秘密",
            "artist": "张震岳",
            "id": 1443886273
        },
        {
            "name": "不问",
            "artist": "王鑫",
            "id": 2046851439
        },
        {
            "name": "圈套",
            "artist": "Fine乐团",
            "id": 1405853776
        },
        {
            "name": "青印",
            "artist": "张德伊玲",
            "id": 1954413067
        },
        {
            "name": "城外",
            "artist": "郑润泽",
            "id": 2046186937
        },
        {
            "name": "凡星",
            "artist": "毛不易",
            "id": 2044490090
        },
        {
            "name": "卜卦",
            "artist": "她与他们皆失",
            "id": 2046622431
        },
        {
            "name": "掉了",
            "artist": "张惠妹",
            "id": 454828902
        },
        {
            "name": "预言(回忆版)",
            "artist": "打扰一下乐团",
            "id": 2018081122
        },
        {
            "name": "小城",
            "artist": "火鸡",
            "id": 1885843845
        },
        {
            "name": "不该 (Live)",
            "artist": "刘惜君",
            "id": 1835283157
        },
        {
            "name": "拾忆",
            "artist": "甘望星",
            "id": 1872009162
        },
        {
            "name": "慢歌1",
            "artist": "陈绮贞",
            "id": 209496
        },
        {
            "name": "我们",
            "artist": "陈奕迅",
            "id": 1871381155
        },
        {
            "name": "是否",
            "artist": "程响",
            "id": 1979274315
        },
        {
            "name": "走散",
            "artist": "不是花火呀",
            "id": 1859402255
        },
        {
            "name": "雨天",
            "artist": "范芽芽",
            "id": 2002523967
        },
        {
            "name": "情歌 (Live)",
            "artist": "胡海泉",
            "id": 1950272622
        },
        {
            "name": "飘摇",
            "artist": "张钰",
            "id": 1863376279
        },
        {
            "name": "下落",
            "artist": "余佳运",
            "id": 1882424351
        },
        {
            "name": "心动",
            "artist": "棱镜乐队",
            "id": 1868874994
        },
        {
            "name": "依赖",
            "artist": "叶琼琳",
            "id": 1811126474
        },
        {
            "name": "署名",
            "artist": "尤长靖",
            "id": 1862806721
        },
        {
            "name": "容器",
            "artist": "王巨星",
            "id": 1882663920
        },
        {
            "name": "绽放",
            "artist": "郑润泽",
            "id": 2025186889
        },
        {
            "name": "潜泳",
            "artist": "马頔",
            "id": 1885421530
        },
        {
            "name": "称谓",
            "artist": "王巨星",
            "id": 1898162335
        },
        {
            "name": "偏离",
            "artist": "赵砚卿",
            "id": 1425069319
        },
        {
            "name": "空位",
            "artist": "谷蓝帝",
            "id": 1855205098
        },
        {
            "name": "等风 (银河系-付思超 Remix)",
            "artist": "张腾",
            "id": 1853710741
        },
        {
            "name": "例外",
            "artist": "刘瑞琦",
            "id": 1887893189
        },
        {
            "name": "欢喜",
            "artist": "孟凡明",
            "id": 1889688601
        },
        {
            "name": "不散",
            "artist": "陈立农",
            "id": 1894075314
        },
        {
            "name": "撒野",
            "artist": "林一卡",
            "id": 1890471466
        },
        {
            "name": "很想",
            "artist": "杜宣达",
            "id": 1915571830
        },
        {
            "name": "月半弯",
            "artist": "黄绮珊",
            "id": 1404755735
        },
        {
            "name": "粉雾海",
            "artist": "易烊千玺",
            "id": 1470921949
        },
        {
            "name": "心引力",
            "artist": "王俊凯",
            "id": 1400596300
        },
        {
            "name": "一个人",
            "artist": "叶琼琳",
            "id": 1857853051
        },
        {
            "name": "调查中 (Live)",
            "artist": "周深",
            "id": 1945874952
        },
        {
            "name": "戒不了",
            "artist": "夏天Alex",
            "id": 1861909597
        },
        {
            "name": "我们啊",
            "artist": "三块木头",
            "id": 1911907981
        },
        {
            "name": "海屿你",
            "artist": "马也_Crabbit",
            "id": 1973665667
        },
        {
            "name": "可惜啊",
            "artist": "范倪Liu",
            "id": 1848233480
        },
        {
            "name": "未发送",
            "artist": "阿冗",
            "id": 1852002765
        },
        {
            "name": "相交线",
            "artist": "徐秉龙",
            "id": 1892930165
        },
        {
            "name": "都给你",
            "artist": "非日姜",
            "id": 2004322947
        },
        {
            "name": "时间轴",
            "artist": "余佳运",
            "id": 1892300139
        },
        {
            "name": "平行线",
            "artist": "郑润泽",
            "id": 1983761233
        },
        {
            "name": "黄昏晓",
            "artist": "史一",
            "id": 1955269220
        },
        {
            "name": "天黑黑 (Remastered)",
            "artist": "孙燕姿",
            "id": 1366289604
        },
        {
            "name": "同花顺",
            "artist": "傲七爷",
            "id": 1941330888
        },
        {
            "name": "达尔文",
            "artist": "火鸡",
            "id": 1950054224
        },
        {
            "name": "老情歌",
            "artist": "刘瑞琦",
            "id": 1861651696
        },
        {
            "name": "男二号",
            "artist": "薛之谦",
            "id": 1915297033
        },
        {
            "name": "不冬眠",
            "artist": "刘耀文",
            "id": 2004938347
        },
        {
            "name": "带我走",
            "artist": "徐珩",
            "id": 1933494595
        },
        {
            "name": "这个夏天",
            "artist": "范世錡",
            "id": 2054294320
        },
        {
            "name": "玫瑰·2023",
            "artist": "亚森",
            "id": 2055311997
        },
        {
            "name": "可不可以",
            "artist": "把话埋在心底",
            "id": 1948762767
        },
        {
            "name": "蝴蝶少女 (Don't Go)",
            "artist": "EXO",
            "id": 26428033
        },
        {
            "name": "忘了没有",
            "artist": "王王",
            "id": 2050436351
        },
        {
            "name": "我不落泪",
            "artist": "也无",
            "id": 2035924573
        },
        {
            "name": "盛夏日记",
            "artist": "小火柴o",
            "id": 1866181077
        },
        {
            "name": "忽远忽近",
            "artist": "九姨太",
            "id": 2045111116
        },
        {
            "name": "事非人愿",
            "artist": "璟年",
            "id": 1890907237
        },
        {
            "name": "天若有情",
            "artist": "你的欲梦",
            "id": 2028092516
        },
        {
            "name": "我的情歌",
            "artist": "CashMoon",
            "id": 2051311533
        },
        {
            "name": "字字句句 (Live版)",
            "artist": "张碧晨",
            "id": 2046990697
        },
        {
            "name": "敷衍设定",
            "artist": "刘大拿",
            "id": 2036556394
        },
        {
            "name": "失重旅行",
            "artist": "吴宇恒",
            "id": 1977410911
        },
        {
            "name": "小步舞曲",
            "artist": "陈绮贞",
            "id": 209400
        },
        {
            "name": "夏日预售",
            "artist": "LightYear光年",
            "id": 1933615747
        },
        {
            "name": "还是会寂寞",
            "artist": "陈绮贞",
            "id": 209478
        },
        {
            "name": "我又想你了",
            "artist": "h3R3",
            "id": 2026587136
        },
        {
            "name": "爱不能重来",
            "artist": "YAC Belly",
            "id": 2042022288
        },
        {
            "name": "爱的尽头",
            "artist": "陈楚生",
            "id": 2017065612
        },
        {
            "name": "倒流时间",
            "artist": "G.E.M.邓紫棋",
            "id": 1904192389
        },
        {
            "name": "心动节奏",
            "artist": "Ayi",
            "id": 1804880018
        },
        {
            "name": "恨幸福来过",
            "artist": "林俊杰",
            "id": 2019562367
        },
        {
            "name": "不思议花园",
            "artist": "吴子健REmi",
            "id": 2009573708
        },
        {
            "name": "等你的季节",
            "artist": "刘诗诗",
            "id": 101820
        },
        {
            "name": "时空观影券",
            "artist": "Tiko",
            "id": 2049529248
        },
        {
            "name": "徘徊在回忆",
            "artist": "倔强的呆呆歆",
            "id": 2037164427
        },
        {
            "name": "再度重相逢",
            "artist": "伍佰 & China Blue",
            "id": 156772
        },
        {
            "name": "無法抗拒的你",
            "artist": "Maderlin Weng",
            "id": 1985051558
        },
        {
            "name": "风驶过的声音是（孤独向后）",
            "artist": "Tiko",
            "id": 2045131238
        },
        {
            "name": "I  Always Love You",
            "artist": "希林娜依高",
            "id": 2055273511
        },
        {
            "name": "Tell you all my love",
            "artist": "dollyy99",
            "id": 2056951849
        },
        {
            "name": "我看过花开又花落",
            "artist": "万古",
            "id": 2025474049
        },
        {
            "name": "开往早晨的午夜 (男声正式版)",
            "artist": "柯柯柯啊",
            "id": 2049804421
        },
        {
            "name": "带我去找夜生活 (Live版)",
            "artist": "于文文",
            "id": 2043125495
        },
        {
            "name": "一定会再见吧",
            "artist": "队长",
            "id": 2029190676
        },
        {
            "name": "人间赴约",
            "artist": "周俊涛",
            "id": 2012170869
        },
        {
            "name": "你想要的",
            "artist": "马也_Crabbit",
            "id": 1938100949
        },
        {
            "name": "危险的他",
            "artist": "萨吉",
            "id": 2013959039
        },
        {
            "name": "不甜情歌",
            "artist": "阿肆",
            "id": 1984475101
        },
        {
            "name": "行走的鱼",
            "artist": "徐佳莹",
            "id": 1984474579
        },
        {
            "name": "寂寞烟火",
            "artist": "烟(许佳豪)",
            "id": 2013805632
        },
        {
            "name": "屋顶着火",
            "artist": "宋茜",
            "id": 1449328722
        },
        {
            "name": "下单记忆",
            "artist": "王铮亮",
            "id": 1998675793
        },
        {
            "name": "点一笔墨",
            "artist": "海洋Bo",
            "id": 2020321971
        },
        {
            "name": "对立关系",
            "artist": "杨胖雨",
            "id": 1913858698
        },
        {
            "name": "写你成歌",
            "artist": "王雨桐",
            "id": 1854142292
        },
        {
            "name": "坠落孤岛",
            "artist": "井胧",
            "id": 1884146994
        },
        {
            "name": "生死相随",
            "artist": "王贰浪",
            "id": 1913299856
        },
        {
            "name": "未完待续",
            "artist": "虞书欣",
            "id": 2008986511
        },
        {
            "name": "平行世界",
            "artist": "金贵晟",
            "id": 2013961938
        },
        {
            "name": "失落季节",
            "artist": "杜宣达",
            "id": 1895391214
        },
        {
            "name": "两个自己",
            "artist": "G.E.M.邓紫棋",
            "id": 1899045414
        },
        {
            "name": "抬起头来",
            "artist": "马嘉祺",
            "id": 2010563615
        },
        {
            "name": "夜长梦多",
            "artist": "王梓琪",
            "id": 1973112886
        },
        {
            "name": "时间过客",
            "artist": "以冬",
            "id": 1880503582
        },
        {
            "name": "心口豌豆",
            "artist": "是二智呀",
            "id": 1826600441
        },
        {
            "name": "清风和云",
            "artist": "坠",
            "id": 1811880735
        },
        {
            "name": "沉寂的海",
            "artist": "李子阳",
            "id": 1333795094
        },
        {
            "name": "每一秒钟",
            "artist": "颜人中",
            "id": 1905012469
        },
        {
            "name": "还是我们",
            "artist": "王巨星",
            "id": 1867179687
        },
        {
            "name": "心心念念（电影《俑之城》纯爱告白曲）",
            "artist": "杨宗纬",
            "id": 1861153863
        },
        {
            "name": "反方向的钟（温柔女声版）",
            "artist": "睡不醒的觉o",
            "id": 1929036065
        },
        {
            "name": "想念拟人化",
            "artist": "吴炳文",
            "id": 1969874371
        },
        {
            "name": "为了遇见你",
            "artist": "颜人中",
            "id": 1869168531
        },
        {
            "name": "这就是爱吗",
            "artist": "十豆彡",
            "id": 1412242872
        },
        {
            "name": "让我感受你",
            "artist": "余佳运",
            "id": 1915290672
        },
        {
            "name": "遗失的解药",
            "artist": "yihuik苡慧",
            "id": 1881719700
        },
        {
            "name": "你怎么会明白",
            "artist": "扬布拉德",
            "id": 2012428602
        },
        {
            "name": "请你先遗忘",
            "artist": "王贰浪",
            "id": 1909399193
        },
        {
            "name": "不具名海岸",
            "artist": "刘人语",
            "id": 1846419185
        },
        {
            "name": "你不属于我",
            "artist": "周兴哲",
            "id": 1886812704
        },
        {
            "name": "风吹过八千里",
            "artist": "苏星婕",
            "id": 1878620183
        },
        {
            "name": "如果晚风听见",
            "artist": "邓阿九",
            "id": 2019039271
        },
        {
            "name": "还是会想起你",
            "artist": "吴炳文",
            "id": 1995129307
        },
        {
            "name": "走得很慢的人",
            "artist": "刘心",
            "id": 1939690137
        },
        {
            "name": "这次你真的走了",
            "artist": "1个球",
            "id": 2012160350
        },
        {
            "name": "风说替我去见你",
            "artist": "Blank留白",
            "id": 2021483054
        },
        {
            "name": "落日亲吻银光海",
            "artist": "皮卡丘多多",
            "id": 2028320376
        },
        {
            "name": "你吻了我这件小事",
            "artist": "孟慧圆",
            "id": 2009519848
        },
        {
            "name": "一滴泪的时间 (L)",
            "artist": "赵紫骅",
            "id": 1413374550
        },
        {
            "name": "化作烟火为你坠落",
            "artist": "苏星婕",
            "id": 2034838310
        },
        {
            "name": "忘掉你需要多久",
            "artist": "王嘉懿",
            "id": 1992130982
        },
        {
            "name": "我转身时最爱你",
            "artist": "YangYang",
            "id": 1982969881
        },
        {
            "name": "从开始到结尾",
            "artist": "高睿",
            "id": 1886416691
        },
        {
            "name": "因为你 所以我",
            "artist": "五月天",
            "id": 1806926690
        },
        {
            "name": "我曾遇到一束光",
            "artist": "叶斯淳",
            "id": 1988532821
        },
        {
            "name": "原来你也在这里",
            "artist": "苏星婕",
            "id": 2025257479
        },
        {
            "name": "南半球与北海道",
            "artist": "范倪Liu",
            "id": 1888215863
        },
        {
            "name": "楼顶上的小斑鸠",
            "artist": "队长",
            "id": 1844449888
        },
        {
            "name": "未来几十个夏天",
            "artist": "张叶蕾",
            "id": 1857919836
        },
        {
            "name": "刻在我心底的名字",
            "artist": "五月天",
            "id": 1932572890
        },
        {
            "name": "孤独是生命的礼物",
            "artist": "什么都浪漫",
            "id": 1854449484
        },
        {
            "name": "只想与你浪费时间",
            "artist": "李十七饿了",
            "id": 1330986101
        },
        {
            "name": "星群是自由的鸽子",
            "artist": "昨夜派对（L.N Party）",
            "id": 1905993785
        },
        {
            "name": "不期而遇的夏天",
            "artist": "陈奕迅",
            "id": 1869983814
        },
        {
            "name": "我爱你,你知不知道",
            "artist": "13z",
            "id": 2045101792
        },
        {
            "name": "照亮黑夜的太阳",
            "artist": "汪苏泷",
            "id": 1861640172
        },
        {
            "name": "最远的远方",
            "artist": "徐佳莹",
            "id": 1855423946
        },
        {
            "name": "给我一个理由忘记",
            "artist": "黄丽玲",
            "id": 205342
        },
        {
            "name": "关于盛夏的光和影",
            "artist": "龚子婕JessieG",
            "id": 489122396
        },
        {
            "name": "遇见你的第一天起我就喜欢你",
            "artist": "张洢豪",
            "id": 2009517949
        },
        {
            "name": "你问我今天地上落满了叶子算不算浪漫",
            "artist": "HHW",
            "id": 1941294569
        },
        {
            "name": "夜是克莱因蓝的忧伤",
            "artist": "蓝心羽",
            "id": 1900190434
        },
        {
            "name": "三更情诗",
            "artist": "周思涵",
            "id": 1438531668
        },
        {
            "name": "山海难平",
            "artist": "是二智呀",
            "id": 1421572753
        },
        {
            "name": "风吹一夏",
            "artist": "DP龙猪",
            "id": 1851258433
        },
        {
            "name": "我是一只鱼",
            "artist": "Kim.T",
            "id": 1408471216
        },
        {
            "name": "想在夏日里",
            "artist": "胡期皓",
            "id": 1854638988
        },
        {
            "name": "被风吹过的夏天",
            "artist": "林俊杰",
            "id": 247644
        },
        {
            "name": "与幸福有关",
            "artist": "胡杨林",
            "id": 240396
        },
        {
            "name": "风与风的相遇",
            "artist": "高鱼",
            "id": 1836839295
        },
        {
            "name": "愿她被世界温柔以待",
            "artist": "宿羽阳",
            "id": 1854219857
        },
        {
            "name": "下雨时候特别想你",
            "artist": "陈壹千",
            "id": 1852267315
        },
        {
            "name": "最浪漫的忘记",
            "artist": "摩登兄弟刘宇宁",
            "id": 1855148340
        },
        {
            "name": "时缝里的情书",
            "artist": "廖俊涛",
            "id": 1860840870
        },
        {
            "name": "把回忆拼好给你",
            "artist": "王贰浪",
            "id": 1403318151
        },
        {
            "name": "到不了的未来",
            "artist": "叶琼琳",
            "id": 1862585304
        },
        {
            "name": "当想你成为习惯",
            "artist": "KeyKey",
            "id": 1811178061
        },
        {
            "name": "\b不要忘记你名字",
            "artist": "路飞文",
            "id": 1865950829
        },
        {
            "name": "漫天繁星",
            "artist": "张欣尧",
            "id": 1852039323
        },
        {
            "name": "你的星环",
            "artist": "路飞文",
            "id": 1852325823
        },
        {
            "name": "银河与星斗",
            "artist": "yihuik苡慧",
            "id": 1848190450
        },
        {
            "name": "哪里都是你",
            "artist": "队长",
            "id": 488249475
        },
        {
            "name": "很爱很爱你",
            "artist": "薛飞superman",
            "id": 1331127961
        },
        {
            "name": "归于人海",
            "artist": "徐远书",
            "id": 1843981658
        },
        {
            "name": "爱过你的人",
            "artist": "杨千嬅",
            "id": 1852249269
        },
        {
            "name": "不说再见",
            "artist": "任嘉伦",
            "id": 1855149638
        },
        {
            "name": "岁月忽已暮",
            "artist": "张子枫",
            "id": 1857026845
        },
        {
            "name": "就这样爱着你",
            "artist": "粥粥和小伙",
            "id": 1489040856
        },
        {
            "name": "在极度忧虑的时候",
            "artist": "李子阳",
            "id": 411356619
        },
        {
            "name": "从此以后",
            "artist": "缪礼丞",
            "id": 1391053342
        },
        {
            "name": "沉默以对",
            "artist": "吕口口",
            "id": 1830706001
        },
        {
            "name": "亡鱼与海",
            "artist": "李泽鸿",
            "id": 526508212
        },
        {
            "name": "你值得更好的",
            "artist": "张杰",
            "id": 1867936253
        },
        {
            "name": "等",
            "artist": "仙羽",
            "id": 1858171902
        },
        {
            "name": "谁 (Live版)",
            "artist": "廖俊涛",
            "id": 566436427
        },
        {
            "name": "偷",
            "artist": "马嘉祺",
            "id": 2005784269
        }
    ]
}