{
    "playlist_info": {
        "name": "如果困难重重 请紧握我的手『0.7x/0.8x』",
        "trackcount": 233,
        "playcount": 6797689,
        "creator": "对爱的执念从不是海",
        "createDate": "2022-05-14",
        "heat": 16364.0
    },
    "songs": [
        {
            "name": "一分一秒（0.8x）",
            "artist": "牧子",
            "id": 1983579076
        },
        {
            "name": "如果时光可以倒流 （Live）",
            "artist": "美 梦 领 取 屋",
            "id": 2039295463
        },
        {
            "name": "坏女孩(x0.8)",
            "artist": "落单豪",
            "id": 1953654112
        },
        {
            "name": "放晴",
            "artist": "小好14",
            "id": 2054365065
        },
        {
            "name": "夜车",
            "artist": "小好14",
            "id": 1981873549
        },
        {
            "name": "假装会 [Prod by Becu Beatz]",
            "artist": "不抽烟的小陆",
            "id": 1976501316
        },
        {
            "name": "窗外暴雨再狂澜 淋不湿屋内的你 (slowed)",
            "artist": "给猫讲故事",
            "id": 1994057212
        },
        {
            "name": "忘不掉的你钢琴版(0.8x)",
            "artist": "呢喃",
            "id": 1958148025
        },
        {
            "name": "可不可以0.8",
            "artist": "走不進你心裡",
            "id": 1961006625
        },
        {
            "name": "这就是爱（MS×0.8）",
            "artist": "池一",
            "id": 1972150745
        },
        {
            "name": "安心",
            "artist": "小好14",
            "id": 1991353177
        },
        {
            "name": "十个字（slow）",
            "artist": "sakura",
            "id": 1990114457
        },
        {
            "name": "Marting Solveg-Intoxicated（Low Speed）",
            "artist": "Speak",
            "id": 1898900015
        },
        {
            "name": "Wait a Minute！0.8",
            "artist": "sakura",
            "id": 1962686614
        },
        {
            "name": "到此为止（0.8x）",
            "artist": "滄海難为水",
            "id": 2013793954
        },
        {
            "name": "思念是一把刀",
            "artist": "童童只会嘤嘤",
            "id": 2019584545
        },
        {
            "name": "如果爱忘了 0.8x",
            "artist": "七十二時",
            "id": 2016323659
        },
        {
            "name": "戒烟0.8x",
            "artist": "别让杰伤心",
            "id": 2000729659
        },
        {
            "name": "Infinity 0.75X",
            "artist": "Young Music House",
            "id": 1958683818
        },
        {
            "name": "忘不掉的你（0.8x）",
            "artist": "立青",
            "id": 1948237753
        },
        {
            "name": "特别的人（0.8x）",
            "artist": "WF_Liang",
            "id": 1956171974
        },
        {
            "name": "坏女孩(0.8x)",
            "artist": "薇薇",
            "id": 1968429904
        },
        {
            "name": "我脆弱的心拾起又碎",
            "artist": "加藤断",
            "id": 2050390917
        },
        {
            "name": "别把青春困在爱里",
            "artist": "nofreshness",
            "id": 1937146046
        },
        {
            "name": "一天一天（钢琴版0.9x）",
            "artist": "男明星",
            "id": 1929754910
        },
        {
            "name": "你就不要想起我 (降调版)",
            "artist": "苏亦洋",
            "id": 1981326725
        },
        {
            "name": "July - 에서 확인할 수 （SLOWED DOWN）",
            "artist": "旻愿",
            "id": 1945580024
        },
        {
            "name": "哪里都是你（0.8）",
            "artist": "彭小羽",
            "id": 1926005004
        },
        {
            "name": "Deixe-Me Ir （0.7x）",
            "artist": "男明星",
            "id": 1928137165
        },
        {
            "name": "歌词总诉离别",
            "artist": "Yxpxx",
            "id": 2039157171
        },
        {
            "name": "伤感说唱",
            "artist": "冰岛",
            "id": 2023960101
        },
        {
            "name": "unreachable",
            "artist": "Await591",
            "id": 2014673913
        },
        {
            "name": "走马（0.8降调）",
            "artist": "第九片海",
            "id": 1987313041
        },
        {
            "name": "바람에 쓰는 편지（0.7X）",
            "artist": "luv",
            "id": 1955692561
        },
        {
            "name": "执念不是雨说停就停",
            "artist": "HeyGod",
            "id": 1974221156
        },
        {
            "name": "在你的身边 (0.8x)",
            "artist": "慢热的气球",
            "id": 1963213974
        },
        {
            "name": "始终困在阴雨天",
            "artist": "加藤断",
            "id": 2050037569
        },
        {
            "name": "哎呦喂（0.8x）",
            "artist": "WF_Liang",
            "id": 1959207292
        },
        {
            "name": "我知道 0.8x",
            "artist": "Blackly.",
            "id": 2019351846
        },
        {
            "name": "Stjæler Mit Hjerte 0.7x (降调）",
            "artist": "茫衫",
            "id": 1957883200
        },
        {
            "name": "心若诚 则永不分离",
            "artist": "冰冷的心",
            "id": 2001370746
        },
        {
            "name": "IFYOU(0.8)",
            "artist": "谢随",
            "id": 2021449817
        },
        {
            "name": "你想要的（0.9x）",
            "artist": "后厂痴情组",
            "id": 1998135910
        },
        {
            "name": "若生命等候  （0.8xBGM版）",
            "artist": "A cao music",
            "id": 2019884678
        },
        {
            "name": "Slow Down (0.8x)",
            "artist": "绪酱",
            "id": 1927049477
        },
        {
            "name": "想你想你想我(降调0.8xx)",
            "artist": "Cubi",
            "id": 1971966099
        },
        {
            "name": "Worth It0.8倍速降调",
            "artist": "Zy",
            "id": 2006549445
        },
        {
            "name": "You'll Get Over It",
            "artist": "lloyd og",
            "id": 1844116777
        },
        {
            "name": "Positions",
            "artist": "Magix",
            "id": 1497855310
        },
        {
            "name": "下个路口见（Slowed）",
            "artist": "7NpcTt",
            "id": 1935484288
        },
        {
            "name": "Letting Go",
            "artist": "水王惠子",
            "id": 2015047009
        },
        {
            "name": "到此为止v6",
            "artist": "钰",
            "id": 2013840173
        },
        {
            "name": "EA7 Rozovoe (Slowed)",
            "artist": "对爱的执念从不是海",
            "id": 2030825668
        },
        {
            "name": "Мокрые губы(×0.8)",
            "artist": "煜hwh",
            "id": 2016520779
        },
        {
            "name": "Differences",
            "artist": "AixRich",
            "id": 2001314407
        },
        {
            "name": "只剩怀念",
            "artist": "诀别诗",
            "id": 2012264256
        },
        {
            "name": "黄昏晓0.9x",
            "artist": "Shine",
            "id": 2002356026
        },
        {
            "name": "i can't（slowed down version）",
            "artist": "sakura",
            "id": 1974138930
        },
        {
            "name": "爱是雪地里写诗",
            "artist": "雾江月",
            "id": 1918013068
        },
        {
            "name": "至少还有你（0.8）",
            "artist": "Felix-zor",
            "id": 1985073471
        },
        {
            "name": "舍得(0.8x)",
            "artist": "呢喃",
            "id": 1956810237
        },
        {
            "name": "How Long Will I Love You （slowed down version）",
            "artist": "桜芥川",
            "id": 1974647510
        },
        {
            "name": "Alone (slowed + reverbed)",
            "artist": "Rentz",
            "id": 1969352119
        },
        {
            "name": "死在江南烟雨中（0.8伴奏）",
            "artist": "邱雨萱",
            "id": 1964353531
        },
        {
            "name": "孤单心事（0.8×）",
            "artist": "Q7",
            "id": 2005880062
        },
        {
            "name": "梦醒（x0.75）",
            "artist": "Anuo.",
            "id": 1962079068
        },
        {
            "name": "必杀技（0.8X）",
            "artist": "邱雨萱",
            "id": 1966212898
        },
        {
            "name": "再等冬天（emo慢版）",
            "artist": "圈圈菌",
            "id": 1958119516
        },
        {
            "name": "三两句（0.8×）",
            "artist": "许星纯",
            "id": 1990086349
        },
        {
            "name": "耿(0.8x)",
            "artist": "呢喃",
            "id": 1961161601
        },
        {
            "name": "心墙  （慢改0.8）",
            "artist": "今天忘吃酸辣粉",
            "id": 1939409274
        },
        {
            "name": "忽而今夏(0.8x)",
            "artist": "呢喃",
            "id": 1961161592
        },
        {
            "name": "【Slowed】EverySummertime-NIKI",
            "artist": "i8",
            "id": 1913585791
        },
        {
            "name": "顺其自然 (0.9x) EXO",
            "artist": "薇薇",
            "id": 1961454402
        },
        {
            "name": "人鱼的眼泪（0.8x）",
            "artist": "海予浪漫诗",
            "id": 1959303514
        },
        {
            "name": "红色高跟鞋(0.88x)",
            "artist": "swagger",
            "id": 1959190717
        },
        {
            "name": "Umbrella (0.8x)",
            "artist": "昱",
            "id": 1920690067
        },
        {
            "name": "浪漫血液（0.8x）",
            "artist": "心动",
            "id": 1994851569
        },
        {
            "name": "我的歌声里（0.8x）",
            "artist": "夜光下的扮演者",
            "id": 1993517689
        },
        {
            "name": "起风了（0.89x）降调版",
            "artist": "田杰",
            "id": 1939685534
        },
        {
            "name": "他不懂（0.8x）",
            "artist": "心动",
            "id": 1989916538
        },
        {
            "name": "倒数（0.8x）",
            "artist": "后厂痴情组",
            "id": 1970539602
        },
        {
            "name": "夜车0.98x",
            "artist": "南生",
            "id": 1996221510
        },
        {
            "name": "无-拉个勾说永远爱我(0.8x)（Cubi remix）",
            "artist": "Cubi",
            "id": 1973694058
        },
        {
            "name": "拉个勾说永远爱我",
            "artist": "刘楚",
            "id": 1969373959
        },
        {
            "name": "忘不掉的你（0.8x）",
            "artist": "WongKarKwoo",
            "id": 1955286780
        },
        {
            "name": "可不可以（0.8x）",
            "artist": "海予浪漫诗",
            "id": 1955029675
        },
        {
            "name": "如果声音不记得降调0.8x",
            "artist": "阿昔",
            "id": 1958745079
        },
        {
            "name": "浪漫主义 (0.8x)",
            "artist": "绪酱",
            "id": 1925574040
        },
        {
            "name": "Letting Go（0.8）",
            "artist": "Felix-zor",
            "id": 1983501304
        },
        {
            "name": "爱的岁月",
            "artist": "Time",
            "id": 1971784753
        },
        {
            "name": "Watch me work（Slowed）",
            "artist": "Fakelove7",
            "id": 1929068299
        },
        {
            "name": "Right Now (Na Na Na) （0.7X）",
            "artist": "Wangzihui",
            "id": 1916381020
        },
        {
            "name": "全部都是你(0.75 -3)",
            "artist": "雾无眠",
            "id": 1927963832
        },
        {
            "name": "Hold On(0.8x)",
            "artist": "swagger",
            "id": 1940359218
        },
        {
            "name": "Love you like I do（slowed）",
            "artist": "sn1b4",
            "id": 1946713378
        },
        {
            "name": "予你(75%)",
            "artist": "雾无眠",
            "id": 1927963821
        },
        {
            "name": "所以还是动了情",
            "artist": "0917",
            "id": 2035642780
        },
        {
            "name": "开往春天的地铁 (0.9x)",
            "artist": "昱",
            "id": 1924883994
        },
        {
            "name": "云压雨（0.8x）",
            "artist": "小猪才睡觉",
            "id": 1960300439
        },
        {
            "name": "你听冬景有声",
            "artist": "下江雪",
            "id": 2008316314
        },
        {
            "name": "你在哪里又在爱着谁",
            "artist": "刘回",
            "id": 1984853820
        },
        {
            "name": "念念不忘 到此为止",
            "artist": "v7777777",
            "id": 1940344113
        },
        {
            "name": "泽",
            "artist": "静",
            "id": 1958981039
        },
        {
            "name": "烫手的冰",
            "artist": "夜巴黎",
            "id": 1981613290
        },
        {
            "name": "幻境",
            "artist": "小隆",
            "id": 1930512206
        },
        {
            "name": "真心最后得到什么",
            "artist": "v7777777",
            "id": 1940891618
        },
        {
            "name": "又过了一个秋",
            "artist": "Lik",
            "id": 1996628252
        },
        {
            "name": "Moonlight 0.8x",
            "artist": "晊恦",
            "id": 1958837137
        },
        {
            "name": "秒潮",
            "artist": "001",
            "id": 1974248009
        },
        {
            "name": "祝你开心",
            "artist": "大约在冬季",
            "id": 1972334418
        },
        {
            "name": "该释怀了3.0",
            "artist": "斌",
            "id": 1943091251
        },
        {
            "name": "山海总是晴",
            "artist": "7KMIX",
            "id": 2018991142
        },
        {
            "name": "心比冰岛冷",
            "artist": "DJ阿布",
            "id": 1993653910
        },
        {
            "name": "写在风中的信（慢速降调）",
            "artist": "小爷睡不饱",
            "id": 1955289158
        },
        {
            "name": "热播旋律V1",
            "artist": "蜡笔小兴",
            "id": 2013844769
        },
        {
            "name": "Aaron Smith（降调）",
            "artist": "旻愿",
            "id": 1949829852
        },
        {
            "name": "心不诚",
            "artist": "抉择",
            "id": 1999014644
        },
        {
            "name": "她离开我的时候（0.8x）",
            "artist": "WF_Liang",
            "id": 1970659836
        },
        {
            "name": "Halloween party （Slowed+Reverb）",
            "artist": "ZAKU-K.",
            "id": 2024100734
        },
        {
            "name": "如果爱请深爱",
            "artist": "权",
            "id": 1969022727
        },
        {
            "name": "离别诗",
            "artist": "加藤断",
            "id": 2050860979
        },
        {
            "name": "偏爱（0.8x）",
            "artist": "WongKarKwoo",
            "id": 1955039633
        },
        {
            "name": "失海",
            "artist": "Lik",
            "id": 1989690090
        },
        {
            "name": "流浪",
            "artist": "江辰",
            "id": 1941265858
        },
        {
            "name": "爱的就是你（MS×0.8）",
            "artist": "池一",
            "id": 1972428765
        },
        {
            "name": "Once Upon a Time（0.8x）",
            "artist": "BnZeE",
            "id": 1939979967
        },
        {
            "name": "Empty Love (慢速0.8x版本)",
            "artist": "Kid Princess",
            "id": 1918286448
        },
        {
            "name": "Close Eyes (Slowed + Reverb)",
            "artist": "DVRST",
            "id": 1861101583
        },
        {
            "name": "like that (slowed)",
            "artist": "charlie.",
            "id": 1494746586
        },
        {
            "name": "春娇与志明（0.9x变速降调）",
            "artist": "SongLong",
            "id": 1986771025
        },
        {
            "name": "多幸运（0.8x）",
            "artist": "WongKarKwoo",
            "id": 1955028561
        },
        {
            "name": "Changes 0.8x",
            "artist": "薇薇",
            "id": 1959388358
        },
        {
            "name": "不值得（0.9x）",
            "artist": "CO1",
            "id": 1939633377
        },
        {
            "name": "拉个勾说永远留在我身边",
            "artist": "十三春",
            "id": 1971489848
        },
        {
            "name": "唯一（0.8x）",
            "artist": "WF_Liang",
            "id": 1960170435
        },
        {
            "name": "爱笑的眼睛（慢版）",
            "artist": "黎耀辉",
            "id": 1925560390
        },
        {
            "name": "SexyBack (slowdown)",
            "artist": "sssssuxin",
            "id": 1927491783
        },
        {
            "name": "有人释怀 有人不在风里热情",
            "artist": "易谢斌",
            "id": 2011394079
        },
        {
            "name": "楼顶上的小斑鸠(0.8x)",
            "artist": "呢喃",
            "id": 1959152626
        },
        {
            "name": "罗生门（Follow0.8x）",
            "artist": "WongKarKwoo",
            "id": 1955223133
        },
        {
            "name": "防（0.8X）",
            "artist": "Wangzihui",
            "id": 1917852233
        },
        {
            "name": "Matvey Emerson-Into You（Low Speed）",
            "artist": "Speak",
            "id": 1898855202
        },
        {
            "name": "断线降调",
            "artist": "听不完的wyy",
            "id": 1956161771
        },
        {
            "name": "默（0.8×）",
            "artist": "XXXDAION",
            "id": 1953274089
        },
        {
            "name": "到此为止(0.8)",
            "artist": "诗忆",
            "id": 1970973216
        },
        {
            "name": "匿名的朋友 0.8x",
            "artist": "不知名选手小羊",
            "id": 1955464015
        },
        {
            "name": "越来越不懂（0.8x）",
            "artist": "WF_Liang",
            "id": 1955423798
        },
        {
            "name": "MOM（0.8x）",
            "artist": "WF_Liang",
            "id": 1955204537
        },
        {
            "name": "In The Shadow Of THe Sun(0.85×）",
            "artist": "WaN",
            "id": 1920658259
        },
        {
            "name": "足够(0.8x)",
            "artist": "刺客",
            "id": 1961228149
        },
        {
            "name": "Feel Right Now（0.8X）",
            "artist": "黎耀辉",
            "id": 1937455840
        },
        {
            "name": "Stjæler Mit Hjerte（0.8X）",
            "artist": "小川",
            "id": 1923444336
        },
        {
            "name": "我看过（0.8x）",
            "artist": "CO1",
            "id": 1934359973
        },
        {
            "name": "遗失的心跳 0.8x 完整版",
            "artist": "薇薇",
            "id": 1954223039
        },
        {
            "name": "Kiss Me More (Slowed)",
            "artist": "Aji Studio",
            "id": 1839259635
        },
        {
            "name": "第三人称（0.8x）",
            "artist": "WF_Liang",
            "id": 1957883626
        },
        {
            "name": "戚薇-你是对的人（0.8x）",
            "artist": "宇",
            "id": 1962438244
        },
        {
            "name": "Don't want know Slowed(带3D)（AD_Gai）",
            "artist": "AD_概",
            "id": 1842485187
        },
        {
            "name": "葬（x0.2倍完整版）",
            "artist": "喜欢唱歌的小白",
            "id": 1943989278
        },
        {
            "name": "Come Back ×0.8",
            "artist": "L17hope",
            "id": 1955462801
        },
        {
            "name": "致爱 Your Song（0.9x）",
            "artist": "WF_Liang",
            "id": 1971444527
        },
        {
            "name": "So Far Away（0.9x）",
            "artist": "昱",
            "id": 1928690235
        },
        {
            "name": "溯 (Reverse) feat. 马吟吟",
            "artist": "love9",
            "id": 1899684991
        },
        {
            "name": "灰色轨迹(尾奏变速版)",
            "artist": "05L.",
            "id": 1899521702
        },
        {
            "name": "琦总-珍惜才配拥有",
            "artist": "琦总",
            "id": 2008585099
        },
        {
            "name": "还是会想你（emo慢版）",
            "artist": "圈圈菌",
            "id": 1958121913
        },
        {
            "name": "小苹果（×0.8）",
            "artist": "朴永纯",
            "id": 1948514479
        },
        {
            "name": "Sahara (Slowed)",
            "artist": "Hensonn",
            "id": 1901238237
        },
        {
            "name": "Tim Legend_Transviolet - Telescope Slowed",
            "artist": "AD_概",
            "id": 1868273207
        },
        {
            "name": "ʎpoqou-ǝɔuɐɹʇuǝ uɐ ƃuᴉʞɐ（Low Speed）（N-Y-Duo remix）",
            "artist": "BA",
            "id": 1888678162
        },
        {
            "name": "I Believe×0.5",
            "artist": "L17hope",
            "id": 1951447282
        },
        {
            "name": "Black Sheep（0.8x）",
            "artist": "Kings",
            "id": 1956278686
        },
        {
            "name": "刘至佳-沉没 前奏 【0.7x】（ksii remix）",
            "artist": "ksii",
            "id": 1926908089
        },
        {
            "name": "Baby(Slowed Remix)",
            "artist": "Murphy",
            "id": 1882915925
        },
        {
            "name": "Ass Like That（Slowed）",
            "artist": "CampNouu",
            "id": 1916893637
        },
        {
            "name": "Do It (0.75X)",
            "artist": "Young Music House",
            "id": 1957279262
        },
        {
            "name": "末班车（0.8x）",
            "artist": "CO1",
            "id": 1951559963
        },
        {
            "name": "我们的爱（0.8x）",
            "artist": "TE4R9",
            "id": 1959225989
        },
        {
            "name": "背風點煙Hamal-剩下的盛夏（YaNcyP1e0 remix）",
            "artist": "YaNcyP1e0",
            "id": 1926274487
        },
        {
            "name": "先说谎的人（0.8X）",
            "artist": "涵の心事.",
            "id": 1952923251
        },
        {
            "name": "个人简介+百变酒精（×0.8）",
            "artist": "后厂痴情组",
            "id": 1961032753
        },
        {
            "name": "光年之外（0.8x）",
            "artist": "WF_Liang",
            "id": 1957211405
        },
        {
            "name": "旋律自度 (0.8x)",
            "artist": "林",
            "id": 1960322425
        },
        {
            "name": "你的歌声（0.8x）",
            "artist": "榴莲鲨鱼",
            "id": 1930605629
        },
        {
            "name": "黄阿慈-Falling U【0.8x】（ksii remix）",
            "artist": "ksii",
            "id": 1928981740
        },
        {
            "name": "Collapsing World （REBORN Remix）",
            "artist": "REBORN",
            "id": 1921628919
        },
        {
            "name": "命运（0.8x）",
            "artist": "WongKarKwoo",
            "id": 1959028063
        },
        {
            "name": "心跳的证明(0.8x)",
            "artist": "呢喃",
            "id": 1957492947
        },
        {
            "name": "Good Time（0.7x）",
            "artist": "男明星",
            "id": 1925712051
        },
        {
            "name": "In the Name of Love（0.8x）",
            "artist": "WF_Liang",
            "id": 1957569723
        },
        {
            "name": "Phone Kisses（0.9x）",
            "artist": "昱",
            "id": 1922598952
        },
        {
            "name": "Bet On Me (slowed + reverb)",
            "artist": "Walk off the Earth",
            "id": 1943043475
        },
        {
            "name": "落空（emo慢版）",
            "artist": "朱兴东",
            "id": 1925262041
        },
        {
            "name": "love scenario（0.7X）",
            "artist": "Wangzihui",
            "id": 1916463494
        },
        {
            "name": "Slow Wagging（×0.7）",
            "artist": "朴永纯",
            "id": 1960301331
        },
        {
            "name": "Some（0.9X）",
            "artist": "xxxCr3",
            "id": 1909339376
        },
        {
            "name": "一样的月光（×0.8）",
            "artist": "朴永纯",
            "id": 1948007389
        },
        {
            "name": "NALYRO - Lush Life Slowed",
            "artist": "AD_概",
            "id": 1863879017
        },
        {
            "name": "kiss me baby（3d+×0.8）（原唱：椅子不够酷）",
            "artist": "澜兰",
            "id": 1929710352
        },
        {
            "name": "Take Me to Infinity",
            "artist": "Speak",
            "id": 1855755735
        },
        {
            "name": "GANGSTER-Opr（Low Speed）",
            "artist": "Speak",
            "id": 1902653318
        },
        {
            "name": "TiK ToK (0.9x+0.8x+混响)",
            "artist": "绪酱",
            "id": 1929539549
        },
        {
            "name": "越来越不懂DJ（0.8X）",
            "artist": "小爷睡不饱",
            "id": 1969804979
        },
        {
            "name": "爱情慢慢来(0.8x)",
            "artist": "呢喃",
            "id": 1959944851
        },
        {
            "name": "Because Of You",
            "artist": "川",
            "id": 1925246647
        },
        {
            "name": "Seve (Slow Version)",
            "artist": "Tez Cadey",
            "id": 1862906474
        },
        {
            "name": "Watch Me Work（0.7x）3D",
            "artist": "后厂痴情组",
            "id": 1907462482
        },
        {
            "name": "沉沦与遐想（0.8x）",
            "artist": "WF_Liang",
            "id": 1954924353
        },
        {
            "name": "Beautiful  Girls(0.8x)",
            "artist": "呢喃",
            "id": 1959637037
        },
        {
            "name": "love9（0.8×）",
            "artist": "愛",
            "id": 1933594385
        },
        {
            "name": "Night Crusing (But Slowed) (prod 牛尾憲輔)",
            "artist": "Alexanbra",
            "id": 1937226721
        },
        {
            "name": "The Cure (0.8x)",
            "artist": "昱",
            "id": 1923167380
        },
        {
            "name": "Stay The Night(0.8速)",
            "artist": "果味纯氧",
            "id": 1932198958
        },
        {
            "name": "Fallin'(×0.7)",
            "artist": "i8",
            "id": 1928042506
        },
        {
            "name": "Fatal Love（0.7降调完整版）",
            "artist": "Dolphin°",
            "id": 1950100043
        },
        {
            "name": "Maps（0.8X）",
            "artist": "xxxCr3",
            "id": 1910183601
        },
        {
            "name": "时间煮雨（0.8x）",
            "artist": "玻璃心小男孩",
            "id": 1957560926
        },
        {
            "name": "Dubdogz-Techno Prank Slowed",
            "artist": "炸炸不自闭.",
            "id": 1950924765
        },
        {
            "name": "给陌生的你听（0.8x）",
            "artist": "CO1",
            "id": 1944123716
        },
        {
            "name": "Paris in the Rain(0.8x)",
            "artist": "昱",
            "id": 1925830932
        },
        {
            "name": "Take Me Hand(Slowed)",
            "artist": "文",
            "id": 1952358155
        },
        {
            "name": "Rodeo（0.7）",
            "artist": "sakura",
            "id": 1945956696
        },
        {
            "name": "Fatal Love",
            "artist": "Tucci",
            "id": 1922473501
        },
        {
            "name": "Booty Call（0.8X）",
            "artist": "xxxCr3",
            "id": 1908016056
        },
        {
            "name": "Fool For You(×0.8)",
            "artist": "煜hwh",
            "id": 1950336719
        },
        {
            "name": "半点心（变速版）",
            "artist": "Kings",
            "id": 1946585503
        },
        {
            "name": "Королева Танцпола（0.8x）",
            "artist": "Tucci",
            "id": 1947639881
        },
        {
            "name": "Leave Me Alone （0.8X）",
            "artist": "Wangzihui",
            "id": 1917342027
        },
        {
            "name": "I fall apart <0.8x>",
            "artist": "Spectrum",
            "id": 1922341511
        },
        {
            "name": "Shed a Light（0.8x）",
            "artist": "文",
            "id": 1941531320
        },
        {
            "name": "Call You Tonight（0.8X）",
            "artist": "xxxCr3",
            "id": 1909326368
        },
        {
            "name": "Buleee_-FALLIN’ 【0.8x】（ksii remix）",
            "artist": "ksii",
            "id": 1927189273
        }
    ]
}