{
    "playlist_info": {
        "name": "宅家健身丨耳机充氧，享受健康",
        "trackcount": 68,
        "playcount": 41814,
        "creator": "早起头发会炸毛",
        "createDate": "2022-06-23",
        "heat": 112.0
    },
    "songs": [
        {
            "name": "DAWAI",
            "artist": "ДЕТИ RAVE",
            "id": 1975811775
        },
        {
            "name": "Girls",
            "artist": "aespa",
            "id": 1962315917
        },
        {
            "name": "One Last Time",
            "artist": "VIZE",
            "id": 1981032174
        },
        {
            "name": "Step Back!",
            "artist": "1nonly",
            "id": 1977106849
        },
        {
            "name": "All The Way Up",
            "artist": "CryJaxx",
            "id": 1954323210
        },
        {
            "name": "Ahegao",
            "artist": "BeMax",
            "id": 1943964204
        },
        {
            "name": "Nullifier",
            "artist": "TRVNSPORTER",
            "id": 1962738828
        },
        {
            "name": "Smells Like Me",
            "artist": "Charlie Puth",
            "id": 1977096892
        },
        {
            "name": "KLEIN BLUE",
            "artist": "Nine Band",
            "id": 1964744004
        },
        {
            "name": "Wind Water（风生水起）",
            "artist": "YPD",
            "id": 1973135557
        },
        {
            "name": "Faded",
            "artist": "Dj Valka",
            "id": 1980808779
        },
        {
            "name": "Death Lotto (Instrumental)",
            "artist": "ovg!",
            "id": 1959323027
        },
        {
            "name": "Deep Down",
            "artist": "Alok",
            "id": 1952704312
        },
        {
            "name": "LAND OF FIRE",
            "artist": "Kordhell",
            "id": 1966025205
        },
        {
            "name": "Worst Day",
            "artist": "ILLENIUM",
            "id": 1990550269
        },
        {
            "name": "Drive Forever - Slowed 3",
            "artist": "T3nzu",
            "id": 1951083036
        },
        {
            "name": "Metaverse",
            "artist": "BlackDD",
            "id": 1985382659
        },
        {
            "name": "MOVE IN SILENCE",
            "artist": "KKECHO",
            "id": 1970392510
        },
        {
            "name": "Italia e voi（Reset）",
            "artist": "Pnan",
            "id": 1955571906
        },
        {
            "name": "CREAM",
            "artist": "KKECHO",
            "id": 1970392506
        },
        {
            "name": "Last Twerking",
            "artist": "Starsblood",
            "id": 1968549916
        },
        {
            "name": "Born to Fly",
            "artist": "7vvch",
            "id": 1950783503
        },
        {
            "name": "Pain",
            "artist": "Jake Daniels",
            "id": 1954539577
        },
        {
            "name": "天気の子",
            "artist": "STRlighT",
            "id": 1973129951
        },
        {
            "name": "Tokyo Rain",
            "artist": "Yavomag",
            "id": 1948643297
        },
        {
            "name": "Death Lotto",
            "artist": "ovg!",
            "id": 1959324681
        },
        {
            "name": "As It Was",
            "artist": "Harry Styles",
            "id": 1948620191
        },
        {
            "name": "BLACK WINDOWS",
            "artist": "WYR GEMI",
            "id": 1979146957
        },
        {
            "name": "Bedtime Angel",
            "artist": "Ivoris",
            "id": 1970542285
        },
        {
            "name": "If You_One Of These Night",
            "artist": "VLHS",
            "id": 1952330086
        },
        {
            "name": "Pebble",
            "artist": "BlackDD",
            "id": 1973166377
        },
        {
            "name": "FATALITY",
            "artist": "Kordhell",
            "id": 1943523171
        },
        {
            "name": "One Kiss X I Was Never There",
            "artist": "Just Lowkey",
            "id": 1967998969
        },
        {
            "name": "圣安地列斯",
            "artist": "KKECHO",
            "id": 1970396864
        },
        {
            "name": "Ass Like That",
            "artist": "Psaxxx",
            "id": 1948083890
        },
        {
            "name": "This Far",
            "artist": "IRXD7",
            "id": 1943260792
        },
        {
            "name": "Hard Bone（硬骨）",
            "artist": "YPD",
            "id": 1948217270
        },
        {
            "name": "Stay with Me",
            "artist": "BLADEFEAR",
            "id": 1960258420
        },
        {
            "name": "NEON BLADE",
            "artist": "MoonDeity",
            "id": 1953493837
        },
        {
            "name": "Drive Forever - Slowed",
            "artist": "T3nzu",
            "id": 1951084010
        },
        {
            "name": "I Believe",
            "artist": "Major Domes",
            "id": 1939948801
        },
        {
            "name": "In The Night",
            "artist": "Fly By Midnight",
            "id": 1972532365
        },
        {
            "name": "Let's Get It Started",
            "artist": "ILUNA",
            "id": 1966730663
        },
        {
            "name": "End of Time",
            "artist": "K-391",
            "id": 1966875047
        },
        {
            "name": "Just To Be In Love(Modified version)",
            "artist": "Mr.Luo",
            "id": 1949163451
        },
        {
            "name": "Go Again (feat. ELYSA)",
            "artist": "King CAAN",
            "id": 1952112969
        },
        {
            "name": "Titratting",
            "artist": "Guzalnur-Kasim",
            "id": 1958705464
        },
        {
            "name": "YEAh（SnakeExclusive）",
            "artist": "prod.YoungBabyKeith",
            "id": 1972198666
        },
        {
            "name": "Blame",
            "artist": "Calvin Harris",
            "id": 29129632
        },
        {
            "name": "Big Words",
            "artist": "Klaas",
            "id": 569870379
        },
        {
            "name": "Umbrella(Remix)",
            "artist": "南辰Music",
            "id": 1831768247
        },
        {
            "name": "Candyland",
            "artist": "Tobu",
            "id": 30621706
        },
        {
            "name": "Sing Me to Sleep",
            "artist": "Alan Walker",
            "id": 415792222
        },
        {
            "name": "Hot Breeze",
            "artist": "TomLeevis",
            "id": 30854947
        },
        {
            "name": "Nova",
            "artist": "Ahrix",
            "id": 32317113
        },
        {
            "name": "HandClap",
            "artist": "Fitz and The Tantrums",
            "id": 407839677
        },
        {
            "name": "Once Upon a Time",
            "artist": "Max Oazo",
            "id": 1299570939
        },
        {
            "name": "Stay (Chris Robleda Remix)",
            "artist": "Chris Robleda",
            "id": 479938197
        },
        {
            "name": "Save Me",
            "artist": "DEAMN",
            "id": 460476510
        },
        {
            "name": "Future Funk",
            "artist": "Varien",
            "id": 27639209
        },
        {
            "name": "Holy Grail (Adieu Remix)",
            "artist": "Adieu",
            "id": 37092830
        },
        {
            "name": "Illusion",
            "artist": "Matilda",
            "id": 480516046
        },
        {
            "name": "Hate Me",
            "artist": "Krayzius",
            "id": 1341071975
        },
        {
            "name": "Wolves",
            "artist": "Selena Gomez",
            "id": 515269424
        },
        {
            "name": "Oblivion",
            "artist": "TheFatRat",
            "id": 515540639
        },
        {
            "name": "Rest (Original Mix)",
            "artist": "Zeraphym 六翼使徒",
            "id": 32574996
        },
        {
            "name": "Open Your Eye",
            "artist": "L3V3LS",
            "id": 408532092
        },
        {
            "name": "Cheap Thrills",
            "artist": "Sia",
            "id": 39224884
        }
    ]
}