{
    "playlist_info": {
        "name": "元气焕发 | 好心情从早餐开始",
        "trackcount": 40,
        "playcount": 6051,
        "creator": "云音乐歌单之友",
        "createDate": "2023-06-02",
        "heat": 229.0
    },
    "songs": [
        {
            "name": "Aphrodite",
            "artist": "椅子乐团 The Chairs",
            "id": 1960130295
        },
        {
            "name": "Paradise...How Far?",
            "artist": "椅子乐团 The Chairs",
            "id": 1487205170
        },
        {
            "name": "Dreamin",
            "artist": "The Score",
            "id": 1343458349
        },
        {
            "name": "Cherry Lime",
            "artist": "Ocean Radio",
            "id": 1822474172
        },
        {
            "name": "Dreaming With You",
            "artist": "椅子乐团 The Chairs",
            "id": 1379582709
        },
        {
            "name": "The Light",
            "artist": "CHPTRS",
            "id": 1442471417
        },
        {
            "name": "Check It Out",
            "artist": "Oh The Larceny",
            "id": 516318016
        },
        {
            "name": "Simply",
            "artist": "ADOY",
            "id": 1874820124
        },
        {
            "name": "1975(DEMO)",
            "artist": "白日密语",
            "id": 494020372
        },
        {
            "name": "Natural",
            "artist": "Planet in Limbo",
            "id": 1397573144
        },
        {
            "name": "Early to Bed",
            "artist": "Morphine",
            "id": 4176043
        },
        {
            "name": "Believer",
            "artist": "Imagine Dragons",
            "id": 1338149101
        },
        {
            "name": "Never Grow Old",
            "artist": "The Cranberries",
            "id": 21971060
        },
        {
            "name": "I Don't Mind If You Don't Mind",
            "artist": "Ron Pope",
            "id": 27472194
        },
        {
            "name": "Spirits",
            "artist": "The Strumbellas",
            "id": 399620640
        },
        {
            "name": "Imagine",
            "artist": "John Lennon",
            "id": 1476431
        },
        {
            "name": "Coloratura",
            "artist": "Coldplay",
            "id": 1886744951
        },
        {
            "name": "Something In The Way",
            "artist": "Nirvana",
            "id": 21303946
        },
        {
            "name": "Paradise",
            "artist": "Coldplay",
            "id": 17177380
        },
        {
            "name": "Not Today",
            "artist": "Imagine Dragons",
            "id": 411349430
        },
        {
            "name": "All alright",
            "artist": "Sigur Rós",
            "id": 22212233
        },
        {
            "name": "Roundabout",
            "artist": "Yes",
            "id": 20789751
        },
        {
            "name": "Wish You Were Here",
            "artist": "Pink Floyd",
            "id": 4237923
        },
        {
            "name": "Someone To You",
            "artist": "BANNERS",
            "id": 482988403
        },
        {
            "name": "You",
            "artist": "Hollywood Ending",
            "id": 26256023
        },
        {
            "name": "Give Life Back to Music",
            "artist": "Daft Punk",
            "id": 26354015
        },
        {
            "name": "Patience",
            "artist": "Guns N' Roses",
            "id": 18095092
        },
        {
            "name": "Best Day Of My Life",
            "artist": "American Authors",
            "id": 27646851
        },
        {
            "name": "Dark Side",
            "artist": "Bishop Briggs",
            "id": 471754946
        },
        {
            "name": "Show Me How",
            "artist": "Men I Trust",
            "id": 1305366120
        },
        {
            "name": "起床气（Remember Me）",
            "artist": "橘子海 (Orange Ocean)",
            "id": 1383943253
        },
        {
            "name": "New Song",
            "artist": "Måneskin",
            "id": 1318972858
        },
        {
            "name": "Feelings",
            "artist": "Maroon 5",
            "id": 29019232
        },
        {
            "name": "All The Time",
            "artist": "Bahamas",
            "id": 28946894
        },
        {
            "name": "The Story",
            "artist": "Brandi Carlile",
            "id": 16783822
        },
        {
            "name": "The Sound of Silence",
            "artist": "Paul Simon",
            "id": 1821488
        },
        {
            "name": "Hey, Soul Sister",
            "artist": "Train",
            "id": 21803920
        },
        {
            "name": "The Warrior Song",
            "artist": "Sean Household",
            "id": 1992968
        },
        {
            "name": "Follow You",
            "artist": "Imagine Dragons",
            "id": 1826961928
        },
        {
            "name": "O",
            "artist": "Coldplay",
            "id": 1356223509
        }
    ]
}