{
    "playlist_info": {
        "name": "光影留声|听电影故事里的民谣",
        "trackcount": 40,
        "playcount": 1810454,
        "creator": "卧室坐家",
        "createDate": "2018-01-16",
        "heat": 909.0
    },
    "songs": [
        {
            "name": "Mystery of Love",
            "artist": "Sufjan Stevens",
            "id": 516358164
        },
        {
            "name": "Don't You Want Me",
            "artist": "Bahamas",
            "id": 28143758
        },
        {
            "name": "Shallow",
            "artist": "Lady Gaga",
            "id": 1313096578
        },
        {
            "name": "Flightless Bird, American Mouth (Twilight Soundtrack Version)",
            "artist": "Iron & Wine",
            "id": 5042924
        },
        {
            "name": "Starry Starry Night",
            "artist": "Lianne La Havas",
            "id": 507783538
        },
        {
            "name": "Loving Strangers",
            "artist": "Jocelyn Pook",
            "id": 2788529
        },
        {
            "name": "Look At Me",
            "artist": "Alan Jackson",
            "id": 5043107
        },
        {
            "name": "You Belong To Me",
            "artist": "Jason Wade",
            "id": 5053289
        },
        {
            "name": "Fine On The Outside",
            "artist": "Priscilla Ahn",
            "id": 28815096
        },
        {
            "name": "Let It Be Me",
            "artist": "Phil Everly",
            "id": 5039981
        },
        {
            "name": "Between the Bars",
            "artist": "Elliott Smith",
            "id": 5056101
        },
        {
            "name": "Hang Me, Oh Hang Me",
            "artist": "Oscar Isaac",
            "id": 27759597
        },
        {
            "name": "The Blower's Daughter",
            "artist": "Damien Rice",
            "id": 5051046
        },
        {
            "name": "The Weary Kind (Theme From Crazy Heart)",
            "artist": "Ryan Bingham",
            "id": 5040790
        },
        {
            "name": "Farewell",
            "artist": "Bob Dylan",
            "id": 27759609
        },
        {
            "name": "The Wind",
            "artist": "Yusuf / Cat Stevens",
            "id": 445702290
        },
        {
            "name": "Come Here",
            "artist": "Kath Bloom",
            "id": 5050339
        },
        {
            "name": "Try To Remember",
            "artist": "黎明",
            "id": 204713
        },
        {
            "name": "Society",
            "artist": "Eddie Vedder",
            "id": 1304028
        },
        {
            "name": "Feels Like Home",
            "artist": "Edwina Hayes",
            "id": 5041813
        },
        {
            "name": "Tee Shirt (Soundtrack Version)",
            "artist": "Birdy",
            "id": 28566207
        },
        {
            "name": "Lost Stars",
            "artist": "Keira Knightley",
            "id": 28747428
        },
        {
            "name": "If You Want Me",
            "artist": "Glen Hansard",
            "id": 4340760
        },
        {
            "name": "Lonesome Town",
            "artist": "Ricky Nelson",
            "id": 5057820
        },
        {
            "name": "Five Hundred Miles",
            "artist": "Justin Timberlake",
            "id": 27759600
        },
        {
            "name": "Shape Of My Heart",
            "artist": "Sting",
            "id": 1934649
        },
        {
            "name": "Hero",
            "artist": "Family of the Year",
            "id": 17863892
        },
        {
            "name": "Heart Of Gold",
            "artist": "Neil Young",
            "id": 5040046
        },
        {
            "name": "Almost Lover",
            "artist": "A Fine Frenzy",
            "id": 16426514
        },
        {
            "name": "The Sound Of Silence",
            "artist": "Simon & Garfunkel",
            "id": 5042274
        },
        {
            "name": "Waiting For The Miracle",
            "artist": "Leonard Cohen",
            "id": 5057788
        },
        {
            "name": "Raindrops Keep Falling On My Head",
            "artist": "B.J. Thomas",
            "id": 5057910
        },
        {
            "name": "Cold Water",
            "artist": "Damien Rice",
            "id": 5051047
        },
        {
            "name": "Stay Alive",
            "artist": "José González",
            "id": 28143753
        },
        {
            "name": "It Will Stay With Us",
            "artist": "Jesse Harris",
            "id": 5045565
        },
        {
            "name": "The Last Goodbye",
            "artist": "Billy Boyd",
            "id": 29755223
        },
        {
            "name": "Imaginary Bars",
            "artist": "Great Lake Swimmers",
            "id": 5040820
        },
        {
            "name": "Quelqu'un M'a Dit",
            "artist": "Carla Bruni",
            "id": 5041852
        },
        {
            "name": "I Don't Want To Say Goodbye",
            "artist": "Teddy Thompson",
            "id": 1377247
        },
        {
            "name": "Words I Couldn't Say",
            "artist": "Leighton Meester",
            "id": 18785078
        }
    ]
}