{
    "playlist_info": {
        "name": "公交必听 | 旋律hip-hop | 现在飞奔去见你",
        "trackcount": 89,
        "playcount": 2508518,
        "creator": "卡尔不吃香菜",
        "createDate": "2023-03-30",
        "heat": 26193.0
    },
    "songs": [
        {
            "name": "不用去猜 (Jazz Version)",
            "artist": "Jony J",
            "id": 490595927
        },
        {
            "name": "异地恋",
            "artist": "ZAVIS",
            "id": 1948478077
        },
        {
            "name": "不谈恋爱",
            "artist": "苏白睡醒啦",
            "id": 1497750303
        },
        {
            "name": "危险派对",
            "artist": "王以太",
            "id": 1877996649
        },
        {
            "name": "走心小卖家",
            "artist": "张雪飞",
            "id": 493784861
        },
        {
            "name": "Cake",
            "artist": "Capper",
            "id": 485859298
        },
        {
            "name": "继续 Demo",
            "artist": "NaCho",
            "id": 480725948
        },
        {
            "name": "全部都是你",
            "artist": "DP龙猪",
            "id": 465920905
        },
        {
            "name": "还不是因为你长得不好看（翻自 July）",
            "artist": "满汉全席",
            "id": 461083054
        },
        {
            "name": "一个人去太古里",
            "artist": "allenvee",
            "id": 476228472
        },
        {
            "name": "不需要男友",
            "artist": "Lim",
            "id": 501551714
        },
        {
            "name": "考神",
            "artist": "某幻君",
            "id": 1461430536
        },
        {
            "name": "小奶狗VS大狼狗",
            "artist": "郑建鹏",
            "id": 864490003
        },
        {
            "name": "多喝热水",
            "artist": "花粥",
            "id": 1369588040
        },
        {
            "name": "陪着你走",
            "artist": "Gibb-Z",
            "id": 497034035
        },
        {
            "name": "闭眼歌",
            "artist": "NINEONE#赵馨玥",
            "id": 460548423
        },
        {
            "name": "爱如潮水remix",
            "artist": "前男友",
            "id": 506360364
        },
        {
            "name": "下坠Falling",
            "artist": "Corki刘宗鑫",
            "id": 1328146041
        },
        {
            "name": "可不可以给我你的微信？(抖音版)",
            "artist": "MOONBOI",
            "id": 1320975450
        },
        {
            "name": "粉色苏打",
            "artist": "安全着陆",
            "id": 1309833126
        },
        {
            "name": "路过而已",
            "artist": "执纸大魔王",
            "id": 513183095
        },
        {
            "name": "放个大招给你看",
            "artist": "永彬Ryan.B",
            "id": 1374086946
        },
        {
            "name": "圈住你",
            "artist": "一口甜",
            "id": 1372552573
        },
        {
            "name": "目不转睛",
            "artist": "王以太",
            "id": 546279760
        },
        {
            "name": "星球坠落 (Live)",
            "artist": "艾热 AIR",
            "id": 1296583188
        },
        {
            "name": "野狼disco",
            "artist": "宝石Gem",
            "id": 1357785909
        },
        {
            "name": "都市丽人生存报告",
            "artist": "大籽",
            "id": 1414157538
        },
        {
            "name": "你的前男友",
            "artist": "Young 7",
            "id": 1298219148
        },
        {
            "name": "看好你的女友",
            "artist": "BigYear大年",
            "id": 1336259464
        },
        {
            "name": "暴风雨",
            "artist": "Higher Brothers",
            "id": 536622918
        },
        {
            "name": "Lover Boy 88",
            "artist": "Higher Brothers",
            "id": 864647456
        },
        {
            "name": "R&B All Night",
            "artist": "KnowKnow",
            "id": 1408941731
        },
        {
            "name": "独行侠",
            "artist": "宋恩泽YKEY",
            "id": 462769331
        },
        {
            "name": "I don't wanna see u anymore",
            "artist": "NINEONE#赵馨玥",
            "id": 528326686
        },
        {
            "name": "心如止水",
            "artist": "Ice Paper",
            "id": 1349292048
        },
        {
            "name": "跟我在一起",
            "artist": "很美味",
            "id": 1311346560
        },
        {
            "name": "买条街",
            "artist": "$唐老师",
            "id": 573843002
        },
        {
            "name": "珍珠",
            "artist": "黄星瑞RA",
            "id": 1313321629
        },
        {
            "name": "cho em theo anh nhé .",
            "artist": "phaolobeats",
            "id": 446508938
        },
        {
            "name": "2.14",
            "artist": "DoubleC大宝西",
            "id": 459872690
        },
        {
            "name": "俗气且油腻",
            "artist": "BigYear大年",
            "id": 1323414620
        },
        {
            "name": "不得不爱",
            "artist": "Lambert",
            "id": 1384527426
        },
        {
            "name": "小可爱与小领带",
            "artist": "G.G张思源",
            "id": 544000206
        },
        {
            "name": "湖",
            "artist": "李棒棒Muti",
            "id": 1321631043
        },
        {
            "name": "零几年听的情歌",
            "artist": "AY楊佬叁",
            "id": 1415829224
        },
        {
            "name": "做我女朋友",
            "artist": "扬科YANGK",
            "id": 503819010
        },
        {
            "name": "My Man",
            "artist": "Jony J",
            "id": 1325896303
        },
        {
            "name": "MOM",
            "artist": "蜡笔小心",
            "id": 1387581250
        },
        {
            "name": "奴隶",
            "artist": "Jony J",
            "id": 534542490
        },
        {
            "name": "当妮走了",
            "artist": "徐真真",
            "id": 430793721
        },
        {
            "name": "足够",
            "artist": "周星星",
            "id": 557667045
        },
        {
            "name": "REFRESH",
            "artist": "马思唯",
            "id": 525238797
        },
        {
            "name": "R.",
            "artist": "李子豪(HtFR)",
            "id": 1310728498
        },
        {
            "name": "Flower",
            "artist": "恶梦Yk",
            "id": 545308792
        },
        {
            "name": "Hey KONG",
            "artist": "KEY.L刘聪",
            "id": 1383954630
        },
        {
            "name": "泡沫",
            "artist": "Swang多雷",
            "id": 518682659
        },
        {
            "name": "阿司匹林",
            "artist": "王以太",
            "id": 1396141677
        },
        {
            "name": "深情 或 愚昧",
            "artist": "刘炫廷",
            "id": 1345823867
        },
        {
            "name": "无感",
            "artist": "江辰",
            "id": 1354504985
        },
        {
            "name": "ing ing",
            "artist": "BigYear大年",
            "id": 1329538017
        },
        {
            "name": "love9",
            "artist": "江辰",
            "id": 525086802
        },
        {
            "name": "给陌生的你听",
            "artist": "G.G张思源",
            "id": 562594322
        },
        {
            "name": "新鲜感",
            "artist": "大能人(雷智皓)",
            "id": 446627373
        },
        {
            "name": "不跟你好了",
            "artist": "BigYear大年",
            "id": 1427444926
        },
        {
            "name": "我一点都不想你",
            "artist": "BigYear大年",
            "id": 1350460585
        },
        {
            "name": "不喜欢下雨天",
            "artist": "PIggy",
            "id": 1371046568
        },
        {
            "name": "小鹿乱撞",
            "artist": "永彬Ryan.B",
            "id": 864100958
        },
        {
            "name": "再也没有",
            "artist": "永彬Ryan.B",
            "id": 480580003
        },
        {
            "name": "비오는날",
            "artist": "dollyy99",
            "id": 1361156989
        },
        {
            "name": "天上的星星不说话·2022",
            "artist": "俞天时KOZAY",
            "id": 1944798036
        },
        {
            "name": "举步维艰",
            "artist": "姜云升",
            "id": 1310469265
        },
        {
            "name": "无人区玫瑰",
            "artist": "Capper",
            "id": 1472142718
        },
        {
            "name": "我是好人？",
            "artist": "JAEFOREAL",
            "id": 549187372
        },
        {
            "name": "末班车",
            "artist": "黑羊",
            "id": 417595727
        },
        {
            "name": "断线",
            "artist": "Shang",
            "id": 496370620
        },
        {
            "name": "sik-k - Don't Play (Remix)",
            "artist": "CnYsL_MsaiKY",
            "id": 450385960
        },
        {
            "name": "red lips（被我蒙对）",
            "artist": "沙一汀EL",
            "id": 1456659704
        },
        {
            "name": "这只伶俐的棕色狐狸跳过一只懒惰的狗",
            "artist": "黑羊",
            "id": 502960453
        },
        {
            "name": "My Heart Will Go On",
            "artist": "满舒克",
            "id": 30373203
        },
        {
            "name": "History",
            "artist": "88rising",
            "id": 1293953338
        },
        {
            "name": "Love The Way You Lie",
            "artist": "Eminem",
            "id": 1297841
        },
        {
            "name": "Jocelyn Flores",
            "artist": "XXXTENTACION",
            "id": 501133798
        },
        {
            "name": "Send It (feat. Rich Homie Quan)",
            "artist": "Austin Mahone",
            "id": 426291544
        },
        {
            "name": "浪漫主义",
            "artist": "姜云升",
            "id": 1887917182
        },
        {
            "name": "不如不见面",
            "artist": "梁老师Tsong",
            "id": 571472967
        },
        {
            "name": "Everybody Dies In Their Nightmares",
            "artist": "XXXTENTACION",
            "id": 501133800
        },
        {
            "name": "BULLET TO THE HEART",
            "artist": "王嘉尔",
            "id": 1391639224
        },
        {
            "name": "In The End",
            "artist": "Linkin Park",
            "id": 4153632
        },
        {
            "name": "好久不见",
            "artist": "Lil Jet",
            "id": 1847422867
        }
    ]
}