{
    "playlist_info": {
        "name": "古风｜看小说时听的歌单②",
        "trackcount": 393,
        "playcount": 676900,
        "creator": "ARP-ONE",
        "createDate": "2021-08-22",
        "heat": 1000.0
    },
    "songs": [
        {
            "name": "灼灼心上花（诛仙碧瑶）",
            "artist": "藏了很久很久",
            "id": 1449669945
        },
        {
            "name": "山外小楼夜听雨",
            "artist": "任然",
            "id": 405597568
        },
        {
            "name": "琵琶行",
            "artist": "奇然",
            "id": 476513774
        },
        {
            "name": "吹梦到西洲",
            "artist": "恋恋故人难",
            "id": 1376873330
        },
        {
            "name": "盗将行",
            "artist": "花粥",
            "id": 574566207
        },
        {
            "name": "九万字",
            "artist": "黄诗扶",
            "id": 1335942780
        },
        {
            "name": "爱殇",
            "artist": "小时姑娘",
            "id": 28315295
        },
        {
            "name": "关山酒",
            "artist": "等什么君(邓寓君)",
            "id": 1387592437
        },
        {
            "name": "关山酒",
            "artist": "小魂",
            "id": 1388334766
        },
        {
            "name": "爱殇",
            "artist": "小时姑娘",
            "id": 1332153723
        },
        {
            "name": "芒种",
            "artist": "音阙诗听",
            "id": 1369798757
        },
        {
            "name": "牵丝戏",
            "artist": "银临",
            "id": 30352891
        },
        {
            "name": "月光",
            "artist": "胡彦斌",
            "id": 4873065
        },
        {
            "name": "倾尽天下",
            "artist": "河图",
            "id": 27571867
        },
        {
            "name": "棠梨煎雪",
            "artist": "银临",
            "id": 28188427
        },
        {
            "name": "状元叹",
            "artist": "西瓜JUN",
            "id": 509531864
        },
        {
            "name": "云水逢",
            "artist": "玄觞",
            "id": 451799801
        },
        {
            "name": "夜中笺·无题",
            "artist": "卡修",
            "id": 31168234
        },
        {
            "name": "东风志（cover Aki阿杰）",
            "artist": "银临",
            "id": 435306744
        },
        {
            "name": "佛秀·皈依",
            "artist": "皈依小能手！",
            "id": 28308561
        },
        {
            "name": "参商",
            "artist": "不才",
            "id": 28288202
        },
        {
            "name": "不朽之罪（ft.双笙）重编曲",
            "artist": "玄觞",
            "id": 459942286
        },
        {
            "name": "剑指风流",
            "artist": "Assen捷",
            "id": 29031001
        },
        {
            "name": "姑苏客",
            "artist": "五色石南叶",
            "id": 404459476
        },
        {
            "name": "忘川",
            "artist": "小曲儿",
            "id": 28798354
        },
        {
            "name": "凤于九天",
            "artist": "HITA",
            "id": 28768366
        },
        {
            "name": "千帆尽",
            "artist": "封茗囧菌",
            "id": 471346617
        },
        {
            "name": "蜀·御风 - 剧情版（三国之蜀汉群像）",
            "artist": "宁采臣",
            "id": 464628991
        },
        {
            "name": "【魔道祖师】敛衷情（cover《JEWEL》）",
            "artist": "迟色",
            "id": 471082548
        },
        {
            "name": "山河云烟",
            "artist": "南风ZJN",
            "id": 475175272
        },
        {
            "name": "【全职古风向】浮生绘（6P）",
            "artist": "纱朵",
            "id": 463543317
        },
        {
            "name": "家国天下",
            "artist": "裂天",
            "id": 465920521
        },
        {
            "name": "巷（Cover 洛天依）",
            "artist": "双笙（陈元汐）",
            "id": 440353134
        },
        {
            "name": "隔烟水（Cover 晃儿）",
            "artist": "特曼",
            "id": 472385776
        },
        {
            "name": "浮云生死",
            "artist": "小曲儿",
            "id": 34497479
        },
        {
            "name": "【全职高手原创】一战成名",
            "artist": "NL不分",
            "id": 473428911
        },
        {
            "name": "【离人心上秋】-《刺客列传》慕容离角色歌(cover)",
            "artist": "慕斯の小乖",
            "id": 436667597
        },
        {
            "name": "采茶纪",
            "artist": "哦漏",
            "id": 440239059
        },
        {
            "name": "他和他的天下",
            "artist": "Smile_小千",
            "id": 465920526
        },
        {
            "name": "解语花",
            "artist": "妖言君",
            "id": 326547
        },
        {
            "name": "风扬天下",
            "artist": "Sara",
            "id": 28768364
        },
        {
            "name": "九州缥缈录.乱世歌行",
            "artist": "Finale",
            "id": 233685
        },
        {
            "name": "单身狗之歌",
            "artist": "慕寒",
            "id": 28568212
        },
        {
            "name": "嘱酒问世歌",
            "artist": "婪肃",
            "id": 423104409
        },
        {
            "name": "影中人",
            "artist": "忆语广播剧社",
            "id": 32922139
        },
        {
            "name": "似水流年",
            "artist": "排骨教主",
            "id": 447139797
        },
        {
            "name": "长安不问",
            "artist": "吾恩",
            "id": 32317602
        },
        {
            "name": "霜雪千年",
            "artist": "排骨教主",
            "id": 446944042
        },
        {
            "name": "杏花天",
            "artist": "Assen捷",
            "id": 32785682
        },
        {
            "name": "长恨歌",
            "artist": "五色石南叶",
            "id": 29392759
        },
        {
            "name": "探花",
            "artist": "人衣大人",
            "id": 28977959
        },
        {
            "name": "江氏家书【魔道祖师同人歌】（Cover 傻兔八浪）",
            "artist": "伊月半梓",
            "id": 423849560
        },
        {
            "name": "【魔道祖师】问灵 by.W.K.",
            "artist": "W.K.",
            "id": 444745905
        },
        {
            "name": "【魔道祖师】在下名叫蓝忘机（Cover One Direction）",
            "artist": "花千诚",
            "id": 437250490
        },
        {
            "name": "【魔道祖师】老子名叫魏无羡（Cover One Direction）",
            "artist": "花千诚",
            "id": 431795630
        },
        {
            "name": "【魔道祖师】盲（广播剧版）",
            "artist": "图特哈蒙",
            "id": 450469596
        },
        {
            "name": "【魔道祖师】同道殊途（剧情版）",
            "artist": "HITA",
            "id": 450451057
        },
        {
            "name": "雁引歌（大合唱）",
            "artist": "平纱落雁音乐团队",
            "id": 456467325
        },
        {
            "name": "对弈",
            "artist": "萧忆情",
            "id": 415086097
        },
        {
            "name": "云巅长歌",
            "artist": "鸾凤鸣原创音乐团队",
            "id": 461858467
        },
        {
            "name": "花满楼",
            "artist": "小魂",
            "id": 31062977
        },
        {
            "name": "油纸伞",
            "artist": "李常超 (Lao乾妈)",
            "id": 448812017
        },
        {
            "name": "不良人",
            "artist": "小魂",
            "id": 32752237
        },
        {
            "name": "诸子百家",
            "artist": "小曲儿",
            "id": 28832265
        },
        {
            "name": "明月天涯",
            "artist": "小魂",
            "id": 439665253
        },
        {
            "name": "典狱司（翻自 音频怪物）",
            "artist": "小魂",
            "id": 430787411
        },
        {
            "name": "百鬼阴阳抄（柔情版）",
            "artist": "叶洛洛",
            "id": 441138572
        },
        {
            "name": "伊人",
            "artist": "叶洛洛",
            "id": 453995937
        },
        {
            "name": "月赋情长",
            "artist": "Walker",
            "id": 405242498
        },
        {
            "name": "临歧久别歌（纯歌版）——《魔道祖师》群像",
            "artist": "刘兆伦",
            "id": 423703603
        },
        {
            "name": "贺新谣",
            "artist": "银临",
            "id": 456512459
        },
        {
            "name": "终岁风流人",
            "artist": "钟祺源",
            "id": 429459091
        },
        {
            "name": "【剑三】安史·乱世浮殇【纯歌版】",
            "artist": "Walker",
            "id": 28660564
        },
        {
            "name": "临歧久别歌（魔道祖师）",
            "artist": "妖扬",
            "id": 443967261
        },
        {
            "name": "湖心亭",
            "artist": "小曲儿",
            "id": 28457670
        },
        {
            "name": "华胥梦",
            "artist": "慕寒",
            "id": 29593208
        },
        {
            "name": "若相惜",
            "artist": "东篱",
            "id": 81397
        },
        {
            "name": "江湖少年(纯阳)",
            "artist": "东篱",
            "id": 28445973
        },
        {
            "name": "雪诉离歌",
            "artist": "东篱",
            "id": 81400
        },
        {
            "name": "咏心",
            "artist": "东篱",
            "id": 81394
        },
        {
            "name": "阖眸烟云",
            "artist": "东篱",
            "id": 31062971
        },
        {
            "name": "化身孤岛的鲸",
            "artist": "东篱",
            "id": 454438797
        },
        {
            "name": "桃花劫",
            "artist": "东篱",
            "id": 81385
        },
        {
            "name": "杯欢",
            "artist": "东篱",
            "id": 81377
        },
        {
            "name": "寻",
            "artist": "东篱",
            "id": 81378
        },
        {
            "name": "逐鹿",
            "artist": "东篱",
            "id": 28445971
        },
        {
            "name": "一身诗意千寻瀑",
            "artist": "东篱",
            "id": 29593802
        },
        {
            "name": "山川挽歌（翻自 完美仙剑）",
            "artist": "Tacke竹桑",
            "id": 297115
        },
        {
            "name": "菩提雪",
            "artist": "东篱",
            "id": 28798754
        },
        {
            "name": "镇命歌",
            "artist": "东篱",
            "id": 33314344
        },
        {
            "name": "西窗",
            "artist": "东篱",
            "id": 81379
        },
        {
            "name": "生别离·永别离",
            "artist": "东篱",
            "id": 28853555
        },
        {
            "name": "世有名花",
            "artist": "东篱",
            "id": 31191360
        },
        {
            "name": "琴师",
            "artist": "东篱",
            "id": 33715420
        },
        {
            "name": "紫红",
            "artist": "东篱",
            "id": 31877416
        },
        {
            "name": "浮生未歇",
            "artist": "东篱",
            "id": 34324804
        },
        {
            "name": "华音赋",
            "artist": "东篱",
            "id": 81381
        },
        {
            "name": "最后的信",
            "artist": "东篱",
            "id": 33668704
        },
        {
            "name": "相思谱",
            "artist": "东篱",
            "id": 28692422
        },
        {
            "name": "乡愁",
            "artist": "东篱",
            "id": 34916833
        },
        {
            "name": "骨戒",
            "artist": "东篱",
            "id": 81388
        },
        {
            "name": "蜘蛛",
            "artist": "东篱",
            "id": 32785381
        },
        {
            "name": "如玉如歌",
            "artist": "东篱",
            "id": 28445972
        },
        {
            "name": "The Thorn Bird",
            "artist": "东篱",
            "id": 33166221
        },
        {
            "name": "花落·无缺",
            "artist": "东篱",
            "id": 29151041
        },
        {
            "name": "一别经年.祭屠苏",
            "artist": "东篱",
            "id": 28854565
        },
        {
            "name": "杯欢（唱：东篱 词：小鱼萝莉 | 鸾凤鸣出品）",
            "artist": "东篱",
            "id": 443643109
        },
        {
            "name": "乡愁（演唱：东篱 纪川久 词：小鱼萝莉）",
            "artist": "东篱",
            "id": 449407139
        },
        {
            "name": "犹记多情·变调·记屠苏",
            "artist": "东篱",
            "id": 451707079
        },
        {
            "name": "爱在波西米亚",
            "artist": "东篱",
            "id": 33875345
        },
        {
            "name": "如玉如歌（演唱：东篱 词：小鱼萝莉）",
            "artist": "东篱",
            "id": 448385939
        },
        {
            "name": "九九八十一",
            "artist": "特曼",
            "id": 440353219
        },
        {
            "name": "白衣",
            "artist": "河图",
            "id": 101118
        },
        {
            "name": "瀘沽寻梦",
            "artist": "银临",
            "id": 28188425
        },
        {
            "name": "柒寒",
            "artist": "红烧の爆鱼",
            "id": 296965
        },
        {
            "name": "花凋",
            "artist": "Winky诗",
            "id": 34072446
        },
        {
            "name": "乌篷谣",
            "artist": "小曲儿",
            "id": 29771067
        },
        {
            "name": "日暮归途",
            "artist": "安九",
            "id": 206815
        },
        {
            "name": "无故之秋",
            "artist": "卡修",
            "id": 434052750
        },
        {
            "name": "雁城雪",
            "artist": "小爱的妈",
            "id": 28661587
        },
        {
            "name": "青衣",
            "artist": "W.K.",
            "id": 29786264
        },
        {
            "name": "千秋此意",
            "artist": "司夏",
            "id": 413829631
        },
        {
            "name": "红颜旧",
            "artist": "刘涛",
            "id": 32924132
        },
        {
            "name": "【魔道祖师】春风不羡（虐狗念白付）",
            "artist": "3F团音乐社",
            "id": 466844094
        },
        {
            "name": "百鬼夜行抄",
            "artist": "伦桑",
            "id": 430053998
        },
        {
            "name": "浮生歌",
            "artist": "妖言君",
            "id": 29844115
        },
        {
            "name": "姑苏城",
            "artist": "流浪的蛙蛙",
            "id": 28819192
        },
        {
            "name": "腐草为萤",
            "artist": "银临",
            "id": 28188426
        },
        {
            "name": "依山观澜(无念白)",
            "artist": "河图",
            "id": 34578090
        },
        {
            "name": "风月无边",
            "artist": "晃儿",
            "id": 449117386
        },
        {
            "name": "生如逆旅",
            "artist": "吾恩",
            "id": 34381462
        },
        {
            "name": "天地难容",
            "artist": "W.K.",
            "id": 28854853
        },
        {
            "name": "相思赋予谁",
            "artist": "好妹妹",
            "id": 26145725
        },
        {
            "name": "水龙吟",
            "artist": "HITA",
            "id": 29812320
        },
        {
            "name": "东风志（Cover Aki阿杰）",
            "artist": "Mr.岑",
            "id": 428390097
        },
        {
            "name": "孤芳",
            "artist": "Tacke竹桑",
            "id": 462648762
        },
        {
            "name": "逆世成局",
            "artist": "云の泣",
            "id": 28971020
        },
        {
            "name": "烟波叹",
            "artist": "风华无双",
            "id": 31789091
        },
        {
            "name": "闲云志",
            "artist": "Aki阿杰",
            "id": 444356167
        },
        {
            "name": "念平生",
            "artist": "司夏",
            "id": 450474223
        },
        {
            "name": "烟火莲灯",
            "artist": "玄觞",
            "id": 315587
        },
        {
            "name": "江山为聘",
            "artist": "吾恩",
            "id": 29535958
        },
        {
            "name": "忽如远行客",
            "artist": "云の泣",
            "id": 28912026
        },
        {
            "name": "小棋童 （Cover 不纯君）",
            "artist": "双笙（陈元汐）",
            "id": 409649814
        },
        {
            "name": "九九八十一",
            "artist": "叶洛洛",
            "id": 419373902
        },
        {
            "name": "陈酒新茶令",
            "artist": "Assen捷&东篱",
            "id": 26830208
        },
        {
            "name": "归雪",
            "artist": "川儿",
            "id": 29829005
        },
        {
            "name": "湖心亭（纯歌版）",
            "artist": "小曲儿",
            "id": 34218977
        },
        {
            "name": "天涯",
            "artist": "排骨教主",
            "id": 446945018
        },
        {
            "name": "栖枝",
            "artist": "双笙（陈元汐）",
            "id": 416890449
        },
        {
            "name": "岁与君同（翻自 鞠婧祎）",
            "artist": "南风ZJN",
            "id": 431791853
        },
        {
            "name": "放鹤亭",
            "artist": "小坠",
            "id": 31967567
        },
        {
            "name": "参商(纯歌版)",
            "artist": "不才",
            "id": 29719651
        },
        {
            "name": "木香",
            "artist": "HITA",
            "id": 458290500
        },
        {
            "name": "故人长绝",
            "artist": "妖言君",
            "id": 29567095
        },
        {
            "name": "偃月流华",
            "artist": "Smile_小千",
            "id": 28288216
        },
        {
            "name": "酩酊语 其三 棠红棣雪",
            "artist": "山猫",
            "id": 27908082
        },
        {
            "name": "煨酒忽忆旧关河",
            "artist": "CRITTY",
            "id": 32957016
        },
        {
            "name": "典狱司（翻自 音频怪物）",
            "artist": "特曼",
            "id": 440353265
        },
        {
            "name": "盛唐夜唱",
            "artist": "EDIQ",
            "id": 81532
        },
        {
            "name": "长安不问(纯歌版)",
            "artist": "吾恩",
            "id": 35403238
        },
        {
            "name": "樟木巷",
            "artist": "东篱",
            "id": 29747727
        },
        {
            "name": "落花时节又逢君",
            "artist": "五色石南叶",
            "id": 27928583
        },
        {
            "name": "花间旧事",
            "artist": "Smile_小千",
            "id": 29713644
        },
        {
            "name": "明月本无心",
            "artist": "十二律音乐联盟",
            "id": 422428828
        },
        {
            "name": "一世如弈",
            "artist": "灰老板",
            "id": 453827333
        },
        {
            "name": "窗前明月光",
            "artist": "河图",
            "id": 459437308
        },
        {
            "name": "古风2016（Cover 小旭pro / 洛天依）",
            "artist": "泥鳅Niko",
            "id": 438431098
        },
        {
            "name": "十三月凉(纯歌版)",
            "artist": "不才",
            "id": 32196583
        },
        {
            "name": "江山雪",
            "artist": "吾恩",
            "id": 29498177
        },
        {
            "name": "落花情",
            "artist": "小义学长",
            "id": 456456745
        },
        {
            "name": "敦煌·半壁歌",
            "artist": "伦桑",
            "id": 33035376
        },
        {
            "name": "尘劫",
            "artist": "萧忆情Alex",
            "id": 34497588
        },
        {
            "name": "【魔道祖师】同道殊途（纯歌版）",
            "artist": "HITA",
            "id": 450451866
        },
        {
            "name": "赤血长殷",
            "artist": "王凯",
            "id": 35270823
        },
        {
            "name": "春风待.阳关诉",
            "artist": "绯村柯北",
            "id": 453227142
        },
        {
            "name": "月华沉梦",
            "artist": "慕寒",
            "id": 31165512
        },
        {
            "name": "非鱼(少林&纯阳)",
            "artist": "五色石南叶",
            "id": 27928580
        },
        {
            "name": "宣",
            "artist": "五色石南叶",
            "id": 28188451
        },
        {
            "name": "梦望断",
            "artist": "东篱",
            "id": 29771185
        },
        {
            "name": "霁夜茶",
            "artist": "小曲儿",
            "id": 28188385
        },
        {
            "name": "归园田居",
            "artist": "五音六律原创音乐团队",
            "id": 439625234
        },
        {
            "name": "雨巷",
            "artist": "音频怪物",
            "id": 27902966
        },
        {
            "name": "黯然销魂",
            "artist": "玄觞",
            "id": 30569561
        },
        {
            "name": "江湖写照",
            "artist": "安琸",
            "id": 35447220
        },
        {
            "name": "天下第一",
            "artist": "音频怪物",
            "id": 28458058
        },
        {
            "name": "茉莉香片",
            "artist": "蔡翊昇",
            "id": 34179769
        },
        {
            "name": "九歌",
            "artist": "小曲儿",
            "id": 454966060
        },
        {
            "name": "山僧",
            "artist": "小曲儿",
            "id": 466360724
        },
        {
            "name": "司花令",
            "artist": "小爱的妈",
            "id": 434070955
        },
        {
            "name": "风萤月",
            "artist": "小爱的妈",
            "id": 28955099
        },
        {
            "name": "刹那芳华曲(圆满版)",
            "artist": "小爱的妈",
            "id": 315581
        },
        {
            "name": "凤隐天下",
            "artist": "音频怪物",
            "id": 27902961
        },
        {
            "name": "浮生未歇",
            "artist": "音频怪物",
            "id": 184557
        },
        {
            "name": "缘尽世间",
            "artist": "伦桑",
            "id": 33756650
        },
        {
            "name": "狂野想乡",
            "artist": "西瓜JUN",
            "id": 424496171
        },
        {
            "name": "旧梦",
            "artist": "Winky诗",
            "id": 28912781
        },
        {
            "name": "谢却当年花(纯歌版)",
            "artist": "一君",
            "id": 32408200
        },
        {
            "name": "斗战胜佛",
            "artist": "老虎欧巴",
            "id": 33497647
        },
        {
            "name": "灯暖衣轻",
            "artist": "五色石南叶",
            "id": 453938724
        },
        {
            "name": "障月",
            "artist": "满汉全席",
            "id": 32196769
        },
        {
            "name": "雨过昔年",
            "artist": "奇然",
            "id": 29823473
        },
        {
            "name": "上邪",
            "artist": "小曲儿",
            "id": 28188382
        },
        {
            "name": "长相忆",
            "artist": "慕寒",
            "id": 32922133
        },
        {
            "name": "纨绔",
            "artist": "轻薄の假相",
            "id": 29827163
        },
        {
            "name": "石楠小札",
            "artist": "蔡翊昇",
            "id": 29005132
        },
        {
            "name": "临水照花",
            "artist": "琉辉",
            "id": 32408270
        },
        {
            "name": "腐草为萤（Cover 萧忆情、哦漏）",
            "artist": "萧忆情Alex",
            "id": 468020007
        },
        {
            "name": "曾醉",
            "artist": "HITA",
            "id": 35345542
        },
        {
            "name": "谓我",
            "artist": "小曲儿",
            "id": 28188386
        },
        {
            "name": "燕都旧事",
            "artist": "小曲儿",
            "id": 28188381
        },
        {
            "name": "最难平",
            "artist": "吾恩",
            "id": 34916504
        },
        {
            "name": "天策枪魂",
            "artist": "白止",
            "id": 455428669
        },
        {
            "name": "江湖写照",
            "artist": "柏凝",
            "id": 35955877
        },
        {
            "name": "梦遣看花人",
            "artist": "HITA",
            "id": 435872131
        },
        {
            "name": "松烟入墨",
            "artist": "Winky诗",
            "id": 28765208
        },
        {
            "name": "步步为营",
            "artist": "HITA",
            "id": 28908097
        },
        {
            "name": "一笑奈何",
            "artist": "吾恩",
            "id": 29764079
        },
        {
            "name": "苏小",
            "artist": "林清弄",
            "id": 29825893
        },
        {
            "name": "霜雪千年",
            "artist": "萧忆情Alex",
            "id": 36496389
        },
        {
            "name": "江山雪(纯阳)",
            "artist": "小爱的妈",
            "id": 29747554
        },
        {
            "name": "白石溪 Ft.哦漏QAQ（Cover 洛天依、乐正绫）",
            "artist": "萧忆情Alex",
            "id": 468020249
        },
        {
            "name": "热爱至上",
            "artist": "河图",
            "id": 448520476
        },
        {
            "name": "【魔道祖师】人间白首",
            "artist": "素昭",
            "id": 459919675
        },
        {
            "name": "情藏",
            "artist": "HITA",
            "id": 413188734
        },
        {
            "name": "旧时风月",
            "artist": "安神",
            "id": 28254435
        },
        {
            "name": "东风志",
            "artist": "哦漏",
            "id": 431795289
        },
        {
            "name": "逐浪飞花",
            "artist": "蔡翊昇",
            "id": 35566989
        },
        {
            "name": "落霞云归",
            "artist": "慕寒",
            "id": 34380993
        },
        {
            "name": "棋客",
            "artist": "不才",
            "id": 33887098
        },
        {
            "name": "故梦",
            "artist": "橙翼",
            "id": 27506597
        },
        {
            "name": "杨花雪",
            "artist": "西瓜JUN",
            "id": 34880393
        },
        {
            "name": "半生你我",
            "artist": "Assen捷",
            "id": 413830485
        },
        {
            "name": "世末歌者（Cover 乐正凌）",
            "artist": "萧忆情Alex",
            "id": 468024183
        },
        {
            "name": "尘劫",
            "artist": "江南诚",
            "id": 30089455
        },
        {
            "name": "苍山负雪",
            "artist": "慕寒",
            "id": 425065181
        },
        {
            "name": "雪与弦",
            "artist": "纱朵",
            "id": 461152781
        },
        {
            "name": "问佛",
            "artist": "梦璟SAYA",
            "id": 279660
        },
        {
            "name": "丹心鉴",
            "artist": "月蝕",
            "id": 461851456
        },
        {
            "name": "云垂风烟令",
            "artist": "司夏",
            "id": 407042093
        },
        {
            "name": "故梦（Cover 橙翼）",
            "artist": "双笙（陈元汐）",
            "id": 409654891
        },
        {
            "name": "譬如朝露",
            "artist": "奇然",
            "id": 29017301
        },
        {
            "name": "除夜思",
            "artist": "潇梦临",
            "id": 34152525
        },
        {
            "name": "忆江南",
            "artist": "五音Jw",
            "id": 420401986
        },
        {
            "name": "故梦",
            "artist": "伦桑",
            "id": 34609166
        },
        {
            "name": "东风志",
            "artist": "Aki阿杰",
            "id": 429459016
        },
        {
            "name": "眉间雪(纯歌版)",
            "artist": "晴愔",
            "id": 29572089
        },
        {
            "name": "三苦生",
            "artist": "小小萱",
            "id": 459962490
        },
        {
            "name": "昔时",
            "artist": "HITA",
            "id": 28921641
        },
        {
            "name": "何处似樽前",
            "artist": "Winky诗",
            "id": 27506522
        },
        {
            "name": "出师表",
            "artist": "安九",
            "id": 27902876
        },
        {
            "name": "云归处",
            "artist": "河图",
            "id": 448917682
        },
        {
            "name": "一世妆",
            "artist": "Aki阿杰",
            "id": 28832249
        },
        {
            "name": "秦淮八艳（翻自 玉璇玑）",
            "artist": "玄觞",
            "id": 461602652
        },
        {
            "name": "泼墨漓江【茜色诗集】",
            "artist": "泠鸢yousa",
            "id": 454905890
        },
        {
            "name": "红尘走笔",
            "artist": "魏展眉",
            "id": 457061334
        },
        {
            "name": "万神纪（人声本家·正式版）",
            "artist": "肥皂菌丨珉珉的猫咪丨",
            "id": 459555084
        },
        {
            "name": "息兮",
            "artist": "东篱",
            "id": 81383
        },
        {
            "name": "天地缓缓(纯阳)",
            "artist": "伦桑",
            "id": 33111884
        },
        {
            "name": "蜉蝣梦",
            "artist": "叶洛洛",
            "id": 28853551
        },
        {
            "name": "可念不可说",
            "artist": "伦桑",
            "id": 440241077
        },
        {
            "name": "采薇",
            "artist": "HITA",
            "id": 239562
        },
        {
            "name": "遇萤",
            "artist": "CRITTY",
            "id": 37782740
        },
        {
            "name": "溯世书",
            "artist": "音频怪物",
            "id": 184406
        },
        {
            "name": "盛世回首",
            "artist": "慕寒",
            "id": 32807019
        },
        {
            "name": "霜雪千年",
            "artist": "易世樊花",
            "id": 425100307
        },
        {
            "name": "问剑江湖",
            "artist": "双笙（陈元汐）",
            "id": 459412983
        },
        {
            "name": "谁与无疆",
            "artist": "Aki阿杰",
            "id": 465745295
        },
        {
            "name": "一身诗意千寻瀑（演唱：贰婶）",
            "artist": "蔡翊昇",
            "id": 443643108
        },
        {
            "name": "骁",
            "artist": "井胧",
            "id": 1860864828
        },
        {
            "name": "美人画卷",
            "artist": "大神慧",
            "id": 1822290111
        },
        {
            "name": "伯虎说 (feat.唐伯虎Annie)",
            "artist": "伯爵Johnny",
            "id": 1498523311
        },
        {
            "name": "大氿歌",
            "artist": "祖娅纳惜",
            "id": 1351354032
        },
        {
            "name": "故里逢春",
            "artist": "喔喔",
            "id": 1430643739
        },
        {
            "name": "踏山河",
            "artist": "七叔-叶泽浩",
            "id": 1804320463
        },
        {
            "name": "游山恋",
            "artist": "赵乙择",
            "id": 1472819130
        },
        {
            "name": "绝世舞姬",
            "artist": "张晓涵",
            "id": 1451145776
        },
        {
            "name": "我等你到三十五岁【祭南康白起】",
            "artist": "炎上",
            "id": 464422616
        },
        {
            "name": "伶人",
            "artist": "排骨教主",
            "id": 1392940429
        },
        {
            "name": "千秋迭梦(剧情版)——《二哈和他的白猫师尊》燃晚同人曲",
            "artist": "镜予歌",
            "id": 1382865626
        },
        {
            "name": "烟火人间（翻自 添儿呗）",
            "artist": "星华",
            "id": 1454037844
        },
        {
            "name": "阿房宫赋（女声）",
            "artist": "阮言Ruany",
            "id": 1438820072
        },
        {
            "name": "快平生",
            "artist": "五音Jw",
            "id": 568581866
        },
        {
            "name": "落霜",
            "artist": "等什么君(邓寓君)",
            "id": 1437971121
        },
        {
            "name": "折风渡夜 (DJ名龙版)",
            "artist": "泽国同学",
            "id": 1493944539
        },
        {
            "name": "清明雨上",
            "artist": "许嵩",
            "id": 167882
        },
        {
            "name": "献天缘（翻自 何中华、小V）",
            "artist": "HITA",
            "id": 28631330
        },
        {
            "name": "惊雷（戏腔完整版）",
            "artist": "冯靖凯",
            "id": 1432225735
        },
        {
            "name": "大天蓬",
            "artist": "李袁杰",
            "id": 1417113061
        },
        {
            "name": "君临天下",
            "artist": "KBShinya",
            "id": 35847917
        },
        {
            "name": "权御天下",
            "artist": "伦桑",
            "id": 440239045
        },
        {
            "name": "我的一个道姑朋友",
            "artist": "双笙（陈元汐）",
            "id": 1367452194
        },
        {
            "name": "九九八十一（翻自 乐正绫 / 洛天依）",
            "artist": "双笙（陈元汐）",
            "id": 409649830
        },
        {
            "name": "烟雨行舟（原唱：伦桑）",
            "artist": "司南",
            "id": 1301884692
        },
        {
            "name": "吹灭小山河",
            "artist": "国风堂",
            "id": 1412559986
        },
        {
            "name": "醉千年",
            "artist": "李袁杰",
            "id": 864489622
        },
        {
            "name": "何必诗债换酒钱（戏腔版）",
            "artist": "张钊_九九九only",
            "id": 866196687
        },
        {
            "name": "归去来兮",
            "artist": "花粥",
            "id": 1357999894
        },
        {
            "name": "下山",
            "artist": "要不要买菜",
            "id": 1404885266
        },
        {
            "name": "音逐江湖",
            "artist": "以冬",
            "id": 1412174220
        },
        {
            "name": "空",
            "artist": "徐海俏",
            "id": 1372060183
        },
        {
            "name": "青丝",
            "artist": "等什么君(邓寓君)",
            "id": 1412672813
        },
        {
            "name": "哪吒",
            "artist": "蔡翊昇",
            "id": 505446392
        },
        {
            "name": "九九八十一",
            "artist": "易世樊花",
            "id": 430053192
        },
        {
            "name": "是风动",
            "artist": "银临",
            "id": 504686859
        },
        {
            "name": "桃花诀《御剑情缘》主题曲",
            "artist": "萧忆情Alex",
            "id": 469010924
        },
        {
            "name": "长生诀",
            "artist": "西瓜JUN",
            "id": 462391069
        },
        {
            "name": "明月天涯（翻自 五音Jw）",
            "artist": "三无MarBlue",
            "id": 449671692
        },
        {
            "name": "游山恋",
            "artist": "夏艺韩",
            "id": 1471055851
        },
        {
            "name": "西楼别序",
            "artist": "尹昔眠",
            "id": 1811662859
        },
        {
            "name": "人间惊鸿客",
            "artist": "叶里",
            "id": 1475091192
        },
        {
            "name": "广寒谣",
            "artist": "伊格赛听",
            "id": 1408941888
        },
        {
            "name": "难生恨",
            "artist": "DAWN",
            "id": 1501715251
        },
        {
            "name": "一笑江湖",
            "artist": "闻人听書_",
            "id": 1451720450
        },
        {
            "name": "出山",
            "artist": "花粥",
            "id": 1313354324
        },
        {
            "name": "辞.九门回忆",
            "artist": "解忧草",
            "id": 1347524822
        },
        {
            "name": "虞兮叹",
            "artist": "闻人听書_",
            "id": 1479526505
        },
        {
            "name": "大天蓬 (女生版)",
            "artist": "清水er",
            "id": 1433562661
        },
        {
            "name": "弱水三千（cover 石头/张晓棠）",
            "artist": "W.K.",
            "id": 28445950
        },
        {
            "name": "狐言（肥皂菌×性转皂）",
            "artist": "肥皂菌丨珉珉的猫咪丨",
            "id": 423058848
        },
        {
            "name": "赤伶",
            "artist": "是二智呀",
            "id": 1377748865
        },
        {
            "name": "木桥小谣",
            "artist": "音阙诗听",
            "id": 1348999273
        },
        {
            "name": "何必诗债换酒钱",
            "artist": "Winky诗",
            "id": 464983144
        },
        {
            "name": "步戏",
            "artist": "五音Jw",
            "id": 470774529
        },
        {
            "name": "昔言",
            "artist": "HITA",
            "id": 28765209
        },
        {
            "name": "闻战",
            "artist": "i2star",
            "id": 366255
        },
        {
            "name": "故梦",
            "artist": "橙翼",
            "id": 26830570
        },
        {
            "name": "说客",
            "artist": "音阙诗听",
            "id": 1375920506
        },
        {
            "name": "惊蛰",
            "artist": "音阙诗听",
            "id": 862099159
        },
        {
            "name": "大浪淘沙",
            "artist": "玄觞",
            "id": 437755663
        },
        {
            "name": "左手指月",
            "artist": "萨顶顶",
            "id": 536096151
        },
        {
            "name": "山有木兮-橙光《人鱼传说之长生烛》主题曲",
            "artist": "伦桑",
            "id": 425100599
        },
        {
            "name": "典狱司",
            "artist": "音频怪物",
            "id": 422790454
        },
        {
            "name": "眉间雪",
            "artist": "HITA",
            "id": 29567100
        },
        {
            "name": "山鬼",
            "artist": "Winky诗",
            "id": 28496172
        },
        {
            "name": "明月天涯",
            "artist": "五音Jw",
            "id": 416388799
        },
        {
            "name": "杨花落尽子规啼",
            "artist": "G2er",
            "id": 1375935067
        },
        {
            "name": "恋人心",
            "artist": "魏新雨",
            "id": 28668855
        },
        {
            "name": "人间不值得",
            "artist": "黄诗扶",
            "id": 1340543218
        },
        {
            "name": "狂浪生",
            "artist": "一棵小葱",
            "id": 463895473
        },
        {
            "name": "霜雪千年（Cover 洛天依 / 乐正绫）",
            "artist": "双笙（陈元汐）",
            "id": 409650851
        },
        {
            "name": "第三十八年夏至",
            "artist": "河图",
            "id": 101126
        },
        {
            "name": "不老梦",
            "artist": "银临",
            "id": 421137682
        },
        {
            "name": "无归",
            "artist": "叶里",
            "id": 404465743
        },
        {
            "name": "狐言",
            "artist": "洛天依",
            "id": 39224244
        },
        {
            "name": "紫禁",
            "artist": "国风堂",
            "id": 1360829941
        },
        {
            "name": "情字难",
            "artist": "糯米Nomi",
            "id": 1390466212
        },
        {
            "name": "江山行歌",
            "artist": "国风堂",
            "id": 1358035466
        },
        {
            "name": "倾城曲(七秀)",
            "artist": "IRiS七叶",
            "id": 35448729
        },
        {
            "name": "藏山河",
            "artist": "刷牙",
            "id": 511996690
        },
        {
            "name": "何必诗债换酒钱",
            "artist": "Winky诗",
            "id": 472716484
        },
        {
            "name": "杨花雪",
            "artist": "玉璇玑",
            "id": 31062980
        },
        {
            "name": "盗墓笔记·十年人间",
            "artist": "李常超 (Lao乾妈)",
            "id": 1297802566
        },
        {
            "name": "春风作笺",
            "artist": "米糖音乐",
            "id": 1301809001
        },
        {
            "name": "秦淮八艳",
            "artist": "玉璇玑",
            "id": 28953753
        },
        {
            "name": "风月令（《叶羽千华》专辑收录曲01）",
            "artist": "IRiS七叶",
            "id": 469486395
        },
        {
            "name": "折雪记年（纯歌版）",
            "artist": "平纱落雁音乐团队",
            "id": 534014131
        },
        {
            "name": "红妆",
            "artist": "排骨教主",
            "id": 461375949
        },
        {
            "name": "盗墓笔记-步戏",
            "artist": "五音Jw",
            "id": 33223393
        },
        {
            "name": "人面桃花",
            "artist": "京元儿",
            "id": 453256396
        },
        {
            "name": "闲岁",
            "artist": "CRITTY",
            "id": 422428345
        },
        {
            "name": "【薛晓】星辰曾照我",
            "artist": "虞YY",
            "id": 478885032
        },
        {
            "name": "青丝",
            "artist": "时光胶囊",
            "id": 30500857
        },
        {
            "name": "冠玉",
            "artist": "叶里",
            "id": 522529351
        },
        {
            "name": "乌衣巷",
            "artist": "Smile_小千",
            "id": 434070744
        },
        {
            "name": "逆春寒",
            "artist": "戚琦",
            "id": 562597329
        },
        {
            "name": "不负时光",
            "artist": "卢小旭",
            "id": 460515000
        },
        {
            "name": "秋色为衣",
            "artist": "司夏",
            "id": 450480693
        },
        {
            "name": "不记年",
            "artist": "妖言君",
            "id": 415085875
        },
        {
            "name": "万梦星",
            "artist": "黄诗扶",
            "id": 1337988206
        },
        {
            "name": "殿书",
            "artist": "奇然",
            "id": 420008229
        },
        {
            "name": "长安乱",
            "artist": "曾小Cee",
            "id": 435872865
        },
        {
            "name": "一拜天地（Cover 不是Av的Ay君 / 畅畅酱）",
            "artist": "余半声",
            "id": 553125041
        },
        {
            "name": "湘桥月",
            "artist": "银临",
            "id": 28987050
        },
        {
            "name": "闻说笔端有风月",
            "artist": "兔裹煎蛋卷",
            "id": 31517413
        },
        {
            "name": "我与自己唱相守",
            "artist": "云の泣",
            "id": 28427631
        },
        {
            "name": "酒酿相思",
            "artist": "檀烧",
            "id": 29019519
        },
        {
            "name": "青竹黄梅雨",
            "artist": "IRiS七叶",
            "id": 476065112
        },
        {
            "name": "千秋令",
            "artist": "银临",
            "id": 550995874
        },
        {
            "name": "湖光水色调",
            "artist": "i2star",
            "id": 28274794
        },
        {
            "name": "故人不散",
            "artist": "醉雪",
            "id": 505903506
        },
        {
            "name": "春归了",
            "artist": "苑舍",
            "id": 432430797
        },
        {
            "name": "天下潮",
            "artist": "妖痴",
            "id": 441441381
        },
        {
            "name": "天下无狗",
            "artist": "小义学长",
            "id": 432430770
        },
        {
            "name": "中华粘土娘",
            "artist": "三无MarBlue",
            "id": 33497436
        },
        {
            "name": "千梦",
            "artist": "Aki阿杰",
            "id": 428390981
        },
        {
            "name": "十里春风醉江南",
            "artist": "竹庭",
            "id": 481304028
        },
        {
            "name": "七夕",
            "artist": "银临",
            "id": 29379442
        },
        {
            "name": "拜无忧",
            "artist": "萧忆情Alex",
            "id": 468007598
        },
        {
            "name": "杏花弦外雨",
            "artist": "CRITTY",
            "id": 32957012
        },
        {
            "name": "青玉案（唱：云の泣 词：小鱼萝莉）",
            "artist": "云の泣",
            "id": 26902780
        },
        {
            "name": "一生独一",
            "artist": "卢焱",
            "id": 572819430
        },
        {
            "name": "不忘",
            "artist": "吕行mErcen",
            "id": 559965660
        }
    ]
}