{
    "playlist_info": {
        "name": "古典音乐史上最优美的浪漫曲",
        "trackcount": 36,
        "playcount": 767876,
        "creator": "星星比太阳亮",
        "createDate": "2015-02-28",
        "heat": 252.0
    },
    "songs": [
        {
            "name": "Salut d'amour op. 12",
            "artist": "Edward Elgar",
            "id": 1610898
        },
        {
            "name": "Gymnopedies 1",
            "artist": "Erik Satie",
            "id": 5299097
        },
        {
            "name": "Me Voy a Morir de Amor",
            "artist": "Alberto Iglesias",
            "id": 991764
        },
        {
            "name": "Auf dem Wasser zu singen, Op.72, D.774 - Auf dem Wasser zu singen, Op.72, D.774",
            "artist": "Daniel Hope",
            "id": 1294322
        },
        {
            "name": "Cello Suite No. 1 in G Major, BWV 1007:I. Prelude",
            "artist": "Ralph Kirshbaum",
            "id": 25042965
        },
        {
            "name": "Minuet in G",
            "artist": "David Hoffman",
            "id": 1296886
        },
        {
            "name": "VI. Waltz 2 from Jazz Suite No. 2 (Eyes Wide Shut)",
            "artist": "Dmitri Shostakovich",
            "id": 26294503
        },
        {
            "name": "君をのせて -天空の城ラピュタ-",
            "artist": "石川綾子",
            "id": 31245749
        },
        {
            "name": "Nocturne No. 2 in E Flat Major, Op. 9, No. 2",
            "artist": "Arthur Rubinstein",
            "id": 1060914
        },
        {
            "name": "乡村骑士间奏曲",
            "artist": "风潮音乐",
            "id": 26494166
        },
        {
            "name": "走出非洲:A大调单簧管协奏曲/莫扎特",
            "artist": "Peter Maag",
            "id": 25892492
        },
        {
            "name": "Nocturne No.1 in B flat minor, Op.9 No.1",
            "artist": "Peter Schmalfuss",
            "id": 26160781
        },
        {
            "name": "前奏曲 No.15 雨滴",
            "artist": "Frédéric François Chopin",
            "id": 5276799
        },
        {
            "name": "Por Una Cabeza",
            "artist": "The Tango Project",
            "id": 4405878
        },
        {
            "name": "Cinema Paradiso: Love Theme",
            "artist": "Itzhak Perlman",
            "id": 1461055
        },
        {
            "name": "Auf FlugelnGeanges:R. Capucon",
            "artist": "Felix Mendelssohn",
            "id": 5105946
        },
        {
            "name": "Romance",
            "artist": "倉本裕基",
            "id": 22760045
        },
        {
            "name": "幽默曲",
            "artist": "Antonín Dvořák",
            "id": 5276797
        },
        {
            "name": "爱之喜",
            "artist": "风潮音乐",
            "id": 26494169
        },
        {
            "name": "爱之悲",
            "artist": "风潮音乐",
            "id": 26494174
        },
        {
            "name": "Prelude To Romance",
            "artist": "Frank Mills",
            "id": 1365909
        },
        {
            "name": "Romance in A major Op.94, No.2 (arr.Kreisler) (1995 Remastered Version)",
            "artist": "Itzhak Perlman",
            "id": 22209134
        },
        {
            "name": "Le carnaval des animaux:XIII.Le cygne",
            "artist": "Bela Siki",
            "id": 27567105
        },
        {
            "name": "爱的礼赞",
            "artist": "风潮音乐",
            "id": 26494161
        },
        {
            "name": "爱之梦",
            "artist": "Franz Liszt",
            "id": 5276814
        },
        {
            "name": "Romances (1988 Digital Remaster):No. 2 In F Op. 50",
            "artist": "Ludwig van Beethoven",
            "id": 5105937
        },
        {
            "name": "Romances (1992 Digital Remaster):G, Op. 40 (C1802)",
            "artist": "Ludwig van Beethoven",
            "id": 5105930
        },
        {
            "name": "Concierto de Aranjuez for Guitar and Orchestra:2. Adagio",
            "artist": "Antonio de Almeida",
            "id": 25061535
        },
        {
            "name": "Ave Maria, Op. 52 No. 6, D. 839 (Arr. Capuçon for Violin and Piano)",
            "artist": "Etienne Collard",
            "id": 22614375
        },
        {
            "name": "Spring Song, Op.62 No.6",
            "artist": "Felix Mendelssohn",
            "id": 5220545
        },
        {
            "name": "Lieder ohne Worte Op.30:No. 1. Andante espressivo In E Flat",
            "artist": "Daniel Barenboim",
            "id": 1282161
        },
        {
            "name": "梦幻曲",
            "artist": "Robert Schumann",
            "id": 5276793
        },
        {
            "name": "Schon Rosmarin",
            "artist": "Fritz Kreisler",
            "id": 5105985
        },
        {
            "name": "安达鲁西亚浪漫曲",
            "artist": "风潮音乐",
            "id": 26494167
        },
        {
            "name": "Romance In G Major, Op.40",
            "artist": "Dmitry Sitkovetsky",
            "id": 25731278
        },
        {
            "name": "Violin Concerto in E minor, Op. 64:II. Andante",
            "artist": "郑京和",
            "id": 26750239
        }
    ]
}