{
    "playlist_info": {
        "name": "古风戏腔‖云村众筹歌单",
        "trackcount": 79,
        "playcount": 580275,
        "creator": "一口生巧",
        "createDate": "2022-04-24",
        "heat": 1347.0
    },
    "songs": [
        {
            "name": "三拜红尘凉",
            "artist": "尹昔眠",
            "id": 1969320038
        },
        {
            "name": "Just Dance",
            "artist": "王广允",
            "id": 2058892047
        },
        {
            "name": "寄",
            "artist": "小缘",
            "id": 2047877727
        },
        {
            "name": "九万字",
            "artist": "黄诗扶",
            "id": 1335942780
        },
        {
            "name": "须臾尽兴",
            "artist": "袁娅维TIA RAY",
            "id": 2055901920
        },
        {
            "name": "相思茧",
            "artist": "琪大妈",
            "id": 1905058333
        },
        {
            "name": "一点归鸿（戏腔版）",
            "artist": "陈艾雪",
            "id": 2006846965
        },
        {
            "name": "惊鸿醉",
            "artist": "王麻花",
            "id": 2005519969
        },
        {
            "name": "东南西北中",
            "artist": "来一碗老于",
            "id": 1941613405
        },
        {
            "name": "深海回响 (官方男生版)",
            "artist": "皮卡丘多多",
            "id": 1992730029
        },
        {
            "name": "归远（《当年万里觅封侯》官方主题曲）",
            "artist": "李常超 (Lao乾妈)",
            "id": 1954343877
        },
        {
            "name": "小神仙",
            "artist": "郭斯",
            "id": 1450044522
        },
        {
            "name": "成仙",
            "artist": "王朝1982",
            "id": 1898136616
        },
        {
            "name": "风催雨 (弹唱版)",
            "artist": "费戚戚",
            "id": 2001340414
        },
        {
            "name": "灼风（我本是寸土中生出最微末火种）",
            "artist": "小时姑娘",
            "id": 1990393034
        },
        {
            "name": "晚夜微雨问海棠",
            "artist": "镜予歌",
            "id": 1456673752
        },
        {
            "name": "虞兮叹",
            "artist": "闻人听書_",
            "id": 1479526505
        },
        {
            "name": "长相思",
            "artist": "蔡翊昇",
            "id": 1969298047
        },
        {
            "name": "陈情状",
            "artist": "少司命",
            "id": 1959396333
        },
        {
            "name": "早回身",
            "artist": "尘ah.",
            "id": 1960612405
        },
        {
            "name": "山河令",
            "artist": "不馋",
            "id": 1342033751
        },
        {
            "name": "半生戏",
            "artist": "灼夭",
            "id": 1887049097
        },
        {
            "name": "探清水河",
            "artist": "晓月老板",
            "id": 544070223
        },
        {
            "name": "听书",
            "artist": "暗杠",
            "id": 1843986876
        },
        {
            "name": "探户",
            "artist": "明月社",
            "id": 1861380338
        },
        {
            "name": "风月谣",
            "artist": "Babystop_山竹",
            "id": 862986607
        },
        {
            "name": "海棠",
            "artist": "玄觞",
            "id": 427017602
        },
        {
            "name": "囍（Chinese Wedding）",
            "artist": "葛东琪",
            "id": 1303289043
        },
        {
            "name": "予君书",
            "artist": "阿YueYue",
            "id": 1424461685
        },
        {
            "name": "清明上河图",
            "artist": "李玉刚",
            "id": 132316
        },
        {
            "name": "辞.九门回忆",
            "artist": "解忧草",
            "id": 1347524822
        },
        {
            "name": "两相欢",
            "artist": "音阙诗听",
            "id": 1813238283
        },
        {
            "name": "广寒谣",
            "artist": "伊格赛听",
            "id": 1408941888
        },
        {
            "name": "雨霖铃",
            "artist": "卡修",
            "id": 483000198
        },
        {
            "name": "初雪",
            "artist": "排骨教主",
            "id": 515453247
        },
        {
            "name": "杏花弦外雨",
            "artist": "CRITTY",
            "id": 32957012
        },
        {
            "name": "山外小楼夜听雨",
            "artist": "任然",
            "id": 405597568
        },
        {
            "name": "吹梦到西洲",
            "artist": "恋恋故人难",
            "id": 1376873330
        },
        {
            "name": "山有木兮-橙光《人鱼传说之长生烛》主题曲",
            "artist": "伦桑",
            "id": 425100599
        },
        {
            "name": "棠梨煎雪",
            "artist": "银临",
            "id": 28188427
        },
        {
            "name": "明月天涯",
            "artist": "五音Jw",
            "id": 416388799
        },
        {
            "name": "长生诀",
            "artist": "西瓜JUN",
            "id": 462391069
        },
        {
            "name": "拜无忧",
            "artist": "萧忆情Alex",
            "id": 468007598
        },
        {
            "name": "桃花诺",
            "artist": "G.E.M.邓紫棋",
            "id": 480579393
        },
        {
            "name": "不染",
            "artist": "毛不易",
            "id": 536099160
        },
        {
            "name": "千梦",
            "artist": "Aki阿杰",
            "id": 428390981
        },
        {
            "name": "故梦",
            "artist": "橙翼",
            "id": 26830570
        },
        {
            "name": "遇萤",
            "artist": "CRITTY",
            "id": 37782740
        },
        {
            "name": "云舒",
            "artist": "河图",
            "id": 574335388
        },
        {
            "name": "谓风",
            "artist": "流仙",
            "id": 499299379
        },
        {
            "name": "浮生未歇",
            "artist": "音频怪物",
            "id": 184557
        },
        {
            "name": "黯然销魂",
            "artist": "玄觞",
            "id": 30569561
        },
        {
            "name": "琵琶行",
            "artist": "奇然",
            "id": 476513774
        },
        {
            "name": "松烟入墨",
            "artist": "Winky诗",
            "id": 28765208
        },
        {
            "name": "千秋此意",
            "artist": "司夏",
            "id": 413829631
        },
        {
            "name": "忆江南",
            "artist": "五音Jw",
            "id": 420401986
        },
        {
            "name": "梨花凉",
            "artist": "叶洛洛",
            "id": 470677635
        },
        {
            "name": "牵丝戏",
            "artist": "银临",
            "id": 30352891
        },
        {
            "name": "人间不值得",
            "artist": "黄诗扶",
            "id": 1340543218
        },
        {
            "name": "大天蓬",
            "artist": "雅辛",
            "id": 1808790335
        },
        {
            "name": "人间不值得",
            "artist": "大柯",
            "id": 1359830667
        },
        {
            "name": "一拜天地",
            "artist": "邵邪Gennki",
            "id": 574666930
        },
        {
            "name": "我的一个道姑朋友",
            "artist": "怀梨",
            "id": 1442666889
        },
        {
            "name": "青丝",
            "artist": "故人的笔",
            "id": 1916416762
        },
        {
            "name": "步戏",
            "artist": "五音Jw",
            "id": 470774529
        },
        {
            "name": "侠客",
            "artist": "Zic子晨",
            "id": 1831843954
        },
        {
            "name": "广寒宫",
            "artist": "何杰玲",
            "id": 1915598656
        },
        {
            "name": "典狱司（女声翻唱）",
            "artist": "筱旻同学",
            "id": 1870011022
        },
        {
            "name": "四时待归人",
            "artist": "糯米Nomi",
            "id": 1825646517
        },
        {
            "name": "关山酒",
            "artist": "李袁杰",
            "id": 1393608653
        },
        {
            "name": "天龙八部之宿敌(女生版)",
            "artist": "群星",
            "id": 1830741044
        },
        {
            "name": "六骏图",
            "artist": "三块木头",
            "id": 1841687389
        },
        {
            "name": "两相欢",
            "artist": "故也Lauren",
            "id": 1934587217
        },
        {
            "name": "辰时（影视剧《周生如故》同人曲）",
            "artist": "林小暗",
            "id": 1872131675
        },
        {
            "name": "鹿鸣呦呦",
            "artist": "锦零",
            "id": 1500195963
        },
        {
            "name": "烟雨行舟",
            "artist": "Bluelouis_16",
            "id": 1384791112
        },
        {
            "name": "拜无忧",
            "artist": "橙汁儿",
            "id": 1345185988
        },
        {
            "name": "长安忆",
            "artist": "龚玉坤",
            "id": 1906252806
        },
        {
            "name": "人间不值得",
            "artist": "川叔",
            "id": 1375965488
        }
    ]
}