{
    "playlist_info": {
        "name": "古风：十里红妆不负卿，一世芳华许终身",
        "trackcount": 93,
        "playcount": 1062398,
        "creator": "小翅膀的羽毛",
        "createDate": "2022-07-15",
        "heat": 3008.0
    },
    "songs": [
        {
            "name": "伯虎说 (feat.唐伯虎Annie)",
            "artist": "伯爵Johnny",
            "id": 1498523311
        },
        {
            "name": "星月落",
            "artist": "浮生梦tuzi",
            "id": 1980103417
        },
        {
            "name": "天下",
            "artist": "高鱼",
            "id": 1386460251
        },
        {
            "name": "西楼别序",
            "artist": "尹昔眠",
            "id": 1811662859
        },
        {
            "name": "回马枪",
            "artist": "张晓棠",
            "id": 1885536903
        },
        {
            "name": "无情画",
            "artist": "王唯旖",
            "id": 1311347661
        },
        {
            "name": "吹梦到西洲",
            "artist": "恋恋故人难",
            "id": 1376873330
        },
        {
            "name": "故里逢春",
            "artist": "阿YueYue",
            "id": 1457113272
        },
        {
            "name": "说书人",
            "artist": "暗杠",
            "id": 1303019637
        },
        {
            "name": "逍遥",
            "artist": "任舒瞳",
            "id": 1861049526
        },
        {
            "name": "红昭愿",
            "artist": "音阙诗听",
            "id": 452986458
        },
        {
            "name": "杨花落尽子规啼",
            "artist": "G2er",
            "id": 1375935067
        },
        {
            "name": "骁",
            "artist": "井胧",
            "id": 1860864828
        },
        {
            "name": "伯虎说 (feat.唐伯虎Annie) 无鼠来宝版",
            "artist": "伯爵Johnny",
            "id": 1804586207
        },
        {
            "name": "麒麟 (LIVE版)",
            "artist": "早安",
            "id": 1969923877
        },
        {
            "name": "绝世舞姬",
            "artist": "张晓涵",
            "id": 1451145776
        },
        {
            "name": "入画江南",
            "artist": "黄龄",
            "id": 1817661979
        },
        {
            "name": "西厢寻他",
            "artist": "伯爵Johnny",
            "id": 1913206466
        },
        {
            "name": "虞兮叹",
            "artist": "闻人听書_",
            "id": 1479526505
        },
        {
            "name": "游山恋",
            "artist": "夏艺韩",
            "id": 1471055851
        },
        {
            "name": "万疆",
            "artist": "李玉刚",
            "id": 1840861309
        },
        {
            "name": "遥遥",
            "artist": "陈恒媛",
            "id": 1975010811
        },
        {
            "name": "吹灭小山河",
            "artist": "国风堂",
            "id": 1412559986
        },
        {
            "name": "武家坡2021",
            "artist": "龍猛寺寬度",
            "id": 1891431677
        },
        {
            "name": "弦外知音",
            "artist": "鬼卞",
            "id": 1456238192
        },
        {
            "name": "广寒谣",
            "artist": "伊格赛听",
            "id": 1408941888
        },
        {
            "name": "牵丝戏",
            "artist": "银临",
            "id": 30352891
        },
        {
            "name": "隔岸",
            "artist": "姚六一",
            "id": 1456443773
        },
        {
            "name": "难生恨",
            "artist": "DAWN",
            "id": 1501715251
        },
        {
            "name": "问情",
            "artist": "陈亦洺",
            "id": 1919524295
        },
        {
            "name": "樱花树下的约定",
            "artist": "孙灵乔",
            "id": 1954302417
        },
        {
            "name": "春",
            "artist": "江辰",
            "id": 1963344815
        },
        {
            "name": "我的一个道姑朋友",
            "artist": "双笙（陈元汐）",
            "id": 1367452194
        },
        {
            "name": "入画江南",
            "artist": "祥嘞嘞",
            "id": 1974402865
        },
        {
            "name": "赤伶",
            "artist": "是二智呀",
            "id": 1377748865
        },
        {
            "name": "青丝",
            "artist": "等什么君(邓寓君)",
            "id": 1412672813
        },
        {
            "name": "惊鸿一面",
            "artist": "许嵩",
            "id": 28854182
        },
        {
            "name": "爱殇",
            "artist": "小时姑娘",
            "id": 1332153723
        },
        {
            "name": "盗墓笔记·十年人间",
            "artist": "李常超 (Lao乾妈)",
            "id": 1297802566
        },
        {
            "name": "赤伶",
            "artist": "李玉刚",
            "id": 1454730043
        },
        {
            "name": "画离弦",
            "artist": "浅影阿",
            "id": 1876788950
        },
        {
            "name": "红马 (女版)",
            "artist": "一颗狼星_许篮心",
            "id": 1828574198
        },
        {
            "name": "折枝花满衣",
            "artist": "泽典",
            "id": 1437287329
        },
        {
            "name": "琵琶行",
            "artist": "奇然",
            "id": 476513774
        },
        {
            "name": "我本将心向明月",
            "artist": "王朝1982",
            "id": 1964850580
        },
        {
            "name": "辞.九门回忆",
            "artist": "解忧草",
            "id": 1347524822
        },
        {
            "name": "那年·年少",
            "artist": "宋宇宁",
            "id": 1495131163
        },
        {
            "name": "一笑江湖",
            "artist": "闻人听書_",
            "id": 1451720450
        },
        {
            "name": "盗将行",
            "artist": "花粥",
            "id": 574566207
        },
        {
            "name": "鸳鸯债",
            "artist": "Uri",
            "id": 1911377814
        },
        {
            "name": "江湖之间",
            "artist": "璟轩",
            "id": 1975191584
        },
        {
            "name": "万物起舞",
            "artist": "梁倩雨",
            "id": 1967407573
        },
        {
            "name": "三拜红尘凉",
            "artist": "尹昔眠",
            "id": 1969320038
        },
        {
            "name": "摇曳",
            "artist": "任舒瞳",
            "id": 1972984962
        },
        {
            "name": "千年之前",
            "artist": "胡碧乔",
            "id": 479265901
        },
        {
            "name": "明月舟",
            "artist": "司夏",
            "id": 413830481
        },
        {
            "name": "不问天",
            "artist": "说说Crystal",
            "id": 1824454149
        },
        {
            "name": "青竹黄梅雨",
            "artist": "IRiS七叶",
            "id": 476065112
        },
        {
            "name": "美人裾-江南三部曲之二",
            "artist": "伦桑",
            "id": 455645264
        },
        {
            "name": "又年",
            "artist": "墨明棋妙",
            "id": 366397
        },
        {
            "name": "心语灯愿",
            "artist": "柏凝",
            "id": 407444031
        },
        {
            "name": "雨过昔年",
            "artist": "奇然",
            "id": 29823473
        },
        {
            "name": "缘生意转",
            "artist": "司夏",
            "id": 29811186
        },
        {
            "name": "油纸伞",
            "artist": "李常超 (Lao乾妈)",
            "id": 448812017
        },
        {
            "name": "隔烟水",
            "artist": "晃儿",
            "id": 512413050
        },
        {
            "name": "金风玉露",
            "artist": "流浪的蛙蛙",
            "id": 532548942
        },
        {
            "name": "一介书生 (新版)",
            "artist": "萧忆情Alex",
            "id": 1391864664
        },
        {
            "name": "《爱慕何其了得》",
            "artist": "梅粮新",
            "id": 1312138270
        },
        {
            "name": "玉楼春",
            "artist": "洪尘",
            "id": 30964595
        },
        {
            "name": "灯暖衣轻",
            "artist": "五色石南叶",
            "id": 453938724
        },
        {
            "name": "笠泽之畔",
            "artist": "易世樊花",
            "id": 502219592
        },
        {
            "name": "佳期·桃夭",
            "artist": "Assen捷",
            "id": 562498593
        },
        {
            "name": "如怀尺璧",
            "artist": "人衣大人",
            "id": 413830478
        },
        {
            "name": "寄卿",
            "artist": "冬子",
            "id": 1335432506
        },
        {
            "name": "初见便是永远",
            "artist": "Smile_小千",
            "id": 486474268
        },
        {
            "name": "杏花弦外雨",
            "artist": "CRITTY",
            "id": 32957012
        },
        {
            "name": "洛阳有雨",
            "artist": "涵昱",
            "id": 1297453429
        },
        {
            "name": "酒酿相思",
            "artist": "檀烧",
            "id": 474748690
        },
        {
            "name": "鹊桥会",
            "artist": "洪尘",
            "id": 1302104770
        },
        {
            "name": "绾青丝",
            "artist": "擎天Sir",
            "id": 521747904
        },
        {
            "name": "乌鹊桥",
            "artist": "鸦青",
            "id": 1330043024
        },
        {
            "name": "闲岁",
            "artist": "CRITTY",
            "id": 422428345
        },
        {
            "name": "迢迢",
            "artist": "黄诗扶",
            "id": 1473618113
        },
        {
            "name": "与妆",
            "artist": "李常超 (Lao乾妈)",
            "id": 1406857097
        },
        {
            "name": "一生一刹",
            "artist": "冬子",
            "id": 462008024
        },
        {
            "name": "红妆",
            "artist": "排骨教主",
            "id": 461375949
        },
        {
            "name": "临风听暮蝉",
            "artist": "Pig小优",
            "id": 1410423196
        },
        {
            "name": "鼓与花",
            "artist": "墨明棋妙",
            "id": 28957362
        },
        {
            "name": "白头吟",
            "artist": "HITA",
            "id": 239560
        },
        {
            "name": "烟火莲灯",
            "artist": "玄觞",
            "id": 315587
        },
        {
            "name": "相思半",
            "artist": "小时姑娘",
            "id": 1473782878
        },
        {
            "name": "结良缘",
            "artist": "呀大叔，段唧唧（呀夫人）",
            "id": 533161986
        },
        {
            "name": "小城谣",
            "artist": "胡碧乔",
            "id": 34017157
        }
    ]
}