{
    "playlist_info": {
        "name": "古典宫廷舞会 | 摇曳在绚丽奢华的旋律中",
        "trackcount": 30,
        "playcount": 1358509,
        "creator": "云音乐官方歌单",
        "createDate": "2021-09-06",
        "heat": 2056.0
    },
    "songs": [
        {
            "name": "Waltz No.17 in E flat, Op.posth.",
            "artist": "Claudio Arrau",
            "id": 27708299
        },
        {
            "name": "А. Джойс: Воспоминание",
            "artist": "Отдельный показательный оркестр Министерства Обороны СССР. Д...",
            "id": 34248780
        },
        {
            "name": "Waltz No.10 in B Minor, Op.69 No.2",
            "artist": "Claudio Arrau",
            "id": 27708290
        },
        {
            "name": "Waltz, Op. 34 No. 2, Valse brillante, in A Minor (Remastered)",
            "artist": "Arthur Rubinstein",
            "id": 16314598
        },
        {
            "name": "В. Андреев: Орхидея",
            "artist": "Отдельный показательный оркестр Министерства Обороны СССР. Д...",
            "id": 34248768
        },
        {
            "name": "Dynamiden, Op. 173",
            "artist": "Wiener Volksopernorchester",
            "id": 1409990311
        },
        {
            "name": "В. Агапкин: Голубая ночь",
            "artist": "Отдельный показательный оркестр Министерства Обороны СССР. Д...",
            "id": 34248783
        },
        {
            "name": "Waltz No.1 in E Flat Op.18:Grande Valse Brillante",
            "artist": "Zoltán Kocsis",
            "id": 5173135
        },
        {
            "name": "36 Originaltanze, Op. 9, D. 365, \"Erste Walzer\":Waltz in E Major, D. 365, No. 26",
            "artist": "William Kapell",
            "id": 464736717
        },
        {
            "name": "III. Rondo allegro",
            "artist": "Italian Classical Consort",
            "id": 1856055668
        },
        {
            "name": "Waltz No.6 in D Flat, Op.64 No.1 -\"Minute\"",
            "artist": "Claudio Arrau",
            "id": 27708286
        },
        {
            "name": "Clarinet Quintet in B Minor, Op. 115: I. Allegro",
            "artist": "David Shifrin",
            "id": 406846708
        },
        {
            "name": "Clarinet Quintet in A, K.581:1. Allegro",
            "artist": "Jack Brymer",
            "id": 399357657
        },
        {
            "name": "Clarinet Quintet in B minor, Op.115:4. Con moto",
            "artist": "Andreas Ottensamer",
            "id": 434981209
        },
        {
            "name": "Quintet for Piano Oboe Clarinet Horn and Bassoon in E flat K. 452:2. Larghetto",
            "artist": "London Wind Soloists",
            "id": 473145504
        },
        {
            "name": "Waltz No.18 in E flat, Op.posth.",
            "artist": "Claudio Arrau",
            "id": 27708298
        },
        {
            "name": "String Quartet in F Major, M. 35:II. Assez vif, très rythmé",
            "artist": "Juilliard String Quartet",
            "id": 439030440
        },
        {
            "name": "Waltz No.19 in A minor, Op.posth.",
            "artist": "Claudio Arrau",
            "id": 27708297
        },
        {
            "name": "3 Waltzes, Op. posth. 70:No. 3 in D-Flat Major",
            "artist": "Arthur Rubinstein",
            "id": 440310653
        },
        {
            "name": "2 Deutsche Tänze D 974: No. 2 - D Flat Major / Des-Dur / Re Bemol Majeur / Re Bemolle Maggiore",
            "artist": "Giampaolo Muntoni",
            "id": 568396996
        },
        {
            "name": "Waltz No.2 in A Flat, Op.34 No.1 - \"Valse brillante\"",
            "artist": "Claudio Arrau",
            "id": 27708282
        },
        {
            "name": "Dritter Mephisto-Walzer \"Mephisto Waltz No.3\", S.216",
            "artist": "Franz Liszt",
            "id": 36190695
        },
        {
            "name": "Waltz in E-Flat Major, Op. 18 \"Grande valse brillante\" (2004 Remastered)",
            "artist": "Arthur Rubinstein",
            "id": 16314596
        },
        {
            "name": "Frühlingsstimmen, Op. 410",
            "artist": "Wiener Volksopernorchester",
            "id": 1409990306
        },
        {
            "name": "Blue Danube",
            "artist": "Mantovani",
            "id": 5033999
        },
        {
            "name": "Unter der Enns - Polka Op. 121",
            "artist": "Hallé Orchestra",
            "id": 22526674
        },
        {
            "name": "Vierter Mephisto-Walzer \"Mephisto Waltz No.4\", S.696",
            "artist": "Franz Liszt",
            "id": 36190697
        },
        {
            "name": "Village Swallows",
            "artist": "Mantovani",
            "id": 5034002
        },
        {
            "name": "Voices of Spring - Waltz Op. 410",
            "artist": "Hallé Orchestra",
            "id": 22526663
        },
        {
            "name": "Waltz No. 1 in A-Flat Major, Op. 69 \"L'Adieu\" (Remastered)",
            "artist": "Arthur Rubinstein",
            "id": 16314604
        }
    ]
}