{
    "playlist_info": {
        "name": "冷门但好听的纯音",
        "trackcount": 153,
        "playcount": 694031,
        "creator": "静之丶",
        "createDate": "2016-04-09",
        "heat": 263.0
    },
    "songs": [
        {
            "name": "春日",
            "artist": "四季音色",
            "id": 409649183
        },
        {
            "name": "Lupinus",
            "artist": "Foxtail-Grass Studio",
            "id": 730859
        },
        {
            "name": "바람 소리",
            "artist": "May Second",
            "id": 5352825
        },
        {
            "name": "Inspire",
            "artist": "Capo Productions",
            "id": 4010812
        },
        {
            "name": "四月の春",
            "artist": "笛在月明楼",
            "id": 28908105
        },
        {
            "name": "春花",
            "artist": "やまだ豊",
            "id": 28287127
        },
        {
            "name": "夏影",
            "artist": "TAMUSIC",
            "id": 849696
        },
        {
            "name": "海の见える街",
            "artist": "α波オルゴール",
            "id": 4898912
        },
        {
            "name": "Tears",
            "artist": "DJ Siesta",
            "id": 32098439
        },
        {
            "name": "Freestyle",
            "artist": "Capo Productions",
            "id": 4010905
        },
        {
            "name": "Danza in Re minore",
            "artist": "Roberto Cacciapaglia",
            "id": 18495512
        },
        {
            "name": "Wind Song",
            "artist": "Roberto Cacciapaglia",
            "id": 18495505
        },
        {
            "name": "Joie De Vivre",
            "artist": "George Davidson",
            "id": 17933864
        },
        {
            "name": "We Meet In Dreams (Main)",
            "artist": "Gothic Storm",
            "id": 29103336
        },
        {
            "name": "Unspoken",
            "artist": "Noicybino",
            "id": 34183391
        },
        {
            "name": "Fell for U",
            "artist": "Noicybino",
            "id": 39635710
        },
        {
            "name": "Silent 2009",
            "artist": "Noicybino",
            "id": 34183388
        },
        {
            "name": "Farewell",
            "artist": "Noicybino",
            "id": 34183389
        },
        {
            "name": "雪解",
            "artist": "少女全自動",
            "id": 835642
        },
        {
            "name": "流れる雲よりもはやく (カラオケ)",
            "artist": "松下奈緒",
            "id": 610820
        },
        {
            "name": "The Time To Run (Finale)",
            "artist": "Dexter Britain",
            "id": 29130979
        },
        {
            "name": "モトカレ (Instrumental)",
            "artist": "Juliet",
            "id": 26103516
        },
        {
            "name": "if...",
            "artist": "DAISHI DANCE",
            "id": 406360
        },
        {
            "name": "风道",
            "artist": "山下直人",
            "id": 29764339
        },
        {
            "name": "HANABI",
            "artist": "Sha-Man Beats a.k.a. physalis",
            "id": 497102
        },
        {
            "name": "烟雨江南",
            "artist": "周志宏",
            "id": 158530
        },
        {
            "name": "临安初雨(纯音乐)",
            "artist": "小旭音乐",
            "id": 29771289
        },
        {
            "name": "White Avenue",
            "artist": "re:plus",
            "id": 22743824
        },
        {
            "name": "Daylight of the evening",
            "artist": "Various Artists",
            "id": 29129918
        },
        {
            "name": "美丽的神话",
            "artist": "群星",
            "id": 28850138
        },
        {
            "name": "Illuminate",
            "artist": "Dirk Leupolz",
            "id": 32619158
        },
        {
            "name": "殇",
            "artist": "徐嘉良",
            "id": 29999285
        },
        {
            "name": "Origami",
            "artist": "Soulostar",
            "id": 27580686
        },
        {
            "name": "Aurora (The Calm II)",
            "artist": "Soulostar",
            "id": 1993738
        },
        {
            "name": "These Nights",
            "artist": "Soulostar",
            "id": 27580692
        },
        {
            "name": "キミを思うメロディー",
            "artist": "アッチョリケ",
            "id": 4966856
        },
        {
            "name": "Fjarlægur",
            "artist": "Oskar Schuster",
            "id": 28425237
        },
        {
            "name": "A Fond Wish",
            "artist": "Lisa Lynne",
            "id": 3020417
        },
        {
            "name": "Love Story Theme",
            "artist": "Mantovani & His Orchestra",
            "id": 21230185
        },
        {
            "name": "今やファインダァは彼方から",
            "artist": "凋叶棕",
            "id": 29449250
        },
        {
            "name": "Dream Of A Dream",
            "artist": "Epistra",
            "id": 28949431
        },
        {
            "name": "Wood Grain",
            "artist": "Nicholas Cheung",
            "id": 27548771
        },
        {
            "name": "Entangled Love (Intro)",
            "artist": "Cymophane",
            "id": 357199
        },
        {
            "name": "萤火虫的舞蹈(钢琴曲)",
            "artist": "张宇桦",
            "id": 33715167
        },
        {
            "name": "Rain of Love",
            "artist": "Blazo",
            "id": 4897175
        },
        {
            "name": "Branle des Souris",
            "artist": "Irrlichter",
            "id": 2749701
        },
        {
            "name": "彩蝶舞夏",
            "artist": "何真真",
            "id": 29097535
        },
        {
            "name": "无伤曲",
            "artist": "西皮士",
            "id": 169092
        },
        {
            "name": "Imagine",
            "artist": "Soulostar",
            "id": 1993714
        },
        {
            "name": "天府乐",
            "artist": "许镜清",
            "id": 29999176
        },
        {
            "name": "Vorrina Piri Reis",
            "artist": "E.S. Posthumus",
            "id": 1303629
        },
        {
            "name": "Wondrous",
            "artist": "Thomas Greenberg",
            "id": 2061444
        },
        {
            "name": "花言葉",
            "artist": "α·Pav",
            "id": 139286
        },
        {
            "name": "桜",
            "artist": "α·Pav",
            "id": 139268
        },
        {
            "name": "So Long, Days",
            "artist": "PAX JAPONICA GROOVE",
            "id": 22807218
        },
        {
            "name": "Claymation Courtyard",
            "artist": "Buckethead",
            "id": 28533584
        },
        {
            "name": "Lirtson Nostril",
            "artist": "Buckethead",
            "id": 28365679
        },
        {
            "name": "Heaven On Earth",
            "artist": "Bandari",
            "id": 16852181
        },
        {
            "name": "Two Hearts",
            "artist": "Really Slow Motion",
            "id": 38391329
        },
        {
            "name": "土着神の頂点 ～Native Faith",
            "artist": "Like a rabbit",
            "id": 4165168
        },
        {
            "name": "めぐり会い",
            "artist": "HAZZY",
            "id": 428895
        },
        {
            "name": "Port Of Call (Original Mix)",
            "artist": "Valentin",
            "id": 32544312
        },
        {
            "name": "Destiny",
            "artist": "Rainy Day",
            "id": 27580009
        },
        {
            "name": "凉风",
            "artist": "笛在月明楼",
            "id": 28908108
        },
        {
            "name": "神话",
            "artist": "陈蓉晖",
            "id": 222219
        },
        {
            "name": "幽雅に咲かせ、墨染の桜",
            "artist": "TAMUSIC",
            "id": 849691
        },
        {
            "name": "Dreams Merging",
            "artist": "Edelis",
            "id": 17557792
        },
        {
            "name": "篝火蛍-inst.ver-",
            "artist": "QLOCKS",
            "id": 803416
        },
        {
            "name": "The Winding Path",
            "artist": "Kevin Kern",
            "id": 18927642
        },
        {
            "name": "江南印象",
            "artist": "赵聪",
            "id": 332752
        },
        {
            "name": "Entering Twin Falls",
            "artist": "Nicholas Gunn",
            "id": 17446939
        },
        {
            "name": "비, 오후 2시",
            "artist": "Lavender Project",
            "id": 5382893
        },
        {
            "name": "Hua Sui Yue",
            "artist": "V.K克",
            "id": 28377202
        },
        {
            "name": "Sailing Forever",
            "artist": "Guido Negraszus",
            "id": 1391939
        },
        {
            "name": "Sunset Lounge",
            "artist": "Guido Negraszus",
            "id": 1391732
        },
        {
            "name": "River Song",
            "artist": "Pianochocolate",
            "id": 1859602
        },
        {
            "name": "つまんない恋 / Instrumental Ver.",
            "artist": "根本日出美",
            "id": 32803776
        },
        {
            "name": "Dance of the Clouds, Pt. 1",
            "artist": "Origen",
            "id": 31997846
        },
        {
            "name": "Dinan",
            "artist": "Oskar Schuster",
            "id": 28425245
        },
        {
            "name": "Leah",
            "artist": "Dustin O'Halloran",
            "id": 26483498
        },
        {
            "name": "Love home",
            "artist": "夏小舟",
            "id": 404459321
        },
        {
            "name": "春念",
            "artist": "夏小舟",
            "id": 408250993
        },
        {
            "name": "My regret",
            "artist": "夏小舟",
            "id": 41656551
        },
        {
            "name": "夏夜",
            "artist": "四季音色",
            "id": 410042763
        },
        {
            "name": "轻风",
            "artist": "四季音色",
            "id": 410715788
        },
        {
            "name": "月光下的凤尾竹 Fengwei Bamboo Under the Moon",
            "artist": "和照",
            "id": 100959
        },
        {
            "name": "Talking with Wind",
            "artist": "Edelis",
            "id": 17557790
        },
        {
            "name": "see you next morning",
            "artist": "DAISHI DANCE",
            "id": 26092811
        },
        {
            "name": "말하지 못한 말 (Bonus Track)",
            "artist": "Yulia",
            "id": 28161224
        },
        {
            "name": "An Avenue",
            "artist": "tsunenori a.k.a Marukabis",
            "id": 524681
        },
        {
            "name": "Eternal Passion (Original Mix)",
            "artist": "Ezietto",
            "id": 36797364
        },
        {
            "name": "ELLE Feat. Luvea",
            "artist": "SoundzImage",
            "id": 28830394
        },
        {
            "name": "Spirit of Adventure",
            "artist": "Age Of Echoes",
            "id": 36924662
        },
        {
            "name": "Into Your Daydream (Intro)",
            "artist": "Shirfine",
            "id": 28907015
        },
        {
            "name": "重回心灵花园",
            "artist": "Andemund Orchestra",
            "id": 3930698
        },
        {
            "name": "いつも (INSTRUMENTAL)",
            "artist": "Spontania",
            "id": 820135
        },
        {
            "name": "Little Princess",
            "artist": "Pianochocolate",
            "id": 27785444
        },
        {
            "name": "Crystallize",
            "artist": "Lindsey Stirling",
            "id": 20090402
        },
        {
            "name": "Back To Yesterday",
            "artist": "Philter",
            "id": 29386019
        },
        {
            "name": "Strange Noises",
            "artist": "Philter",
            "id": 29386024
        },
        {
            "name": "Heaven-Snowflakes",
            "artist": "Florian Bur",
            "id": 27575578
        },
        {
            "name": "Life goes on",
            "artist": "Florian Bur",
            "id": 27575583
        },
        {
            "name": "My World",
            "artist": "Florian Bur",
            "id": 27575580
        },
        {
            "name": "Vivere",
            "artist": "Florian Bur",
            "id": 27575587
        },
        {
            "name": "Spring Drops(Original Composition)",
            "artist": "Clinton Ngan",
            "id": 29544814
        },
        {
            "name": "富士山下",
            "artist": "群星",
            "id": 27902107
        },
        {
            "name": "Hey Mama (The Blueprint)",
            "artist": "Alexander The Phatos",
            "id": 691448
        },
        {
            "name": "又见小山水",
            "artist": "西皮士",
            "id": 169090
        },
        {
            "name": "天空的幻想",
            "artist": "林澜叶",
            "id": 27583108
        },
        {
            "name": "花鳥諷詠",
            "artist": "makegumi",
            "id": 28785043
        },
        {
            "name": "紫苑",
            "artist": "makegumi",
            "id": 28785041
        },
        {
            "name": "당신을 위한 멜로디",
            "artist": "단비",
            "id": 5330922
        },
        {
            "name": "눈꽃송E (Piano Solo)",
            "artist": "단비",
            "id": 5330850
        },
        {
            "name": "사랑이 꽃을 닮아",
            "artist": "단비",
            "id": 5330707
        },
        {
            "name": "Sista Tryckaren",
            "artist": "Detektivbyrån",
            "id": 19648871
        },
        {
            "name": "同じ空みつめてるあなたに (Inst.)",
            "artist": "Spontania",
            "id": 820356
        },
        {
            "name": "Infinie",
            "artist": "Giovanni Marradi",
            "id": 18137683
        },
        {
            "name": "Just For You",
            "artist": "Giovanni Marradi",
            "id": 18137545
        },
        {
            "name": "Can You Find Love",
            "artist": "Giovanni Marradi",
            "id": 25727744
        },
        {
            "name": "Rain in the Park",
            "artist": "Marika Takeuchi",
            "id": 31452733
        },
        {
            "name": "Dirty Orchestra",
            "artist": "Black Violin",
            "id": 16603864
        },
        {
            "name": "Forward Steps",
            "artist": "Avens",
            "id": 28103392
        },
        {
            "name": "Badinerie",
            "artist": "Edvin Marton",
            "id": 2583315
        },
        {
            "name": "Tchaikovsky (Remix)",
            "artist": "Edvin Marton",
            "id": 2583332
        },
        {
            "name": "Stretching Lighthouse",
            "artist": "Buckethead",
            "id": 1081891
        },
        {
            "name": "The Left Panel",
            "artist": "Buckethead",
            "id": 31140336
        },
        {
            "name": "小河",
            "artist": "饭碗的彼岸",
            "id": 409649038
        },
        {
            "name": "小樱",
            "artist": "饭碗的彼岸",
            "id": 406070435
        },
        {
            "name": "小夏，多变的天气如妳",
            "artist": "饭碗的彼岸",
            "id": 410715051
        },
        {
            "name": "Dancing Dreams",
            "artist": "Roger Subirana",
            "id": 1891802
        },
        {
            "name": "Sweet (Bart Panco Chill Remix)",
            "artist": "Pavel Yudin",
            "id": 26490781
        },
        {
            "name": "Water Sprites",
            "artist": "Niall",
            "id": 3188581
        },
        {
            "name": "Sweet Prince",
            "artist": "Giovanni Marradi",
            "id": 18137603
        },
        {
            "name": "森林中的吆嗦",
            "artist": "张帅",
            "id": 5256551
        },
        {
            "name": "Pine Stone Island",
            "artist": "NCSOUND",
            "id": 28844164
        },
        {
            "name": "Spectrum of Violet",
            "artist": "Bill Douglas",
            "id": 2283026
        },
        {
            "name": "星の在り処　 Instrumental Ver",
            "artist": "Falcom Sound Team J.D.K.",
            "id": 27599042
        },
        {
            "name": "Future",
            "artist": "S.E.N.S.",
            "id": 818393
        },
        {
            "name": "Windancer",
            "artist": "Secret Garden",
            "id": 4278389
        },
        {
            "name": "Dreamcatcher",
            "artist": "Bandari",
            "id": 3951024
        },
        {
            "name": "君と僕、届かぬ想い",
            "artist": "佐橋俊彦",
            "id": 499692
        },
        {
            "name": "人振り向いて",
            "artist": "椎名治美",
            "id": 4970195
        },
        {
            "name": "Care of Love",
            "artist": "Robert Bonfiglio",
            "id": 1919371
        },
        {
            "name": "宿命",
            "artist": "高梨康治",
            "id": 22642380
        },
        {
            "name": "Speak Softly, Love (Silver Screen Classics Album Version)",
            "artist": "David Davidson",
            "id": 22538947
        },
        {
            "name": "Anticipation",
            "artist": "Secret Garden",
            "id": 4278218
        },
        {
            "name": "Time Back",
            "artist": "Bad Style",
            "id": 28560087
        },
        {
            "name": "Ocean Dreaming",
            "artist": "Guido Negraszus",
            "id": 1391481
        },
        {
            "name": "Collage of June (Tribute to Jun)",
            "artist": "Luvea",
            "id": 26166701
        },
        {
            "name": "Do What You Are Doing",
            "artist": "Dexter Britain",
            "id": 26561948
        },
        {
            "name": "Epic Hollywood Trailer",
            "artist": "Peter McIsaac Music",
            "id": 33497726
        },
        {
            "name": "Feather",
            "artist": "Peter McIsaac Music",
            "id": 33497741
        },
        {
            "name": "Roundabout",
            "artist": "rubatic",
            "id": 26329394
        }
    ]
}