{
    "playlist_info": {
        "name": "古典雨中曲 | 聆听缓缓流淌的弦乐旋律",
        "trackcount": 60,
        "playcount": 65426,
        "creator": "云音乐官方歌单",
        "createDate": "2023-03-22",
        "heat": 664.0
    },
    "songs": [
        {
            "name": "Lullaby (Wiegenlied, Op. 49, No. 4)",
            "artist": "马友友",
            "id": 34766098
        },
        {
            "name": "5 Stücke im Volkston, Op. 102: II. Langsam",
            "artist": "Sol Gabetta",
            "id": 1326018677
        },
        {
            "name": "Amazing Grace",
            "artist": "Gautier Capuçon",
            "id": 1994587287
        },
        {
            "name": "Piano Sonata No. 14 in C-Sharp Minor, Op. 27 No. 2 \"Moonlight\": I. Adagio sostenuto (Arr. for String Quartet by Paul Cassidy)",
            "artist": "Brodsky Quartet",
            "id": 2030139919
        },
        {
            "name": "Melody for Violin and String Orchestra",
            "artist": "LGT Young Soloists",
            "id": 1396049239
        },
        {
            "name": "Sei mir gegrüsst, D.741",
            "artist": "Stella Chen",
            "id": 2023105101
        },
        {
            "name": "Romance for Violin and Orchestra",
            "artist": "Ragnhild Hemsing",
            "id": 2017799617
        },
        {
            "name": "Après un rêve, Op. 7, No. 1 (Arr. for Cello and Piano)",
            "artist": "Sheku Kanneh-Mason",
            "id": 2026783753
        },
        {
            "name": "Deux pièces pour alto et piano, Op. 5:No. 1, Le Soir",
            "artist": "Ensemble Le Déluge",
            "id": 2019605459
        },
        {
            "name": "Humoresques de concert, Op. 14: Book 1, \"À l'Antique\":No. 2. Sarabande",
            "artist": "Anna Szałucka",
            "id": 1323781788
        },
        {
            "name": "Tango (Arr. by Andriy Rakhmanin for Violin and Piano)",
            "artist": "Daniel Hope",
            "id": 1810244148
        },
        {
            "name": "Gymnopédie No. 1 (Orch. Ducros)",
            "artist": "Gautier Capuçon",
            "id": 1464638482
        },
        {
            "name": "Five pieces for Two Violins and Piano: I. Prelude- Moderato",
            "artist": "Christian Blackshaw",
            "id": 568002909
        },
        {
            "name": "The Mad Lover Suite: Ground. Aire V",
            "artist": "Théotime Langlois de Swarte",
            "id": 1492108209
        },
        {
            "name": "3 Piano Pieces, Op. 3b:No. 1. Elegia (Elegy)",
            "artist": "Adam Johnson",
            "id": 1317165997
        },
        {
            "name": "A Sparrow Alighted Upon Our Shoulder",
            "artist": "Jóhann Jóhannsson",
            "id": 1803603618
        },
        {
            "name": "Three Postludes (1981/82): Postlude No. 3",
            "artist": "Valentin Silvestrov",
            "id": 26738038
        },
        {
            "name": "The Gadfly Suite, Op. 97a (arr. D. Yablonsky for cello and orchestra):Romance",
            "artist": "Dmitry Yablonsky",
            "id": 465191155
        },
        {
            "name": "Elegie Op. 24 (Gabriel Faure)",
            "artist": "Anssi Kartunnen / Tuija Hakkila",
            "id": 558911281
        },
        {
            "name": "Silent Woods, Op. 68/5 - version for Cello and Piano:Silent Woods",
            "artist": "Alisa Weilerstein",
            "id": 1917301821
        },
        {
            "name": "Song of the Birds (Arr. Casals)",
            "artist": "Sheku Kanneh-Mason",
            "id": 1948969016
        },
        {
            "name": "Suite in D Minor, Op. 16bis : I. Prélude",
            "artist": "Gabriel Schwabe",
            "id": 512376018
        },
        {
            "name": "Ständchen, D. 889",
            "artist": "Tanguy de Williencourt",
            "id": 864143850
        },
        {
            "name": "Cello Sonata in B-Flat Major, Op. 46:II. Andante sostenuto",
            "artist": "David Berlin",
            "id": 1485787906
        },
        {
            "name": "Myfanwy (Arr. for Solo Cello)",
            "artist": "Sheku Kanneh-Mason",
            "id": 1979927858
        },
        {
            "name": "4 Sketches, Op. 15:III. Dreaming",
            "artist": "Raphaela Gromes",
            "id": 1996348686
        },
        {
            "name": "Catalan Folksong - arr. Pablo Casals (1876-1973)",
            "artist": "Mischa Maisky",
            "id": 1929284894
        },
        {
            "name": "3 Pieces in Old Style:No. 1. Aria",
            "artist": "Antoni Wit",
            "id": 465395480
        },
        {
            "name": "Bach - 3 chorales, P. 167:No. 3. Andante (after J.S. Bach's Wachet auf ruft uns die Stimme, BWV 645)",
            "artist": "Seattle Symphony",
            "id": 465418908
        },
        {
            "name": "Violin Sonata in G Minor, L. 140: I. Allegro vivo",
            "artist": "Claude Debussy",
            "id": 563049886
        },
        {
            "name": "Cavalleria Rusticana: Intermezzo",
            "artist": "Pietro Mascagni",
            "id": 548514330
        },
        {
            "name": "Notturno for Strings and Harp",
            "artist": "Daniel Hope",
            "id": 1860087475
        },
        {
            "name": "Ludus pro Patria: II. La Nuit et l'Amour (Arr. for Cello Octet by Roland Pidoux)",
            "artist": "Cello8",
            "id": 2015246469
        },
        {
            "name": "Orphée et Eurydice:Danse des ombres heureuses",
            "artist": "Christian-Pierre La Marca",
            "id": 1992949941
        },
        {
            "name": "Deux impromptus, Op. 4:I. Espérance",
            "artist": "María Dueñas",
            "id": 2017646394
        },
        {
            "name": "Soleils couchants",
            "artist": "Kenny Broberg",
            "id": 2022464667
        },
        {
            "name": "Pavane pour une infante défunte, M. 19 (Arr. for Violin and Piano by Louis Fleury)",
            "artist": "Manon Galy",
            "id": 2024241929
        },
        {
            "name": "The Phantom Melody",
            "artist": "Albert William Ketèlbey",
            "id": 464728434
        },
        {
            "name": "Arpeggione Sonata in A Minor, D. 821, \"Arpeggione\" (arr. for cello and piano):I. Allegro moderato",
            "artist": "Tanja Tetzlaff",
            "id": 2018956256
        },
        {
            "name": "Adoration (Arr. for Cello & Orchestra by Julian Riem)",
            "artist": "Raphaela Gromes",
            "id": 2010945265
        },
        {
            "name": "La Melancolie (Arr. for Violin and Orchestra from Moments of Solitude by Ben Palmer)",
            "artist": "Eldbjørg Hemsing",
            "id": 2010941181
        },
        {
            "name": "Salut d'amour, Op. 12",
            "artist": "Daniel Lozakovich",
            "id": 2021344281
        },
        {
            "name": "Beau soir, L. 6 (Arr. for Violin and Piano by Jascha Heifetz)",
            "artist": "Manon Galy",
            "id": 2024241353
        },
        {
            "name": "Eugene Onegin:Lensky's Aria",
            "artist": "Luka Faulisi",
            "id": 2010941269
        },
        {
            "name": "Cello Concerto in F Major:II. Adagio doloroso",
            "artist": "Jan Vogler",
            "id": 2019169644
        },
        {
            "name": "Ich steh mit einem Fuß im Grabe, BWV 156:I. Sinfonia (Arioso)",
            "artist": "Metamorphose String Orchestra",
            "id": 2017526904
        },
        {
            "name": "Concerto No. 4 in E Minor: I. Adagio",
            "artist": "Accademia dell'Annunciata",
            "id": 2008120946
        },
        {
            "name": "Plainte",
            "artist": "Christina Pluhar",
            "id": 2022440384
        },
        {
            "name": "String Quartet No. 6 in F Minor, Op. 80: I. Allegro vivace assai",
            "artist": "Quatuor Van Kuijk",
            "id": 2008096139
        },
        {
            "name": "Trois mélodies, Op. 7: No. 1, Après un rêve, Op.7 No. 1 (Arr. for String Quartet by Paul Cassidy)",
            "artist": "Brodsky Quartet",
            "id": 2030137353
        },
        {
            "name": "Pièce pour violon et piano",
            "artist": "Sarah Nemtanu",
            "id": 2024251075
        },
        {
            "name": "Melodies of the Moments - Cycle III:I. Lullaby",
            "artist": "Daniel Hope",
            "id": 1933443263
        },
        {
            "name": "Rêve d'enfant, Op. 14",
            "artist": "Sarah Nemtanu",
            "id": 2012279686
        },
        {
            "name": "6 Lieder, Op. 7, No. 2 Erwin (Arr. for Violin & Piano by Maria Ioudenitch)",
            "artist": "Kenny Broberg",
            "id": 2022464666
        },
        {
            "name": "A Love Worth Fighting For: II. Longing, to be where we were",
            "artist": "Flinders Quartet",
            "id": 1995464954
        },
        {
            "name": "3 Nocturnes, Op. 14:No. 1, Andante",
            "artist": "Camille Thomas",
            "id": 2027162932
        },
        {
            "name": "The Pier (from \"Never Let Me Go\", Arr. for Piano & Cello)",
            "artist": "Rachel Portman",
            "id": 2010941193
        },
        {
            "name": "Suite bergamasque, L. 75:III. Clair de lune (Arr. Roelens for Violin and Piano)",
            "artist": "Daniel Lozakovich",
            "id": 2016045541
        },
        {
            "name": "3 Morceaux, Op. 11:No. 1, Prelude in B Minor (Transcr. for Cello and Piano)",
            "artist": "Sophie Kauer",
            "id": 2031012338
        },
        {
            "name": "An Intimate Letter from the Judean Desert",
            "artist": "Brodsky Quartet",
            "id": 2030137360
        }
    ]
}