{
    "playlist_info": {
        "name": "凯尔特民谣 | 美妙奇异的凯尔特世界",
        "trackcount": 30,
        "playcount": 2819473,
        "creator": "云音乐官方歌单",
        "createDate": "2021-02-23",
        "heat": 3295.0
    },
    "songs": [
        {
            "name": "The Willow Maid",
            "artist": "Erutan",
            "id": 28838924
        },
        {
            "name": "Bantry Girls Lament",
            "artist": "Joanie Madden",
            "id": 18782913
        },
        {
            "name": "Broceliande",
            "artist": "Alan Stivell",
            "id": 1038154
        },
        {
            "name": "The Benedy Glen",
            "artist": "Déanta",
            "id": 2489432
        },
        {
            "name": "Siul Aruin",
            "artist": "Rosheen",
            "id": 4273643
        },
        {
            "name": "Green Fields Of France",
            "artist": "The High Kings",
            "id": 19521266
        },
        {
            "name": "Kilkelly",
            "artist": "Matt Molloy",
            "id": 1722225
        },
        {
            "name": "The Flower Of Magherally",
            "artist": "MUJI BGM",
            "id": 29750930
        },
        {
            "name": "If I was a Blackbird",
            "artist": "Silly Wizard",
            "id": 19073373
        },
        {
            "name": "Liti Kjersti Og Elvekjongen",
            "artist": "Jean Luc Lenoir",
            "id": 1301519603
        },
        {
            "name": "Flower of Scotland",
            "artist": "The Corries",
            "id": 1407648023
        },
        {
            "name": "To the Water",
            "artist": "Máire Brennan",
            "id": 3046676
        },
        {
            "name": "Go Home British Soldiers",
            "artist": "The Wolfe Tones",
            "id": 564803712
        },
        {
            "name": "Sean Bhain",
            "artist": "Dervish",
            "id": 2469677
        },
        {
            "name": "An Gabhar Bán",
            "artist": "Clannad",
            "id": 559623405
        },
        {
            "name": "The Lakes of Pontchartrain",
            "artist": "Déanta",
            "id": 2489399
        },
        {
            "name": "Drag Lines",
            "artist": "Dolores Keane",
            "id": 2432773
        },
        {
            "name": "The Braes Of Moneymore",
            "artist": "Patrick Street",
            "id": 21429101
        },
        {
            "name": "Aileen's Lament",
            "artist": "Dolores Keane",
            "id": 25454139
        },
        {
            "name": "I Wandered By A Brookside",
            "artist": "Solas",
            "id": 4286797
        },
        {
            "name": "Dúlaman",
            "artist": "Celtic Woman",
            "id": 36190934
        },
        {
            "name": "Waltz",
            "artist": "Rachel Sermanni",
            "id": 18665510
        },
        {
            "name": "Hùg Air A' Bhonaid Mhòir",
            "artist": "Julie Fowlis",
            "id": 18829764
        },
        {
            "name": "The Wind That Shakes the Barley",
            "artist": "Solas",
            "id": 19179459
        },
        {
            "name": "Queen of Argyll",
            "artist": "Silly Wizard",
            "id": 1945087
        },
        {
            "name": "Kilboogie",
            "artist": "Old Blind Dogs",
            "id": 3213479
        },
        {
            "name": "Whiskey In The Jar",
            "artist": "The High Kings",
            "id": 19521259
        },
        {
            "name": "Biodh an Deoch Seo 'n Làimh Mo Rùin",
            "artist": "Julie Fowlis",
            "id": 18829754
        },
        {
            "name": "Diougan gwenc'hlan",
            "artist": "Alan Stivell",
            "id": 1037886
        },
        {
            "name": "Take Her in Your Arms",
            "artist": "Andy M. Stewart",
            "id": 2133692
        }
    ]
}