{
    "playlist_info": {
        "name": "助眠渔夫：星月作伴，走进梦乡",
        "trackcount": 31,
        "playcount": 10,
        "creator": "快乐的云玩家呀",
        "createDate": "2023-05-01",
        "heat": 0.0
    },
    "songs": [
        {
            "name": "晚霞遮盖了镜 -钢琴",
            "artist": "轻松音乐",
            "id": 1990198809
        },
        {
            "name": "我想彻底坠入海底 -钢琴",
            "artist": "轻松音乐",
            "id": 1990198811
        },
        {
            "name": "初夏的光阴(钢琴)",
            "artist": "一只千纸鹤",
            "id": 1931381217
        },
        {
            "name": "海角邂逅(钢琴)",
            "artist": "一只千纸鹤",
            "id": 1931381219
        },
        {
            "name": "羽毛 (钢琴纯音乐)",
            "artist": "京田源一",
            "id": 2008032463
        },
        {
            "name": "旧钢琴 (钢琴纯音乐)",
            "artist": "京田源一",
            "id": 2008033239
        },
        {
            "name": "霓虹灯下的日子（钢琴）",
            "artist": "轻音乐盒",
            "id": 1963707522
        },
        {
            "name": "樱花盛开的季节（钢琴）",
            "artist": "轻音乐盒",
            "id": 1963711984
        },
        {
            "name": "故事路途(钢琴)",
            "artist": "钢琴音乐传统诗人",
            "id": 1963353987
        },
        {
            "name": "借你拥抱一下(钢琴)",
            "artist": "钢琴音乐传统诗人",
            "id": 1963360634
        },
        {
            "name": "如梦清醒 -钢琴",
            "artist": "南琅",
            "id": 1967222653
        },
        {
            "name": "田野游走的吉他手",
            "artist": "轻音乐治愈盒",
            "id": 1994544297
        },
        {
            "name": "海鸥自由飞",
            "artist": "轻音乐治愈馆",
            "id": 1994544311
        },
        {
            "name": "烟火冬天的秘密",
            "artist": "胎教音乐盒",
            "id": 1994544173
        },
        {
            "name": "缓缓入睡的夏天",
            "artist": "轻音乐助眠盒",
            "id": 1994544290
        },
        {
            "name": "婴儿宝宝睡觉最佳作品 -钢琴",
            "artist": "轻音乐助眠盒",
            "id": 2012160197
        },
        {
            "name": "爷爷摇着椅子睡午觉",
            "artist": "轻松音乐盒",
            "id": 1994543466
        },
        {
            "name": "缺氧的空气你不在 -钢琴",
            "artist": "轻松音乐盒",
            "id": 2012494406
        },
        {
            "name": "任时光煮雨",
            "artist": "催眠音乐馆",
            "id": 1994613787
        },
        {
            "name": "春天的思念 -钢琴",
            "artist": "催眠音乐馆",
            "id": 2012212861
        },
        {
            "name": "轻音乐经典钢琴曲，舒缓治愈音乐 -钢琴",
            "artist": "轻音乐助眠馆",
            "id": 2014524603
        },
        {
            "name": "宝贝宝贝乖乖入眠 -钢琴",
            "artist": "轻音乐助眠馆",
            "id": 2013845630
        },
        {
            "name": "羽翼飞散",
            "artist": "背景音乐馆",
            "id": 1995462637
        },
        {
            "name": "适合舒缓安静地方播放轻音乐 -钢琴",
            "artist": "背景音乐馆",
            "id": 2008048703
        },
        {
            "name": "枫叶趁着这一切 -钢琴",
            "artist": "店铺音乐馆",
            "id": 2007028270
        },
        {
            "name": "可反复听钢琴曲",
            "artist": "轻音乐治愈馆",
            "id": 1994544312
        },
        {
            "name": "光影大树",
            "artist": "背景音乐盒",
            "id": 1994614753
        },
        {
            "name": "治愈的夏天商铺",
            "artist": "轻音乐治愈盒",
            "id": 1994543318
        },
        {
            "name": "湖面上的月亮(催眠轻音乐)",
            "artist": "催眠音乐馆",
            "id": 2035234405
        },
        {
            "name": "孤独的风景(催眠轻音乐)",
            "artist": "催眠音乐馆",
            "id": 2035235271
        },
        {
            "name": "民谣入境",
            "artist": "店铺音乐馆",
            "id": 1994498308
        }
    ]
}