{
    "playlist_info": {
        "name": "助眠丨夜灯缱绻 是渴睡者的眼",
        "trackcount": 40,
        "playcount": 1335461,
        "creator": "帐号已注销",
        "createDate": "2018-02-23",
        "heat": 684.0
    },
    "songs": [
        {
            "name": "萚兮",
            "artist": "SimorE",
            "id": 532139054
        },
        {
            "name": "古奈纯钢琴版",
            "artist": "MT1990",
            "id": 866059719
        },
        {
            "name": "Whisper",
            "artist": "Miro",
            "id": 518896967
        },
        {
            "name": "Conversation with Myself",
            "artist": "Fabrizio Paterlini",
            "id": 28240911
        },
        {
            "name": "Ø",
            "artist": "the tumbled sea",
            "id": 4346235
        },
        {
            "name": "아픈 소원 - 곡정보아픈 소원1",
            "artist": "Love Rabbit",
            "id": 34892887
        },
        {
            "name": "Pastel Reflections",
            "artist": "Kevin Kern",
            "id": 5208197
        },
        {
            "name": "Feeling Alone in a Room Full of People",
            "artist": "Xeuphoria",
            "id": 520398068
        },
        {
            "name": "夕焼け",
            "artist": "有澤孝紀",
            "id": 29995065
        },
        {
            "name": "Für Alina",
            "artist": "Arvo Pärt",
            "id": 1002353
        },
        {
            "name": "Day By Day",
            "artist": "Bruno Sanfilippo",
            "id": 28571296
        },
        {
            "name": "Trance",
            "artist": "Joe Bongiorno",
            "id": 1601693
        },
        {
            "name": "Suddenly",
            "artist": "Peter Jeremias",
            "id": 36953775
        },
        {
            "name": "In Un'altra Vita",
            "artist": "John Lenehan",
            "id": 1605671
        },
        {
            "name": "Only You (Original)",
            "artist": "Dj Rostej",
            "id": 36103723
        },
        {
            "name": "Love Lost.... Love Found",
            "artist": "David Lanz",
            "id": 1231938
        },
        {
            "name": "我的一个道姑朋友-空灵钢琴版",
            "artist": "柒FILM",
            "id": 494119269
        },
        {
            "name": "Dusky World",
            "artist": "MoreanP",
            "id": 519604416
        },
        {
            "name": "Good Night",
            "artist": "Snigellin",
            "id": 485856132
        },
        {
            "name": "This Moment",
            "artist": "Peter Jeremias",
            "id": 36953769
        },
        {
            "name": "最上川",
            "artist": "Ivan",
            "id": 502024343
        },
        {
            "name": "陪你变老",
            "artist": "十指流玉",
            "id": 494467566
        },
        {
            "name": "I know you're not but I hope you're thinking of the time we had together",
            "artist": "Xeuphoria",
            "id": 405597047
        },
        {
            "name": "Lost Heart",
            "artist": "슈베르탱베르베르",
            "id": 5331447
        },
        {
            "name": "What do we have left?",
            "artist": "Nsgteo.",
            "id": 512978983
        },
        {
            "name": "Oikawa Nazuna",
            "artist": "SimorE",
            "id": 527690935
        },
        {
            "name": "Aspen Starlight",
            "artist": "Zachary Bruno",
            "id": 32320833
        },
        {
            "name": "Sleepless",
            "artist": "Xeuphoria",
            "id": 536570157
        },
        {
            "name": "Desolation",
            "artist": "Dave Greening",
            "id": 1294703
        },
        {
            "name": "For When You Are Alone",
            "artist": "Xeuphoria",
            "id": 421148106
        },
        {
            "name": "Wolf Trail",
            "artist": "Brad Jacobsen",
            "id": 32337027
        },
        {
            "name": "Sleepless Starlight",
            "artist": "羽肿",
            "id": 444003269
        },
        {
            "name": "I saw you smile today. I almost forgot that you faded away",
            "artist": "Xeuphoria",
            "id": 405377983
        },
        {
            "name": "想いの寄り方は不均一",
            "artist": "加藤達也",
            "id": 441736
        },
        {
            "name": "懐かしき東方の血",
            "artist": "天門",
            "id": 22697404
        },
        {
            "name": "Fall Rain",
            "artist": "Seori",
            "id": 5331100
        },
        {
            "name": "Born a Stranger",
            "artist": "Kan R. Gao",
            "id": 1645108
        },
        {
            "name": "First Sunlight",
            "artist": "Peter Jeremias",
            "id": 36953773
        },
        {
            "name": "降り続く雨の街で",
            "artist": "三輪学",
            "id": 26089107
        },
        {
            "name": "For River - Piano (Johnny's Version)",
            "artist": "Kan R. Gao",
            "id": 1645112
        }
    ]
}