{
    "playlist_info": {
        "name": "听·张学友 | 喝着咖啡慢慢听……",
        "trackcount": 50,
        "playcount": 721235,
        "creator": "云音乐艺人精选",
        "createDate": "2022-10-18",
        "heat": 2842.0
    },
    "songs": [
        {
            "name": "吻别",
            "artist": "张学友",
            "id": 190449
        },
        {
            "name": "如果这都不算爱",
            "artist": "张学友",
            "id": 188432
        },
        {
            "name": "还是觉得你最好",
            "artist": "张学友",
            "id": 190380
        },
        {
            "name": "遥远的她",
            "artist": "张学友",
            "id": 191232
        },
        {
            "name": "慢慢",
            "artist": "张学友",
            "id": 189315
        },
        {
            "name": "咖啡",
            "artist": "张学友",
            "id": 188261
        },
        {
            "name": "饿狼传说",
            "artist": "张学友",
            "id": 190270
        },
        {
            "name": "烦恼歌",
            "artist": "张学友",
            "id": 187672
        },
        {
            "name": "爱.火.花",
            "artist": "张学友",
            "id": 190498
        },
        {
            "name": "秋意浓",
            "artist": "张学友",
            "id": 190473
        },
        {
            "name": "一千个伤心的理由",
            "artist": "张学友",
            "id": 189687
        },
        {
            "name": "我哭了",
            "artist": "张学友",
            "id": 189827
        },
        {
            "name": "我等到花儿也谢了",
            "artist": "张学友",
            "id": 190128
        },
        {
            "name": "我希望你相信",
            "artist": "张学友",
            "id": 190252
        },
        {
            "name": "爱情的赌徒",
            "artist": "张学友",
            "id": 190350
        },
        {
            "name": "好久",
            "artist": "张学友",
            "id": 190343
        },
        {
            "name": "祝福",
            "artist": "张学友",
            "id": 190328
        },
        {
            "name": "情系半生",
            "artist": "张学友",
            "id": 190145
        },
        {
            "name": "过客",
            "artist": "张学友",
            "id": 189732
        },
        {
            "name": "真心的朋友",
            "artist": "张学友",
            "id": 189329
        },
        {
            "name": "你是我今生唯一传奇",
            "artist": "张学友",
            "id": 190508
        },
        {
            "name": "当爱变成习惯",
            "artist": "张学友",
            "id": 190282
        },
        {
            "name": "如没有你",
            "artist": "张学友",
            "id": 190713
        },
        {
            "name": "还是觉得你最好",
            "artist": "张学友",
            "id": 190500
        },
        {
            "name": "只想一生跟你走",
            "artist": "张学友",
            "id": 1397657070
        },
        {
            "name": "心碎了无痕",
            "artist": "张学友",
            "id": 190248
        },
        {
            "name": "爱得比你深",
            "artist": "张学友",
            "id": 190530
        },
        {
            "name": "缘尽情未了",
            "artist": "张学友",
            "id": 190723
        },
        {
            "name": "每天爱你多一些",
            "artist": "张学友",
            "id": 190705
        },
        {
            "name": "情不禁",
            "artist": "张学友",
            "id": 190701
        },
        {
            "name": "偷心",
            "artist": "张学友",
            "id": 190233
        },
        {
            "name": "梦中的你",
            "artist": "张学友",
            "id": 190732
        },
        {
            "name": "花花公子",
            "artist": "张学友",
            "id": 190805
        },
        {
            "name": "信念",
            "artist": "张学友",
            "id": 190823
        },
        {
            "name": "迷失的方向",
            "artist": "张学友",
            "id": 190817
        },
        {
            "name": "亲亲",
            "artist": "张学友",
            "id": 190812
        },
        {
            "name": "只愿一生爱一人",
            "artist": "张学友",
            "id": 190803
        },
        {
            "name": "序曲",
            "artist": "张学友",
            "id": 190768
        },
        {
            "name": "故事",
            "artist": "张学友",
            "id": 190774
        },
        {
            "name": "天变地变情不变",
            "artist": "张学友",
            "id": 190909
        },
        {
            "name": "思念",
            "artist": "张学友",
            "id": 190929
        },
        {
            "name": "只想一生跟你走",
            "artist": "张学友",
            "id": 189987
        },
        {
            "name": "在我心深处",
            "artist": "张学友",
            "id": 191085
        },
        {
            "name": "飞机师的风衣",
            "artist": "张学友",
            "id": 191147
        },
        {
            "name": "穿过你的黑发的我的手",
            "artist": "张学友",
            "id": 191186
        },
        {
            "name": "每次都想呼喊你的名字",
            "artist": "张学友",
            "id": 191198
        },
        {
            "name": "轻抚你的脸",
            "artist": "张学友",
            "id": 191277
        },
        {
            "name": "甜梦",
            "artist": "张学友",
            "id": 191296
        },
        {
            "name": "交叉算了",
            "artist": "张学友",
            "id": 191307
        },
        {
            "name": "她来听我的演唱会",
            "artist": "张学友",
            "id": 188647
        }
    ]
}