{
    "playlist_info": {
        "name": "后摇 | 治愈系孤独患者的光明",
        "trackcount": 44,
        "playcount": 119560,
        "creator": "茶叶不喝咖啡",
        "createDate": "2019-03-28",
        "heat": 76.0
    },
    "songs": [
        {
            "name": "A Gallant Gentleman",
            "artist": "We Lost The Sea",
            "id": 33785701
        },
        {
            "name": "III",
            "artist": "Athletics",
            "id": 3947467
        },
        {
            "name": "IV",
            "artist": "Athletics",
            "id": 3947469
        },
        {
            "name": "V",
            "artist": "Athletics",
            "id": 3947471
        },
        {
            "name": "New Years End",
            "artist": "God Is An Astronaut",
            "id": 19892244
        },
        {
            "name": "Beyond the Dying Light",
            "artist": "God Is An Astronaut",
            "id": 19892248
        },
        {
            "name": "Géranium",
            "artist": "Magnetoscop.",
            "id": 29047270
        },
        {
            "name": "I Believe In Your Victory",
            "artist": "This Will Destroy You",
            "id": 19574404
        },
        {
            "name": "A Footprint Of Feelings",
            "artist": "Moonlit Sailor",
            "id": 1710842
        },
        {
            "name": "Taijin Kyofusho",
            "artist": "The Evpatoria Report",
            "id": 19278445
        },
        {
            "name": "We Choose To Go To The Moon",
            "artist": "There's a Light",
            "id": 4405800
        },
        {
            "name": "Until the Shadows",
            "artist": "The Echelon Effect",
            "id": 28232250
        },
        {
            "name": "Old Friends Part Ways",
            "artist": "Sunlight Ascending",
            "id": 3546618
        },
        {
            "name": "Hands Full Of Hearts, Heart Full Of Stones",
            "artist": "Leech",
            "id": 4154863
        },
        {
            "name": "Evolution Is Not A Theory",
            "artist": "What The Blood Revealed",
            "id": 4425799
        },
        {
            "name": "Highest mountain loneliest peak",
            "artist": "Sinobola",
            "id": 4472948
        },
        {
            "name": "Walking the endless road",
            "artist": "Nevermind the Name",
            "id": 1804664
        },
        {
            "name": "Overwhelming Truth",
            "artist": "General Lee",
            "id": 28577301
        },
        {
            "name": "Gold",
            "artist": "Rocket Miner",
            "id": 29428258
        },
        {
            "name": "Hills",
            "artist": "Samsara",
            "id": 4304382
        },
        {
            "name": "Wall Of Box",
            "artist": "A Slow In Dance",
            "id": 1017967
        },
        {
            "name": "Lost",
            "artist": "Presence of Soul",
            "id": 798976
        },
        {
            "name": "Victory Rose",
            "artist": "Lights & Motion",
            "id": 27955715
        },
        {
            "name": "Black Moon Empire",
            "artist": "Collapse Under The Empire",
            "id": 1201601
        },
        {
            "name": "Bemoan",
            "artist": "Rocket Miner",
            "id": 29428266
        },
        {
            "name": "This Place Is My Home",
            "artist": "Near Light",
            "id": 26625537
        },
        {
            "name": "Thunder In Everyone Of Us",
            "artist": "The Last Sighs Of The Wind",
            "id": 3944160
        },
        {
            "name": "Mechanisms",
            "artist": "Richard Parker",
            "id": 3940933
        },
        {
            "name": "Up",
            "artist": "April or Nil",
            "id": 3949220
        },
        {
            "name": "Varúð",
            "artist": "Sigur Rós",
            "id": 4278297
        },
        {
            "name": "I'm Sorry, I'm Lost",
            "artist": "Epigram",
            "id": 1309821
        },
        {
            "name": "Discussion Among Men",
            "artist": "Followed By Ghosts",
            "id": 1354242
        },
        {
            "name": "miracles dont happen",
            "artist": "Félperc",
            "id": 1354422
        },
        {
            "name": "While We Sleepwalk",
            "artist": "Paint The Sky Red",
            "id": 31680247
        },
        {
            "name": "Summer Ends",
            "artist": "Saul",
            "id": 26152612
        },
        {
            "name": "From Comas",
            "artist": "Ours to Alibi",
            "id": 1809115
        },
        {
            "name": "Imminence",
            "artist": "Sleep Dealer",
            "id": 28164932
        },
        {
            "name": "Cosmic Call",
            "artist": "The Evpatoria Report",
            "id": 19278446
        },
        {
            "name": "On Floating",
            "artist": "The End Of The Ocean",
            "id": 4372261
        },
        {
            "name": "Frozen",
            "artist": "Devil Sold His Soul",
            "id": 17469733
        },
        {
            "name": "1848",
            "artist": "The Dandelion War",
            "id": 25882377
        },
        {
            "name": "1992",
            "artist": "Castles Sunk Below The Sea",
            "id": 4017046
        },
        {
            "name": "i",
            "artist": "HVRXLD",
            "id": 426850484
        },
        {
            "name": "Scalar Fields",
            "artist": "Final Days Society",
            "id": 17714196
        }
    ]
}