{
    "playlist_info": {
        "name": "吉他发烧碟《彻夜未眠》1~4合辑",
        "trackcount": 51,
        "playcount": 7747,
        "creator": "一只大食猪",
        "createDate": "2015-06-30",
        "heat": 2.0
    },
    "songs": [
        {
            "name": "史卡保罗市集",
            "artist": "陈小平",
            "id": 75180
        },
        {
            "name": "蓝眼睛的爱丽丝",
            "artist": "陈小平",
            "id": 75184
        },
        {
            "name": "梦中的情话",
            "artist": "陈小平",
            "id": 75188
        },
        {
            "name": "遇见",
            "artist": "陈小平",
            "id": 75192
        },
        {
            "name": "想爱",
            "artist": "陈小平",
            "id": 75196
        },
        {
            "name": "寂静之声",
            "artist": "陈小平",
            "id": 75200
        },
        {
            "name": "爱的罗曼史",
            "artist": "陈小平",
            "id": 75204
        },
        {
            "name": "那些花儿",
            "artist": "陈小平",
            "id": 75207
        },
        {
            "name": "天黑",
            "artist": "陈小平",
            "id": 75210
        },
        {
            "name": "命运的深渊",
            "artist": "陈小平",
            "id": 75213
        },
        {
            "name": "欢颜",
            "artist": "陈小平",
            "id": 75216
        },
        {
            "name": "我真的受伤了",
            "artist": "陈小平",
            "id": 75219
        },
        {
            "name": "直到永远",
            "artist": "陈小平",
            "id": 75222
        },
        {
            "name": "加州旅馆",
            "artist": "陈小平",
            "id": 75108
        },
        {
            "name": "漫步在云端",
            "artist": "陈小平",
            "id": 75111
        },
        {
            "name": "少女的祈祷",
            "artist": "陈小平",
            "id": 75115
        },
        {
            "name": "和兰花在一起",
            "artist": "陈小平",
            "id": 75120
        },
        {
            "name": "勃拉姆斯摇篮曲",
            "artist": "陈小平",
            "id": 75124
        },
        {
            "name": "西班牙斗牛士",
            "artist": "陈小平",
            "id": 75129
        },
        {
            "name": "在你背后",
            "artist": "陈小平",
            "id": 75133
        },
        {
            "name": "柳濑的小镇",
            "artist": "陈小平",
            "id": 75137
        },
        {
            "name": "莫扎特小夜曲",
            "artist": "陈小平",
            "id": 75142
        },
        {
            "name": "自始至今",
            "artist": "陈小平",
            "id": 75147
        },
        {
            "name": "牵挂",
            "artist": "陈小平",
            "id": 75158
        },
        {
            "name": "同桌的你",
            "artist": "陈小平",
            "id": 75164
        },
        {
            "name": "月满窗",
            "artist": "陈小平",
            "id": 75047
        },
        {
            "name": "镜中的安娜",
            "artist": "陈小平",
            "id": 75051
        },
        {
            "name": "柳濑老家",
            "artist": "陈小平",
            "id": 75056
        },
        {
            "name": "吉萨诺瓦",
            "artist": "陈小平",
            "id": 75059
        },
        {
            "name": "WHEN YOU SAY NOTHING AT ALL",
            "artist": "陈小平",
            "id": 75063
        },
        {
            "name": "大海",
            "artist": "陈小平",
            "id": 75067
        },
        {
            "name": "MASSACHUSETTS",
            "artist": "陈小平",
            "id": 75071
        },
        {
            "name": "美丽岛",
            "artist": "陈小平",
            "id": 75075
        },
        {
            "name": "陌上归人",
            "artist": "陈小平",
            "id": 75079
        },
        {
            "name": "LOVE ME TENDER",
            "artist": "陈小平",
            "id": 75083
        },
        {
            "name": "我的城下小街",
            "artist": "陈小平",
            "id": 75087
        },
        {
            "name": "冷战",
            "artist": "陈小平",
            "id": 75091
        },
        {
            "name": "倩影",
            "artist": "陈小平",
            "id": 75095
        },
        {
            "name": "安娜小笺",
            "artist": "陈小平",
            "id": 74998
        },
        {
            "name": "蓝色的爱",
            "artist": "陈小平",
            "id": 75001
        },
        {
            "name": "梦中的婚礼",
            "artist": "陈小平",
            "id": 75008
        },
        {
            "name": "昨日重现",
            "artist": "陈小平",
            "id": 75011
        },
        {
            "name": "我心随风",
            "artist": "陈小平",
            "id": 75016
        },
        {
            "name": "奇异的关联",
            "artist": "陈小平",
            "id": 75020
        },
        {
            "name": "乡村路,带我回家",
            "artist": "陈小平",
            "id": 75022
        },
        {
            "name": "在紫罗兰色的月光下",
            "artist": "陈小平",
            "id": 75026
        },
        {
            "name": "雄鹰之歌",
            "artist": "陈小平",
            "id": 75029
        },
        {
            "name": "美丽的海岛",
            "artist": "陈小平",
            "id": 75032
        },
        {
            "name": "永远的朋友",
            "artist": "陈小平",
            "id": 75033
        },
        {
            "name": "天堂的另一天",
            "artist": "陈小平",
            "id": 75035
        },
        {
            "name": "乡间小路带我回家",
            "artist": "陈小平",
            "id": 75038
        }
    ]
}