{
    "playlist_info": {
        "name": "后摇｜凭海听涛 大地沉寂",
        "trackcount": 217,
        "playcount": 738207,
        "creator": "悬崖巴士",
        "createDate": "2015-08-03",
        "heat": 255.0
    },
    "songs": [
        {
            "name": "Arctic",
            "artist": "Sleeping at Last",
            "id": 28405264
        },
        {
            "name": "Alone",
            "artist": "As the Stars Fall",
            "id": 3924619
        },
        {
            "name": "A Moll",
            "artist": "For a Minor Reflection",
            "id": 28892386
        },
        {
            "name": "Ariadne",
            "artist": "Laura",
            "id": 16648459
        },
        {
            "name": "After Rock",
            "artist": "Everything Is Made in China",
            "id": 4050398
        },
        {
            "name": "All is Right",
            "artist": "Molia Falls",
            "id": 27722999
        },
        {
            "name": "Alia's Fane",
            "artist": "Post Harbor.",
            "id": 4248526
        },
        {
            "name": "All Will Be Well",
            "artist": "Moly",
            "id": 21123013
        },
        {
            "name": "Après La Pluie I",
            "artist": "Magnetoscop.",
            "id": 29047273
        },
        {
            "name": "A Brittle Filament",
            "artist": "The One AM Radio",
            "id": 2011549
        },
        {
            "name": "Ashes in the Snow",
            "artist": "MONO",
            "id": 776668
        },
        {
            "name": "A Never Setting Sun",
            "artist": "Our Friend, Surrender",
            "id": 28016924
        },
        {
            "name": "A Night Without Sleep",
            "artist": "International Karate",
            "id": 1463767
        },
        {
            "name": "All My Feeling Were Fake",
            "artist": "RQTN",
            "id": 1876958
        },
        {
            "name": "As Far As the Eye Can See",
            "artist": "As the Stars Fall",
            "id": 16468505
        },
        {
            "name": "A Lovely Wedding - Snow and Sky",
            "artist": "Windsor Airlift",
            "id": 4425889
        },
        {
            "name": "Bideri",
            "artist": "Pertegò",
            "id": 4240988
        },
        {
            "name": "Black Tree",
            "artist": "Dawn Chorus Ignites",
            "id": 1248940
        },
        {
            "name": "Burleson, TX",
            "artist": "Clem Leek",
            "id": 32785098
        },
        {
            "name": "Break In The Clouds",
            "artist": "Freedom Voyagers",
            "id": 17837152
        },
        {
            "name": "Birthday Resistance 誕生日抵抗日",
            "artist": "World's End Girlfriend",
            "id": 22736279
        },
        {
            "name": "Cut",
            "artist": "重返袖珍时光",
            "id": 30964472
        },
        {
            "name": "Cycle 24",
            "artist": "Sleepstream",
            "id": 28396844
        },
        {
            "name": "Conceiver",
            "artist": "Pray For Sound",
            "id": 28108403
        },
        {
            "name": "Clara [Sister]",
            "artist": "Elyon",
            "id": 28492953
        },
        {
            "name": "chantelear níbor",
            "artist": "Hasta La Otra México!",
            "id": 4111185
        },
        {
            "name": "Clouds On Your Horizon",
            "artist": "On Your Horizon",
            "id": 4230609
        },
        {
            "name": "Dry",
            "artist": "Acetate Zero",
            "id": 16465646
        },
        {
            "name": "december",
            "artist": "euphoria",
            "id": 718167
        },
        {
            "name": "Dreaming of You",
            "artist": "Blurry Lights",
            "id": 29947400
        },
        {
            "name": "dream is destiny",
            "artist": "No Clear Mind",
            "id": 4222871
        },
        {
            "name": "Dernière séquence",
            "artist": "Microfilm",
            "id": 17276313
        },
        {
            "name": "Drifting Further Out",
            "artist": "Sky Flying By",
            "id": 1984888
        },
        {
            "name": "Don't Be A Stranger",
            "artist": "The Shadow Project",
            "id": 19257789
        },
        {
            "name": "Destroy All Dreamers",
            "artist": "Destroyalldreamers",
            "id": 1242371
        },
        {
            "name": "Dreaming is Essential",
            "artist": "Because of Ghosts",
            "id": 5152949
        },
        {
            "name": "Dimension of Miracles",
            "artist": "Mooncake",
            "id": 27882856
        },
        {
            "name": "Discussion Among Men",
            "artist": "Followed By Ghosts",
            "id": 1354242
        },
        {
            "name": "Different Me, Brand New You",
            "artist": "Baulta",
            "id": 29809042
        },
        {
            "name": "Engel",
            "artist": "Popface",
            "id": 17961985
        },
        {
            "name": "escape",
            "artist": "chimneycrow",
            "id": 74247
        },
        {
            "name": "End of Every Film",
            "artist": "Upcdownc",
            "id": 27902766
        },
        {
            "name": "fog",
            "artist": "LOW-PASS",
            "id": 22639122
        },
        {
            "name": "F Sharp",
            "artist": "Samsara",
            "id": 4304375
        },
        {
            "name": "Fracture",
            "artist": "Our Blistered Horizon",
            "id": 3939412
        },
        {
            "name": "Forever Lost",
            "artist": "God Is An Astronaut",
            "id": 19892230
        },
        {
            "name": "From Comas",
            "artist": "Ours to Alibi",
            "id": 1809115
        },
        {
            "name": "Forgotten One",
            "artist": "Even Less",
            "id": 27974413
        },
        {
            "name": "Fall Med Mig Nu",
            "artist": "Immanu El",
            "id": 32648003
        },
        {
            "name": "Fall down Rise Up",
            "artist": "No Clear Mind",
            "id": 26911016
        },
        {
            "name": "Farewell, My Furry Friend",
            "artist": "Baulta",
            "id": 29809044
        },
        {
            "name": "Estoy solo, respondio el eco",
            "artist": "Bosques de mi Mente",
            "id": 27515264
        },
        {
            "name": "First rays of the morning sun ",
            "artist": "咸空气乐队",
            "id": 35032337
        },
        {
            "name": "Forgot Yesterday, Am Today and Will Be Tomorrow",
            "artist": "All Shall Be Well",
            "id": 3938976
        },
        {
            "name": "Gleba",
            "artist": "Sleeping Bear",
            "id": 28447586
        },
        {
            "name": "Goodnight, So Long",
            "artist": "Saxon Shore",
            "id": 3415114
        },
        {
            "name": "Get All Your Ducks In A Row",
            "artist": "Goonies Never Say Die",
            "id": 18093322
        },
        {
            "name": "Green Green Grass Of Tunnel",
            "artist": "Múm",
            "id": 22062998
        },
        {
            "name": "Hills",
            "artist": "Samsara",
            "id": 4304382
        },
        {
            "name": "Home",
            "artist": "On Escalators",
            "id": 4231088
        },
        {
            "name": "Hidden Path",
            "artist": "Sleep Dealer",
            "id": 28164935
        },
        {
            "name": "Hands of Time",
            "artist": "I Spell it Nature",
            "id": 29557511
        },
        {
            "name": "Heart of Hearts",
            "artist": "Pg.lost",
            "id": 18291333
        },
        {
            "name": "Happy Wanderer",
            "artist": "My Dad vs Yours",
            "id": 3154943
        },
        {
            "name": "Happy Pink Fresco",
            "artist": "Loser Superhero",
            "id": 1662043
        },
        {
            "name": "Hoppípolla",
            "artist": "Sigur Rós",
            "id": 4278804
        },
        {
            "name": "How To Be A Werewolf (Demo)",
            "artist": "Mogwai",
            "id": 4173338
        },
        {
            "name": "I",
            "artist": "Líam",
            "id": 4159204
        },
        {
            "name": "IV",
            "artist": "Athletics",
            "id": 3947469
        },
        {
            "name": "I'll Be Here",
            "artist": "In Transmission",
            "id": 29543229
        },
        {
            "name": "Inner Sense",
            "artist": "The Best Pessimist",
            "id": 2011029
        },
        {
            "name": "little secrets",
            "artist": "made by grey",
            "id": 27823397
        },
        {
            "name": "I'm a Hunter, Not a Thief",
            "artist": "All Shall Be Well",
            "id": 38494045
        },
        {
            "name": "I've Washed My Hands of This",
            "artist": "A Dancing Beggar",
            "id": 3911375
        },
        {
            "name": "In Darkness, You Were My Light",
            "artist": "Near Light",
            "id": 26625539
        },
        {
            "name": "I Love You But In The End I Will Destroy You",
            "artist": "Goonies Never Say Die",
            "id": 18093333
        },
        {
            "name": "Jonah",
            "artist": "Overhead, The Albatross",
            "id": 4232590
        },
        {
            "name": "John Baltor",
            "artist": "Totorro",
            "id": 4382814
        },
        {
            "name": "Keep Me Safe",
            "artist": "Tides of Man",
            "id": 1435338252
        },
        {
            "name": "Lamb",
            "artist": "French Teen Idol",
            "id": 1346504
        },
        {
            "name": "Lorge",
            "artist": "El Ten Eleven",
            "id": 1311755
        },
        {
            "name": "Last Days",
            "artist": "吉田靖",
            "id": 439911467
        },
        {
            "name": "Line Drive",
            "artist": "Phoenix And The Turtle",
            "id": 4250274
        },
        {
            "name": "Landvetter",
            "artist": "Moonlit Sailor",
            "id": 1710833
        },
        {
            "name": "Lost Touch",
            "artist": "Powder! Go Away",
            "id": 4256824
        },
        {
            "name": "Little Prince",
            "artist": "Saul",
            "id": 26152607
        },
        {
            "name": "Leaves in the Sky (Hojas En El Cielo)",
            "artist": "The Polar Dream",
            "id": 4386768
        },
        {
            "name": "Leaving the Plains",
            "artist": "*shels",
            "id": 16145425
        },
        {
            "name": "Lecture On Nothing",
            "artist": "Mt.",
            "id": 17280309
        },
        {
            "name": "Lullaby for rainsongs",
            "artist": "吉田靖",
            "id": 22716248
        },
        {
            "name": "Longing for your touch",
            "artist": "saisa",
            "id": 29544107
        },
        {
            "name": "Lights Frightened The Captain",
            "artist": "Stars As Lights",
            "id": 29023826
        },
        {
            "name": "Matorral",
            "artist": "Transit",
            "id": 2020534
        },
        {
            "name": "Mechanisms",
            "artist": "Richard Parker",
            "id": 3940933
        },
        {
            "name": "Monongahela",
            "artist": "Tulsa Drone",
            "id": 2018394
        },
        {
            "name": "Meteor shower",
            "artist": "咸空气乐队",
            "id": 451506515
        },
        {
            "name": "Mountain House",
            "artist": "Tides of Man",
            "id": 1435338247
        },
        {
            "name": "Nadir",
            "artist": "Our Friend, Surrender",
            "id": 29737982
        },
        {
            "name": "Nemure",
            "artist": "3nd",
            "id": 873013
        },
        {
            "name": "Naptalan",
            "artist": "The Evpatoria Report",
            "id": 27036807
        },
        {
            "name": "Next Hour",
            "artist": "Flies Are Spies From Hell",
            "id": 4073955
        },
        {
            "name": "New Years End",
            "artist": "God Is An Astronaut",
            "id": 19892244
        },
        {
            "name": "No Winter, No Autumn",
            "artist": "Moscow Olympics",
            "id": 1722896
        },
        {
            "name": "Nobody likes me, nobody likes my t-shirts",
            "artist": "花蛤与蟹",
            "id": 435872274
        },
        {
            "name": "Opening",
            "artist": "Maybeshewill",
            "id": 21218315
        },
        {
            "name": "Oceanica",
            "artist": "The Best Pessimist",
            "id": 2011050
        },
        {
            "name": "Och du Vackra",
            "artist": "Sejd",
            "id": 41632134
        },
        {
            "name": "Psyche",
            "artist": "Mario M",
            "id": 34057043
        },
        {
            "name": "Peacon",
            "artist": "The Workhouse",
            "id": 26355338
        },
        {
            "name": "Plankton",
            "artist": "Years Of Rice And Salt",
            "id": 2105563
        },
        {
            "name": "Pengatross",
            "artist": "Let Airplanes Circle Overhead",
            "id": 16639228
        },
        {
            "name": "Panic Attack",
            "artist": "Tunturia",
            "id": 4353375
        },
        {
            "name": "Playground Hope",
            "artist": "GrimLake",
            "id": 29017116
        },
        {
            "name": "Part-time Superhero",
            "artist": "Il Rumore del Fiore di Carta",
            "id": 1471448
        },
        {
            "name": "Perfect Day (feat. RIB)",
            "artist": "The Deysion",
            "id": 27926426
        },
        {
            "name": "Pouring Milk Out the Window",
            "artist": "Apricot Rail",
            "id": 3914386
        },
        {
            "name": "Prelude: Per Aspera Ad Astra",
            "artist": "Alnea",
            "id": 36019998
        },
        {
            "name": "Promise",
            "artist": "山岡晃",
            "id": 18861490
        },
        {
            "name": "Queue Up For Infinity",
            "artist": "April Rain",
            "id": 40188859
        },
        {
            "name": "Ritual",
            "artist": "Tunturia",
            "id": 29452057
        },
        {
            "name": "Runner",
            "artist": "Dustin O'Halloran",
            "id": 17241518
        },
        {
            "name": "Rabid Glow",
            "artist": "Oh Hiroshima",
            "id": 4229177
        },
        {
            "name": "Rumi's Nation",
            "artist": "Whale Fall",
            "id": 3912794
        },
        {
            "name": "Roaring Forties",
            "artist": "Lowercase Noises",
            "id": 28957085
        },
        {
            "name": "Release All Light",
            "artist": "De La Mancha",
            "id": 1279368
        },
        {
            "name": "Rapt in Wonder (Marching to the Beyond)",
            "artist": "Wake This Day",
            "id": 2082713
        },
        {
            "name": "Salma",
            "artist": "Go! Save The Hostages!",
            "id": 29109647
        },
        {
            "name": "Sunlight",
            "artist": "Kyte",
            "id": 19026750
        },
        {
            "name": "Song and I",
            "artist": "A Northern Chorus",
            "id": 1039582
        },
        {
            "name": "Swing Set",
            "artist": "Moving Mountains",
            "id": 27698501
        },
        {
            "name": "Sæglópur",
            "artist": "Sigur Rós",
            "id": 4278442
        },
        {
            "name": "summer ii",
            "artist": "the tumbled sea",
            "id": 4346200
        },
        {
            "name": "Scalar Fields",
            "artist": "Final Days Society",
            "id": 17714196
        },
        {
            "name": "Summer Ends",
            "artist": "Saul",
            "id": 26152612
        },
        {
            "name": "September 5th",
            "artist": "Kyte",
            "id": 4143134
        },
        {
            "name": "Sing And Noise",
            "artist": "A Slow In Dance",
            "id": 1017973
        },
        {
            "name": "Splendid Isolatin",
            "artist": "Years Of Rice And Salt",
            "id": 2105566
        },
        {
            "name": "Separation Anxiety",
            "artist": "L’Astronaut",
            "id": 4171152
        },
        {
            "name": "Southern Orchards",
            "artist": "July Skies",
            "id": 18565444
        },
        {
            "name": "Speakeasy or Nothing",
            "artist": "Laura",
            "id": 2927656
        },
        {
            "name": "Shoreline (New Version)",
            "artist": "Deas Vail",
            "id": 17335979
        },
        {
            "name": "Something Like Nostalgia",
            "artist": "The Abbasi Brothers",
            "id": 4345099
        },
        {
            "name": "Træ",
            "artist": "Platonick Dive",
            "id": 26570323
        },
        {
            "name": "Trees",
            "artist": "Transit",
            "id": 2020517
        },
        {
            "name": "Tonight",
            "artist": "So Quiet",
            "id": 1944548
        },
        {
            "name": "The Spirit",
            "artist": "Sleepstream",
            "id": 19175657
        },
        {
            "name": "The Road",
            "artist": "As the Stars Fall",
            "id": 16468500
        },
        {
            "name": "The Woman",
            "artist": "The Sleep Design",
            "id": 4382371
        },
        {
            "name": "These Walls",
            "artist": "Sky Architects",
            "id": 4314985
        },
        {
            "name": "This Morning",
            "artist": "The Last Sighs Of The Wind",
            "id": 3944163
        },
        {
            "name": "The Last Aerie",
            "artist": "2 by Bukowski",
            "id": 16152951
        },
        {
            "name": "The Threshold",
            "artist": "Immanu El",
            "id": 18345822
        },
        {
            "name": "The Blue Notebooks",
            "artist": "Max Richter",
            "id": 16964042
        },
        {
            "name": "The Distance Speaks",
            "artist": "Daycast",
            "id": 2527564
        },
        {
            "name": "This Place Is My Home",
            "artist": "Near Light",
            "id": 26625537
        },
        {
            "name": "Tongues (Sound sketch)",
            "artist": "Aural Method",
            "id": 28748599
        },
        {
            "name": "The Sea Was Left Behind",
            "artist": "The Files & Fires",
            "id": 4398196
        },
        {
            "name": "Thunder In Everyone Of Us",
            "artist": "The Last Sighs Of The Wind",
            "id": 3944160
        },
        {
            "name": "The Thunderstorms I Brought",
            "artist": "U-Run",
            "id": 4411410
        },
        {
            "name": "Through The Alter Ego Justifications",
            "artist": "The Seven Mile Journey",
            "id": 19278705
        },
        {
            "name": "Theme For The Oddmory Philosophies",
            "artist": "The Seven Mile Journey",
            "id": 19278707
        },
        {
            "name": "The People vs. Their Institutions (Japanese Bonus Track)",
            "artist": "Man an Ocean",
            "id": 4195476
        },
        {
            "name": "The lights weren't that bright,but our eyes were so tired",
            "artist": "Industries Of The Blind",
            "id": 4128501
        },
        {
            "name": "Up",
            "artist": "April or Nil",
            "id": 3949220
        },
        {
            "name": "Untitled",
            "artist": "Halifax Pier",
            "id": 4368017
        },
        {
            "name": "Until the Shadows",
            "artist": "The Echelon Effect",
            "id": 28232250
        },
        {
            "name": "V",
            "artist": "Líam",
            "id": 4159211
        },
        {
            "name": "Vgujh",
            "artist": "Arajua",
            "id": 3940616
        },
        {
            "name": "Victory Rose",
            "artist": "Lights & Motion",
            "id": 27955715
        },
        {
            "name": "Voix sereines",
            "artist": "Alcest",
            "id": 28191581
        },
        {
            "name": "Welcome",
            "artist": "This Is Your Captain Speaking",
            "id": 26326400
        },
        {
            "name": "We Are Still",
            "artist": "On Escalators",
            "id": 4231085
        },
        {
            "name": "When It Rains",
            "artist": "GrimLake",
            "id": 29017114
        },
        {
            "name": "Without Antennas",
            "artist": "I Am No Hero",
            "id": 4131512
        },
        {
            "name": "Without You I Am Dying",
            "artist": "Painless Destiny",
            "id": 28692687
        },
        {
            "name": "When I Was a Pedant Clerk",
            "artist": "Windsor Airlift",
            "id": 4425892
        },
        {
            "name": "We Choose To Go To The Moon",
            "artist": "There's a Light",
            "id": 4405800
        },
        {
            "name": "We Bought A Zoo",
            "artist": "Jónsi",
            "id": 1597441
        },
        {
            "name": "What's The Farthest You Can See?",
            "artist": "Sky Flying By",
            "id": 1984853
        },
        {
            "name": "Waiting and waltzing in airport terminals",
            "artist": "Industries Of The Blind",
            "id": 4128499
        },
        {
            "name": "Xavii",
            "artist": "Russian Circles",
            "id": 4262898
        },
        {
            "name": "Yes I am",
            "artist": "Pg.lost",
            "id": 18291344
        },
        {
            "name": "You are here",
            "artist": "花伦",
            "id": 357076
        },
        {
            "name": "Yes, I Am Fragile",
            "artist": "花西乐队",
            "id": 27881697
        },
        {
            "name": "You Became a Memory",
            "artist": "Melorman",
            "id": 1765305
        },
        {
            "name": "You Somehow Missed The Right Moment",
            "artist": "Tomàn",
            "id": 2022807
        },
        {
            "name": "Young Man, You Will Die Of This Company",
            "artist": "Solkyri",
            "id": 4316861
        },
        {
            "name": "蓿",
            "artist": "重返袖珍时光",
            "id": 29371215
        },
        {
            "name": "南方",
            "artist": "文雀",
            "id": 32102401
        },
        {
            "name": "时雨",
            "artist": "声子虫",
            "id": 29043810
        },
        {
            "name": "云男",
            "artist": "现象师",
            "id": 29049860
        },
        {
            "name": "大雁",
            "artist": "文雀",
            "id": 31838188
        },
        {
            "name": "水母",
            "artist": "现象师",
            "id": 29049859
        },
        {
            "name": "海鸥",
            "artist": "逆耳",
            "id": 33517109
        },
        {
            "name": "雨巷",
            "artist": "逆耳",
            "id": 33517110
        },
        {
            "name": "花西",
            "artist": "花西乐队",
            "id": 29802910
        },
        {
            "name": "眠る",
            "artist": "3nd",
            "id": 22819722
        },
        {
            "name": "污水塘",
            "artist": "惘闻",
            "id": 385360
        },
        {
            "name": "星岛湖",
            "artist": "WeirdoRoom 怪人房间",
            "id": 40249523
        },
        {
            "name": "花蛤与蟹",
            "artist": "花蛤与蟹",
            "id": 30064172
        },
        {
            "name": "那时花开",
            "artist": "Before the Sunrise",
            "id": 31149762
        },
        {
            "name": "故城往事",
            "artist": "Before the Sunrise",
            "id": 31256841
        },
        {
            "name": "十四行诗",
            "artist": "Space Station",
            "id": 33850436
        },
        {
            "name": "碎花布星系",
            "artist": "48V",
            "id": 33471967
        },
        {
            "name": "看风景的人",
            "artist": "文雀",
            "id": 32102404
        },
        {
            "name": "死在旋转公寓",
            "artist": "发光曲线",
            "id": 356760
        },
        {
            "name": "21世纪不适症",
            "artist": "惘闻",
            "id": 409931403
        },
        {
            "name": "最后　仍在一起",
            "artist": "Cicada",
            "id": 350149
        },
        {
            "name": "无所事事的夜晚",
            "artist": "奇怪的日子乐队",
            "id": 371926
        },
        {
            "name": "雨天广场   【2007】",
            "artist": "羊秘密",
            "id": 379949
        },
        {
            "name": "无人不冤  有情皆孽",
            "artist": "谜谀",
            "id": 31673854
        },
        {
            "name": "我的青春还有178年",
            "artist": "昴宿 Pleiades",
            "id": 36025773
        },
        {
            "name": "妈妈,我考试考100分",
            "artist": "Selfkill",
            "id": 377501
        },
        {
            "name": "黄小虎从窗台纵身一跃",
            "artist": "48V",
            "id": 33471965
        },
        {
            "name": "我給你一個久久望著孤月人的悲哀",
            "artist": "Cicinnus",
            "id": 1453804830
        },
        {
            "name": "▲",
            "artist": "Arajua",
            "id": 3940615
        },
        {
            "name": "Ø",
            "artist": "the tumbled sea",
            "id": 4346235
        }
    ]
}