{
    "playlist_info": {
        "name": "列侬和麦卡特尼的相爱相杀",
        "trackcount": 22,
        "playcount": 7701,
        "creator": "汤姆呼叫地面控制",
        "createDate": "2017-08-03",
        "heat": 3.0
    },
    "songs": [
        {
            "name": "If I Fell (Remastered)",
            "artist": "The Beatles",
            "id": 4337622
        },
        {
            "name": "Blackbird (Remastered)",
            "artist": "The Beatles",
            "id": 4336738
        },
        {
            "name": "Oh! Darling (Remastered)",
            "artist": "The Beatles",
            "id": 4336316
        },
        {
            "name": "I Found Out (Remastered 2010)",
            "artist": "John Lennon",
            "id": 22598697
        },
        {
            "name": "Too Many People (Remastered 2012)",
            "artist": "Paul McCartney",
            "id": 1822983
        },
        {
            "name": "Crippled Inside (Remastered 2010)",
            "artist": "John Lennon",
            "id": 18687684
        },
        {
            "name": "Dear Friend",
            "artist": "Paul McCartney",
            "id": 1822964
        },
        {
            "name": "How Do You Sleep? (Remastered 2010)",
            "artist": "John Lennon",
            "id": 18687690
        },
        {
            "name": "Some People Never Know",
            "artist": "Paul McCartney",
            "id": 1822947
        },
        {
            "name": "I Know (I Know) (Remastered 2010)",
            "artist": "John Lennon",
            "id": 1476681
        },
        {
            "name": "Jet",
            "artist": "Wings",
            "id": 20207080
        },
        {
            "name": "Whatever Gets You Thru the Night",
            "artist": "John Lennon",
            "id": 1476544
        },
        {
            "name": "Let Me Roll It (Remastered 2010)",
            "artist": "Paul McCartney",
            "id": 21393988
        },
        {
            "name": "(Just Like) Starting Over",
            "artist": "John Lennon",
            "id": 1476334
        },
        {
            "name": "No Words (Remastered 2010)",
            "artist": "Paul McCartney",
            "id": 21393990
        },
        {
            "name": "Silly Love Songs",
            "artist": "Wings",
            "id": 1822907
        },
        {
            "name": "Jealous Guy (Remastered 2010)",
            "artist": "John Lennon",
            "id": 18687685
        },
        {
            "name": "Here Today",
            "artist": "Paul McCartney",
            "id": 21394064
        },
        {
            "name": "Grow Old With Me",
            "artist": "John Lennon",
            "id": 1475376
        },
        {
            "name": "Early Days",
            "artist": "Paul McCartney",
            "id": 27836041
        },
        {
            "name": "Now And Then",
            "artist": "Kenny Saxton",
            "id": 1398337380
        },
        {
            "name": "The Song We Were Singing (Remastered 2016)",
            "artist": "Paul McCartney",
            "id": 416700237
        }
    ]
}