{
    "playlist_info": {
        "name": "别害怕，世界和我爱着你。",
        "trackcount": 32,
        "playcount": 33170,
        "creator": "心动Z",
        "createDate": "2022-10-21",
        "heat": 132.0
    },
    "songs": [
        {
            "name": "雨天",
            "artist": "范芽芽",
            "id": 2002523967
        },
        {
            "name": "不要脸",
            "artist": "银河快递",
            "id": 1999005174
        },
        {
            "name": "还是会想起你",
            "artist": "吴炳文",
            "id": 1995129307
        },
        {
            "name": "偶尔怀念",
            "artist": "田_蓓蕾",
            "id": 1987823186
        },
        {
            "name": "落山",
            "artist": "苏星婕",
            "id": 1994339766
        },
        {
            "name": "借口",
            "artist": "许成成",
            "id": 1988861311
        },
        {
            "name": "撒野",
            "artist": "林一卡",
            "id": 1890471466
        },
        {
            "name": "是否",
            "artist": "程响",
            "id": 1979274315
        },
        {
            "name": "雨に濡れた空気",
            "artist": "春野杉卉",
            "id": 1417520524
        },
        {
            "name": "nop",
            "artist": "陈越龙",
            "id": 1427725543
        },
        {
            "name": "风的小径",
            "artist": "万能日记",
            "id": 1455273374
        },
        {
            "name": "Beautiful Sad Dream",
            "artist": "Kaichi Naito",
            "id": 1960348761
        },
        {
            "name": "デート2 (1n Cover)",
            "artist": "1n",
            "id": 435305771
        },
        {
            "name": "星星会不会冷",
            "artist": "Lion_Z狮子",
            "id": 1907598078
        },
        {
            "name": "《夜色钢琴曲》格桑花 - 赵海洋 钢琴曲",
            "artist": "赵海洋",
            "id": 1398534879
        },
        {
            "name": "和煦的糖果风",
            "artist": "Candy_Wind",
            "id": 439142564
        },
        {
            "name": "让我再睡5分钟",
            "artist": "爱喝柠檬茶的喵",
            "id": 1302155722
        },
        {
            "name": "日暮里",
            "artist": "JINBAO",
            "id": 1351183637
        },
        {
            "name": "皆得所愿 -「祈福」",
            "artist": "时空储蓄罐",
            "id": 1811007409
        },
        {
            "name": "Born a Stranger",
            "artist": "Kan R. Gao",
            "id": 1645108
        },
        {
            "name": "古奈纯钢琴版",
            "artist": "MT1990",
            "id": 866059719
        },
        {
            "name": "这个深海是你的眼眸",
            "artist": "万能日记",
            "id": 1458534239
        },
        {
            "name": "After School",
            "artist": "Zocean",
            "id": 1479371572
        },
        {
            "name": "织梦",
            "artist": "赵大鼾",
            "id": 1427423448
        },
        {
            "name": "Rain after Summer",
            "artist": "羽肿",
            "id": 430685732
        },
        {
            "name": "Intro (feat. Rook1e)",
            "artist": "barnes blvd.",
            "id": 557584800
        },
        {
            "name": "spring",
            "artist": "千万般遗憾",
            "id": 1437950311
        },
        {
            "name": "得似旧时",
            "artist": "忘乡",
            "id": 1352004027
        },
        {
            "name": "Crilwa",
            "artist": "Saiakoup",
            "id": 528177111
        },
        {
            "name": "晚星",
            "artist": "逆时针向",
            "id": 1319520140
        },
        {
            "name": "Cumulus",
            "artist": "K kure",
            "id": 1314223132
        },
        {
            "name": "nagashi",
            "artist": "idealism",
            "id": 504264247
        }
    ]
}