{
    "playlist_info": {
        "name": "前卫摇滚 | 告别界限 体验多变摇滚乐",
        "trackcount": 80,
        "playcount": 1031674,
        "creator": "云音乐官方歌单",
        "createDate": "2021-02-23",
        "heat": 1205.0
    },
    "songs": [
        {
            "name": "Ancestral",
            "artist": "Steven Wilson",
            "id": 30841288
        },
        {
            "name": "Summer '68",
            "artist": "Pink Floyd",
            "id": 4238352
        },
        {
            "name": "Dundrets Fröjder",
            "artist": "Samla Mammas Manna",
            "id": 3492631
        },
        {
            "name": "Hallogallo",
            "artist": "Neu!",
            "id": 17534642
        },
        {
            "name": "Winter Wine",
            "artist": "Caravan",
            "id": 17148749
        },
        {
            "name": "The Watchmaker",
            "artist": "Steven Wilson",
            "id": 25779138
        },
        {
            "name": "Echoes",
            "artist": "Pink Floyd",
            "id": 33394060
        },
        {
            "name": "Grazie davvero",
            "artist": "Premiata Forneria Marconi",
            "id": 21358993
        },
        {
            "name": "Animale senza respiro",
            "artist": "Osanna",
            "id": 17723417
        },
        {
            "name": "My God",
            "artist": "Jethro Tull",
            "id": 22582889
        },
        {
            "name": "And You and I",
            "artist": "Yes",
            "id": 4438554
        },
        {
            "name": "Heart of the Sunrise (2008 Remaster)",
            "artist": "Yes",
            "id": 20789811
        },
        {
            "name": "Atom Heart Mother",
            "artist": "Pink Floyd",
            "id": 4238344
        },
        {
            "name": "Siberian Khatru",
            "artist": "Yes",
            "id": 4438560
        },
        {
            "name": "Tubular Bells Part One (New Stereo Mix)",
            "artist": "Mike Oldfield",
            "id": 21173750
        },
        {
            "name": "In The Land Of Grey & Pink",
            "artist": "Caravan",
            "id": 17148751
        },
        {
            "name": "Born to Go (2007 Remastered Version)",
            "artist": "Hawkwind",
            "id": 22215682
        },
        {
            "name": "If",
            "artist": "Pink Floyd",
            "id": 4238349
        },
        {
            "name": "Pantagruel's Nativity",
            "artist": "Gentle Giant",
            "id": 18104189
        },
        {
            "name": "Tubular Bells Part Two (New Stereo Mix)",
            "artist": "Mike Oldfield",
            "id": 21173751
        },
        {
            "name": "Black Cat",
            "artist": "Gentle Giant",
            "id": 18104195
        },
        {
            "name": "Fat Old Sun",
            "artist": "Pink Floyd",
            "id": 4238355
        },
        {
            "name": "South Side of the Sky (2008 Remaster)",
            "artist": "Yes",
            "id": 20789806
        },
        {
            "name": "Alan's Psychedelic Breakfast",
            "artist": "Pink Floyd",
            "id": 4238358
        },
        {
            "name": "La carrozza di Hans",
            "artist": "Premiata Forneria Marconi",
            "id": 21358992
        },
        {
            "name": "The Four Horsemen",
            "artist": "Aphrodite's Child",
            "id": 988593
        },
        {
            "name": "In The Wilderness",
            "artist": "Genesis",
            "id": 18136336
        },
        {
            "name": "All The Seats Were Occupied",
            "artist": "Aphrodite's Child",
            "id": 988658
        },
        {
            "name": "Willie the Pimp",
            "artist": "Frank Zappa",
            "id": 1351433
        },
        {
            "name": "Beyond and Before",
            "artist": "Yes",
            "id": 4438689
        },
        {
            "name": "Am I Very Wrong",
            "artist": "Genesis",
            "id": 18136334
        },
        {
            "name": "Per un amico",
            "artist": "Premiata Forneria Marconi",
            "id": 21359170
        },
        {
            "name": "Son of Mr. Green Genes",
            "artist": "Frank Zappa",
            "id": 1351436
        },
        {
            "name": "Tarkus (i. Eruption / ii. Stones of Years / iii. Iconoclast / iv. Mass / v. Manticore / vi. Battlefield / vii. Aquatarkus) ( 2012 - Remaster)",
            "artist": "Emerson, Lake & Palmer",
            "id": 17682573
        },
        {
            "name": "Conquistador (2009 Remaster)",
            "artist": "Procol Harum",
            "id": 1321673552
        },
        {
            "name": "Anesthetize",
            "artist": "Porcupine Tree",
            "id": 18300141
        },
        {
            "name": "The Gumbo Variations",
            "artist": "Frank Zappa",
            "id": 1351444
        },
        {
            "name": "In The Cage (2008 Digital Remaster)",
            "artist": "Genesis",
            "id": 22540195
        },
        {
            "name": "Sleep Together",
            "artist": "Porcupine Tree",
            "id": 18300144
        },
        {
            "name": "Trip to the Fair",
            "artist": "Renaissance",
            "id": 3339106
        },
        {
            "name": "Song Of Scheherazade : I. Fanfare / II. The Betrayal / III. The Sultan / IV. Love Theme / V. The Young Prince and Princess as told by Scheherazade / VI. Festival Preparations / VII. Fugue for the Sultan / VIII. The Festival / IX. Finale",
            "artist": "Renaissance",
            "id": 3339119
        },
        {
            "name": "*****es Crystal (2012 - Remaster)",
            "artist": "Emerson, Lake & Palmer",
            "id": 17682575
        },
        {
            "name": "Scorched Earth (2005 Digital Remaster)",
            "artist": "Van Der Graaf Generator",
            "id": 20677628
        },
        {
            "name": "Thoughts of Emerlist Davjack [Single Version]",
            "artist": "The Nice",
            "id": 3639610
        },
        {
            "name": "Starship Trooper [A. Life Seeker; B. Disillusion; C. Wurm]",
            "artist": "Yes",
            "id": 20789814
        },
        {
            "name": "Appena un po'",
            "artist": "Premiata Forneria Marconi",
            "id": 21359168
        },
        {
            "name": "Private Sorrow",
            "artist": "The Pretty Things",
            "id": 21914841
        },
        {
            "name": "Diamond Hard Blue Apples of the Moon",
            "artist": "The Nice",
            "id": 3639616
        },
        {
            "name": "April (2000 Remaster)",
            "artist": "Deep Purple",
            "id": 4021290
        },
        {
            "name": "I See You",
            "artist": "The Pretty Things",
            "id": 21914846
        },
        {
            "name": "Yesterday and Today",
            "artist": "Yes",
            "id": 4438699
        },
        {
            "name": "The Morning: Another Morning (Remastered 2017)",
            "artist": "The Moody Blues",
            "id": 519338811
        },
        {
            "name": "Dancing With The Moonlit Knight (Remastered 2008)",
            "artist": "Genesis",
            "id": 22539970
        },
        {
            "name": "Time",
            "artist": "Pink Floyd",
            "id": 4238109
        },
        {
            "name": "Metropolis - Part I: \"The Miracle and the Sleeper\"",
            "artist": "Dream Theater",
            "id": 17403666
        },
        {
            "name": "The Cinema Show (Remastered 2008)",
            "artist": "Genesis",
            "id": 22539976
        },
        {
            "name": "Moonchild (Original Master Edition 2004)",
            "artist": "King Crimson",
            "id": 4143676
        },
        {
            "name": "2112: Overture / The Temples Of Syrinx / Discovery",
            "artist": "Rush",
            "id": 21535577
        },
        {
            "name": "The Night (Remastered 2017)",
            "artist": "The Moody Blues",
            "id": 519338815
        },
        {
            "name": "Us and Them",
            "artist": "Pink Floyd",
            "id": 4238124
        },
        {
            "name": "Nine Feet Underground (Medley)",
            "artist": "Caravan",
            "id": 17148752
        },
        {
            "name": "Golf Girl",
            "artist": "Caravan",
            "id": 17148680
        },
        {
            "name": "The Afternoon (Remastered 2017)",
            "artist": "The Moody Blues",
            "id": 519338813
        },
        {
            "name": "The Twilight Zone",
            "artist": "Rush",
            "id": 21535579
        },
        {
            "name": "21st Century Schizoid Man (Original Master Edition 2004)",
            "artist": "King Crimson",
            "id": 4143667
        },
        {
            "name": "Something For Nothing",
            "artist": "Rush",
            "id": 21535582
        },
        {
            "name": "Hope For Happiness",
            "artist": "Soft Machine",
            "id": 4286596
        },
        {
            "name": "Hide In Your Shell",
            "artist": "Supertramp",
            "id": 19158421
        },
        {
            "name": "Circumstances",
            "artist": "Rush",
            "id": 21535415
        },
        {
            "name": "Look Around",
            "artist": "Manfred Mann's Earth Band",
            "id": 21211317
        },
        {
            "name": "Red",
            "artist": "King Crimson",
            "id": 20045621
        },
        {
            "name": "Shine On You Crazy Diamond (Pts. 1-5)",
            "artist": "Pink Floyd",
            "id": 4237911
        },
        {
            "name": "Pigs on the Wing 1",
            "artist": "Pink Floyd",
            "id": 4237880
        },
        {
            "name": "Sad Young Man",
            "artist": "The Strawbs",
            "id": 3597836
        },
        {
            "name": "Roundabout (2008 Remaster)",
            "artist": "Yes",
            "id": 20789803
        },
        {
            "name": "Can't Get It out of My Head",
            "artist": "Electric Light Orchestra",
            "id": 17552422
        },
        {
            "name": "YYZ",
            "artist": "Rush",
            "id": 21535536
        },
        {
            "name": "Hold On",
            "artist": "Crack The Sky",
            "id": 562529678
        },
        {
            "name": "Hyderomastgroningem",
            "artist": "Ruins",
            "id": 808695
        },
        {
            "name": "Close to the Edge (I. The Solid Time of Change, II. Total Mass Retain, III. I Get up I Get Down, IV. Seasons of Man)",
            "artist": "Yes",
            "id": 4438548
        }
    ]
}