{
    "playlist_info": {
        "name": "南方灵魂乐精选",
        "trackcount": 30,
        "playcount": 380,
        "creator": "云音乐多多",
        "createDate": "2021-03-30",
        "heat": 0.0
    },
    "songs": [
        {
            "name": "Call Me (Come Back Home)",
            "artist": "Al Green",
            "id": 16333475
        },
        {
            "name": "Have You Been Making out Ok",
            "artist": "Al Green",
            "id": 16333476
        },
        {
            "name": "Hard to Handle",
            "artist": "Otis Redding",
            "id": 1809405
        },
        {
            "name": "Mo' Onions",
            "artist": "Booker T. & The MG's",
            "id": 16780126
        },
        {
            "name": "Try a Little Tenderness",
            "artist": "Otis Redding",
            "id": 1809359
        },
        {
            "name": "Groovin'",
            "artist": "Aretha Franklin",
            "id": 2121706
        },
        {
            "name": "Drown In My Own Tears",
            "artist": "Aretha Franklin",
            "id": 27378122
        },
        {
            "name": "Gee Whiz (Look At His Eyes)",
            "artist": "Carla Thomas",
            "id": 24825139
        },
        {
            "name": "Stranger on the Shore",
            "artist": "Booker T. & The MG's",
            "id": 16780129
        },
        {
            "name": "Remember I Said Tomorrow",
            "artist": "Swamp Dogg",
            "id": 38358728
        },
        {
            "name": "Never Be True (Album Version)",
            "artist": "Carla Thomas",
            "id": 20518367
        },
        {
            "name": "Creeping Away",
            "artist": "Swamp Dogg",
            "id": 38358729
        },
        {
            "name": "I'm so Lonesome I Could Cry",
            "artist": "Al Green",
            "id": 16333478
        },
        {
            "name": "Funny How Time Slips Away",
            "artist": "Al Green",
            "id": 16333481
        },
        {
            "name": "Here I Am (Come and Take Me)",
            "artist": "Al Green",
            "id": 16333480
        },
        {
            "name": "Jesus Is Waiting",
            "artist": "Al Green",
            "id": 16333483
        },
        {
            "name": "Tramp [Featurning Carla Thomas]",
            "artist": "Otis Redding",
            "id": 1809374
        },
        {
            "name": "Your Love Is Like the Morning Sun",
            "artist": "Al Green",
            "id": 16333479
        },
        {
            "name": "These Arms of Mine",
            "artist": "Otis Redding",
            "id": 1809281
        },
        {
            "name": "My Girl",
            "artist": "Otis Redding",
            "id": 1809328
        },
        {
            "name": "Cigarettes and Coffee",
            "artist": "Otis Redding",
            "id": 1809344
        },
        {
            "name": "You Ought to Be with Me",
            "artist": "Al Green",
            "id": 16333482
        },
        {
            "name": "Stand Up",
            "artist": "Al Green",
            "id": 16333477
        },
        {
            "name": "You Don't Miss Your Water",
            "artist": "Otis Redding",
            "id": 1809331
        },
        {
            "name": "Fa-Fa-Fa-Fa-Fa (Sad Song)",
            "artist": "Otis Redding",
            "id": 1809354
        },
        {
            "name": "Cupid",
            "artist": "Otis Redding",
            "id": 1809333
        },
        {
            "name": "Merry Christmas, Baby",
            "artist": "Otis Redding",
            "id": 1809387
        },
        {
            "name": "I ve Been Loving You Too Long (to Stop Now)",
            "artist": "Otis Redding",
            "id": 26340111
        },
        {
            "name": "I've Got Dreams to Remember",
            "artist": "Otis Redding",
            "id": 1809397
        },
        {
            "name": "Respect",
            "artist": "Otis Redding",
            "id": 26636222
        }
    ]
}