{
    "playlist_info": {
        "name": "夜深梦浅|不要睡得太晚 愿你一夜好眠",
        "trackcount": 97,
        "playcount": 1949614,
        "creator": "37号元素",
        "createDate": "2020-04-21",
        "heat": 1668.0
    },
    "songs": [
        {
            "name": "Oh It's You",
            "artist": "babychair",
            "id": 1829144572
        },
        {
            "name": "The Day of Unknown",
            "artist": "陈雪燃",
            "id": 2019330333
        },
        {
            "name": "ETHYRIA",
            "artist": "エナー・アールウェット",
            "id": 2012516244
        },
        {
            "name": "Waiting for You",
            "artist": "Dept",
            "id": 2002359753
        },
        {
            "name": "Battles and Wastelands",
            "artist": "Neo Retros",
            "id": 21301195
        },
        {
            "name": "Favorite Song",
            "artist": "Toosii",
            "id": 2023195746
        },
        {
            "name": "Afterthought",
            "artist": "Joji",
            "id": 1481691186
        },
        {
            "name": "Goodnight (feat. Ivri)",
            "artist": "ondi vil",
            "id": 1317410095
        },
        {
            "name": "Love Is Gone (Acoustic)",
            "artist": "SLANDER",
            "id": 1401671455
        },
        {
            "name": "The Flood",
            "artist": "Joshua Hyslop",
            "id": 39122745
        },
        {
            "name": "Traingazing",
            "artist": "Sam Wills",
            "id": 1425944859
        },
        {
            "name": "Vendredi",
            "artist": "Tamas Wells",
            "id": 2001321
        },
        {
            "name": "Anaesthesia",
            "artist": "Maximilian Hecker",
            "id": 1695609
        },
        {
            "name": "Not Angry",
            "artist": "Chris James",
            "id": 1478568147
        },
        {
            "name": "Crush",
            "artist": "Tessa Violet",
            "id": 1394310910
        },
        {
            "name": "I Fall",
            "artist": "Victor Lundberg",
            "id": 1439161954
        },
        {
            "name": "What If I Loved You",
            "artist": "Galen Crew",
            "id": 27588467
        },
        {
            "name": "Someone You Loved",
            "artist": "MADILYN",
            "id": 1379619299
        },
        {
            "name": "Stop Thinking About You",
            "artist": "Betty Who",
            "id": 1344235264
        },
        {
            "name": "Beautiful Mistakes",
            "artist": "Maroon 5",
            "id": 1852069342
        },
        {
            "name": "Best Part",
            "artist": "Daniel Caesar",
            "id": 496902058
        },
        {
            "name": "The song",
            "artist": "Lisa Hannigan",
            "id": 29849030
        },
        {
            "name": "Paradise... How Far?",
            "artist": "椅子乐团 The Chairs",
            "id": 1448631530
        },
        {
            "name": "Bedtime Story",
            "artist": "D.S",
            "id": 1456216775
        },
        {
            "name": "rain（prod.bycon，feat snow）",
            "artist": "Shining",
            "id": 1322041120
        },
        {
            "name": "Somewhere in Ann Arbor",
            "artist": "Anson Seabra",
            "id": 1458863599
        },
        {
            "name": "Under / Over",
            "artist": "Gracie Abrams",
            "id": 1462753117
        },
        {
            "name": "Nothing to You",
            "artist": "ZUHAIR",
            "id": 1446607815
        },
        {
            "name": "Reasons",
            "artist": "Adib Sin",
            "id": 1403074111
        },
        {
            "name": "Candycan",
            "artist": "kidult.",
            "id": 1455767549
        },
        {
            "name": "Keep Your Head Up Princess",
            "artist": "Anson Seabra",
            "id": 1886345442
        },
        {
            "name": "Cry On My Shoulder",
            "artist": "Deutschland sucht den Superstar",
            "id": 17194024
        },
        {
            "name": "Right Here",
            "artist": "Devon Baldwin",
            "id": 37853590
        },
        {
            "name": "Dawn of us",
            "artist": "王嘉尔",
            "id": 553813030
        },
        {
            "name": "Bite Your Soul",
            "artist": "KRIK",
            "id": 1305902244
        },
        {
            "name": "Way Back Home (Sam Feldt Edit)",
            "artist": "SHAUN",
            "id": 1334246005
        },
        {
            "name": "That's Us",
            "artist": "Anson Seabra",
            "id": 1372350500
        },
        {
            "name": "Love You Like A Love Song",
            "artist": "Sami Sasha",
            "id": 28138229
        },
        {
            "name": "Limbs of Faith",
            "artist": "Beauvois",
            "id": 476987164
        },
        {
            "name": "The Story Never Ends",
            "artist": "Lauv",
            "id": 563999351
        },
        {
            "name": "Visions of Gideon",
            "artist": "Sufjan Stevens",
            "id": 516358165
        },
        {
            "name": "lowkey",
            "artist": "NIKI",
            "id": 1360642403
        },
        {
            "name": "Last Time",
            "artist": "Anson Seabra",
            "id": 1402843217
        },
        {
            "name": "Someday, Sometime",
            "artist": "christianalexnder",
            "id": 517571020
        },
        {
            "name": "moonlight",
            "artist": "mich",
            "id": 1336866526
        },
        {
            "name": "Holland",
            "artist": "Novo Amor",
            "id": 28387229
        },
        {
            "name": "OK",
            "artist": "Julie Peel",
            "id": 2866463
        },
        {
            "name": "Ghosts",
            "artist": "BANNERS",
            "id": 34913468
        },
        {
            "name": "Sunday Morning Birds (Singin' Hallelujah)",
            "artist": "Pajaro Sunrise",
            "id": 17950503
        },
        {
            "name": "woman on the hills",
            "artist": "Isaac Dunbar",
            "id": 1300423391
        },
        {
            "name": "Famous",
            "artist": "Ivy Adara",
            "id": 522647397
        },
        {
            "name": "Make You Feel My Love",
            "artist": "Adele",
            "id": 16435050
        },
        {
            "name": "Remember Me (Lullaby) (From \"Coco\"/Soundtrack Version)",
            "artist": "Gael Garcia Bernal",
            "id": 518066666
        },
        {
            "name": "The Moon Song (Film Version)",
            "artist": "Scarlett Johansson",
            "id": 28254854
        },
        {
            "name": "You Are",
            "artist": "Sarah Russell",
            "id": 3409175
        },
        {
            "name": "revenge",
            "artist": "timmies",
            "id": 518895532
        },
        {
            "name": "My Favorite Song",
            "artist": "Skyler Stonestreet",
            "id": 3550532
        },
        {
            "name": "Lille",
            "artist": "Lisa Hannigan",
            "id": 2923587
        },
        {
            "name": "Champagne",
            "artist": "Lia Marie Johnson",
            "id": 563733684
        },
        {
            "name": "Photograph",
            "artist": "Kurt Hugo Schneider",
            "id": 34228093
        },
        {
            "name": "Trouble",
            "artist": "Omar Apollo",
            "id": 1338518901
        },
        {
            "name": "Whisper",
            "artist": "A Fine Frenzy",
            "id": 16426511
        },
        {
            "name": "Little Things",
            "artist": "MADILYN",
            "id": 36924438
        },
        {
            "name": "Landslide",
            "artist": "MADILYN",
            "id": 1352810084
        },
        {
            "name": "Say Hello",
            "artist": "Rosie Thomas",
            "id": 18449193
        },
        {
            "name": "Sit Alone In The Dark",
            "artist": "朱彦安",
            "id": 1493794916
        },
        {
            "name": "Wildest Dreams (Acoustic)",
            "artist": "Taylor Swift",
            "id": 416531602
        },
        {
            "name": "Come On, Come Out",
            "artist": "A Fine Frenzy",
            "id": 16426508
        },
        {
            "name": "All You Wanted",
            "artist": "Alison Sudol",
            "id": 5039563
        },
        {
            "name": "Creep",
            "artist": "Daniela Andrade",
            "id": 33638527
        },
        {
            "name": "Photograph",
            "artist": "Ed Sheeran",
            "id": 411349429
        },
        {
            "name": "Baby I Love You",
            "artist": "Tiffany Alvord",
            "id": 27090774
        },
        {
            "name": "Loving Strangers",
            "artist": "Jocelyn Pook",
            "id": 2788529
        },
        {
            "name": "All I want",
            "artist": "Emma Bale",
            "id": 30039151
        },
        {
            "name": "Weather",
            "artist": "Novo Amor",
            "id": 28381440
        },
        {
            "name": "From a Shell",
            "artist": "Lisa Germano",
            "id": 2925291
        },
        {
            "name": "Love",
            "artist": "Finding Hope",
            "id": 515452369
        },
        {
            "name": "Work It Out",
            "artist": "RYD",
            "id": 519935364
        },
        {
            "name": "the river song",
            "artist": "Haux",
            "id": 32192219
        },
        {
            "name": "Sparks",
            "artist": "Tom Adams",
            "id": 479938888
        },
        {
            "name": "August",
            "artist": "AVALON",
            "id": 424057314
        },
        {
            "name": "Design (feat. Dianna)",
            "artist": "Kazukii",
            "id": 508917833
        },
        {
            "name": "I Was Wrong",
            "artist": "Lulu S.",
            "id": 1693672
        },
        {
            "name": "Love Alive",
            "artist": "Aaron Krause",
            "id": 410925920
        },
        {
            "name": "Falling Up",
            "artist": "Lyon",
            "id": 432698238
        },
        {
            "name": "miss u",
            "artist": "jssx",
            "id": 437608817
        },
        {
            "name": "When the End Comes",
            "artist": "Andrew Belle",
            "id": 546715225
        },
        {
            "name": "limits",
            "artist": "timmies",
            "id": 417833927
        },
        {
            "name": "Firestone",
            "artist": "Birdy",
            "id": 36102667
        },
        {
            "name": "Litany",
            "artist": "Soon",
            "id": 437292783
        },
        {
            "name": "Numb",
            "artist": "Danelle Sandoval",
            "id": 415792744
        },
        {
            "name": "Soon",
            "artist": "Lulu S.",
            "id": 1693663
        },
        {
            "name": "Death, Be Not Proud",
            "artist": "Audrey Assad",
            "id": 28590283
        },
        {
            "name": "Jeg vet",
            "artist": "Siri Nilsen",
            "id": 19157617
        },
        {
            "name": "Without You",
            "artist": "Finding Hope",
            "id": 409031326
        },
        {
            "name": "Oysters",
            "artist": "Me'Shell Ndegéocello",
            "id": 3069853
        },
        {
            "name": "Moon Hits",
            "artist": "Vansire",
            "id": 567366118
        }
    ]
}