{
    "playlist_info": {
        "name": "奥比岛 梦想国度 | 奥比岛 手游 OST 原声带",
        "trackcount": 93,
        "playcount": 39239,
        "creator": "一笔画青山",
        "createDate": "2022-07-16",
        "heat": 112.0
    },
    "songs": [
        {
            "name": "美神诞生的赞歌",
            "artist": "Echo Lab",
            "id": 2055281431
        },
        {
            "name": "欢迎来到玩具国",
            "artist": "Echo Lab",
            "id": 2047103881
        },
        {
            "name": "彩带飞舞的时刻",
            "artist": "Echo Lab",
            "id": 2047801995
        },
        {
            "name": "松鼠的森林赞歌",
            "artist": "Echo Lab",
            "id": 2047801996
        },
        {
            "name": "By My Side",
            "artist": "Echo Lab",
            "id": 2050623623
        },
        {
            "name": "风颂史诗",
            "artist": "Echo Lab",
            "id": 2050623624
        },
        {
            "name": "蜕变",
            "artist": "Echo Lab",
            "id": 2050625163
        },
        {
            "name": "舞池狂想",
            "artist": "Echo Lab",
            "id": 2037128595
        },
        {
            "name": "摇曳裙摆",
            "artist": "Echo Lab",
            "id": 2037131743
        },
        {
            "name": "音符派对",
            "artist": "Echo Lab",
            "id": 2037128596
        },
        {
            "name": "云端童话",
            "artist": "Echo Lab",
            "id": 2037131744
        },
        {
            "name": "终焉审判",
            "artist": "Echo Lab",
            "id": 2037131745
        },
        {
            "name": "定风波",
            "artist": "Echo Lab",
            "id": 2037128597
        },
        {
            "name": "古都盛景",
            "artist": "Echo Lab",
            "id": 2037131746
        },
        {
            "name": "好戏开幕",
            "artist": "Echo Lab",
            "id": 2037128598
        },
        {
            "name": "荒诞幻想曲",
            "artist": "Echo Lab",
            "id": 2037131747
        },
        {
            "name": "激浪千尺",
            "artist": "Echo Lab",
            "id": 2037131748
        },
        {
            "name": "旅人的歌谣",
            "artist": "Echo Lab",
            "id": 2037131749
        },
        {
            "name": "迷幻霓虹",
            "artist": "Echo Lab",
            "id": 2037128599
        },
        {
            "name": "明日舞台",
            "artist": "Echo Lab",
            "id": 2037131750
        },
        {
            "name": "随性而舞",
            "artist": "Echo Lab",
            "id": 2037131751
        },
        {
            "name": "完美诡计",
            "artist": "Echo Lab",
            "id": 2037128600
        },
        {
            "name": "奥比音乐派-粒子跳跃",
            "artist": "Echo Lab",
            "id": 2040585460
        },
        {
            "name": "奥比音乐派-灵魂节奏",
            "artist": "Echo Lab",
            "id": 2040585461
        },
        {
            "name": "奥比音乐派-魅力电音",
            "artist": "Echo Lab",
            "id": 2040586271
        },
        {
            "name": "奥比音乐派-闪耀之夜",
            "artist": "Echo Lab",
            "id": 2040585462
        },
        {
            "name": "奥比音乐派-舞动热浪",
            "artist": "Echo Lab",
            "id": 2040585463
        },
        {
            "name": "奥比音乐派-心跳狂欢",
            "artist": "Echo Lab",
            "id": 2040585464
        },
        {
            "name": "奥比音乐派-炫彩光影",
            "artist": "Echo Lab",
            "id": 2040586272
        },
        {
            "name": "奥比音乐派-音符摇摆",
            "artist": "Echo Lab",
            "id": 2040585465
        },
        {
            "name": "奥比音乐派-音浪初起",
            "artist": "Echo Lab",
            "id": 2040585466
        },
        {
            "name": "Slime Time",
            "artist": "Randy Sharp",
            "id": 1501098854
        },
        {
            "name": "暮雪晚歌-钢琴版",
            "artist": "Echo Lab",
            "id": 2034789305
        },
        {
            "name": "人鱼之歌",
            "artist": "Echo Lab",
            "id": 2030485069
        },
        {
            "name": "人鱼之歌 (instrumental)",
            "artist": "Echo Lab",
            "id": 2030485068
        },
        {
            "name": "心跳律动",
            "artist": "Echo Lab",
            "id": 2022870700
        },
        {
            "name": "春烤万物鲜",
            "artist": "Echo Lab",
            "id": 2020533162
        },
        {
            "name": "新春风华颂",
            "artist": "阿嘘",
            "id": 2014290959
        },
        {
            "name": "新春风华颂 (instrumental)",
            "artist": "Echo Lab",
            "id": 2019334970
        },
        {
            "name": "串串烩春",
            "artist": "Echo Lab",
            "id": 2020534893
        },
        {
            "name": "春意悠悠",
            "artist": "Echo Lab",
            "id": 2014290958
        },
        {
            "name": "春鸣万里",
            "artist": "Echo Lab",
            "id": 2014290957
        },
        {
            "name": "春满风华",
            "artist": "Echo Lab",
            "id": 2014290960
        },
        {
            "name": "冰雪中的暖屋",
            "artist": "Echo Lab",
            "id": 2009789936
        },
        {
            "name": "火柴狂舞",
            "artist": "Echo Lab",
            "id": 2009788103
        },
        {
            "name": "火柴献礼",
            "artist": "Echo Lab",
            "id": 2009788104
        },
        {
            "name": "跳跃星空",
            "artist": "Echo Lab",
            "id": 2009789937
        },
        {
            "name": "繁星流转",
            "artist": "Echo Lab",
            "id": 2011565572
        },
        {
            "name": "蜂蜂狂欢节",
            "artist": "Echo Lab",
            "id": 2003270289
        },
        {
            "name": "碧血龙心",
            "artist": "Echo Lab",
            "id": 1993441304
        },
        {
            "name": "樱花时刻",
            "artist": "Echo Lab",
            "id": 1993441305
        },
        {
            "name": "晨曦下的许愿",
            "artist": "Echo Lab",
            "id": 1982700024
        },
        {
            "name": "快意时光",
            "artist": "Echo Lab",
            "id": 1982700025
        },
        {
            "name": "浪漫绮梦",
            "artist": "Echo Lab",
            "id": 1982700026
        },
        {
            "name": "神棋妙手",
            "artist": "Echo Lab",
            "id": 1982703911
        },
        {
            "name": "小鼓咚咚",
            "artist": "Echo Lab",
            "id": 1982703912
        },
        {
            "name": "悠悠浮生",
            "artist": "Echo Lab",
            "id": 1982703913
        },
        {
            "name": "战栗之魂",
            "artist": "Echo Lab",
            "id": 1982700027
        },
        {
            "name": "为星际荣誉而战",
            "artist": "Echo Lab",
            "id": 1973059097
        },
        {
            "name": "微光中的冒险",
            "artist": "Echo Lab",
            "id": 1973060831
        },
        {
            "name": "梦与欢乐之星",
            "artist": "Echo Lab",
            "id": 1973060830
        },
        {
            "name": "暗夜迷踪",
            "artist": "Echo Lab",
            "id": 1973066660
        },
        {
            "name": "暗夜惊魂",
            "artist": "Echo Lab",
            "id": 1973065315
        },
        {
            "name": "薄雾中的初遇",
            "artist": "Echo Lab",
            "id": 1963981584
        },
        {
            "name": "宝石的吟唱",
            "artist": "Echo Lab",
            "id": 1964012943
        },
        {
            "name": "不打烊的街市",
            "artist": "Echo Lab",
            "id": 1964015711
        },
        {
            "name": "朝雪颂歌",
            "artist": "Echo Lab",
            "id": 1964012944
        },
        {
            "name": "海岛之夜",
            "artist": "Echo Lab",
            "id": 1964015712
        },
        {
            "name": "海中漫步",
            "artist": "Echo Lab",
            "id": 1964015713
        },
        {
            "name": "花云的风光",
            "artist": "Echo Lab",
            "id": 1964012945
        },
        {
            "name": "家族的休息时光",
            "artist": "Echo Lab",
            "id": 1964015714
        },
        {
            "name": "惊喜时分",
            "artist": "Echo Lab",
            "id": 1964012946
        },
        {
            "name": "理真的宝藏",
            "artist": "Echo Lab",
            "id": 1964015715
        },
        {
            "name": "梦想小岛",
            "artist": "Echo Lab",
            "id": 1964015716
        },
        {
            "name": "迷雾重重",
            "artist": "Echo Lab",
            "id": 1964015717
        },
        {
            "name": "暮雪晚歌",
            "artist": "Echo Lab",
            "id": 1964015718
        },
        {
            "name": "勤劳的职员们",
            "artist": "Echo Lab",
            "id": 1964015719
        },
        {
            "name": "青森的拥抱",
            "artist": "Echo Lab",
            "id": 1964012947
        },
        {
            "name": "青森之夜",
            "artist": "Echo Lab",
            "id": 1964012948
        },
        {
            "name": "清风中的约会",
            "artist": "Echo Lab",
            "id": 1964012949
        },
        {
            "name": "山间晚风",
            "artist": "Echo Lab",
            "id": 1964012950
        },
        {
            "name": "书中的旅人",
            "artist": "Echo Lab",
            "id": 1964012951
        },
        {
            "name": "衔金币的百灵鸟",
            "artist": "Echo Lab",
            "id": 1964012952
        },
        {
            "name": "星宫密语",
            "artist": "Echo Lab",
            "id": 1964012953
        },
        {
            "name": "熊的小窝",
            "artist": "Echo Lab",
            "id": 1964015720
        },
        {
            "name": "勇气与冒险之歌",
            "artist": "Echo Lab",
            "id": 1964012954
        },
        {
            "name": "悠闲街市",
            "artist": "Echo Lab",
            "id": 1964015721
        },
        {
            "name": "友谊须尽欢",
            "artist": "Echo Lab",
            "id": 1964015722
        },
        {
            "name": "月光下的友谊",
            "artist": "Echo Lab",
            "id": 1964012955
        },
        {
            "name": "海岛的晴空",
            "artist": "Echo Lab",
            "id": 1965048785
        },
        {
            "name": "山脚漫步",
            "artist": "Echo Lab",
            "id": 1965048786
        },
        {
            "name": "种愿望",
            "artist": "董浩",
            "id": 1960712655
        },
        {
            "name": "粉红色的旋舞",
            "artist": "何真真",
            "id": 238899
        }
    ]
}