{
    "playlist_info": {
        "name": "夜晚网易云伤感emo",
        "trackcount": 287,
        "playcount": 1175392,
        "creator": "不会凶脸脸",
        "createDate": "2021-10-04",
        "heat": 1853.0
    },
    "songs": [
        {
            "name": "默 (Live)",
            "artist": "李荣浩",
            "id": 1888354230
        },
        {
            "name": "我是真的爱上你",
            "artist": "阿冗",
            "id": 1953873776
        },
        {
            "name": "等我先说",
            "artist": "夏天Alex",
            "id": 26609650
        },
        {
            "name": "就是爱你(正式版)",
            "artist": "李浩然",
            "id": 1422461683
        },
        {
            "name": "爱丫爱丫",
            "artist": "徐梓淳",
            "id": 1929156707
        },
        {
            "name": "想你想你想我",
            "artist": "巴音汗",
            "id": 1296833312
        },
        {
            "name": "带我走",
            "artist": "杨丞琳",
            "id": 26082345
        },
        {
            "name": "罗生门（Follow0.8x）",
            "artist": "WongKarKwoo",
            "id": 1955223133
        },
        {
            "name": "起风了（0.89x）降调版",
            "artist": "田杰",
            "id": 1939685534
        },
        {
            "name": "你就不要想起我(0.8x)",
            "artist": "源崽o",
            "id": 1980295875
        },
        {
            "name": "就让这大雨全都落下",
            "artist": "容祖儿",
            "id": 1984475097
        },
        {
            "name": "爱你A.I.N.Y.2017",
            "artist": "G.E.M.邓紫棋",
            "id": 491943346
        },
        {
            "name": "一个傻子（0..85x）",
            "artist": "SPEAR",
            "id": 2011948302
        },
        {
            "name": "匿名的好友+雨爱+in Your Eyes+青春斗)",
            "artist": "杨丞琳",
            "id": 316096
        },
        {
            "name": "给我一个理由忘记",
            "artist": "黄丽玲",
            "id": 205342
        },
        {
            "name": "不遗憾+你的婚礼（伤感版）",
            "artist": "小陈哎",
            "id": 2005078579
        },
        {
            "name": "念念不忘必有回响o.0",
            "artist": "斌",
            "id": 1939859775
        },
        {
            "name": "偏爱（0.8x）",
            "artist": "WongKarKwoo",
            "id": 1955039633
        },
        {
            "name": "Yeminler Ediyorum降调版",
            "artist": "阿雄",
            "id": 1995562240
        },
        {
            "name": "孤独患者",
            "artist": "陈奕迅",
            "id": 64093
        },
        {
            "name": "爱情转移",
            "artist": "陈奕迅",
            "id": 65536
        },
        {
            "name": "好久不见",
            "artist": "陈奕迅",
            "id": 65538
        },
        {
            "name": "方圆几里",
            "artist": "薛之谦",
            "id": 27955658
        },
        {
            "name": "像风一样",
            "artist": "薛之谦",
            "id": 516657051
        },
        {
            "name": "刚刚好",
            "artist": "薛之谦",
            "id": 415792881
        },
        {
            "name": "肆无忌惮",
            "artist": "薛之谦",
            "id": 557581967
        },
        {
            "name": "演员",
            "artist": "薛之谦",
            "id": 32507038
        },
        {
            "name": "怪咖",
            "artist": "薛之谦",
            "id": 574921549
        },
        {
            "name": "一半",
            "artist": "薛之谦",
            "id": 35528482
        },
        {
            "name": "那是你离开了北京的生活",
            "artist": "薛之谦",
            "id": 571340283
        },
        {
            "name": "孤独潮汐",
            "artist": "烟(许佳豪)",
            "id": 1947062488
        },
        {
            "name": "慢一点忘记",
            "artist": "烟(许佳豪)",
            "id": 1910915738
        },
        {
            "name": "戏弄",
            "artist": "烟(许佳豪)",
            "id": 1896894318
        },
        {
            "name": "那是你离开了北京的生活",
            "artist": "瓦Li",
            "id": 1863446656
        },
        {
            "name": "会不会（吉他版）",
            "artist": "刘大壮",
            "id": 1481164987
        },
        {
            "name": "现在的她 (正式版)",
            "artist": "刘大壮",
            "id": 1911580558
        },
        {
            "name": "三号线（吉他版）",
            "artist": "刘大壮",
            "id": 1497799734
        },
        {
            "name": "哪里都是你",
            "artist": "队长",
            "id": 488249475
        },
        {
            "name": "阿拉斯加海湾（治愈版）",
            "artist": "林加弦-",
            "id": 1497146954
        },
        {
            "name": "美梦",
            "artist": "温舒娴",
            "id": 1954953797
        },
        {
            "name": "不遗憾 (钢琴版)",
            "artist": "Jesse T",
            "id": 1862657290
        },
        {
            "name": "❀",
            "artist": "nevva",
            "id": 521935820
        },
        {
            "name": "你好不好",
            "artist": "ukakakaxxl",
            "id": 1476879471
        },
        {
            "name": "If",
            "artist": "七元",
            "id": 1406665350
        },
        {
            "name": "必杀技",
            "artist": "古巨基",
            "id": 86943
        },
        {
            "name": "城南花已开",
            "artist": "三亩地",
            "id": 468176711
        },
        {
            "name": "有名无份",
            "artist": "李冠霖",
            "id": 1412259763
        },
        {
            "name": "留什么给你(Live)",
            "artist": "孙楠",
            "id": 145490
        },
        {
            "name": "凉城",
            "artist": "任然",
            "id": 442314991
        },
        {
            "name": "또한번 사랑해 (Inst.)",
            "artist": "Dear Cloud",
            "id": 483671482
        },
        {
            "name": "空空（翻自 陈粒）",
            "artist": "不如诗啊",
            "id": 1845718625
        },
        {
            "name": "富士山下",
            "artist": "陈奕迅",
            "id": 65766
        },
        {
            "name": "戒烟",
            "artist": "李荣浩",
            "id": 518686034
        },
        {
            "name": "或许",
            "artist": "LBI利比",
            "id": 1958031074
        },
        {
            "name": "廖俊涛-在你眼中我是谁（志明 remix）",
            "artist": "希望你真的开心",
            "id": 1975100391
        },
        {
            "name": "十年 (OT: 明年今日)",
            "artist": "陈奕迅",
            "id": 1897927515
        },
        {
            "name": "My Soul",
            "artist": "July",
            "id": 5308028
        },
        {
            "name": "怎样（完整版）",
            "artist": "王天阳",
            "id": 1426649132
        },
        {
            "name": "越界",
            "artist": "王巨星",
            "id": 1415621951
        },
        {
            "name": "我们连朋友都已经不是了",
            "artist": "张叶蕾",
            "id": 1965949165
        },
        {
            "name": "你走以后1.0",
            "artist": "王恩信Est",
            "id": 1363205817
        },
        {
            "name": "这世界那么多人",
            "artist": "莫文蔚",
            "id": 1842025914
        },
        {
            "name": "好想再爱你",
            "artist": "杰源欢音",
            "id": 1961177165
        },
        {
            "name": "海",
            "artist": "小笙",
            "id": 1944398414
        },
        {
            "name": "如果爱忘了",
            "artist": "要不要买菜",
            "id": 1933915376
        },
        {
            "name": "April Encounter",
            "artist": "很美味",
            "id": 551400874
        },
        {
            "name": "可惜我们",
            "artist": "苏星婕",
            "id": 1936526131
        },
        {
            "name": "多余的解释",
            "artist": "许嵩",
            "id": 167873
        },
        {
            "name": "逃离",
            "artist": "陈麒名",
            "id": 1449647639
        },
        {
            "name": "玫瑰花的葬礼",
            "artist": "许嵩",
            "id": 27646687
        },
        {
            "name": "冬天的秘密",
            "artist": "张家旺",
            "id": 1813278477
        },
        {
            "name": "账号已注销",
            "artist": "太一",
            "id": 1925452719
        },
        {
            "name": "默",
            "artist": "那英",
            "id": 31473269
        },
        {
            "name": "爱就一个字",
            "artist": "张信哲",
            "id": 33599439
        },
        {
            "name": "喜欢你",
            "artist": "G.E.M.邓紫棋",
            "id": 28949444
        },
        {
            "name": "一样的月光",
            "artist": "徐佳莹",
            "id": 306665
        },
        {
            "name": "必杀技",
            "artist": "Ecrolyn",
            "id": 1357399743
        },
        {
            "name": "下个，路口，见",
            "artist": "李宇春",
            "id": 254285
        },
        {
            "name": "忘不掉的你（钢琴版）",
            "artist": "h3R3",
            "id": 1924578028
        },
        {
            "name": "雨爱",
            "artist": "不是花火呀",
            "id": 1467444619
        },
        {
            "name": "十个字",
            "artist": "褚晨茜",
            "id": 1923458630
        },
        {
            "name": "模特",
            "artist": "李荣浩",
            "id": 27731176
        },
        {
            "name": "爱丫爱丫",
            "artist": "一页言",
            "id": 1928857203
        },
        {
            "name": "勇气",
            "artist": "梁静茹",
            "id": 254485
        },
        {
            "name": "像极了℡.",
            "artist": "AD钙",
            "id": 1908670475
        },
        {
            "name": "爱要怎么说出口 (Live)",
            "artist": "林俊杰",
            "id": 450222687
        },
        {
            "name": "不爱我",
            "artist": "薛之谦",
            "id": 1463168014
        },
        {
            "name": "指纹",
            "artist": "杜宣达",
            "id": 1887139866
        },
        {
            "name": "你记得吗",
            "artist": "月尘",
            "id": 1927422225
        },
        {
            "name": "红色高跟鞋（抖音热搜）",
            "artist": "妄寻",
            "id": 1853374237
        },
        {
            "name": "收藏",
            "artist": "呆呆破",
            "id": 1496828617
        },
        {
            "name": "你也没有错",
            "artist": "王贰浪",
            "id": 1376166020
        },
        {
            "name": "恶作剧",
            "artist": "王蓝茵",
            "id": 4875084
        },
        {
            "name": "可是这个世上有太多人不真诚",
            "artist": "明知道这样",
            "id": 1897679937
        },
        {
            "name": "爱的回归线",
            "artist": "陈韵若",
            "id": 25639007
        },
        {
            "name": "当爱来临的时候",
            "artist": "吴莫愁",
            "id": 1321392748
        },
        {
            "name": "无人之岛",
            "artist": "任然",
            "id": 493735012
        },
        {
            "name": "Letting Go",
            "artist": "蔡健雅",
            "id": 208891
        },
        {
            "name": "一步之遥",
            "artist": "任然",
            "id": 1433786440
        },
        {
            "name": "无感",
            "artist": "王朝",
            "id": 1357839856
        },
        {
            "name": "可惜不是你",
            "artist": "刘大壮",
            "id": 1424220262
        },
        {
            "name": "认真的雪",
            "artist": "薛之谦",
            "id": 169185
        },
        {
            "name": "不为谁而作的歌",
            "artist": "林俊杰",
            "id": 1468115100
        },
        {
            "name": "不后悔遇见你",
            "artist": "姜云升",
            "id": 1351343058
        },
        {
            "name": "Experience",
            "artist": "Ludovico Einaudi",
            "id": 402172797
        },
        {
            "name": "她说",
            "artist": "林俊杰",
            "id": 25638767
        },
        {
            "name": "突然好想你 (Live)",
            "artist": "徐佳莹",
            "id": 409060879
        },
        {
            "name": "雪下的时候",
            "artist": "乔佳旭",
            "id": 1417143120
        },
        {
            "name": "你一定要幸福 (cover 何洁)",
            "artist": "简弘亦",
            "id": 439121995
        },
        {
            "name": "阴天快乐",
            "artist": "陈奕迅",
            "id": 28563317
        },
        {
            "name": "绅士",
            "artist": "薛之谦",
            "id": 32192436
        },
        {
            "name": "夜车",
            "artist": "歌手Ada",
            "id": 1315144740
        },
        {
            "name": "失眠播报",
            "artist": "苏星婕",
            "id": 1903035009
        },
        {
            "name": "不要忘记我爱你",
            "artist": "张碧晨",
            "id": 32507737
        },
        {
            "name": "哪里都是你（电吉他版）",
            "artist": "苏天伦",
            "id": 1914564506
        },
        {
            "name": "句号 zyboy忠宇",
            "artist": "欢໌້ᮨ.",
            "id": 1866026050
        },
        {
            "name": "你瞒我瞒",
            "artist": "老陈酒.",
            "id": 421870420
        },
        {
            "name": "拾忆 (片段)",
            "artist": "房大佬",
            "id": 1424649336
        },
        {
            "name": "说散就散",
            "artist": "袁娅维TIA RAY",
            "id": 523251118
        },
        {
            "name": "可惜没如果",
            "artist": "林俊杰",
            "id": 1468114203
        },
        {
            "name": "我好想你(伤感男声)",
            "artist": "南辰Music",
            "id": 1831460240
        },
        {
            "name": "特别的人",
            "artist": "胖虎小姐姐",
            "id": 1423724496
        },
        {
            "name": "离歌",
            "artist": "林志炫",
            "id": 109712
        },
        {
            "name": "说说话（抖音热搜）",
            "artist": "没胡子老爷爷",
            "id": 1906351618
        },
        {
            "name": "黑夜问白天（抖音热搜）",
            "artist": "没胡子老爷爷",
            "id": 1902809514
        },
        {
            "name": "哭泣站台",
            "artist": "王小帅",
            "id": 1892583113
        },
        {
            "name": "还是分开",
            "artist": "王巨星",
            "id": 1443143188
        },
        {
            "name": "偏爱和例外",
            "artist": "烟(许佳豪)",
            "id": 1882041535
        },
        {
            "name": "心墙 (改编版)",
            "artist": "鸣小明",
            "id": 1434386699
        },
        {
            "name": "明天过后",
            "artist": "张杰",
            "id": 191248
        },
        {
            "name": "圆",
            "artist": "AGA",
            "id": 406475388
        },
        {
            "name": "戒不掉（原声版）",
            "artist": "欧阳耀莹",
            "id": 1299889486
        },
        {
            "name": "我们再重蹈覆辙好不好",
            "artist": "LuluSweety",
            "id": 1358202573
        },
        {
            "name": "我想念那个不下雪的冬天",
            "artist": "南浔",
            "id": 1451518058
        },
        {
            "name": "单车",
            "artist": "陈奕迅",
            "id": 65592
        },
        {
            "name": "起风了 钢琴纯音乐",
            "artist": "熊炜",
            "id": 1411774831
        },
        {
            "name": "怎么能忘了 (不插电)",
            "artist": "程响",
            "id": 1416772486
        },
        {
            "name": "还是会想你",
            "artist": "林达浪",
            "id": 1827600686
        },
        {
            "name": "追光者 Remix （理想爱情）",
            "artist": "Allzy",
            "id": 558245993
        },
        {
            "name": "鱼Jazzguitar/Lucky",
            "artist": "辛辛君",
            "id": 1486536477
        },
        {
            "name": "黑夜问白天",
            "artist": "林俊杰",
            "id": 525278976
        },
        {
            "name": "春娇与志明(治愈钢琴)",
            "artist": "7诗人",
            "id": 1831756607
        },
        {
            "name": "Livin' in Hell",
            "artist": "The Prince",
            "id": 1492644754
        },
        {
            "name": "疑心病",
            "artist": "任然",
            "id": 405599470
        },
        {
            "name": "白山茶（合唱）（翻自 陈雪凝）",
            "artist": "乐天",
            "id": 1441768601
        },
        {
            "name": "别忘了曾经",
            "artist": "魏小然",
            "id": 41659156
        },
        {
            "name": "有些爱情放不下",
            "artist": "唐伯虎Annie",
            "id": 545350530
        },
        {
            "name": "亲爱的那不是爱情 (Live)",
            "artist": "张韶涵",
            "id": 36841953
        },
        {
            "name": "穷极一生到不了的天堂",
            "artist": "于潼",
            "id": 1417166015
        },
        {
            "name": "你是不是也记得多久没有说爱我",
            "artist": "苏亦洋Music",
            "id": 1481804558
        },
        {
            "name": "张靓颖-我们说好的（ONCE remix）",
            "artist": "ONCE—THIS",
            "id": 1377870696
        },
        {
            "name": "十年",
            "artist": "陈奕迅",
            "id": 66842
        },
        {
            "name": "红玫瑰",
            "artist": "陈奕迅",
            "id": 65533
        },
        {
            "name": "消愁",
            "artist": "毛不易",
            "id": 569200213
        },
        {
            "name": "天上的星星不说话（李飘飘版）（翻自 俞天时Kozay/Rarpid望江晴）",
            "artist": "抖音热歌DJ",
            "id": 1465037880
        },
        {
            "name": "张芸京-偏爱Remix（One_Z remix）",
            "artist": "One_Z",
            "id": 1412530261
        },
        {
            "name": "你不是真正的快乐 (Live)",
            "artist": "G.E.M.邓紫棋",
            "id": 28341146
        },
        {
            "name": "伤感女声(合集版)",
            "artist": "珊爷",
            "id": 1831433407
        },
        {
            "name": "有名无份（片段版）（翻自 李冠霖）",
            "artist": "袁王月",
            "id": 1441939268
        },
        {
            "name": "需要人陪(温柔女声版)",
            "artist": "南辰Music",
            "id": 1829057571
        },
        {
            "name": "2021 网抑云(Part.2)",
            "artist": "Stefan易帆",
            "id": 1856018653
        },
        {
            "name": "一起吹过晚风的街——（女生版你要的版本）",
            "artist": "是星宇朝哎",
            "id": 1886044131
        },
        {
            "name": "先入为主（抖音版）",
            "artist": "Redamancy",
            "id": 1894933496
        },
        {
            "name": "身骑白马（深情）",
            "artist": "Eleven",
            "id": 1894595742
        },
        {
            "name": "患",
            "artist": "姜云升",
            "id": 532601703
        },
        {
            "name": "你走（七元完整版）",
            "artist": "七元",
            "id": 1819086509
        },
        {
            "name": "可惜不是你",
            "artist": "浩然",
            "id": 1424197815
        },
        {
            "name": "离歌",
            "artist": "明歆悦",
            "id": 1429975302
        },
        {
            "name": "写给黄淮（Live）",
            "artist": "邵帅",
            "id": 1422883398
        },
        {
            "name": "这一生关于你的风景（女生版）",
            "artist": "花柒",
            "id": 1413200622
        },
        {
            "name": "广东十年爱情故事",
            "artist": "广东雨神",
            "id": 513791211
        },
        {
            "name": "Can't Get You out Of My Head",
            "artist": "Glimmer of Blooms",
            "id": 1326862369
        },
        {
            "name": "体面",
            "artist": "于文文",
            "id": 525239752
        },
        {
            "name": "删了吧",
            "artist": "烟(许佳豪)",
            "id": 1891469546
        },
        {
            "name": "不懂事",
            "artist": "吴炳文",
            "id": 1437636100
        },
        {
            "name": "白山茶（翻自 陈雪凝）",
            "artist": "马越敏",
            "id": 1454415688
        },
        {
            "name": "杀死那个石家庄人",
            "artist": "万豹",
            "id": 1437251755
        },
        {
            "name": "风吹过八千里",
            "artist": "苏星婕",
            "id": 1878620183
        },
        {
            "name": "陨落(片段)",
            "artist": "气质隆Sir",
            "id": 1831494935
        },
        {
            "name": "如果再遇到爱的人(抖音女声)",
            "artist": "南音Music",
            "id": 1830735271
        },
        {
            "name": "画心（全损音质）",
            "artist": "我觉得我还能再吃点",
            "id": 1416959734
        },
        {
            "name": "起风了",
            "artist": "马越敏",
            "id": 1431915849
        },
        {
            "name": "灰色轨迹+电影原声",
            "artist": "SunnaLu",
            "id": 1827013246
        },
        {
            "name": "爱你是孤单的心事",
            "artist": "川岛木东",
            "id": 1888349279
        },
        {
            "name": "他不懂",
            "artist": "张杰",
            "id": 28059417
        },
        {
            "name": "考其正 下雨天",
            "artist": "考其正",
            "id": 1433795646
        },
        {
            "name": "又是一个睡不着的夜晚（翻自 无孟子） ",
            "artist": "一口一斤猪肉",
            "id": 1430620302
        },
        {
            "name": "她不是",
            "artist": "鱼饼鱼i",
            "id": 1447835903
        },
        {
            "name": "可惜没如果(Live)",
            "artist": "林俊杰",
            "id": 399354373
        },
        {
            "name": "唯一",
            "artist": "告五人",
            "id": 1807799505
        },
        {
            "name": "我们的爱(抖音版)",
            "artist": "晴诚",
            "id": 1831428657
        },
        {
            "name": "到此为止",
            "artist": "徐佳莹",
            "id": 526081111
        },
        {
            "name": "背对背拥抱(抖音热播版)",
            "artist": "南辰Music",
            "id": 1829058918
        },
        {
            "name": "夏天的风",
            "artist": "不是花火呀",
            "id": 1479254715
        },
        {
            "name": "有我呢",
            "artist": "不是花火呀",
            "id": 1869996435
        },
        {
            "name": "海底（女生弹唱）（翻自 一支榴莲）",
            "artist": "旺仔小乔",
            "id": 1453589668
        },
        {
            "name": "哪里都是你",
            "artist": "四夕雨日斤",
            "id": 1861093075
        },
        {
            "name": "不说（翻自 周公）",
            "artist": "小恒在这里",
            "id": 1466867610
        },
        {
            "name": "大天蓬 (弹唱片段)",
            "artist": "璐爷",
            "id": 1486086007
        },
        {
            "name": "冬眠 王巨星",
            "artist": "王巨星",
            "id": 1418852960
        },
        {
            "name": "局外人",
            "artist": "李冠霖",
            "id": 1454004683
        },
        {
            "name": "恸",
            "artist": "老涵本人",
            "id": 1499365587
        },
        {
            "name": "故里逢春",
            "artist": "姚淳淳",
            "id": 1473173290
        },
        {
            "name": "洋葱 (Live)",
            "artist": "茜拉",
            "id": 28341142
        },
        {
            "name": "下雨天（抖音版）",
            "artist": "小蜗",
            "id": 1450468988
        },
        {
            "name": "足够（温柔烟嗓）（翻自 周星星） ",
            "artist": "七元",
            "id": 1384797731
        },
        {
            "name": "呓语",
            "artist": "酷盖不酷",
            "id": 1473930349
        },
        {
            "name": "爱别人不一定有回报，爱自己肯定有",
            "artist": "不爱抽烟屁股的男孩",
            "id": 1837345991
        },
        {
            "name": "绝世舞姬",
            "artist": "不吃香菜",
            "id": 1848562810
        },
        {
            "name": "哪里都是你（片段版）",
            "artist": "是小灵阿",
            "id": 1864429429
        },
        {
            "name": "知足 (Live)",
            "artist": "苏运莹",
            "id": 408332846
        },
        {
            "name": "有一种悲伤",
            "artist": "黄丽玲",
            "id": 1315718569
        },
        {
            "name": "总在四下无人的夜晚想起你（翻自 无孟子）",
            "artist": "苏四",
            "id": 1448972404
        },
        {
            "name": "想你的夜 (Live)",
            "artist": "茜拉",
            "id": 28427764
        },
        {
            "name": "我好想你",
            "artist": "徐佳莹",
            "id": 402070928
        },
        {
            "name": "其实都没有",
            "artist": "冯心怡",
            "id": 1392395893
        },
        {
            "name": "愿",
            "artist": "鲨鲨",
            "id": 1433807553
        },
        {
            "name": "有幸",
            "artist": "李曦臣",
            "id": 1433281637
        },
        {
            "name": "庸人自扰",
            "artist": "守夜冠军专用证",
            "id": 1433232692
        },
        {
            "name": "南山南",
            "artist": "陈大本事",
            "id": 1483210942
        },
        {
            "name": "与我无关（男版吉他弹唱）",
            "artist": "张晟",
            "id": 1431570880
        },
        {
            "name": "茫（抖音版）（翻自 李润祺）",
            "artist": "佃井中律",
            "id": 1806067778
        },
        {
            "name": "还是分开",
            "artist": "张叶蕾",
            "id": 465921195
        },
        {
            "name": "顽皮Ｖ仔 - 局外人《烟酒嗓》（翻自 李冠霖）",
            "artist": "顽皮V仔",
            "id": 1457837321
        },
        {
            "name": "你最珍贵",
            "artist": "林梦宸",
            "id": 469490896
        },
        {
            "name": "关键词（完整版）",
            "artist": "坠",
            "id": 1422004391
        },
        {
            "name": "与我无关",
            "artist": "阿冗",
            "id": 1413585838
        },
        {
            "name": "幕后者",
            "artist": "jiajia不熬夜",
            "id": 1439693728
        },
        {
            "name": "意外",
            "artist": "薛之谦",
            "id": 27890306
        },
        {
            "name": "欢",
            "artist": "刘大壮",
            "id": 1806336043
        },
        {
            "name": "走马(伤感男声版)",
            "artist": "南辰Music",
            "id": 1831802364
        },
        {
            "name": "遇见",
            "artist": "王浩",
            "id": 1453934263
        },
        {
            "name": "再见(抖音版)",
            "artist": "北川同学",
            "id": 1831459326
        },
        {
            "name": "雨爱（翻自 杨丞琳）",
            "artist": "迷人耗子精",
            "id": 1467090928
        },
        {
            "name": "那个男孩（抒情版）（翻自 汪苏泷）",
            "artist": "小五",
            "id": 1825216577
        },
        {
            "name": "口是心非",
            "artist": "陈阳",
            "id": 1339232756
        },
        {
            "name": "怪我太爱你【吉他弹唱版】",
            "artist": "张某某学长",
            "id": 1426938921
        },
        {
            "name": "黑色",
            "artist": "穆傲寒",
            "id": 1493183294
        },
        {
            "name": "时间煮雨",
            "artist": "池鱼",
            "id": 1496049783
        },
        {
            "name": "伤心过半",
            "artist": "泽pp",
            "id": 1816733911
        },
        {
            "name": "爱人错过",
            "artist": "小王很哇塞",
            "id": 1807259989
        },
        {
            "name": "此生不换",
            "artist": "立生Sulis",
            "id": 1430342558
        },
        {
            "name": "呓语",
            "artist": "就是南方凯（项学凯）",
            "id": 1880207418
        },
        {
            "name": "时光洪流",
            "artist": "程响",
            "id": 1868943615
        },
        {
            "name": "嗜好",
            "artist": "颜人中",
            "id": 1391891631
        },
        {
            "name": "晚安",
            "artist": "颜人中",
            "id": 1359356908
        },
        {
            "name": "努努与维朗普",
            "artist": "小阳要买菜",
            "id": 1873109330
        },
        {
            "name": "保留",
            "artist": "郭顶",
            "id": 442869203
        },
        {
            "name": "我有多么爱你",
            "artist": "jiajia不熬夜",
            "id": 1467662607
        },
        {
            "name": "怪咖(抖音男声版)",
            "artist": "南辰Music",
            "id": 1831802408
        },
        {
            "name": "疑心病",
            "artist": "轲轲睡不着",
            "id": 1472269713
        },
        {
            "name": "太多",
            "artist": "阿冗",
            "id": 1343756008
        },
        {
            "name": "可乐",
            "artist": "赵紫骅",
            "id": 1340200924
        },
        {
            "name": "其实",
            "artist": "薛之谦",
            "id": 27955654
        },
        {
            "name": "我曾",
            "artist": "隔壁老樊",
            "id": 1336856777
        },
        {
            "name": "还是会想你 (Live)",
            "artist": "蓝心羽",
            "id": 1834297339
        },
        {
            "name": "我很好（吉他版）",
            "artist": "刘大壮",
            "id": 1491221473
        },
        {
            "name": "忘不了的是你",
            "artist": "刘大壮",
            "id": 1453972194
        },
        {
            "name": "就让秋天带走我的思念",
            "artist": "赖蕊",
            "id": 1809659214
        },
        {
            "name": "什么样的爱情",
            "artist": "你与六便士",
            "id": 1430174791
        },
        {
            "name": "我有多么爱你",
            "artist": "刘大壮",
            "id": 1466319699
        },
        {
            "name": "我不是你的宋冬野",
            "artist": "刘大壮",
            "id": 1478419190
        },
        {
            "name": "你害怕大雨吗？（翻自 周柏豪） ",
            "artist": "小羊好饿",
            "id": 1429954271
        },
        {
            "name": "关于我们",
            "artist": "李柯君",
            "id": 1449772332
        },
        {
            "name": "暗示分离",
            "artist": "en",
            "id": 1853354075
        },
        {
            "name": "她",
            "artist": "SOG",
            "id": 1354317349
        },
        {
            "name": "落空",
            "artist": "印子月",
            "id": 548885986
        },
        {
            "name": "水星记",
            "artist": "郭顶",
            "id": 441491828
        },
        {
            "name": "借",
            "artist": "毛不易",
            "id": 569214250
        },
        {
            "name": "断线",
            "artist": "Shang",
            "id": 496370620
        },
        {
            "name": "网易云",
            "artist": "姜云升",
            "id": 1307591526
        },
        {
            "name": "其实都没有",
            "artist": "杨宗纬",
            "id": 479408221
        },
        {
            "name": "阿拉斯加海湾",
            "artist": "蓝心羽",
            "id": 1500569811
        },
        {
            "name": "感谢你曾来过",
            "artist": "周思涵",
            "id": 460578140
        },
        {
            "name": "嘉宾",
            "artist": "路飞文",
            "id": 1846489646
        },
        {
            "name": "可惜不是你",
            "artist": "是你的垚",
            "id": 1425587051
        },
        {
            "name": "错的人（翻自 萧亚轩）",
            "artist": "王靖雯不胖",
            "id": 1468234117
        },
        {
            "name": "秋风不回来(抖音版)",
            "artist": "沐晨Music",
            "id": 1854231175
        },
        {
            "name": "假装 (吉他版)",
            "artist": "刘大壮",
            "id": 1849694789
        },
        {
            "name": "即兴",
            "artist": "小咪",
            "id": 1325896149
        },
        {
            "name": "万拒（吉他版）",
            "artist": "就是南方凯（项学凯）",
            "id": 1812225658
        },
        {
            "name": "你走",
            "artist": "李宗锦（松紧先生）",
            "id": 558071673
        },
        {
            "name": "我走后",
            "artist": "小咪",
            "id": 1370047789
        },
        {
            "name": "暗示分离(片段)",
            "artist": "小杨Remix",
            "id": 1836115214
        },
        {
            "name": "雨爱",
            "artist": "李柯君",
            "id": 1450753455
        },
        {
            "name": "错的人(抖音伤感女声)",
            "artist": "南辰Music",
            "id": 1831459547
        },
        {
            "name": "不将就",
            "artist": "李荣浩",
            "id": 31654343
        }
    ]
}