{
    "playlist_info": {
        "name": "多云转晴 | 秋日阴霾一扫而空",
        "trackcount": 64,
        "playcount": 88404,
        "creator": "云音乐官方歌单",
        "createDate": "2022-11-03",
        "heat": 372.0
    },
    "songs": [
        {
            "name": "白日梦",
            "artist": "谭响TanX",
            "id": 495645692
        },
        {
            "name": "你有多久没有抬起头认真地数过星星",
            "artist": "圣代",
            "id": 1914116947
        },
        {
            "name": "两个世界",
            "artist": "KEY.L刘聪",
            "id": 1334473377
        },
        {
            "name": "爱在晚秋之前",
            "artist": "森屿悦",
            "id": 1888412536
        },
        {
            "name": "棉袄",
            "artist": "刘明宇Lil-7",
            "id": 518371516
        },
        {
            "name": "今天的我已经打烊",
            "artist": "NINEONE#赵馨玥",
            "id": 1830066193
        },
        {
            "name": "乌托邦",
            "artist": "BlackC",
            "id": 1470086356
        },
        {
            "name": "天公不作美",
            "artist": "Stake",
            "id": 1888622459
        },
        {
            "name": "北纬37°",
            "artist": "LBI利比",
            "id": 1938282004
        },
        {
            "name": "即使是如此渺小的我们",
            "artist": "等一下就回家",
            "id": 1869431498
        },
        {
            "name": "新光巷",
            "artist": "小青龙",
            "id": 1380132655
        },
        {
            "name": "你想去哪里我都陪你 (Jerry Sprunger Remix)",
            "artist": "马思唯",
            "id": 1402845091
        },
        {
            "name": "形容词",
            "artist": "艾热 AIR",
            "id": 1954696277
        },
        {
            "name": "整个世界最傻的就是你",
            "artist": "俞天时KOZAY",
            "id": 1931686579
        },
        {
            "name": "下一秒，元气",
            "artist": "永彬Ryan.B",
            "id": 1870500393
        },
        {
            "name": "罗生门（Follow）",
            "artist": "梨冻紧",
            "id": 1456890009
        },
        {
            "name": "柠檬水（My Lemonade Remix）",
            "artist": "卷粉",
            "id": 437311249
        },
        {
            "name": "靠近一点",
            "artist": "BigYear大年",
            "id": 1434065517
        },
        {
            "name": "可以回头看 不能往回走",
            "artist": "积雨云1998",
            "id": 1437339477
        },
        {
            "name": "留在身边",
            "artist": "NaCho",
            "id": 1463741292
        },
        {
            "name": "不会大声说话",
            "artist": "刘思鉴",
            "id": 1892972698
        },
        {
            "name": "一栋二单元",
            "artist": "Seven-A",
            "id": 1923241926
        },
        {
            "name": "我的年轻",
            "artist": "BigYear大年",
            "id": 1959687120
        },
        {
            "name": "好啦",
            "artist": "空匪",
            "id": 1815365068
        },
        {
            "name": "你",
            "artist": "Tizzy T",
            "id": 1950528149
        },
        {
            "name": "Somewhere (Feat.于贞)",
            "artist": "NINEONE#赵馨玥",
            "id": 1867949654
        },
        {
            "name": "赐我个梦吧",
            "artist": "Mc光光",
            "id": 421137478
        },
        {
            "name": "不用去猜（Original）",
            "artist": "Jony J",
            "id": 1933996314
        },
        {
            "name": "象牙之塔",
            "artist": "Ice Paper",
            "id": 1453325898
        },
        {
            "name": "闭眼歌",
            "artist": "NINEONE#赵馨玥",
            "id": 460548423
        },
        {
            "name": "当这一切结束你最想见到谁",
            "artist": "BigYear大年",
            "id": 1423055329
        },
        {
            "name": "呼吸",
            "artist": "Tizzy T",
            "id": 1844152733
        },
        {
            "name": "Tired",
            "artist": "爆音BOOM",
            "id": 1818026364
        },
        {
            "name": "Moonlight",
            "artist": "lil MILK",
            "id": 1475637391
        },
        {
            "name": "特别星球",
            "artist": "还是可以",
            "id": 1818831320
        },
        {
            "name": "我才不看你脸色！",
            "artist": "蛙腩",
            "id": 1923751573
        },
        {
            "name": "悠然自得",
            "artist": "DOUBLE",
            "id": 866081742
        },
        {
            "name": "乌云中",
            "artist": "艾热 AIR",
            "id": 527335918
        },
        {
            "name": "陪着你走",
            "artist": "Gibb-Z",
            "id": 497034035
        },
        {
            "name": "舍不得夏天",
            "artist": "BigYear大年",
            "id": 1306848266
        },
        {
            "name": "我想去拥抱微风",
            "artist": "J.well",
            "id": 1454445561
        },
        {
            "name": "世界奇妙物语",
            "artist": "Tizzy T",
            "id": 1844149001
        },
        {
            "name": "Soul Chill",
            "artist": "夏之禹",
            "id": 1853585661
        },
        {
            "name": "阳光沙滩和你",
            "artist": "G.G张思源",
            "id": 1381806420
        },
        {
            "name": "青涩",
            "artist": "Ice Paper",
            "id": 1321932349
        },
        {
            "name": "碎心薄荷",
            "artist": "Kc",
            "id": 1895386442
        },
        {
            "name": "未知领域",
            "artist": "READON",
            "id": 1889960086
        },
        {
            "name": "午后",
            "artist": "满舒克",
            "id": 1881971786
        },
        {
            "name": "口袋宝贝",
            "artist": "AnsrJ",
            "id": 1365915822
        },
        {
            "name": "趁着雨天偷只猫",
            "artist": "浦东老农民",
            "id": 1811464707
        },
        {
            "name": "Outside",
            "artist": "NINEONE#赵馨玥",
            "id": 1482941562
        },
        {
            "name": "一分钟",
            "artist": "恶梦Yk",
            "id": 1397298823
        },
        {
            "name": "夜不寐",
            "artist": "满舒克",
            "id": 1913572417
        },
        {
            "name": "IDK",
            "artist": "满舒克",
            "id": 1913573211
        },
        {
            "name": "Nah Baby",
            "artist": "Melo",
            "id": 1948399582
        },
        {
            "name": "我们打着光脚在风车下跑，手上的狗尾巴草摇啊摇",
            "artist": "等一下就回家",
            "id": 1838505400
        },
        {
            "name": "梦旅人",
            "artist": "于贞",
            "id": 1948399580
        },
        {
            "name": "我们围着篝火",
            "artist": "LBI利比",
            "id": 1979309620
        },
        {
            "name": "曙光",
            "artist": "满舒克",
            "id": 1977879460
        },
        {
            "name": "带你回家",
            "artist": "贺仙人",
            "id": 1302091099
        },
        {
            "name": "沦陷",
            "artist": "欠揍",
            "id": 1326396198
        },
        {
            "name": "Room",
            "artist": "李佳隆",
            "id": 1882029821
        },
        {
            "name": "星河水手",
            "artist": "刘思鉴",
            "id": 1976731735
        },
        {
            "name": "杰尼龟",
            "artist": "Aioz",
            "id": 1960307795
        }
    ]
}