{
    "playlist_info": {
        "name": "好听的日语歌，治愈心灵",
        "trackcount": 42,
        "playcount": 808620,
        "creator": "Suerly_",
        "createDate": "2018-07-20",
        "heat": 447.0
    },
    "songs": [
        {
            "name": "カタオモイ",
            "artist": "Aimer",
            "id": 476081901
        },
        {
            "name": "僕らの手には何もないけど、",
            "artist": "RAM WIRE",
            "id": 32317208
        },
        {
            "name": "狂乱 Hey Kids!!（野良神ARAGATO OP）",
            "artist": "Kyle Xian",
            "id": 35032664
        },
        {
            "name": "aLIEz　[mZk ver.]",
            "artist": "瑞葵(mizuki)",
            "id": 30431340
        },
        {
            "name": "明日、僕は君に会いに行く。",
            "artist": "ワカバ",
            "id": 863974
        },
        {
            "name": "なんでもないや（没什么）（翻自 RADWIMPS）",
            "artist": "ゆう十",
            "id": 449281185
        },
        {
            "name": "シルバーワープ",
            "artist": "いすぼくろ",
            "id": 526470250
        },
        {
            "name": "僕が死のうと思ったのは/曾经我也想过一了百了（Cover 中岛美嘉）",
            "artist": "芝麻Mochi",
            "id": 471284744
        },
        {
            "name": "ぼくらのレットイットビー",
            "artist": "4円",
            "id": 26447701
        },
        {
            "name": "ありがとう・・・",
            "artist": "KOKIA",
            "id": 25638306
        },
        {
            "name": "明日への扉",
            "artist": "I WiSH",
            "id": 22741396
        },
        {
            "name": "春よ、来い。春天，来吧。（Cover 松任谷由実）",
            "artist": "Akie秋绘",
            "id": 465266014
        },
        {
            "name": "なきむし。",
            "artist": "沢井美空",
            "id": 26114408
        },
        {
            "name": "夢のつづき",
            "artist": "石野田奈津代",
            "id": 569157
        },
        {
            "name": "それがあなたの幸せとしても (カバー)",
            "artist": "伊礼亮",
            "id": 41666363
        },
        {
            "name": "運命の人",
            "artist": "ツヅリ・ヅクリ",
            "id": 33933274
        },
        {
            "name": "Rain",
            "artist": "Sekai no Owari",
            "id": 485775966
        },
        {
            "name": "Alice（Cover 古川本舗）",
            "artist": "米白",
            "id": 435948605
        },
        {
            "name": "Stay Alive",
            "artist": "高橋李依",
            "id": 426502173
        },
        {
            "name": "約束",
            "artist": "リリィ、さよなら。",
            "id": 33233919
        },
        {
            "name": "PLANET",
            "artist": "ラムジ",
            "id": 812400
        },
        {
            "name": "いつも何度でも",
            "artist": "伊藤サチコ",
            "id": 584155
        },
        {
            "name": "secret base ~君がくれたもの~ (10 years after Ver.)",
            "artist": "茅野愛衣",
            "id": 33911781
        },
        {
            "name": "六等星の夜 (from Live at anywhere)",
            "artist": "Aimer",
            "id": 27979419
        },
        {
            "name": "オレンジ (Acoustic Ver.)",
            "artist": "seven oops",
            "id": 30569513
        },
        {
            "name": "病名は愛だった",
            "artist": "Neru",
            "id": 505474379
        },
        {
            "name": "光るなら",
            "artist": "Goose house",
            "id": 29732992
        },
        {
            "name": "世末歌者（日语ver.）",
            "artist": "COP",
            "id": 501547466
        },
        {
            "name": "清廉なるHeretics",
            "artist": "DracoVirgo",
            "id": 521418146
        },
        {
            "name": "asphyxia",
            "artist": "Cö shu Nie",
            "id": 548890933
        },
        {
            "name": "心做し",
            "artist": "majiko",
            "id": 31421443
        },
        {
            "name": "アイロニ",
            "artist": "majiko",
            "id": 31421442
        },
        {
            "name": "Lemon",
            "artist": "米津玄師",
            "id": 536622304
        },
        {
            "name": "打上花火",
            "artist": "Daoko",
            "id": 496869422
        },
        {
            "name": "ピースサイン",
            "artist": "米津玄師",
            "id": 485355004
        },
        {
            "name": "君に最後の口づけを",
            "artist": "majiko",
            "id": 31421454
        },
        {
            "name": "さくら 〜あなたに出会えてよかった〜",
            "artist": "RSP",
            "id": 805197
        },
        {
            "name": "茜さす",
            "artist": "Aimer",
            "id": 441116287
        },
        {
            "name": "Lil' Goldfish",
            "artist": "Marika",
            "id": 22703777
        },
        {
            "name": "僕はロボットごしの君に恋をする (我爱着机器人那一方的你)",
            "artist": "菅原纱由理（THE SxPLAY）",
            "id": 516777621
        },
        {
            "name": "メトロノーム",
            "artist": "米津玄師",
            "id": 35270833
        },
        {
            "name": "アイネクライネ",
            "artist": "米津玄師",
            "id": 28445990
        }
    ]
}