{
    "playlist_info": {
        "name": "奥斯卡 夜场蹦迪 顶级电音DJ",
        "trackcount": 180,
        "playcount": 1918669,
        "creator": "i死狗",
        "createDate": "2019-09-10",
        "heat": 1382.0
    },
    "songs": [
        {
            "name": "天马行空",
            "artist": "卢力丰",
            "id": 2049865717
        },
        {
            "name": "Octopus jiang (Orginal mix )",
            "artist": "Ghani",
            "id": 2021279106
        },
        {
            "name": "I Am the Law",
            "artist": "Sak Noel",
            "id": 31165165
        },
        {
            "name": "Just Dance",
            "artist": "王广允",
            "id": 2058892047
        },
        {
            "name": "Magical (Orginal mix )",
            "artist": "Gentlemans",
            "id": 2050852369
        },
        {
            "name": "Viele (Orginal mix )",
            "artist": "Ghani",
            "id": 2045194409
        },
        {
            "name": "Dreams (G House)",
            "artist": "Gentleman",
            "id": 2049264332
        },
        {
            "name": "Gangster (Orginal mix )",
            "artist": "Gentleman",
            "id": 2050015440
        },
        {
            "name": "普鲁斯特时刻",
            "artist": "范世錡",
            "id": 2054294317
        },
        {
            "name": "Obsession (Orginal mix )",
            "artist": "Gentleman",
            "id": 2049493790
        },
        {
            "name": "Pull Over (Are You Ready)",
            "artist": "Darren Styles",
            "id": 1403873194
        },
        {
            "name": "Club House Packs Part 11",
            "artist": "WeiMUSIQUE",
            "id": 1876223525
        },
        {
            "name": "The Music You Desir",
            "artist": "中国放碟者",
            "id": 29809523
        },
        {
            "name": "A Drug From God",
            "artist": "Chris Lake",
            "id": 1894267581
        },
        {
            "name": "Summer Night （张怀民 remix）",
            "artist": "阿花",
            "id": 1926403031
        },
        {
            "name": "Like This",
            "artist": "Riot Ten",
            "id": 1466965136
        },
        {
            "name": "I Love My ***",
            "artist": "Benny Benassi",
            "id": 16628247
        },
        {
            "name": "We Are The Ravers",
            "artist": "Ben Nicky",
            "id": 1835410219
        },
        {
            "name": "Bubblegum",
            "artist": "Bougenvilla",
            "id": 1975000306
        },
        {
            "name": "U Got That",
            "artist": "Halogen",
            "id": 526470716
        },
        {
            "name": "Electromagnetic Nipples",
            "artist": "Sterling Infinity",
            "id": 1987720791
        },
        {
            "name": "Who the **** Is H.p. Baxxter?",
            "artist": "H.P. Baxxter",
            "id": 31165243
        },
        {
            "name": "Heute Nacht",
            "artist": "Maddix",
            "id": 1983004503
        },
        {
            "name": "沈阳热播舞曲",
            "artist": "虍",
            "id": 1990209650
        },
        {
            "name": "SanJin Session 16",
            "artist": "格莱美汇",
            "id": 1895347547
        },
        {
            "name": "硬汉专用大锯",
            "artist": "李九七",
            "id": 469272384
        },
        {
            "name": "Let The Bodies Hit The Floor (Francesco Zeta Remix)",
            "artist": "Activator",
            "id": 434974226
        },
        {
            "name": "摇头神曲 (DJ版)",
            "artist": "小排",
            "id": 1857936473
        },
        {
            "name": "Valentino Khan-Lick It（Gunpowder remix）",
            "artist": "Gas",
            "id": 1850967237
        },
        {
            "name": "Let the Bodies Hit the Floor (Francesco Zeta Remix)",
            "artist": "Activator",
            "id": 1396698665
        },
        {
            "name": "Italia e voi（Reset）",
            "artist": "Pnan",
            "id": 1955571906
        },
        {
            "name": "Spicebomb (Original Mix)",
            "artist": "Ralvero",
            "id": 28202036
        },
        {
            "name": "Lion",
            "artist": "HVOB",
            "id": 28071895
        },
        {
            "name": "FFAG-Greg Parys-Why Don't We Just （延边八爪鱼)（DJYshine / FFAG remix）",
            "artist": "DJYshine",
            "id": 1820479059
        },
        {
            "name": "Riverside (Reloaded)",
            "artist": "Tujamo",
            "id": 531452765
        },
        {
            "name": "Boogieman (Extended Mix)",
            "artist": "ANOTR",
            "id": 536079400
        },
        {
            "name": "重低音车载8d环绕",
            "artist": "李寒",
            "id": 1837713716
        },
        {
            "name": "Salta",
            "artist": "King America",
            "id": 5190358
        },
        {
            "name": "Captain (whistle) [Restricted Remix]",
            "artist": "Nutcase22",
            "id": 1921720553
        },
        {
            "name": "Musica che sposta",
            "artist": "Alien Cut",
            "id": 1409091881
        },
        {
            "name": "Mindcontroller 2k20",
            "artist": "TNT",
            "id": 1482271376
        },
        {
            "name": "LUNACY",
            "artist": "LXVIATHXN",
            "id": 1940265997
        },
        {
            "name": "Xanadu",
            "artist": "Ummet Ozcan",
            "id": 1971291768
        },
        {
            "name": "ZUOFAN-昂昂昂(DJ ZUOFAN BOOTLEG MIX)（ZUOFAN remix）",
            "artist": "ZUOFAN",
            "id": 1816678973
        },
        {
            "name": "欧买嘎丝",
            "artist": "小居居",
            "id": 451991566
        },
        {
            "name": "超嗨节奏硬曲(快手DJ版)",
            "artist": "硬曲Music",
            "id": 1831779090
        },
        {
            "name": "Pump The Beat (Original Mix)",
            "artist": "Housephonics",
            "id": 506491233
        },
        {
            "name": "That Drop",
            "artist": "Hans李瀚思",
            "id": 1442545154
        },
        {
            "name": "精神社会节奏拿人",
            "artist": "小居居",
            "id": 451701107
        },
        {
            "name": "Next To You",
            "artist": "Will Sparks",
            "id": 29789116
        },
        {
            "name": "大哥远 - 远远的V给",
            "artist": "MixDJ全球電音",
            "id": 1899851781
        },
        {
            "name": "阿轩 - 男电子轰炸车载（轩）",
            "artist": "阿轩",
            "id": 1931639884
        },
        {
            "name": "舞曲 (7)",
            "artist": "树木",
            "id": 1829817559
        },
        {
            "name": "香烟红酒漫步人生",
            "artist": "精彩强Sir",
            "id": 487590539
        },
        {
            "name": "Colors Of The Rainbow (KeepReal Edit)",
            "artist": "KeepReal.",
            "id": 1857134137
        },
        {
            "name": "Apologize (8D Audio)",
            "artist": "8D Tunes",
            "id": 1452052491
        },
        {
            "name": "RAVE",
            "artist": "Dxrk ダーク",
            "id": 1924995800
        },
        {
            "name": "速度与激情 (DJ版)",
            "artist": "枫宇辰",
            "id": 452986220
        },
        {
            "name": "Drop The Bass",
            "artist": "朱成杰FFAG",
            "id": 1399781608
        },
        {
            "name": "illusory",
            "artist": "IZZO",
            "id": 1808615616
        },
        {
            "name": "缩脖摇 (DJ版)",
            "artist": "CJ 阿力普",
            "id": 1840913480
        },
        {
            "name": "Wolfy (Original Mix)",
            "artist": "Eal7 NS",
            "id": 1366434984
        },
        {
            "name": "Queen Bee (Radio Edit)",
            "artist": "SURA",
            "id": 1901011580
        },
        {
            "name": "Rotten",
            "artist": "YROR?",
            "id": 1874895765
        },
        {
            "name": "SA-MY-D",
            "artist": "Hedegaard",
            "id": 1349198586
        },
        {
            "name": "Bla Bla (Extended Mix)",
            "artist": "D-Block & S-te-Fan",
            "id": 1430568757
        },
        {
            "name": "咚咚咚的节奏",
            "artist": "神权",
            "id": 451376072
        },
        {
            "name": "Adelante (Original 12\")",
            "artist": "Sash!",
            "id": 1866863430
        },
        {
            "name": "initio-Kokain (Bootleg)（Morello Malt remix）",
            "artist": "Morello Malt",
            "id": 1861693486
        },
        {
            "name": "OVER U",
            "artist": "DoubleON",
            "id": 1395781474
        },
        {
            "name": "上头电鼓（DJ版）",
            "artist": "肖琴",
            "id": 1460666492
        },
        {
            "name": "精神才够硬",
            "artist": "Cozi zuehlsdo",
            "id": 1893938659
        },
        {
            "name": "bumrush-Prison Riot",
            "artist": "Banana Music",
            "id": 1426759758
        },
        {
            "name": "Minions Bounce",
            "artist": "Juan Alcaraz",
            "id": 485354326
        },
        {
            "name": "Cowboy",
            "artist": "DJxiaoke",
            "id": 1885502286
        },
        {
            "name": "DJEso-鱿鱼游戏（Squid Game}",
            "artist": "DJ ESO",
            "id": 1887947728
        },
        {
            "name": "МАГНИТОЛА",
            "artist": "ДЕТИ RAVE",
            "id": 1501587268
        },
        {
            "name": "3D环绕",
            "artist": "法迪",
            "id": 1836117027
        },
        {
            "name": "蜜雪冰城【SKa2or】",
            "artist": "D.M.U",
            "id": 1851596625
        },
        {
            "name": "DERE- yellow",
            "artist": "Banana Music",
            "id": 1426367562
        },
        {
            "name": "Creepin'",
            "artist": "CID",
            "id": 507134049
        },
        {
            "name": "感受我的风格吧",
            "artist": "李九七",
            "id": 452804831
        },
        {
            "name": "Rock That Boo(REDD FOXX Radio Edit)",
            "artist": "REDDFOXX",
            "id": 1840872266
        },
        {
            "name": "天天出嗨曲",
            "artist": "神权",
            "id": 452804405
        },
        {
            "name": "Gopnik",
            "artist": "DJ Blyatman",
            "id": 1348770762
        },
        {
            "name": "I Just Want To (Chuck Lepley Remix)",
            "artist": "DJ Timeline",
            "id": 28738474
        },
        {
            "name": "That Noise (Original Mix)",
            "artist": "Paul Gannon",
            "id": 1396581866
        },
        {
            "name": "Don't Be Scared",
            "artist": "Luca Debonaire",
            "id": 446512023
        },
        {
            "name": "Make The Boody Bounce - Aragamii ( BTJ Bootelg)",
            "artist": "BTJ",
            "id": 1852458594
        },
        {
            "name": "女王驾到",
            "artist": "珊姐",
            "id": 452804123
        },
        {
            "name": "Imaginarium (Original Mix)",
            "artist": "Aura Vortex",
            "id": 555855441
        },
        {
            "name": "F.physical-Intro La Banda vs One Two (Akina Bootleg)（Akina remix）",
            "artist": "Akina",
            "id": 1449572738
        },
        {
            "name": "Chris & Arkins - Good Trip ( Uzu mix)",
            "artist": "CHRIS",
            "id": 1852710848
        },
        {
            "name": "Chemical Energy 2021",
            "artist": "Will Sparks",
            "id": 1501366831
        },
        {
            "name": "Various Artists-Shake It(ENZO redrrum)（ENZO remix）",
            "artist": "R1",
            "id": 1458830753
        },
        {
            "name": "Chris Lawyer-Right On Time（7Days remix）",
            "artist": "7DAYS",
            "id": 1378675283
        },
        {
            "name": "I'll Award You With My Body",
            "artist": "Redfoo",
            "id": 26494213
        },
        {
            "name": "Meant To Be",
            "artist": "Olly James",
            "id": 1451252258
        },
        {
            "name": "Church of Hell",
            "artist": "Dimatik",
            "id": 1325785804
        },
        {
            "name": "Boom Beach vs. Philippines vs. ZERO(REDDFOXX EDIT)",
            "artist": "REDDFOXX",
            "id": 1805741494
        },
        {
            "name": "The Sequel (Original Mix)",
            "artist": "Tita Lau",
            "id": 1818106836
        },
        {
            "name": "ØUT ØF THE WØRLD",
            "artist": "Marten Hørger",
            "id": 1813503396
        },
        {
            "name": "拜拜 坐坐",
            "artist": "刘亚仁夫夫",
            "id": 1886122440
        },
        {
            "name": "Fight Dirty",
            "artist": "Salvatore Ganacci",
            "id": 1861223821
        },
        {
            "name": "Sick",
            "artist": "DNF x I.GOT.U",
            "id": 503958486
        },
        {
            "name": "My Company",
            "artist": "Will Sparks",
            "id": 1876273911
        },
        {
            "name": "Let's Get F*cked Up",
            "artist": "MAKJ",
            "id": 28308239
        },
        {
            "name": "Vibe",
            "artist": "Mike Candys",
            "id": 1846110214
        },
        {
            "name": "Changes (Timmy Trumpet Remix)",
            "artist": "Faul & Wad",
            "id": 1863277665
        },
        {
            "name": "ҹ곬˴",
            "artist": "弦心乐",
            "id": 1854935516
        },
        {
            "name": "Remedy",
            "artist": "Nora & Chris",
            "id": 1816862962
        },
        {
            "name": "Various Artists-Move B1tch（GneHHHc remix）",
            "artist": "GneHHHc",
            "id": 1444529848
        },
        {
            "name": "Laffy Taffy",
            "artist": "Colin Hennerz",
            "id": 1493084450
        },
        {
            "name": "Outta My Head",
            "artist": "FILV",
            "id": 1396365414
        },
        {
            "name": "Simon D-SIMON DOMINIC（SIXTHEMA / Plano remix）",
            "artist": "SIXTHEMA",
            "id": 1854192513
        },
        {
            "name": "Philippines Bounce",
            "artist": "IRON",
            "id": 1847081686
        },
        {
            "name": "Roll",
            "artist": "Gustavo Mota",
            "id": 1300159228
        },
        {
            "name": "Alok-BYOB（DJMuchY remix）",
            "artist": "DJMuchY",
            "id": 1477598501
        },
        {
            "name": "Everybody",
            "artist": "Steff Da Campo",
            "id": 1363905876
        },
        {
            "name": "MIG (DJ版)",
            "artist": "Vkotb",
            "id": 1880256264
        },
        {
            "name": "Creep",
            "artist": "Gamper & Dadoni",
            "id": 485612576
        },
        {
            "name": "Selfie",
            "artist": "The Chainsmokers",
            "id": 28530970
        },
        {
            "name": "Justin Bieber-Stay (DJ DopeZ Bootleg)（DJ DopeZ remix）",
            "artist": "DJ DopeZ",
            "id": 1862676794
        },
        {
            "name": "Fade",
            "artist": "AiPi",
            "id": 34183461
        },
        {
            "name": "Từ Chối Nhẹ Nhàng Thôi（抖音版）",
            "artist": "沐泽",
            "id": 1855173729
        },
        {
            "name": "Chase（Orginal Mix）",
            "artist": "VodKe",
            "id": 1834403594
        },
        {
            "name": "Roll 'n Rock",
            "artist": "Bali Bandits",
            "id": 1395041190
        },
        {
            "name": "Everyday Anyone",
            "artist": "NOMINAL",
            "id": 1381723724
        },
        {
            "name": "3 2 1 ❀",
            "artist": "VodKa",
            "id": 1825998212
        },
        {
            "name": "FFAG 2k21 Intro",
            "artist": "朱成杰FFAG",
            "id": 1831326069
        },
        {
            "name": "天天开心",
            "artist": "陈安排",
            "id": 1401481712
        },
        {
            "name": "Astronaut In The Ocean (Original Mix)",
            "artist": "H2R",
            "id": 1851182533
        },
        {
            "name": "酒吧硬曲In the end口哨",
            "artist": "氟西汀",
            "id": 1810806522
        },
        {
            "name": "You And I",
            "artist": "Will Armex",
            "id": 1816907590
        },
        {
            "name": "沙沙沙(抖音完整版)",
            "artist": "胖乐",
            "id": 1831487054
        },
        {
            "name": "mantenido (original mix)",
            "artist": "Daniel Portman",
            "id": 27681192
        },
        {
            "name": "Sku Sku Vip Mix",
            "artist": "朱成杰FFAG",
            "id": 1499781275
        },
        {
            "name": "兰兰辣暴改篇",
            "artist": "六哥",
            "id": 1830733886
        },
        {
            "name": "大大大大大大",
            "artist": "朱成杰FFAG",
            "id": 1401844271
        },
        {
            "name": "第二套广播体操(时代在召唤)-DJ阿K_AK",
            "artist": "第二套广播体操(时代在召唤)-DJ阿K_AK",
            "id": 444356238
        },
        {
            "name": "Flubber",
            "artist": "Damien N-Drix",
            "id": 1356738081
        },
        {
            "name": "The Greatest",
            "artist": "wildbeezy",
            "id": 1389578003
        },
        {
            "name": "ClaSick (Original Mix)",
            "artist": "Cuee",
            "id": 1418162717
        },
        {
            "name": "7妹-你非我良人怎知我情深 (DJ版)（宇杰 remix）",
            "artist": "宇杰",
            "id": 1338440150
        },
        {
            "name": "官方的回答了他的废话(罗大帅)",
            "artist": "宇弟",
            "id": 1831765757
        },
        {
            "name": "舞曲 (17)",
            "artist": "柠檬",
            "id": 1851088029
        },
        {
            "name": "欢快旋律萨克斯",
            "artist": "林苏",
            "id": 451445556
        },
        {
            "name": "Living On Video",
            "artist": "Pakito",
            "id": 27153721
        },
        {
            "name": "所有精神小伙全部听令 (抖音版)（翻自 阿溪）",
            "artist": "EsLaM-ISLM",
            "id": 1461158078
        },
        {
            "name": "嗯哒嗯哒(抖音DJ加长版)",
            "artist": "王雨笙",
            "id": 1827011902
        },
        {
            "name": "Edge",
            "artist": "Rezz",
            "id": 401246013
        },
        {
            "name": "Red Light Green Light (For Club Play Only, Pt. 6)",
            "artist": "Duke Dumont",
            "id": 1347653953
        },
        {
            "name": "往上摇",
            "artist": "珊姐",
            "id": 452608972
        },
        {
            "name": "Blam!",
            "artist": "Chocolate Puma",
            "id": 1382666441
        },
        {
            "name": "Like That",
            "artist": "Mike Candys",
            "id": 1360018468
        },
        {
            "name": "Super Sensual",
            "artist": "Croatia Squad",
            "id": 1410143586
        },
        {
            "name": "Drown",
            "artist": "ZABO",
            "id": 517542039
        },
        {
            "name": "Sueta",
            "artist": "ALEXEMELYA",
            "id": 1423030096
        },
        {
            "name": "УРЫЛ 0$",
            "artist": "ДЕТИ RAVE",
            "id": 1473966737
        },
        {
            "name": "酒吧蹦迪嗨曲 (DJ版)",
            "artist": "肖琴",
            "id": 1353385802
        },
        {
            "name": "Avicii-Wake Me Up (ZHANG Radio Edit)（ZHANG花臂轩boss remix）",
            "artist": "Alexei Shkurko",
            "id": 1363303476
        },
        {
            "name": "Tell Me What You Want (DJ Edit)",
            "artist": "S3RL",
            "id": 428350523
        },
        {
            "name": "Every Breath (feat. Janice Robinson) [Lucky Date Remix]",
            "artist": "John Dahlbäck",
            "id": 406300830
        },
        {
            "name": "野性硬曲 (DJ版)",
            "artist": "亿阳",
            "id": 1393018778
        },
        {
            "name": "京城工体车载CD音轨2",
            "artist": "控音1993！",
            "id": 410181043
        },
        {
            "name": "Slat（live）（翻自 AvA MaX）",
            "artist": "戴羽彤",
            "id": 1492334886
        },
        {
            "name": "Star Eater",
            "artist": "Daniel Deluxe",
            "id": 1436069543
        },
        {
            "name": "Midnight (Radio Edit)",
            "artist": "Where It's ATT",
            "id": 1456598284
        },
        {
            "name": "夜店经典CLUB风格05",
            "artist": "Dj.T.o",
            "id": 443194935
        },
        {
            "name": "听了你就开始飘",
            "artist": "群星",
            "id": 31234933
        },
        {
            "name": "全力奉送",
            "artist": "神权",
            "id": 451376075
        },
        {
            "name": "罕见硬曲",
            "artist": "枫宇辰",
            "id": 463842536
        },
        {
            "name": "七字另类 (伴奏)",
            "artist": "Mc阳子",
            "id": 1294557004
        },
        {
            "name": "Lifestyle",
            "artist": "MAGES",
            "id": 1420745339
        },
        {
            "name": "Uno",
            "artist": "John Christian",
            "id": 1362230739
        },
        {
            "name": "Boom boom",
            "artist": "筱天才",
            "id": 1804102575
        },
        {
            "name": "EA7 Funk You五四蹦迪第一弹",
            "artist": "花臂轩",
            "id": 1451401153
        },
        {
            "name": "Fly (Darundara') (Imo?! Extended)",
            "artist": "Paul Jockey",
            "id": 514821885
        },
        {
            "name": "是否",
            "artist": "程响",
            "id": 1979274315
        },
        {
            "name": "故事还长",
            "artist": "鱼蛋",
            "id": 1985683443
        }
    ]
}