{
    "playlist_info": {
        "name": "大叔嗓 | 聆听沧桑岁月中的人情冷暖",
        "trackcount": 79,
        "playcount": 639095,
        "creator": "PakhoMr",
        "createDate": "2017-05-11",
        "heat": 284.0
    },
    "songs": [
        {
            "name": "Scotty",
            "artist": "Allan Taylor",
            "id": 986476
        },
        {
            "name": "Angels' Secret",
            "artist": "The Unbending Trees",
            "id": 28228080
        },
        {
            "name": "All the Way Down",
            "artist": "Glen Hansard",
            "id": 4340787
        },
        {
            "name": "Come Here My Love",
            "artist": "Doug Paisley",
            "id": 19673377
        },
        {
            "name": "Pretty Blue",
            "artist": "David Munyon",
            "id": 1233516
        },
        {
            "name": "The Stranger",
            "artist": "Allan Taylor",
            "id": 986433
        },
        {
            "name": "Heart Of Gold",
            "artist": "Johnny Cash",
            "id": 18824409
        },
        {
            "name": "Words of Love",
            "artist": "David Munyon",
            "id": 1233723
        },
        {
            "name": "Pale Blue Eyes",
            "artist": "The Velvet Underground",
            "id": 1646676
        },
        {
            "name": "Lady",
            "artist": "Kenny Rogers",
            "id": 1615544
        },
        {
            "name": "Miles",
            "artist": "David Munyon",
            "id": 5162956
        },
        {
            "name": "Longer",
            "artist": "Dan Fogelberg",
            "id": 17245412
        },
        {
            "name": "Tuesday",
            "artist": "Five for Fighting",
            "id": 22281622
        },
        {
            "name": "Even Now",
            "artist": "William Fitzsimmons",
            "id": 20703825
        },
        {
            "name": "Gravity",
            "artist": "Dean Brody",
            "id": 1232771
        },
        {
            "name": "Paradise",
            "artist": "Bruce Springsteen",
            "id": 16657279
        },
        {
            "name": "Poseidon",
            "artist": "The Unbending Trees",
            "id": 28228091
        },
        {
            "name": "My Oh My",
            "artist": "Leonard Cohen",
            "id": 29378372
        },
        {
            "name": "Everytime",
            "artist": "Glen Hansard",
            "id": 25432161
        },
        {
            "name": "I'm Yours",
            "artist": "Jack Savoretti",
            "id": 437480943
        },
        {
            "name": "All I Know",
            "artist": "Five for Fighting",
            "id": 5140690
        },
        {
            "name": "Crossroads",
            "artist": "Don McLean",
            "id": 17261724
        },
        {
            "name": "In My Life",
            "artist": "Johnny Cash",
            "id": 18827726
        },
        {
            "name": "A Long Way",
            "artist": "Josh Garrels",
            "id": 31460059
        },
        {
            "name": "Old Goodbyes",
            "artist": "Pajaro Sunrise",
            "id": 17950533
        },
        {
            "name": "Train Of Love",
            "artist": "Neil Young & Crazy Horse",
            "id": 20175107
        },
        {
            "name": "Bird of Sorrow",
            "artist": "Glen Hansard",
            "id": 17990609
        },
        {
            "name": "Remember When",
            "artist": "Alan Jackson",
            "id": 16350117
        },
        {
            "name": "Thinking Of You",
            "artist": "Dierks Bentley",
            "id": 17407502
        },
        {
            "name": "You Are a Lover",
            "artist": "The Unbending Trees",
            "id": 28228088
        },
        {
            "name": "Now and Forever",
            "artist": "Richard Marx",
            "id": 26936089
        },
        {
            "name": "The Sound of Silence",
            "artist": "Paul Simon",
            "id": 1821488
        },
        {
            "name": "Butterfly Kisses",
            "artist": "Bob Carlisle",
            "id": 1101791
        },
        {
            "name": "Rainy Day In June",
            "artist": "Alan Jackson",
            "id": 986968
        },
        {
            "name": "In My Secret Life",
            "artist": "Leonard Cohen",
            "id": 20954450
        },
        {
            "name": "Maybe Not Tonight",
            "artist": "Glen Hansard",
            "id": 17990606
        },
        {
            "name": "Sealed With A Kiss (Single Version)",
            "artist": "Brian Hyland",
            "id": 26726730
        },
        {
            "name": "Every Now And Then",
            "artist": "Alan Jackson",
            "id": 986626
        },
        {
            "name": "House By The River",
            "artist": "Allan Taylor",
            "id": 986457
        },
        {
            "name": "Right Here Waiting",
            "artist": "Richard Marx",
            "id": 3313653
        },
        {
            "name": "Same Old Lang Syne",
            "artist": "Dan Fogelberg",
            "id": 17245489
        },
        {
            "name": "Children of the Earth",
            "artist": "Josh Garrels",
            "id": 1608236
        },
        {
            "name": "Devil On Your Shoulder",
            "artist": "The Unbending Trees",
            "id": 28228079
        },
        {
            "name": "Don't Close Your Eyes",
            "artist": "Keith Whitley",
            "id": 18940715
        },
        {
            "name": "A Thousand Kisses Deep",
            "artist": "Leonard Cohen",
            "id": 20954451
        },
        {
            "name": "There's A Storm A Comin'",
            "artist": "Boz Scaggs",
            "id": 31245215
        },
        {
            "name": "When You Love Someone",
            "artist": "Kenny Rogers",
            "id": 27808594
        },
        {
            "name": "See the Sky About to Rain (Live at the Cellar Door)",
            "artist": "Neil Young",
            "id": 28068340
        },
        {
            "name": "Prepare for Disappointment",
            "artist": "Matt Elliott",
            "id": 27923688
        },
        {
            "name": "Down the Years I Travelled",
            "artist": "Allan Taylor",
            "id": 28009125
        },
        {
            "name": "Bridge over Troubled Water",
            "artist": "Paul Simon",
            "id": 28055438
        },
        {
            "name": "Vanishing Act",
            "artist": "Lou Reed",
            "id": 20982745
        },
        {
            "name": "Can't Take My Eyes Off Of You",
            "artist": "Andy Williams",
            "id": 4877959
        },
        {
            "name": "The lonely journey called life",
            "artist": "Lars Eriksson",
            "id": 16335019
        },
        {
            "name": "That's Another Song",
            "artist": "Bryan White",
            "id": 16661676
        },
        {
            "name": "Casey's Last Ride (Album Version)",
            "artist": "Kris Kristofferson",
            "id": 26850964
        },
        {
            "name": "I’ll Be a Virgin, I’ll Be a Mountain",
            "artist": "Maximilian Hecker",
            "id": 21157115
        },
        {
            "name": "You Can't Say (You Don't Love Me Anymore)",
            "artist": "Kenny Rogers",
            "id": 1617028
        },
        {
            "name": "Nobody Loves You (When You're Down And Out)",
            "artist": "John Lennon",
            "id": 1475363
        },
        {
            "name": "And I Love You So",
            "artist": "Don McLean",
            "id": 1215682
        },
        {
            "name": "Special",
            "artist": "Charlie Landsborough",
            "id": 16951363
        },
        {
            "name": "Curtains",
            "artist": "The Unbending Trees",
            "id": 28228087
        },
        {
            "name": "Let´s go",
            "artist": "Lars Eriksson",
            "id": 16335023
        },
        {
            "name": "If We Try",
            "artist": "Don McLean",
            "id": 1215715
        },
        {
            "name": "Western Hero",
            "artist": "Neil Young & Crazy Horse",
            "id": 20175103
        },
        {
            "name": "Sunday Morning (Live)",
            "artist": "Lou Reed",
            "id": 1646198
        },
        {
            "name": "If I Have To Go",
            "artist": "Tom Waits",
            "id": 2002458
        },
        {
            "name": "Rhythm of the Rain",
            "artist": "Dan Fogelberg",
            "id": 17245236
        },
        {
            "name": "Protector",
            "artist": "The Unbending Trees",
            "id": 19506419
        },
        {
            "name": "Loving Her Was Easier",
            "artist": "Kris Kristofferson",
            "id": 29587710
        },
        {
            "name": "Blowin' in the Wind",
            "artist": "Bob Dylan",
            "id": 5191751
        },
        {
            "name": "A Sight For Sore Eyes",
            "artist": "Tom Waits",
            "id": 2002745
        },
        {
            "name": "Bob Marley",
            "artist": "Dean Brody",
            "id": 17261201
        },
        {
            "name": "Sutter's Mill",
            "artist": "Dan Fogelberg",
            "id": 17245428
        },
        {
            "name": "Vale Of Tears",
            "artist": "Jay Clifford",
            "id": 1609689
        },
        {
            "name": "She'll Go On You",
            "artist": "Josh Turner",
            "id": 18641965
        },
        {
            "name": "Where Are You",
            "artist": "Don Williams",
            "id": 27390867
        },
        {
            "name": "Leader Of The Band",
            "artist": "Dan Fogelberg",
            "id": 5183708
        },
        {
            "name": "Still So Far Away",
            "artist": "Jay Clifford",
            "id": 1609687
        }
    ]
}