{
    "playlist_info": {
        "name": "大哥你玩摇滚你玩它有啥用啊",
        "trackcount": 418,
        "playcount": 286871,
        "creator": "新世纪摇滚战士_",
        "createDate": "2016-12-24",
        "heat": 120.0
    },
    "songs": [
        {
            "name": "芽",
            "artist": "草东没有派对",
            "id": 2046562633
        },
        {
            "name": "人洞山",
            "artist": "草东没有派对",
            "id": 2046562632
        },
        {
            "name": "空",
            "artist": "草东没有派对",
            "id": 2046562197
        },
        {
            "name": "缸",
            "artist": "草东没有派对",
            "id": 2046562196
        },
        {
            "name": "八",
            "artist": "草东没有派对",
            "id": 2046562201
        },
        {
            "name": "老张",
            "artist": "草东没有派对",
            "id": 2046562202
        },
        {
            "name": "白日梦",
            "artist": "草东没有派对",
            "id": 2046035293
        },
        {
            "name": "ENDLESS RAIN",
            "artist": "X JAPAN",
            "id": 865251
        },
        {
            "name": "泳池",
            "artist": "林耕佑",
            "id": 1999764164
        },
        {
            "name": "我不知道你知不知道诶（Cover：乌鸦地板）（翻自 林耕佑）",
            "artist": "林耕佑",
            "id": 2001341150
        },
        {
            "name": "离歌",
            "artist": "林耕佑",
            "id": 1999428598
        },
        {
            "name": "One of My Turns",
            "artist": "Pink Floyd",
            "id": 4237817
        },
        {
            "name": "Mazel Tov",
            "artist": "脏手指 Oh! Dirty Fingers",
            "id": 1837817428
        },
        {
            "name": "我想有个家",
            "artist": "脏手指 Oh! Dirty Fingers",
            "id": 1837817434
        },
        {
            "name": "自我解救",
            "artist": "虎啸春",
            "id": 1437268977
        },
        {
            "name": "鹤行",
            "artist": "雪沉乐队",
            "id": 1885942196
        },
        {
            "name": "Sadistic Desire",
            "artist": "X JAPAN",
            "id": 866960
        },
        {
            "name": "浪漫人渣",
            "artist": "打倒三明治",
            "id": 1393632137
        },
        {
            "name": "夜走",
            "artist": "打倒三明治",
            "id": 1393632138
        },
        {
            "name": "我讨厌的是你的基因",
            "artist": "鱼条 Fish Stick",
            "id": 1413101273
        },
        {
            "name": "但",
            "artist": "草东没有派对",
            "id": 2035320743
        },
        {
            "name": "床",
            "artist": "草东没有派对",
            "id": 2035279723
        },
        {
            "name": "如常",
            "artist": "草东没有派对",
            "id": 1458711455
        },
        {
            "name": "Intro",
            "artist": "草东没有派对",
            "id": 411314654
        },
        {
            "name": "丑",
            "artist": "草东没有派对",
            "id": 411315632
        },
        {
            "name": "烂泥",
            "artist": "草东没有派对",
            "id": 411314656
        },
        {
            "name": "勇敢的人",
            "artist": "草东没有派对",
            "id": 410801745
        },
        {
            "name": "大风吹",
            "artist": "草东没有派对",
            "id": 411314657
        },
        {
            "name": "埃玛",
            "artist": "草东没有派对",
            "id": 411315634
        },
        {
            "name": "等",
            "artist": "草东没有派对",
            "id": 411314658
        },
        {
            "name": "鬼",
            "artist": "草东没有派对",
            "id": 411315635
        },
        {
            "name": "在",
            "artist": "草东没有派对",
            "id": 410802751
        },
        {
            "name": "山海",
            "artist": "草东没有派对",
            "id": 411314659
        },
        {
            "name": "我们",
            "artist": "草东没有派对",
            "id": 410802753
        },
        {
            "name": "情歌",
            "artist": "草东没有派对",
            "id": 411314660
        },
        {
            "name": "黑色",
            "artist": "莉莉周她說",
            "id": 1972669934
        },
        {
            "name": "Танцевать",
            "artist": "Molchat Doma",
            "id": 1413487057
        },
        {
            "name": "病",
            "artist": "犬儒乐队",
            "id": 2023931078
        },
        {
            "name": "欲壑",
            "artist": "鱼条 Fish Stick",
            "id": 1828182319
        },
        {
            "name": "无懈",
            "artist": "鱼条 Fish Stick",
            "id": 1970549719
        },
        {
            "name": "闹海",
            "artist": "哪吒乐队",
            "id": 368913
        },
        {
            "name": "Venom of Venus",
            "artist": "Powerwolf",
            "id": 865953200
        },
        {
            "name": "皮囊",
            "artist": "犬儒乐队",
            "id": 2014917358
        },
        {
            "name": "The End of All We Know",
            "artist": "Bleed from Within",
            "id": 1406292199
        },
        {
            "name": "Popular Monster",
            "artist": "Falling In Reverse",
            "id": 1403223148
        },
        {
            "name": "The Attack of the Dead Men",
            "artist": "Sabaton",
            "id": 1359991682
        },
        {
            "name": "我常常有一种感觉",
            "artist": "当代电影大师",
            "id": 1397160249
        },
        {
            "name": "那些事情是真的有意思吗",
            "artist": "当代电影大师",
            "id": 1397159290
        },
        {
            "name": "梦 中 情 人",
            "artist": "海德薇乐队(THE HEDWIG)",
            "id": 1915337235
        },
        {
            "name": "电影卡碟片段",
            "artist": "散人",
            "id": 2016340499
        },
        {
            "name": "可怜兮兮",
            "artist": "The Oddity",
            "id": 1896229176
        },
        {
            "name": "让我给你买包烟",
            "artist": "脏手指 Oh! Dirty Fingers",
            "id": 1373706768
        },
        {
            "name": "冠军",
            "artist": "钢心",
            "id": 29810919
        },
        {
            "name": "叫魂",
            "artist": "刘森",
            "id": 2000710986
        },
        {
            "name": "盲山",
            "artist": "假假條",
            "id": 421885313
        },
        {
            "name": "湘靈鼓瑟",
            "artist": "假假條",
            "id": 411754531
        },
        {
            "name": "Slideshow at Free University",
            "artist": "Le Tigre",
            "id": 16612740
        },
        {
            "name": "鹤冲天",
            "artist": "聲無哀樂",
            "id": 1915280869
        },
        {
            "name": "飞升",
            "artist": "聲無哀樂",
            "id": 1952521923
        },
        {
            "name": "醉生梦死",
            "artist": "聲無哀樂",
            "id": 1915282845
        },
        {
            "name": "这该死的拘执佮爱",
            "artist": "珂拉琪",
            "id": 1903991885
        },
        {
            "name": "葬予规路火烌犹在",
            "artist": "珂拉琪",
            "id": 1903990038
        },
        {
            "name": "万千花蕊慈母悲哀",
            "artist": "珂拉琪",
            "id": 1903991886
        },
        {
            "name": "伤心地狱芳花引魂",
            "artist": "珂拉琪",
            "id": 1903990039
        },
        {
            "name": "银河公园",
            "artist": "THE BOOTLEGS 靴腿",
            "id": 1389882897
        },
        {
            "name": "ONE LAST TIME",
            "artist": "The Plot In You",
            "id": 538793543
        },
        {
            "name": "总有一天我会欺骗你",
            "artist": "新裤子",
            "id": 387478
        },
        {
            "name": "生活因你而火热",
            "artist": "新裤子",
            "id": 406737702
        },
        {
            "name": "没有理想的人不伤心",
            "artist": "新裤子",
            "id": 28009051
        },
        {
            "name": "我很懂礼貌 (可是我不交朋友)",
            "artist": "脏手指 Oh! Dirty Fingers",
            "id": 1837818275
        },
        {
            "name": "滥情三部曲",
            "artist": "脏手指 Oh! Dirty Fingers",
            "id": 1373708382
        },
        {
            "name": "冷山",
            "artist": "法兹乐队 FAZI",
            "id": 1926704058
        },
        {
            "name": "癔症",
            "artist": "梅卡德尔",
            "id": 1956499349
        },
        {
            "name": "爱人",
            "artist": "野外合作社",
            "id": 565890721
        },
        {
            "name": "失焦",
            "artist": "梅卡德尔",
            "id": 1868168863
        },
        {
            "name": "黑夜的秘密",
            "artist": "梅卡德尔",
            "id": 1334247540
        },
        {
            "name": "Endlessly",
            "artist": "Muse",
            "id": 21255928
        },
        {
            "name": "Группа крови",
            "artist": "Кино",
            "id": 5213502
        },
        {
            "name": "魔鬼奇遇记",
            "artist": "超级市场",
            "id": 1958471621
        },
        {
            "name": "You So (Youth Soul)",
            "artist": "I Mean Us",
            "id": 1313107109
        },
        {
            "name": "宝石",
            "artist": "黎忘年",
            "id": 1397266867
        },
        {
            "name": "志愿",
            "artist": "Lur:",
            "id": 1874953294
        },
        {
            "name": "Anchor",
            "artist": "Motorama",
            "id": 27341767
        },
        {
            "name": "解离母体",
            "artist": "鱼条 Fish Stick",
            "id": 1970549721
        },
        {
            "name": "苦中作乐",
            "artist": "脏手指 Oh! Dirty Fingers",
            "id": 1967977223
        },
        {
            "name": "玛卡瑞纳",
            "artist": "海龟先生",
            "id": 25702070
        },
        {
            "name": "男孩别哭",
            "artist": "海龟先生",
            "id": 25731320
        },
        {
            "name": "The Corner We Call It Home",
            "artist": "Shewillhewill",
            "id": 1808008464
        },
        {
            "name": "Люди Надоели",
            "artist": "Molchat Doma",
            "id": 1413487049
        },
        {
            "name": "Клетка",
            "artist": "Molchat Doma",
            "id": 1413481295
        },
        {
            "name": "喜夜",
            "artist": "悲剧药方",
            "id": 1825175011
        },
        {
            "name": "月上乌尤",
            "artist": "声音玩具",
            "id": 1840927023
        },
        {
            "name": "无声河",
            "artist": "麻园诗人",
            "id": 1447110965
        },
        {
            "name": "洪荒",
            "artist": "雪沉乐队",
            "id": 410710075
        },
        {
            "name": "城市雇佣兵",
            "artist": "散人",
            "id": 1958232065
        },
        {
            "name": "天车谣",
            "artist": "散人",
            "id": 473642240
        },
        {
            "name": "蓬蒿人",
            "artist": "散人",
            "id": 1807905981
        },
        {
            "name": "家书（demo）",
            "artist": "散人",
            "id": 495996046
        },
        {
            "name": "叫唤",
            "artist": "散人",
            "id": 1405963531
        },
        {
            "name": "她说她要杀了我",
            "artist": "Sunken Boat 沉舟乐队",
            "id": 1891887518
        },
        {
            "name": "。",
            "artist": "散人",
            "id": 1804593015
        },
        {
            "name": "耗子",
            "artist": "散人",
            "id": 1890718092
        },
        {
            "name": "我从这里路过",
            "artist": "散人",
            "id": 1941677877
        },
        {
            "name": "疯土",
            "artist": "刘森",
            "id": 1860234971
        },
        {
            "name": "超度我",
            "artist": "福禄寿FloruitShow",
            "id": 1330472048
        },
        {
            "name": "兰若度母",
            "artist": "福禄寿FloruitShow",
            "id": 1436959097
        },
        {
            "name": "My Jinji",
            "artist": "落日飞车",
            "id": 438462713
        },
        {
            "name": "晚灯",
            "artist": "刘森",
            "id": 1860234947
        },
        {
            "name": "Судно (Борис Рижий)",
            "artist": "Molchat Doma",
            "id": 1413481294
        },
        {
            "name": "I Know You Know I Love You",
            "artist": "落日飞车",
            "id": 344157
        },
        {
            "name": "夏日漱石 (Summer Cozy Rock)",
            "artist": "橘子海 (Orange Ocean)",
            "id": 1359818052
        },
        {
            "name": "悲哀藏在现实中",
            "artist": "刘森",
            "id": 1860234955
        },
        {
            "name": "Song F",
            "artist": "达达乐队",
            "id": 350830
        },
        {
            "name": "青少年哪吒 (Neon God)",
            "artist": "八仙饭店",
            "id": 1811506614
        },
        {
            "name": "不归女孩",
            "artist": "Sunken Boat 沉舟乐队",
            "id": 1852937662
        },
        {
            "name": "风中的人",
            "artist": "晨曦光廊",
            "id": 28748457
        },
        {
            "name": "天地（You And I）",
            "artist": "萬象COSMOS",
            "id": 1443473299
        },
        {
            "name": "招娣",
            "artist": "九连真人",
            "id": 1806316873
        },
        {
            "name": "夜游神",
            "artist": "九连真人",
            "id": 1805086601
        },
        {
            "name": "这里",
            "artist": "岛屿心情",
            "id": 41659257
        },
        {
            "name": "电动少女",
            "artist": "Chinese Football",
            "id": 509312402
        },
        {
            "name": "地球上最后一个EMO男孩",
            "artist": "Chinese Football",
            "id": 35678544
        },
        {
            "name": "当一切结束时",
            "artist": "岛屿心情",
            "id": 353415
        },
        {
            "name": "你被我浪漫",
            "artist": "白百EndlessWhite乐队",
            "id": 1302106803
        },
        {
            "name": "Where Are You Going (你要往哪儿去)",
            "artist": "海龟先生",
            "id": 28427580
        },
        {
            "name": "焰火青年",
            "artist": "刘森",
            "id": 1459783374
        },
        {
            "name": "深海",
            "artist": "刘森",
            "id": 1860234945
        },
        {
            "name": "促膝",
            "artist": "Nerve Passenger（神经旅人）",
            "id": 1373436436
        },
        {
            "name": "仙儿",
            "artist": "二手玫瑰",
            "id": 27501008
        },
        {
            "name": "火车快开",
            "artist": "二手玫瑰",
            "id": 353698
        },
        {
            "name": "月亮与灵魂",
            "artist": "张楚",
            "id": 1336001238
        },
        {
            "name": "日常的镜头",
            "artist": "椅子乐团 The Chairs",
            "id": 574925509
        },
        {
            "name": "Neo Soul Progression(Cover Royziv)（翻自 Royziv）",
            "artist": "炜子",
            "id": 1442766860
        },
        {
            "name": "白",
            "artist": "卧轨的火车（Railway Suicide Train)",
            "id": 434550139
        },
        {
            "name": "冀西南林路行 (专辑全长)",
            "artist": "万能青年旅店",
            "id": 1805289472
        },
        {
            "name": "弗洛依德弟子",
            "artist": "青铜器",
            "id": 371455
        },
        {
            "name": "国际歌",
            "artist": "唐朝乐队",
            "id": 381962
        },
        {
            "name": "以前我也喜欢模仿美国人那样把爱挂在嘴上",
            "artist": "Bad Sweetheart",
            "id": 1818806253
        },
        {
            "name": "治本",
            "artist": "鱼条 Fish Stick",
            "id": 1413101278
        },
        {
            "name": "亲爱的",
            "artist": "沉默演讲（Silent Speech）",
            "id": 1338450406
        },
        {
            "name": "杀死那个石家庄人",
            "artist": "万能青年旅店",
            "id": 386844
        },
        {
            "name": "冰箱",
            "artist": "黎忘年",
            "id": 1397266838
        },
        {
            "name": "乌鸦",
            "artist": "破碎乐队",
            "id": 40255375
        },
        {
            "name": "一家之主",
            "artist": "回春丹",
            "id": 1412975850
        },
        {
            "name": "未来",
            "artist": "寂寞.夏.日",
            "id": 361131
        },
        {
            "name": "梦特别娇",
            "artist": "回春丹",
            "id": 1813831223
        },
        {
            "name": "软弱",
            "artist": "Schoolgirl byebye",
            "id": 1479507541
        },
        {
            "name": "No romantics in China",
            "artist": "Schoolgirl byebye",
            "id": 1313870243
        },
        {
            "name": "广州",
            "artist": "脆莓(Brickleberry)",
            "id": 1481132597
        },
        {
            "name": "Aishiteru",
            "artist": "Star Horse",
            "id": 469699559
        },
        {
            "name": "爱玲",
            "artist": "声音玩具",
            "id": 375910
        },
        {
            "name": "張㱊的日記",
            "artist": "贰伍吸菸所 Smoking Area 25",
            "id": 1465281848
        },
        {
            "name": "十二樓",
            "artist": "贰伍吸菸所 Smoking Area 25",
            "id": 1465285108
        },
        {
            "name": "幸虧我沒有死在昨晚",
            "artist": "黑色收音机派对",
            "id": 534542464
        },
        {
            "name": "Younger",
            "artist": "The Hails",
            "id": 1294889294
        },
        {
            "name": "New Generation Genocide",
            "artist": "过失",
            "id": 1317351826
        },
        {
            "name": "荒野",
            "artist": "虎啸春",
            "id": 1445599775
        },
        {
            "name": "如果我现在...",
            "artist": "高旗&超载乐队",
            "id": 356507
        },
        {
            "name": "Fitter Happier",
            "artist": "Radiohead",
            "id": 22497476
        },
        {
            "name": "多巴胺",
            "artist": "莫非乐队",
            "id": 411755160
        },
        {
            "name": "无人的海边",
            "artist": "霓虹花园",
            "id": 1388674995
        },
        {
            "name": "问题出现我再告诉大家",
            "artist": "五条人",
            "id": 28587850
        },
        {
            "name": "草木中国",
            "artist": "寂寞.夏.日",
            "id": 361143
        },
        {
            "name": "锁",
            "artist": "岛屿心情",
            "id": 41659248
        },
        {
            "name": "迷恋",
            "artist": "梅卡德尔",
            "id": 28819359
        },
        {
            "name": "庙小妖风大",
            "artist": "回春丹",
            "id": 1373068317
        },
        {
            "name": "哭你一條河",
            "artist": "鱼条 Fish Stick",
            "id": 557713872
        },
        {
            "name": "艾蜜莉",
            "artist": "回春丹",
            "id": 1429237296
        },
        {
            "name": "桃乐茜的来信",
            "artist": "I'll call you.(ICU Band)",
            "id": 1366467511
        },
        {
            "name": "25",
            "artist": "鸟撞 Birdstriking",
            "id": 500410133
        },
        {
            "name": "道山靓仔",
            "artist": "五条人",
            "id": 28587844
        },
        {
            "name": "比一个年轻人小一点的鹤",
            "artist": "丁可",
            "id": 538719571
        },
        {
            "name": "劣质子弹",
            "artist": "花墙FancyWall",
            "id": 1382234516
        },
        {
            "name": "乐色车",
            "artist": "回春丹",
            "id": 1369044097
        },
        {
            "name": "春风",
            "artist": "海朋森",
            "id": 1455988858
        },
        {
            "name": "草莓",
            "artist": "海朋森",
            "id": 1383782457
        },
        {
            "name": "孜孜不倦的人",
            "artist": "倒车入库",
            "id": 1356146312
        },
        {
            "name": "县城",
            "artist": "刘森",
            "id": 1394402692
        },
        {
            "name": "正义",
            "artist": "回春丹",
            "id": 1329630571
        },
        {
            "name": "Love The Warz",
            "artist": "Sekai no Owari",
            "id": 22814474
        },
        {
            "name": "醒歌",
            "artist": "虎啸春",
            "id": 1435465571
        },
        {
            "name": "沉迷浪漫与慌乱的临时商场",
            "artist": "虎啸春",
            "id": 1393609730
        },
        {
            "name": "Lonely God",
            "artist": "惘闻",
            "id": 385322
        },
        {
            "name": "Ditch",
            "artist": "The Partisan Seed",
            "id": 2014218
        },
        {
            "name": "1995",
            "artist": "彩文乐队ColorfulBar",
            "id": 1397254696
        },
        {
            "name": "蝼蚁",
            "artist": "岛屿心情",
            "id": 1323736730
        },
        {
            "name": "生",
            "artist": "Bewilder白雾岛",
            "id": 1394006798
        },
        {
            "name": "Take Me To Church",
            "artist": "Hozier",
            "id": 28160720
        },
        {
            "name": "东莞 (Dong Guan)",
            "artist": "白纸扇/AV大久保",
            "id": 1406498247
        },
        {
            "name": "Ten Thousand Lines",
            "artist": "Electric President",
            "id": 1306482
        },
        {
            "name": "总有一天你会出现在我身边",
            "artist": "棱镜乐队",
            "id": 1303027499
        },
        {
            "name": "美好的事可不可以發生在我身上",
            "artist": "康士坦的变化球",
            "id": 1304685375
        },
        {
            "name": "我不希望你孤单的去面对整个喧哗世界",
            "artist": "康姆士COM'Z",
            "id": 458359749
        },
        {
            "name": "Forever Love",
            "artist": "X JAPAN",
            "id": 463081399
        },
        {
            "name": "Anna",
            "artist": "贰伍吸菸所 Smoking Area 25",
            "id": 532417364
        },
        {
            "name": "总是在地板里的梦",
            "artist": "贰伍吸菸所 Smoking Area 25",
            "id": 532419095
        },
        {
            "name": "girl friend",
            "artist": "Thee Michelle Gun Elephant",
            "id": 843506
        },
        {
            "name": "Mind the Gap",
            "artist": "野外合作社",
            "id": 29740159
        },
        {
            "name": "觉醒",
            "artist": "地下婴儿",
            "id": 350957
        },
        {
            "name": "Teenagers",
            "artist": "My Chemical Romance",
            "id": 21162704
        },
        {
            "name": "幕布",
            "artist": "海朋森",
            "id": 31546913
        },
        {
            "name": "红色街区",
            "artist": "海朋森",
            "id": 31546915
        },
        {
            "name": "你把我的脸庞转向明天",
            "artist": "法兹乐队 FAZI",
            "id": 1403129246
        },
        {
            "name": "跳东湖",
            "artist": "虎啸春",
            "id": 1393609698
        },
        {
            "name": "漂流人间",
            "artist": "Chinese Football",
            "id": 1349198831
        },
        {
            "name": "控制 (2016版)",
            "artist": "法兹乐队 FAZI",
            "id": 1317365420
        },
        {
            "name": "Take Her to Wanda Plaza",
            "artist": "白纸扇/AV大久保",
            "id": 1377137986
        },
        {
            "name": "Komorebi",
            "artist": "Craft Spells",
            "id": 28624258
        },
        {
            "name": "Inertia",
            "artist": "Insomnium",
            "id": 18347982
        },
        {
            "name": "I Was Wrong",
            "artist": "Surfer Blood",
            "id": 26484751
        },
        {
            "name": "跳海",
            "artist": "告五人",
            "id": 1368754689
        },
        {
            "name": "偶然黄昏见",
            "artist": "棱镜乐队",
            "id": 1316330544
        },
        {
            "name": "往生",
            "artist": "虚极乐队",
            "id": 568929757
        },
        {
            "name": "Every****ingday",
            "artist": "Joyside",
            "id": 361038
        },
        {
            "name": "真爱四则",
            "artist": "脏手指 Oh! Dirty Fingers",
            "id": 1373706766
        },
        {
            "name": "庸人自扰",
            "artist": "倒车入库",
            "id": 1356140835
        },
        {
            "name": "Wearing the Inside Out",
            "artist": "Pink Floyd",
            "id": 4237152
        },
        {
            "name": "Modern Minds",
            "artist": "While She Sleeps",
            "id": 32358583
        },
        {
            "name": "Boo",
            "artist": "Pinback",
            "id": 21469668
        },
        {
            "name": "Dark Autumn Night",
            "artist": "Ankhagram",
            "id": 3917255
        },
        {
            "name": "Pieces",
            "artist": "Sum 41",
            "id": 21724400
        },
        {
            "name": "Time Is Running Out",
            "artist": "Muse",
            "id": 4173060
        },
        {
            "name": "把她还给她",
            "artist": "梅卡德尔",
            "id": 1334252075
        },
        {
            "name": "黑色梦中",
            "artist": "窦唯",
            "id": 77447
        },
        {
            "name": "明天更漫长",
            "artist": "窦唯",
            "id": 77444
        },
        {
            "name": "You",
            "artist": "Life Awaits",
            "id": 476323225
        },
        {
            "name": "Lover Song",
            "artist": "SoulFa 灵魂沙发",
            "id": 1345336709
        },
        {
            "name": "明天",
            "artist": "野外合作社",
            "id": 29740163
        },
        {
            "name": "头上的包",
            "artist": "何勇",
            "id": 92205
        },
        {
            "name": "伎俩",
            "artist": "二手玫瑰",
            "id": 353696
        },
        {
            "name": "Sleeping in",
            "artist": "The Radio Dept.",
            "id": 22332613
        },
        {
            "name": "请原谅我",
            "artist": "谢天笑",
            "id": 167576
        },
        {
            "name": "是谁把我带到这里",
            "artist": "谢天笑",
            "id": 167603
        },
        {
            "name": "向阳花",
            "artist": "谢天笑",
            "id": 167595
        },
        {
            "name": "昨天晚上我可能死了",
            "artist": "谢天笑",
            "id": 167621
        },
        {
            "name": "允许部分艺术家先富起来",
            "artist": "二手玫瑰",
            "id": 353700
        },
        {
            "name": "U Are So Great",
            "artist": "哪吒乐队",
            "id": 368917
        },
        {
            "name": "A Token of Gratitude",
            "artist": "The Radio Dept.",
            "id": 19288281
        },
        {
            "name": "留给你的我从未",
            "artist": "甜約翰 Sweet John",
            "id": 524003141
        },
        {
            "name": "Because I Want You",
            "artist": "Placebo",
            "id": 4235534
        },
        {
            "name": "Daydreaming",
            "artist": "Radiohead",
            "id": 412175132
        },
        {
            "name": "Where Is My Mind?",
            "artist": "Placebo",
            "id": 28912074
        },
        {
            "name": "Side Of The Road",
            "artist": "Babyshambles",
            "id": 22473241
        },
        {
            "name": "Life On Mars",
            "artist": "David Bowie",
            "id": 27750534
        },
        {
            "name": "Without You I'm Nothing",
            "artist": "David Bowie",
            "id": 41644229
        },
        {
            "name": "Rock 'n' Roll Suicide (2012 Remaster)",
            "artist": "David Bowie",
            "id": 17290784
        },
        {
            "name": "Under Pressure",
            "artist": "Queen",
            "id": 445702291
        },
        {
            "name": "Space Oddity (Mitty Mix)",
            "artist": "David Bowie",
            "id": 28143760
        },
        {
            "name": "There Must Be More To Life Than This (William Orbit Mix)",
            "artist": "Queen",
            "id": 29718157
        },
        {
            "name": "Another One Bites the Dust",
            "artist": "Queen",
            "id": 1868486
        },
        {
            "name": "We Are the Champions",
            "artist": "Queen",
            "id": 1868480
        },
        {
            "name": "We Will Rock You",
            "artist": "Queen",
            "id": 1869271
        },
        {
            "name": "Bohemian Rhapsody",
            "artist": "Queen",
            "id": 1868553
        },
        {
            "name": "生命中最美丽的一天",
            "artist": "痛仰乐队",
            "id": 28860055
        },
        {
            "name": "圈",
            "artist": "嘎调",
            "id": 355946
        },
        {
            "name": "这是我一生中最勇敢的瞬间",
            "artist": "棱镜乐队",
            "id": 1366216050
        },
        {
            "name": "A Great Day for Freedom",
            "artist": "Pink Floyd",
            "id": 4237148
        },
        {
            "name": "In My Life",
            "artist": "John Lennon",
            "id": 1476058
        },
        {
            "name": "双生",
            "artist": "醒山AwakeMountains",
            "id": 1305366918
        },
        {
            "name": "欢迎光临",
            "artist": "醒山AwakeMountains",
            "id": 1336001036
        },
        {
            "name": "Lithium",
            "artist": "Nirvana",
            "id": 21303931
        },
        {
            "name": "Come As You Are",
            "artist": "Nirvana",
            "id": 21303927
        },
        {
            "name": "8+8=8",
            "artist": "岛屿心情",
            "id": 353414
        },
        {
            "name": "Keep Talking",
            "artist": "Pink Floyd",
            "id": 4237162
        },
        {
            "name": "高级动物",
            "artist": "窦唯",
            "id": 77470
        },
        {
            "name": "快乐",
            "artist": "deca joins",
            "id": 483242434
        },
        {
            "name": "飛行艇",
            "artist": "King Gnu",
            "id": 1382838382
        },
        {
            "name": "魂断记",
            "artist": "卧轨的火车（Railway Suicide Train)",
            "id": 434659011
        },
        {
            "name": "午夜带你去兜风",
            "artist": "广场恐惧症",
            "id": 447073992
        },
        {
            "name": "但我爱你",
            "artist": "霓虹花园",
            "id": 1383233361
        },
        {
            "name": "殷切的期望",
            "artist": "钢心",
            "id": 1334290941
        },
        {
            "name": "盼暖春来",
            "artist": "刺猬",
            "id": 534540387
        },
        {
            "name": "我也喜欢你的女朋友",
            "artist": "脏手指 Oh! Dirty Fingers",
            "id": 521493347
        },
        {
            "name": "生之响往",
            "artist": "刺猬",
            "id": 554241255
        },
        {
            "name": "再见杰克",
            "artist": "痛仰乐队",
            "id": 381821
        },
        {
            "name": "苍穹之下（demo）",
            "artist": "散人",
            "id": 488154767
        },
        {
            "name": "补习班的门口高挂我的黑白照片",
            "artist": "老王乐队",
            "id": 509512456
        },
        {
            "name": "那些失眠的夜与难以忘怀的事",
            "artist": "老王乐队",
            "id": 1342511971
        },
        {
            "name": "噢！乖",
            "artist": "窦唯",
            "id": 77466
        },
        {
            "name": "悲伤的梦",
            "artist": "窦唯",
            "id": 77462
        },
        {
            "name": "他",
            "artist": "窦唯",
            "id": 77407
        },
        {
            "name": "未知",
            "artist": "窦唯",
            "id": 77432
        },
        {
            "name": "火车驶向云外，梦安魂于九霄",
            "artist": "刺猬",
            "id": 528272281
        },
        {
            "name": "公路之歌",
            "artist": "痛仰乐队",
            "id": 381825
        },
        {
            "name": "Slow",
            "artist": "落日飞车",
            "id": 538610029
        },
        {
            "name": "巫堵",
            "artist": "deca joins",
            "id": 483378330
        },
        {
            "name": "海浪",
            "artist": "deca joins",
            "id": 1320101152
        },
        {
            "name": "一样",
            "artist": "康姆士COM'Z",
            "id": 458361307
        },
        {
            "name": "附身",
            "artist": "周休八日",
            "id": 503123140
        },
        {
            "name": "All ****** Up",
            "artist": "The Amity Affliction",
            "id": 426290343
        },
        {
            "name": "出路（feat.Romeo）",
            "artist": "Forget And Forgive",
            "id": 565906443
        },
        {
            "name": "Sorry",
            "artist": "破碎乐队",
            "id": 40255376
        },
        {
            "name": "猜拳",
            "artist": "莉莉周她說",
            "id": 1319634837
        },
        {
            "name": "深海之光",
            "artist": "麻园诗人",
            "id": 409647016
        },
        {
            "name": "Our Courage, Our Cancer",
            "artist": "While She Sleeps",
            "id": 19825671
        },
        {
            "name": "ANTI-SOCIAL",
            "artist": "While She Sleeps",
            "id": 1321368603
        },
        {
            "name": "Silence Speaks",
            "artist": "While She Sleeps",
            "id": 467394547
        },
        {
            "name": "Love at War",
            "artist": "While She Sleeps",
            "id": 19825676
        },
        {
            "name": "Early to Bed",
            "artist": "Morphine",
            "id": 4176043
        },
        {
            "name": "玩具",
            "artist": "岛屿心情",
            "id": 41659256
        },
        {
            "name": "荒野脱马",
            "artist": "贰伍吸菸所 Smoking Area 25",
            "id": 532413954
        },
        {
            "name": "我的身旁是一扇亮了又暗的窗",
            "artist": "理想后花园",
            "id": 1294899223
        },
        {
            "name": "诚实假日酒店",
            "artist": "野外合作社",
            "id": 565890722
        },
        {
            "name": "鑰匙掉了誰來救我",
            "artist": "听天汤",
            "id": 1323331245
        },
        {
            "name": "我们如此超群绝伦怎能拘于俗世所见",
            "artist": "昏鸦",
            "id": 34532822
        },
        {
            "name": "The Post War Dream",
            "artist": "二宮和也",
            "id": 411314041
        },
        {
            "name": "秘密的爱",
            "artist": "声音玩具",
            "id": 375914
        },
        {
            "name": "天鹅之死",
            "artist": "紫环",
            "id": 396120
        },
        {
            "name": "摇滚青春",
            "artist": "玛蕥",
            "id": 29844613
        },
        {
            "name": "うつろ",
            "artist": "ミツメ",
            "id": 28241263
        },
        {
            "name": "过期",
            "artist": "梅卡德尔",
            "id": 28819362
        },
        {
            "name": "トレモロ",
            "artist": "RADWIMPS",
            "id": 28483041
        },
        {
            "name": "One man live",
            "artist": "RADWIMPS",
            "id": 22810673
        },
        {
            "name": "Somebody Someone",
            "artist": "Korn",
            "id": 4142510
        },
        {
            "name": "Diaosita",
            "artist": "脏手指 Oh! Dirty Fingers",
            "id": 523251194
        },
        {
            "name": "I Like Your GF too",
            "artist": "脏手指 Oh! Dirty Fingers",
            "id": 449940920
        },
        {
            "name": "关于青春",
            "artist": "VH (Vast & Hazy)",
            "id": 409830420
        },
        {
            "name": "稳定生活多美好 三年五年高普考",
            "artist": "老王乐队",
            "id": 509512455
        },
        {
            "name": "粉红电台头",
            "artist": "薄荷叶",
            "id": 344591
        },
        {
            "name": "开店歌",
            "artist": "无妄合作社",
            "id": 517525020
        },
        {
            "name": "Fallen Souls",
            "artist": "Ours",
            "id": 17734901
        },
        {
            "name": "Your Disease",
            "artist": "Palisades",
            "id": 26376193
        },
        {
            "name": "You",
            "artist": "tokyo blue weeps",
            "id": 854033
        },
        {
            "name": "That inferior feeling",
            "artist": "From Your Balcony",
            "id": 17800979
        },
        {
            "name": "Loneliness",
            "artist": "From Your Balcony",
            "id": 17800983
        },
        {
            "name": "Valentine",
            "artist": "From Your Balcony",
            "id": 17800981
        },
        {
            "name": "Hushing",
            "artist": "From Your Balcony",
            "id": 17800984
        },
        {
            "name": "Truth Be Told",
            "artist": "Phinehas",
            "id": 33333225
        },
        {
            "name": "Don't Lean on Me",
            "artist": "The Amity Affliction",
            "id": 28640255
        },
        {
            "name": "都一样",
            "artist": "地下婴儿",
            "id": 5278187
        },
        {
            "name": "声音",
            "artist": "岛屿心情",
            "id": 41659252
        },
        {
            "name": "Young Guns From the Mirror",
            "artist": "Return to Sender",
            "id": 510886288
        },
        {
            "name": "I'm A Monster",
            "artist": "Ours",
            "id": 17734903
        },
        {
            "name": "Ignite",
            "artist": "Life Awaits",
            "id": 404460673
        },
        {
            "name": "在正常中永生",
            "artist": "腰乐队",
            "id": 390568
        },
        {
            "name": "深行",
            "artist": "醒山AwakeMountains",
            "id": 574884146
        },
        {
            "name": "她",
            "artist": "醒山AwakeMountains",
            "id": 546848542
        },
        {
            "name": "世界",
            "artist": "寂寞.夏.日",
            "id": 361215
        },
        {
            "name": "录",
            "artist": "寂寞.夏.日",
            "id": 361192
        },
        {
            "name": "我与红梅",
            "artist": "寂寞.夏.日",
            "id": 361127
        },
        {
            "name": "一",
            "artist": "寂寞.夏.日",
            "id": 361129
        },
        {
            "name": "哑巴",
            "artist": "野外合作社",
            "id": 29740160
        },
        {
            "name": "乌木",
            "artist": "雪沉乐队",
            "id": 416385912
        },
        {
            "name": "你要不要吃哈密瓜",
            "artist": "告五人",
            "id": 511920318
        },
        {
            "name": "Sonsii",
            "artist": "九宝乐队",
            "id": 28258935
        },
        {
            "name": "400米",
            "artist": "Chinese Football",
            "id": 35678540
        },
        {
            "name": "你们是高墙",
            "artist": "五五身",
            "id": 495468116
        },
        {
            "name": "阿珍爱上了阿强",
            "artist": "五条人",
            "id": 447926025
        },
        {
            "name": "Lightning（イントロ～Aメロ）",
            "artist": "ストレイテナー",
            "id": 29460082
        },
        {
            "name": "Lamentos...",
            "artist": "Uaral",
            "id": 4406157
        },
        {
            "name": "Inside",
            "artist": "Bang Gang",
            "id": 16823339
        },
        {
            "name": "Do No Wrong",
            "artist": "Thirteen Senses",
            "id": 19282073
        },
        {
            "name": "Your Bravest Fight",
            "artist": "From Your Balcony",
            "id": 29809062
        },
        {
            "name": "Zombie",
            "artist": "The Cranberries",
            "id": 4330114
        },
        {
            "name": "See Me Fall",
            "artist": "Lady & Bird",
            "id": 2922578
        },
        {
            "name": "Everytime I Look in Your Eyes",
            "artist": "Bang Gang",
            "id": 16823356
        },
        {
            "name": "向下就是天空",
            "artist": "奇怪的日子乐队",
            "id": 371929
        },
        {
            "name": "Rust Inside",
            "artist": "惘闻",
            "id": 385365
        },
        {
            "name": "垂死的岁末",
            "artist": "惘闻",
            "id": 385400
        },
        {
            "name": "The Dark Side of the Moon",
            "artist": "Pink Floyd",
            "id": 31738245
        },
        {
            "name": "Smells Like Teen Spirit",
            "artist": "Nirvana",
            "id": 4208530
        },
        {
            "name": "Blut im Auge",
            "artist": "Equilibrium",
            "id": 17646051
        },
        {
            "name": "Seasons In The Sun",
            "artist": "Nirvana",
            "id": 29775439
        },
        {
            "name": "Welcome to the Machine",
            "artist": "Pink Floyd",
            "id": 4237914
        },
        {
            "name": "**** U",
            "artist": "Placebo",
            "id": 4235737
        },
        {
            "name": "Twenty Years",
            "artist": "Placebo",
            "id": 22557327
        },
        {
            "name": "148",
            "artist": "野外合作社",
            "id": 29740162
        },
        {
            "name": "空っぽの空に潰される",
            "artist": "amazarashi",
            "id": 22728969
        },
        {
            "name": "柠檬白兰地",
            "artist": "卧轨的火车（Railway Suicide Train)",
            "id": 434550135
        },
        {
            "name": "银湖",
            "artist": "卧轨的火车（Railway Suicide Train)",
            "id": 433682001
        },
        {
            "name": "Is Yesterday, Tomorrow, Today?",
            "artist": "Stereophonics",
            "id": 21723642
        },
        {
            "name": "In My Day",
            "artist": "Stereophonics",
            "id": 27311596
        },
        {
            "name": "Since I Told You It's Over",
            "artist": "Stereophonics",
            "id": 21723633
        },
        {
            "name": "Jets",
            "artist": "Blur",
            "id": 3951385
        },
        {
            "name": "No Surprises",
            "artist": "Radiohead",
            "id": 22497479
        },
        {
            "name": "For the Damaged",
            "artist": "Blonde Redhead",
            "id": 3950536
        },
        {
            "name": "breezeblocks",
            "artist": "Alt-J",
            "id": 28171824
        },
        {
            "name": "我还年轻 我还年轻",
            "artist": "老王乐队",
            "id": 509512457
        },
        {
            "name": "27",
            "artist": "Majik",
            "id": 481853407
        },
        {
            "name": "Wherever you are (Acoustic ver.)",
            "artist": "ONE OK ROCK",
            "id": 399341475
        },
        {
            "name": "昨天有人在厕所跌倒",
            "artist": "腰乐队",
            "id": 390570
        },
        {
            "name": "传子 (Because People Don't Need)",
            "artist": "舌头",
            "id": 376249
        },
        {
            "name": "揪心的玩笑与漫长的白日梦",
            "artist": "万能青年旅店",
            "id": 386829
        },
        {
            "name": "时光机器",
            "artist": "舌头",
            "id": 425298918
        },
        {
            "name": "舞步",
            "artist": "木马乐队",
            "id": 365600
        },
        {
            "name": "I Promise",
            "artist": "Radiohead",
            "id": 481859199
        },
        {
            "name": "Sweet Dreams (Are made of This)",
            "artist": "Marilyn Manson",
            "id": 4174272
        },
        {
            "name": "Explorers",
            "artist": "Muse",
            "id": 21255844
        },
        {
            "name": "Psycho",
            "artist": "Muse",
            "id": 30987150
        },
        {
            "name": "Unintended",
            "artist": "Muse",
            "id": 21256075
        },
        {
            "name": "Hysteria",
            "artist": "Muse",
            "id": 4173085
        },
        {
            "name": "Creep",
            "artist": "Radiohead",
            "id": 22605222
        },
        {
            "name": "Supremacy",
            "artist": "Muse",
            "id": 21255837
        },
        {
            "name": "Still in the Dark",
            "artist": "Aranda",
            "id": 3932076
        },
        {
            "name": "Bullet Proof ... I Wish I Was",
            "artist": "Radiohead",
            "id": 18795433
        },
        {
            "name": "A Wolf At the Door",
            "artist": "Radiohead",
            "id": 18795387
        },
        {
            "name": "How to Disappear Completely",
            "artist": "Radiohead",
            "id": 22559037
        },
        {
            "name": "Thinking About You",
            "artist": "Radiohead",
            "id": 22605225
        },
        {
            "name": "Exit Music (For a Film)",
            "artist": "Radiohead",
            "id": 22497473
        },
        {
            "name": "Fake Plastic Trees",
            "artist": "Radiohead",
            "id": 18795423
        },
        {
            "name": "Paranoid Android",
            "artist": "Radiohead",
            "id": 22497471
        },
        {
            "name": "Wish You Were Here",
            "artist": "Pink Floyd",
            "id": 4237923
        },
        {
            "name": "Brain Damage",
            "artist": "Pink Floyd",
            "id": 4238134
        },
        {
            "name": "High Hopes",
            "artist": "Pink Floyd",
            "id": 4235833
        },
        {
            "name": "Time",
            "artist": "Pink Floyd",
            "id": 4238109
        },
        {
            "name": "Get Me Down",
            "artist": "MONOEYES",
            "id": 33527024
        },
        {
            "name": "The Beginning",
            "artist": "ONE OK ROCK",
            "id": 26095964
        },
        {
            "name": "Cry Out",
            "artist": "ONE OK ROCK",
            "id": 34532193
        },
        {
            "name": "Start Again",
            "artist": "ONE OK ROCK",
            "id": 453185043
        },
        {
            "name": "NO SCARED",
            "artist": "ONE OK ROCK",
            "id": 794084
        },
        {
            "name": "Great Escape",
            "artist": "Kwoon",
            "id": 1621764
        },
        {
            "name": "十万嬉皮",
            "artist": "万能青年旅店",
            "id": 386837
        },
        {
            "name": "思疆调",
            "artist": "痛仰乐队",
            "id": 28949130
        },
        {
            "name": "四相",
            "artist": "痛仰乐队",
            "id": 439121264
        },
        {
            "name": "夜猫",
            "artist": "马赛克",
            "id": 454069877
        },
        {
            "name": "Darma Grand Prix",
            "artist": "RADWIMPS",
            "id": 28095556
        },
        {
            "name": "ブレス",
            "artist": "RADWIMPS",
            "id": 28095561
        },
        {
            "name": "Skin",
            "artist": "Sixx:A.M.",
            "id": 19167243
        }
    ]
}