{
    "playlist_info": {
        "name": "好运来呀好运来",
        "trackcount": 20,
        "playcount": 565495,
        "creator": "_苏北宸",
        "createDate": "2019-06-24",
        "heat": 384.0
    },
    "songs": [
        {
            "name": "春风十里报新年",
            "artist": "接个吻，开一枪",
            "id": 1413464902
        },
        {
            "name": "祝福你",
            "artist": "林子祥",
            "id": 5281399
        },
        {
            "name": "好运来",
            "artist": "祖海",
            "id": 333750
        },
        {
            "name": "喜盈门",
            "artist": "刘巾湲",
            "id": 473905644
        },
        {
            "name": "开门红",
            "artist": "汤灿",
            "id": 294570
        },
        {
            "name": "满堂红",
            "artist": "汤灿",
            "id": 5266162
        },
        {
            "name": "喜事登门",
            "artist": "张燕",
            "id": 338628
        },
        {
            "name": "好日子",
            "artist": "群星",
            "id": 5234276
        },
        {
            "name": "越来越好",
            "artist": "宋祖英",
            "id": 289064
        },
        {
            "name": "好梦成真",
            "artist": "汤灿",
            "id": 294550
        },
        {
            "name": "欢天喜地",
            "artist": "张燕",
            "id": 338534
        },
        {
            "name": "万事如意",
            "artist": "张也",
            "id": 330613
        },
        {
            "name": "考试之神",
            "artist": "Chance Lee",
            "id": 425100807
        },
        {
            "name": "步步高(民乐合奏)",
            "artist": "广东音乐专科学校教师乐队",
            "id": 5266659
        },
        {
            "name": "大埋鸿图 步步高升",
            "artist": "上海爱乐民乐团",
            "id": 380860
        },
        {
            "name": "好运来",
            "artist": "茶理理",
            "id": 1344152614
        },
        {
            "name": "天天好时光",
            "artist": "汤灿",
            "id": 294506
        },
        {
            "name": "胜利在召唤",
            "artist": "中国人民解放军军乐团",
            "id": 395237
        },
        {
            "name": "鞭炮齐鸣",
            "artist": "中国人民解放军军乐团",
            "id": 395299
        },
        {
            "name": "光荣的凯旋",
            "artist": "中国人民解放军军乐团",
            "id": 395573
        }
    ]
}