{
    "playlist_info": {
        "name": "夜的钢琴曲全集",
        "trackcount": 93,
        "playcount": 346349,
        "creator": "xhtxht19",
        "createDate": "2015-04-13",
        "heat": 115.0
    },
    "songs": [
        {
            "name": "飘落的云",
            "artist": "石进",
            "id": 1825882316
        },
        {
            "name": "诗与梦",
            "artist": "石进",
            "id": 1825882317
        },
        {
            "name": "何时再见",
            "artist": "石进",
            "id": 1825882318
        },
        {
            "name": "印迹 (纯乐版)",
            "artist": "石进",
            "id": 1825885969
        },
        {
            "name": "轻风恋舞",
            "artist": "石进",
            "id": 1825885970
        },
        {
            "name": "黑暗花园",
            "artist": "石进",
            "id": 1825885971
        },
        {
            "name": "时光之末",
            "artist": "石进",
            "id": 1825882319
        },
        {
            "name": "再见四季",
            "artist": "石进",
            "id": 1825885972
        },
        {
            "name": "扰人清梦",
            "artist": "石进",
            "id": 1825885973
        },
        {
            "name": "你住的城市下雨了",
            "artist": "石进",
            "id": 1825885974
        },
        {
            "name": "此去经年",
            "artist": "石进",
            "id": 1825885975
        },
        {
            "name": "陪着我的他",
            "artist": "石进",
            "id": 1825885976
        },
        {
            "name": "黑暗花园",
            "artist": "石进",
            "id": 1825881988
        },
        {
            "name": "被辜负的青春",
            "artist": "石进",
            "id": 1825882199
        },
        {
            "name": "男和女",
            "artist": "石进",
            "id": 1825885823
        },
        {
            "name": "夏语",
            "artist": "石进",
            "id": 1825885824
        },
        {
            "name": "无言的告别",
            "artist": "石进",
            "id": 1825882200
        },
        {
            "name": "隐没的天使",
            "artist": "石进",
            "id": 1825882201
        },
        {
            "name": "记得有人在等你",
            "artist": "石进",
            "id": 1825885825
        },
        {
            "name": "她的悲伤",
            "artist": "石进",
            "id": 1825882202
        },
        {
            "name": "致叶小安的信",
            "artist": "石进",
            "id": 1825885826
        },
        {
            "name": "铁塔下的舞会",
            "artist": "石进",
            "id": 1825885827
        },
        {
            "name": "冬吟",
            "artist": "石进",
            "id": 1825882203
        },
        {
            "name": "我们的婚礼",
            "artist": "石进",
            "id": 1825882204
        },
        {
            "name": "夜的晚安曲",
            "artist": "石进",
            "id": 1825885828
        },
        {
            "name": "就这样远远地看着你",
            "artist": "石进",
            "id": 34040502
        },
        {
            "name": "1981 (小提琴版)",
            "artist": "石进",
            "id": 34040503
        },
        {
            "name": "伤恋",
            "artist": "石进",
            "id": 34040507
        },
        {
            "name": "念念相忘",
            "artist": "石进",
            "id": 34040514
        },
        {
            "name": "回眸",
            "artist": "石进",
            "id": 34040518
        },
        {
            "name": "第七封情书",
            "artist": "石进",
            "id": 34040519
        },
        {
            "name": "秋逝",
            "artist": "石进",
            "id": 34040520
        },
        {
            "name": "乡念",
            "artist": "石进",
            "id": 34040521
        },
        {
            "name": "夜的钢琴曲5 (合奏版)",
            "artist": "石进",
            "id": 34040523
        },
        {
            "name": "一个人的时光",
            "artist": "石进",
            "id": 149222
        },
        {
            "name": "恍若如梦",
            "artist": "石进",
            "id": 149224
        },
        {
            "name": "街道的寂寞",
            "artist": "石进",
            "id": 149225
        },
        {
            "name": "雨葵",
            "artist": "石进",
            "id": 149227
        },
        {
            "name": "夜的钢琴曲(五)",
            "artist": "石进",
            "id": 149229
        },
        {
            "name": "可惜不是双鱼座",
            "artist": "石进",
            "id": 149232
        },
        {
            "name": "幸福时光",
            "artist": "石进",
            "id": 149235
        },
        {
            "name": "花的微笑",
            "artist": "石进",
            "id": 149238
        },
        {
            "name": "下雨时你会想起谁",
            "artist": "石进",
            "id": 149240
        },
        {
            "name": "隐形的思念",
            "artist": "石进",
            "id": 149242
        },
        {
            "name": "忆",
            "artist": "石进",
            "id": 149244
        },
        {
            "name": "1981",
            "artist": "石进",
            "id": 149247
        },
        {
            "name": "一封家书",
            "artist": "石进",
            "id": 149250
        },
        {
            "name": "惜别",
            "artist": "石进",
            "id": 149252
        },
        {
            "name": "倾诉",
            "artist": "石进",
            "id": 26524331
        },
        {
            "name": "初恋的美好",
            "artist": "石进",
            "id": 26524327
        },
        {
            "name": "叶小安",
            "artist": "石进",
            "id": 26524335
        },
        {
            "name": "回忆的温度",
            "artist": "石进",
            "id": 26524330
        },
        {
            "name": "夜的钢琴曲5(吉它版)",
            "artist": "石进",
            "id": 26524336
        },
        {
            "name": "忘了我爱你",
            "artist": "石进",
            "id": 26524333
        },
        {
            "name": "情人节的礼物",
            "artist": "石进",
            "id": 26524332
        },
        {
            "name": "春雾",
            "artist": "石进",
            "id": 26524328
        },
        {
            "name": "暗恋",
            "artist": "石进",
            "id": 26524324
        },
        {
            "name": "爱如烟花一瞬间",
            "artist": "石进",
            "id": 26524323
        },
        {
            "name": "白羊座的忧伤",
            "artist": "石进",
            "id": 26524325
        },
        {
            "name": "第101次约会",
            "artist": "石进",
            "id": 26524329
        },
        {
            "name": "被时光移动的城市",
            "artist": "石进",
            "id": 26524326
        },
        {
            "name": "这一程，情深缘浅",
            "artist": "石进",
            "id": 26524338
        },
        {
            "name": "遗忘",
            "artist": "石进",
            "id": 26524337
        },
        {
            "name": "夜的钢琴曲一",
            "artist": "石进",
            "id": 149285
        },
        {
            "name": "夜的钢琴曲二",
            "artist": "石进",
            "id": 149288
        },
        {
            "name": "夜的钢琴曲三",
            "artist": "石进",
            "id": 149291
        },
        {
            "name": "夜的钢琴曲四",
            "artist": "石进",
            "id": 149294
        },
        {
            "name": "夜的钢琴曲五",
            "artist": "石进",
            "id": 149297
        },
        {
            "name": "夜的钢琴曲六",
            "artist": "石进",
            "id": 149300
        },
        {
            "name": "夜的钢琴曲七",
            "artist": "石进",
            "id": 149303
        },
        {
            "name": "夜的钢琴曲八",
            "artist": "石进",
            "id": 149306
        },
        {
            "name": "夜的钢琴曲九",
            "artist": "石进",
            "id": 149309
        },
        {
            "name": "夜的钢琴曲十",
            "artist": "石进",
            "id": 149312
        },
        {
            "name": "夜的钢琴曲十一",
            "artist": "石进",
            "id": 149315
        },
        {
            "name": "夜的钢琴曲十二",
            "artist": "石进",
            "id": 149318
        },
        {
            "name": "夜的钢琴曲十三",
            "artist": "石进",
            "id": 149321
        },
        {
            "name": "夜的钢琴曲十四",
            "artist": "石进",
            "id": 149323
        },
        {
            "name": "夜的钢琴曲十五",
            "artist": "石进",
            "id": 149326
        },
        {
            "name": "夜的钢琴曲十六",
            "artist": "石进",
            "id": 149328
        },
        {
            "name": "夜的钢琴曲十七",
            "artist": "石进",
            "id": 149330
        },
        {
            "name": "夜的钢琴曲十八",
            "artist": "石进",
            "id": 149332
        },
        {
            "name": "夜的钢琴曲十九",
            "artist": "石进",
            "id": 149334
        },
        {
            "name": "夜的钢琴曲二十",
            "artist": "石进",
            "id": 149336
        },
        {
            "name": "夜的钢琴曲二十一",
            "artist": "石进",
            "id": 10308040
        },
        {
            "name": "夜的钢琴曲二十二",
            "artist": "石进",
            "id": 28176026
        },
        {
            "name": "夜的钢琴曲二十三",
            "artist": "石进",
            "id": 28176027
        },
        {
            "name": "夜的钢琴曲二十四",
            "artist": "石进",
            "id": 28176028
        },
        {
            "name": "夜的钢琴曲二十五",
            "artist": "石进",
            "id": 28176029
        },
        {
            "name": "夜的钢琴曲二十六",
            "artist": "石进",
            "id": 28176030
        },
        {
            "name": "夜的钢琴曲二十七",
            "artist": "石进",
            "id": 28176031
        },
        {
            "name": "夜的钢琴曲二十八",
            "artist": "石进",
            "id": 28176032
        },
        {
            "name": "夜的钢琴曲二十九",
            "artist": "石进",
            "id": 28176033
        },
        {
            "name": "夜的钢琴曲三十",
            "artist": "石进",
            "id": 28176034
        },
        {
            "name": "夜的钢琴曲三十一",
            "artist": "石进",
            "id": 28176035
        },
        {
            "name": "夜的钢琴曲：初恋的美好",
            "artist": "石进",
            "id": 149218
        },
        {
            "name": "夜的钢琴曲",
            "artist": "K. Williams",
            "id": 28718069
        }
    ]
}