{
    "playlist_info": {
        "name": "夏日系列｜一起登上我的宝藏乐队海岛",
        "trackcount": 45,
        "playcount": 355150,
        "creator": "雾月情书",
        "createDate": "2022-05-12",
        "heat": 861.0
    },
    "songs": [
        {
            "name": "总有一天你会出现在我身边",
            "artist": "棱镜乐队",
            "id": 1303027499
        },
        {
            "name": "夏日漱石 (Summer Cozy Rock)",
            "artist": "橘子海 (Orange Ocean)",
            "id": 1359818052
        },
        {
            "name": "简笔画",
            "artist": "红白色乐队",
            "id": 1843318997
        },
        {
            "name": "玻璃",
            "artist": "自由散漫乐团",
            "id": 478987241
        },
        {
            "name": "与海无关",
            "artist": "告五人",
            "id": 1807799506
        },
        {
            "name": "眼睛閃蝦惹",
            "artist": "康姆士COM'Z",
            "id": 1416840107
        },
        {
            "name": "银河迪厅",
            "artist": "房东的猫",
            "id": 1868874993
        },
        {
            "name": "送流水",
            "artist": "声音碎片乐队",
            "id": 1365208495
        },
        {
            "name": "一生能爱几个人",
            "artist": "新学校废物合唱团",
            "id": 1867237220
        },
        {
            "name": "别等了",
            "artist": "新学校废物合唱团",
            "id": 477428784
        },
        {
            "name": "散去的时候",
            "artist": "deca joins",
            "id": 1398899125
        },
        {
            "name": "浴室",
            "artist": "deca joins",
            "id": 483378334
        },
        {
            "name": "夏夜晚风",
            "artist": "deca joins",
            "id": 1451856375
        },
        {
            "name": "运河边的老栎树",
            "artist": "盘尼西林",
            "id": 447926571
        },
        {
            "name": "提坎库如克",
            "artist": "霓虹花园",
            "id": 1427184550
        },
        {
            "name": "初恋",
            "artist": "回春丹",
            "id": 1873049720
        },
        {
            "name": "霓虹甜心",
            "artist": "马赛克",
            "id": 1324880066
        },
        {
            "name": "想去海边",
            "artist": "夏日入侵企画",
            "id": 1413863166
        },
        {
            "name": "最后的乐队",
            "artist": "新裤子",
            "id": 1912944056
        },
        {
            "name": "今夜的江滩公园没有烟花跨年",
            "artist": "房东的猫",
            "id": 1437274865
        },
        {
            "name": "彩光",
            "artist": "白皮书乐队",
            "id": 1910715842
        },
        {
            "name": "仙儿",
            "artist": "二手玫瑰",
            "id": 27501008
        },
        {
            "name": "爱你就像习惯了叹息一样",
            "artist": "棱镜乐队",
            "id": 1473721137
        },
        {
            "name": "弹着吉他的少年",
            "artist": "新裤子",
            "id": 28267674
        },
        {
            "name": "瞬息间是夜晚",
            "artist": "盘尼西林",
            "id": 1385863147
        },
        {
            "name": "猛犸",
            "artist": "后海大鲨鱼",
            "id": 27510434
        },
        {
            "name": "夏夜迷语",
            "artist": "盘尼西林",
            "id": 561307882
        },
        {
            "name": "诗人的家",
            "artist": "鹿先森乐队",
            "id": 866018144
        },
        {
            "name": "失眠",
            "artist": "鹿先森乐队",
            "id": 439122548
        },
        {
            "name": "心要野",
            "artist": "后海大鲨鱼",
            "id": 406072138
        },
        {
            "name": "手捧一杯酒",
            "artist": "椅子乐团 The Chairs",
            "id": 574925504
        },
        {
            "name": "老鼠",
            "artist": "白皮书乐队",
            "id": 1321451882
        },
        {
            "name": "建议是看开点",
            "artist": "椅子乐团 The Chairs",
            "id": 536623692
        },
        {
            "name": "生而平凡",
            "artist": "棱镜乐队",
            "id": 1863421765
        },
        {
            "name": "西湖",
            "artist": "痛仰乐队",
            "id": 381849
        },
        {
            "name": "再见威尔逊",
            "artist": "霓虹花园",
            "id": 1490116284
        },
        {
            "name": "再见,再见",
            "artist": "逃跑计划",
            "id": 25706285
        },
        {
            "name": "玩具",
            "artist": "岛屿心情",
            "id": 41659256
        },
        {
            "name": "安阳",
            "artist": "痛仰乐队",
            "id": 381838
        },
        {
            "name": "公路之歌",
            "artist": "痛仰乐队",
            "id": 381825
        },
        {
            "name": "我爱你",
            "artist": "腰乐队",
            "id": 1409911804
        },
        {
            "name": "太阳可以是蓝色吗",
            "artist": "潮池蓝",
            "id": 1477576719
        },
        {
            "name": "再见琳尼尔",
            "artist": "新学校废物合唱团",
            "id": 485413811
        },
        {
            "name": "心静自然凉",
            "artist": "福禄寿FloruitShow",
            "id": 1818820556
        },
        {
            "name": "但我爱你",
            "artist": "霓虹花园",
            "id": 1383233361
        }
    ]
}