{
    "playlist_info": {
        "name": "声控『撩人声线』翻唱/说唱（持续更新",
        "trackcount": 403,
        "playcount": 12218954,
        "creator": "北冥南玖",
        "createDate": "2017-12-01",
        "heat": 6000.0
    },
    "songs": [
        {
            "name": "想见你想见你想见你 (Live版)",
            "artist": "张杰",
            "id": 2030766928
        },
        {
            "name": "在那之后",
            "artist": "缪礼丞",
            "id": 1992695240
        },
        {
            "name": "Die For You",
            "artist": "The Weeknd",
            "id": 442867526
        },
        {
            "name": "出现又离开 (Live)",
            "artist": "梁博",
            "id": 1363553440
        },
        {
            "name": "Nonsense (Sped Up Version)",
            "artist": "Sabrina Carpenter",
            "id": 1998281031
        },
        {
            "name": "滥俗的歌",
            "artist": "汉堡黄",
            "id": 1923210613
        },
        {
            "name": "爱如烈火",
            "artist": "Kui Kui",
            "id": 2024861332
        },
        {
            "name": "一定会再见吧",
            "artist": "队长",
            "id": 2029190676
        },
        {
            "name": "风驶过的声音是",
            "artist": "Zy",
            "id": 1982285682
        },
        {
            "name": "拉过勾的",
            "artist": "陆虎",
            "id": 26387325
        },
        {
            "name": "尘大师",
            "artist": "陈奕迅",
            "id": 2029137267
        },
        {
            "name": "声音",
            "artist": "YOUNG",
            "id": 2031085185
        },
        {
            "name": "铃声6",
            "artist": "驷不及舌-",
            "id": 1971759483
        },
        {
            "name": "距离中考还有",
            "artist": "Cock-yun",
            "id": 1940434861
        },
        {
            "name": "123",
            "artist": "SSr",
            "id": 2002753297
        },
        {
            "name": "Навсегда",
            "artist": "Akim",
            "id": 1485581779
        },
        {
            "name": "Creepin'",
            "artist": "Metro Boomin",
            "id": 2003576550
        },
        {
            "name": "Bioluminescent",
            "artist": "Croosh",
            "id": 1483145430
        },
        {
            "name": "To the Light",
            "artist": "A.CHAL",
            "id": 476598930
        },
        {
            "name": "For You",
            "artist": "Trevor Daniel",
            "id": 1317116097
        },
        {
            "name": "Pessimist",
            "artist": "Lithe",
            "id": 1439454471
        },
        {
            "name": "Down With Your Love",
            "artist": "Tinashe",
            "id": 419250255
        },
        {
            "name": "I Hate You So Much",
            "artist": "Alexander 23",
            "id": 1422619975
        },
        {
            "name": "Both Wrong",
            "artist": "Dawin",
            "id": 1848731675
        },
        {
            "name": "float",
            "artist": "sturling.",
            "id": 519935202
        },
        {
            "name": "飞船失事",
            "artist": "Tizzy T",
            "id": 1919218299
        },
        {
            "name": "狂恋",
            "artist": "GALI",
            "id": 1983464993
        },
        {
            "name": "噩梦 ",
            "artist": "Tizzy T",
            "id": 1844149003
        },
        {
            "name": "Lost ",
            "artist": "满舒克",
            "id": 479979029
        },
        {
            "name": "Die For Me",
            "artist": "Post Malone",
            "id": 1389015616
        },
        {
            "name": "Round Town (feat. Asiah)",
            "artist": "Adrian Daniel",
            "id": 1493625919
        },
        {
            "name": "peppermint",
            "artist": "Tommy Genesis",
            "id": 1838016954
        },
        {
            "name": "You",
            "artist": "Dee Plugg",
            "id": 1410965225
        },
        {
            "name": "太多的爱（too much）",
            "artist": "kinkis",
            "id": 1890733342
        },
        {
            "name": "You",
            "artist": "lilspirit",
            "id": 1422542448
        },
        {
            "name": "Super Freaky Girl",
            "artist": "Nicki Minaj",
            "id": 1971665079
        },
        {
            "name": "Message In A Bottle",
            "artist": "Global AzN",
            "id": 1305067044
        },
        {
            "name": "gone",
            "artist": "convolk",
            "id": 1803410723
        },
        {
            "name": "心，逃，亡",
            "artist": "Capper",
            "id": 1908081426
        },
        {
            "name": "2045",
            "artist": "LEGGO",
            "id": 1454978489
        },
        {
            "name": "隆里电丝 (Live)",
            "artist": "盛宇D-SHINE",
            "id": 1964443044
        },
        {
            "name": "EUPHORIA(亢奋)FEAT.那奇沃夫NarchyWolff",
            "artist": "kkluv",
            "id": 1923482413
        },
        {
            "name": "如果我们",
            "artist": "Udiggwhatiamsayin",
            "id": 1977332611
        },
        {
            "name": "轻描淡写",
            "artist": "抽口Choco",
            "id": 1958755090
        },
        {
            "name": "该死的泪",
            "artist": "罗言",
            "id": 1961262000
        },
        {
            "name": "杰尼龟",
            "artist": "Aioz",
            "id": 1960307795
        },
        {
            "name": "很多鸟陪我飞过太平洋",
            "artist": "罗言",
            "id": 1962142223
        },
        {
            "name": "White Tee",
            "artist": "Summer Walker",
            "id": 1461564106
        },
        {
            "name": "Can't Slow Down",
            "artist": "JAKE HOPE",
            "id": 1361744797
        },
        {
            "name": "Alone With You",
            "artist": "Ashlee",
            "id": 1361742328
        },
        {
            "name": "Rapapapa",
            "artist": "Rich Brian",
            "id": 1380100793
        },
        {
            "name": "I KNOW",
            "artist": "Nxlly",
            "id": 1912699494
        },
        {
            "name": "Drama (Inst.)",
            "artist": "BLOO",
            "id": 1818311661
        },
        {
            "name": "再等冬天(Memories)",
            "artist": "h3R3",
            "id": 1927693793
        },
        {
            "name": "想你知道",
            "artist": "余奥成Ace",
            "id": 1873679928
        },
        {
            "name": "不断Part2（h3R3 remix）",
            "artist": "h3R3",
            "id": 1425898822
        },
        {
            "name": "如果有一天",
            "artist": "曲甲",
            "id": 1466634255
        },
        {
            "name": "gamble (feat. demxntia)",
            "artist": "Alys",
            "id": 1842902461
        },
        {
            "name": "NxBody",
            "artist": "TheHxliday",
            "id": 1808465872
        },
        {
            "name": "ALL IN MY HEAD    ",
            "artist": "kkluv",
            "id": 1923483972
        },
        {
            "name": "我要",
            "artist": "会飞的Dua",
            "id": 1466045891
        },
        {
            "name": "都不懂",
            "artist": "step.jad依加",
            "id": 1833804846
        },
        {
            "name": "I Like Girls feat. Tyga",
            "artist": "Pleasure P",
            "id": 1311809814
        },
        {
            "name": "今晚有约吗",
            "artist": "阿彻",
            "id": 1869443707
        },
        {
            "name": "我想叫醒你啊kkluv",
            "artist": "kkluv",
            "id": 1452484710
        },
        {
            "name": "Two Days",
            "artist": "Marteen",
            "id": 517918738
        },
        {
            "name": "我和比奇堡的朋友们",
            "artist": "热水澡",
            "id": 1329228822
        },
        {
            "name": "I Love Girls",
            "artist": "Tyga",
            "id": 3241645
        },
        {
            "name": "Calling My Phone",
            "artist": "Lil Tjay",
            "id": 1833750250
        },
        {
            "name": "I Need U",
            "artist": "yaeow",
            "id": 1451622980
        },
        {
            "name": "Work (Derra Flip)",
            "artist": "Derra",
            "id": 426026646
        },
        {
            "name": "Come Around Me",
            "artist": "Justin Bieber",
            "id": 1496770948
        },
        {
            "name": "Intentions",
            "artist": "Justin Bieber",
            "id": 1478315568
        },
        {
            "name": "Rich *****",
            "artist": "Bankrol Hayden",
            "id": 1446219771
        },
        {
            "name": "Birthday Boy",
            "artist": "tobi lou",
            "id": 1313661954
        },
        {
            "name": "Blueberry Faygo",
            "artist": "Lil Mosey",
            "id": 1421434285
        },
        {
            "name": "Starboy (Sonny Alven Sunday Mix)",
            "artist": "Sonny Alven",
            "id": 458231428
        },
        {
            "name": "Don't Go",
            "artist": "ZIV",
            "id": 1805894365
        },
        {
            "name": "加了你的微信你不理我",
            "artist": "曲甲",
            "id": 1837268325
        },
        {
            "name": "Trip",
            "artist": "Jacquees",
            "id": 1342945970
        },
        {
            "name": "好像初恋",
            "artist": "马也_Crabbit",
            "id": 1919490896
        },
        {
            "name": "Mission",
            "artist": "高旭",
            "id": 1454188418
        },
        {
            "name": "FALL IN LOVE",
            "artist": "ICE杨长青",
            "id": 1372577502
        },
        {
            "name": "Hate me",
            "artist": "队长",
            "id": 1436303955
        },
        {
            "name": "爷的心禁止访问✩˚*•̩̩͙ʚ",
            "artist": "7copy",
            "id": 1803629897
        },
        {
            "name": "Love Is Dirty",
            "artist": "Capper",
            "id": 1904298814
        },
        {
            "name": "Stranger Things",
            "artist": "Joyner Lucas",
            "id": 540865840
        },
        {
            "name": "Girls Have Fun",
            "artist": "Tyga",
            "id": 1341509171
        },
        {
            "name": "bac095017ef95eb75424e4fa8ed38f39",
            "artist": "炒面 Worry",
            "id": 1414790937
        },
        {
            "name": "SMALL TALK",
            "artist": "Russ",
            "id": 1839812377
        },
        {
            "name": "柯博文",
            "artist": "Gold Child",
            "id": 1842022960
        },
        {
            "name": "11",
            "artist": "队长",
            "id": 1907766514
        },
        {
            "name": "Call You Tonight",
            "artist": "Whitney Houston",
            "id": 19827042
        },
        {
            "name": "Westcoast",
            "artist": "YULTRON",
            "id": 1387516693
        },
        {
            "name": "Downtown Baby",
            "artist": "BLOO",
            "id": 522631308
        },
        {
            "name": "mino 太阳-don’ t say I'm sorry（怯remix）（沙一汀EL / soul's boy(周圣逸） remix）",
            "artist": "沙一汀EL",
            "id": 1355658983
        },
        {
            "name": "Way Too Saucy",
            "artist": "Dawin",
            "id": 1401831839
        },
        {
            "name": "Wifey",
            "artist": "CAMO",
            "id": 1814806274
        },
        {
            "name": "Cool Girl (feat. BAER)",
            "artist": "BEAUZ",
            "id": 525239772
        },
        {
            "name": "FLIGHT MODE",
            "artist": "99 God",
            "id": 1853988796
        },
        {
            "name": "随身汀",
            "artist": "沙一汀EL",
            "id": 1386038739
        },
        {
            "name": "LOVE SHOT",
            "artist": "野生三十",
            "id": 1378420835
        },
        {
            "name": "3.5",
            "artist": "99 God",
            "id": 1851853304
        },
        {
            "name": "我要",
            "artist": "野生三十",
            "id": 1463165960
        },
        {
            "name": "kleinblue",
            "artist": "青米次仁",
            "id": 1853404806
        },
        {
            "name": "蓝色雨",
            "artist": "段弋",
            "id": 1874337691
        },
        {
            "name": "猎手",
            "artist": "段弋",
            "id": 1817370745
        },
        {
            "name": "Candy",
            "artist": "野生三十",
            "id": 1450883604
        },
        {
            "name": "I quit",
            "artist": "沙一汀EL",
            "id": 1398343388
        },
        {
            "name": "画（prod.by LORIN)",
            "artist": "Subs 张毅成",
            "id": 1390469652
        },
        {
            "name": "脱离",
            "artist": "沙一汀EL",
            "id": 1381791666
        },
        {
            "name": "圈套",
            "artist": "野生三十",
            "id": 1476139578
        },
        {
            "name": "孤勇者",
            "artist": "陈奕迅",
            "id": 1901371647
        },
        {
            "name": "造梦0520",
            "artist": "马也_Crabbit",
            "id": 1859621328
        },
        {
            "name": "哪里都是你",
            "artist": "队长",
            "id": 488249475
        },
        {
            "name": "罗生门（Follow）",
            "artist": "梨冻紧",
            "id": 1456890009
        },
        {
            "name": "๛",
            "artist": "Lil Dragon",
            "id": 1374819569
        },
        {
            "name": "所以你睡了没",
            "artist": "沙一汀EL",
            "id": 1449416890
        },
        {
            "name": "早点早点",
            "artist": "沙一汀EL",
            "id": 1432491214
        },
        {
            "name": "Hey Baby Abr",
            "artist": "那奇沃夫",
            "id": 1872177206
        },
        {
            "name": "黑怕蒙太奇",
            "artist": "XMASwu(吴骜)",
            "id": 1417481103
        },
        {
            "name": "清理一下吧",
            "artist": "刘思鉴",
            "id": 1823270594
        },
        {
            "name": "耗尽",
            "artist": "薛之谦",
            "id": 1498342485
        },
        {
            "name": "孩子气",
            "artist": "邓典",
            "id": 1849058248
        },
        {
            "name": "Diamonds On Me",
            "artist": "DaniLeigh",
            "id": 1495018290
        },
        {
            "name": "消失在夏天",
            "artist": "马也_Crabbit",
            "id": 1880192002
        },
        {
            "name": "Blessed (Prod. DJ Wes & Yung Moji)",
            "artist": "Croosh",
            "id": 1363898268
        },
        {
            "name": "大城小爱（片段版）",
            "artist": "宇翊",
            "id": 1867717931
        },
        {
            "name": "我们打着光脚在风车下跑，手上的狗尾巴草摇啊摇",
            "artist": "等一下就回家",
            "id": 1838505400
        },
        {
            "name": "red lips（被我蒙对）",
            "artist": "沙一汀EL",
            "id": 1456659704
        },
        {
            "name": "在你的身边",
            "artist": "盛哲",
            "id": 475479888
        },
        {
            "name": "STARZ",
            "artist": "Lyf Fx",
            "id": 1835685452
        },
        {
            "name": "满舒克/ JonyJ - LOST（Cai remix）",
            "artist": "Cai",
            "id": 567550834
        },
        {
            "name": "某年某月某天",
            "artist": "颜人中",
            "id": 1454723856
        },
        {
            "name": "呓语",
            "artist": "毛不易",
            "id": 1417862046
        },
        {
            "name": "Better Believe",
            "artist": "Belly",
            "id": 1863032448
        },
        {
            "name": "I will be a man (抒情版)",
            "artist": "黄钧泽",
            "id": 1480066850
        },
        {
            "name": "Forever",
            "artist": "Justin Bieber",
            "id": 1420971901
        },
        {
            "name": "Who Needs Love",
            "artist": "Trippie Redd",
            "id": 1404629875
        },
        {
            "name": "H.",
            "artist": "李子豪(HtFR)",
            "id": 1413522653
        },
        {
            "name": "不能说的秘密 (@歌手)",
            "artist": "曹杨Young",
            "id": 1843019396
        },
        {
            "name": "Down",
            "artist": "KUAN",
            "id": 1836819872
        },
        {
            "name": "伪装",
            "artist": "达芬奇",
            "id": 1863387755
        },
        {
            "name": "Drama",
            "artist": "BLOO",
            "id": 1818306437
        },
        {
            "name": "내가 담배 태울 때",
            "artist": "BLOO",
            "id": 1463595749
        },
        {
            "name": "Fairy Tale",
            "artist": "Guylaire",
            "id": 37820816
        },
        {
            "name": "人鱼的眼泪（翻自 EXO） ",
            "artist": "鲨鲨",
            "id": 1426947485
        },
        {
            "name": "으르렁 (Remix)",
            "artist": "Scotch VIP",
            "id": 410801240
        },
        {
            "name": "好啦",
            "artist": "空匪",
            "id": 1815365068
        },
        {
            "name": "呆我眼睛里",
            "artist": "张天枢",
            "id": 1450282110
        },
        {
            "name": "baby我还在",
            "artist": "EZ ForGame",
            "id": 1851011964
        },
        {
            "name": "忘不掉的你",
            "artist": "h3R3",
            "id": 1851652156
        },
        {
            "name": "高级爱情故事",
            "artist": "Ty.",
            "id": 1347134784
        },
        {
            "name": "带刺的玫瑰",
            "artist": "Ty.",
            "id": 1379907700
        },
        {
            "name": "Make You Feel My Love",
            "artist": "邓典",
            "id": 1455986642
        },
        {
            "name": "If You Leave, Unfinished",
            "artist": "x Stzzzy",
            "id": 1365183780
        },
        {
            "name": "迷恋你",
            "artist": "马也_Crabbit",
            "id": 1849334046
        },
        {
            "name": "不做你的朋友",
            "artist": "高旭",
            "id": 1494283005
        },
        {
            "name": "Party Girl",
            "artist": "StaySolidRocky",
            "id": 1442170830
        },
        {
            "name": "城市日记",
            "artist": "BigYear大年",
            "id": 1460874108
        },
        {
            "name": "爱不会绝迹",
            "artist": "林俊杰",
            "id": 108428
        },
        {
            "name": "美梦",
            "artist": "周公",
            "id": 1417125661
        },
        {
            "name": "Face Power (feat. Jackson Wang)",
            "artist": "KnowKnow",
            "id": 1408941728
        },
        {
            "name": "in the mood",
            "artist": "梁老师Tsong",
            "id": 1446396353
        },
        {
            "name": "여기저기거기",
            "artist": "Bumkey",
            "id": 1480366253
        },
        {
            "name": "Such a Fool",
            "artist": "George Nozuka",
            "id": 1378240
        },
        {
            "name": "Calling My Phone",
            "artist": "Lil Tjay",
            "id": 1819036135
        },
        {
            "name": "Promise",
            "artist": "HARIKIRI",
            "id": 1823305772
        },
        {
            "name": "小时光",
            "artist": "胡期皓",
            "id": 1824408437
        },
        {
            "name": "每次你一笑♡",
            "artist": "2Gouz",
            "id": 1368380538
        },
        {
            "name": "for ya（男声版）",
            "artist": "曲甲",
            "id": 1826228778
        },
        {
            "name": "只有我和你",
            "artist": "曲甲",
            "id": 1477385663
        },
        {
            "name": "Dancing in My Room",
            "artist": "347aidan",
            "id": 1486631924
        },
        {
            "name": "还是会想你",
            "artist": "林达浪",
            "id": 1827600686
        },
        {
            "name": "过家家",
            "artist": "赛文 & GOD",
            "id": 1806316644
        },
        {
            "name": "水星记",
            "artist": "郭顶",
            "id": 441491828
        },
        {
            "name": "Peaches（翻自 Justin Bieber）",
            "artist": "Kelly",
            "id": 1831090063
        },
        {
            "name": "Any Song (아무노래)",
            "artist": "野生三十",
            "id": 1416479690
        },
        {
            "name": "just friends",
            "artist": "keshi",
            "id": 524148577
        },
        {
            "name": "xoxosos",
            "artist": "keshi",
            "id": 1378191815
        },
        {
            "name": "过",
            "artist": "王嘉尔",
            "id": 1804879213
        },
        {
            "name": "没有意外",
            "artist": "蔡徐坤",
            "id": 1346079558
        },
        {
            "name": "Falling",
            "artist": "INTERSECTION",
            "id": 1385109619
        },
        {
            "name": "卸载",
            "artist": "刘思鉴",
            "id": 1818581946
        },
        {
            "name": "英雄 (Kick It, 영웅)（翻自 NCT 127） ",
            "artist": "野生三十",
            "id": 1428891065
        },
        {
            "name": "沉沦与遐想",
            "artist": "C.HØPE",
            "id": 1492584510
        },
        {
            "name": "错位时空",
            "artist": "艾辰",
            "id": 1808492017
        },
        {
            "name": "触碰不到的你",
            "artist": "余佳运",
            "id": 1454670699
        },
        {
            "name": "Put It Up",
            "artist": "Chris Brown",
            "id": 31517369
        },
        {
            "name": "一个人",
            "artist": "王嘉尔",
            "id": 1815918804
        },
        {
            "name": "就让",
            "artist": "呆呆破",
            "id": 1459905452
        },
        {
            "name": "因为我们在一起",
            "artist": "王一博",
            "id": 1429718147
        },
        {
            "name": "关机又关机",
            "artist": "YangYang",
            "id": 1811408619
        },
        {
            "name": "坠",
            "artist": "房子帆",
            "id": 1808326361
        },
        {
            "name": "收藏",
            "artist": "呆呆破",
            "id": 1496828617
        },
        {
            "name": "是想你的声音啊（说唱版）",
            "artist": "制造热搜",
            "id": 1492023926
        },
        {
            "name": "狐狸的童话",
            "artist": "Santa_SA",
            "id": 1815105886
        },
        {
            "name": "Last Christmas ",
            "artist": "段弋",
            "id": 1806979309
        },
        {
            "name": "不喜欢下雨天",
            "artist": "PIggy",
            "id": 1371046568
        },
        {
            "name": "散场",
            "artist": "呆呆破",
            "id": 1447253291
        },
        {
            "name": "漫话",
            "artist": "W8VES",
            "id": 1817716950
        },
        {
            "name": "Red & Yellow Remix",
            "artist": "KnowKnow",
            "id": 1492700023
        },
        {
            "name": "有些（胥睿阿抖音版）（翻自 颜人中）",
            "artist": "undefined:undefined",
            "id": 1470673804
        },
        {
            "name": "美丽的神话",
            "artist": "扶苏攻子",
            "id": 1490384746
        },
        {
            "name": "花.间.酒",
            "artist": "澄海伯伯",
            "id": 573615289
        },
        {
            "name": "说散就散(抖音版)",
            "artist": "李思源",
            "id": 1495496315
        },
        {
            "name": "三号线（吉他版）",
            "artist": "刘大壮",
            "id": 1497799734
        },
        {
            "name": "有幸",
            "artist": "王泽科",
            "id": 1391491741
        },
        {
            "name": "不在",
            "artist": "康嘉",
            "id": 1314680630
        },
        {
            "name": "爱存在（抖音版）（翻自 魏奇奇）",
            "artist": "如懿",
            "id": 1454687317
        },
        {
            "name": "奇迹再现",
            "artist": "来一碗老于",
            "id": 1472723985
        },
        {
            "name": "最酷的小孩",
            "artist": "坤木Joymo",
            "id": 1426703445
        },
        {
            "name": "沉醉的青丝 (想你 念你)",
            "artist": "曲甲",
            "id": 1489342321
        },
        {
            "name": "考其正 下雨天",
            "artist": "考其正",
            "id": 1433795646
        },
        {
            "name": "可惜不是你",
            "artist": "刘大壮",
            "id": 1424220262
        },
        {
            "name": "心安理得",
            "artist": "Kaysarofficial",
            "id": 1478982087
        },
        {
            "name": "剑伤（弹唱版）（翻自 李易峰）",
            "artist": "星川雨",
            "id": 1473224408
        },
        {
            "name": "Love In My Pocket",
            "artist": "Rich Brian",
            "id": 1473603737
        },
        {
            "name": "荡漾RIPPLES",
            "artist": "ICE杨长青",
            "id": 1447966613
        },
        {
            "name": "Don't Wanna Leave",
            "artist": "Jacob Latimore",
            "id": 1405997323
        },
        {
            "name": "茫",
            "artist": "李润祺",
            "id": 1495058484
        },
        {
            "name": "是想你的声音啊",
            "artist": "Vk",
            "id": 1484116280
        },
        {
            "name": "这里是杭州（LOVE PARADISE）",
            "artist": "TangoZ",
            "id": 1342808239
        },
        {
            "name": "GALA",
            "artist": "99 God",
            "id": 1455101010
        },
        {
            "name": "RAW",
            "artist": "99 God",
            "id": 1447521944
        },
        {
            "name": "情人",
            "artist": "Vk",
            "id": 1469313178
        },
        {
            "name": "我像一个傻瓜（Frowned blueface）",
            "artist": "河北Ye",
            "id": 1394997085
        },
        {
            "name": "ᵕ᷄≀ ̠˘",
            "artist": "Lil Dragon",
            "id": 1428396134
        },
        {
            "name": "2 SOON(合唱版）",
            "artist": "叶琼琳",
            "id": 1496064259
        },
        {
            "name": "败将（prod by GOAT MUSIC）",
            "artist": "ManhattanL43",
            "id": 1475702293
        },
        {
            "name": "欢",
            "artist": "苏琛",
            "id": 1383972145
        },
        {
            "name": "鱼",
            "artist": "冯政FireDrippin",
            "id": 1436575829
        },
        {
            "name": "忘不了的是你",
            "artist": "刘大壮",
            "id": 1453972194
        },
        {
            "name": "海底",
            "artist": "Vk",
            "id": 1806997091
        },
        {
            "name": "鲸落（钢琴版）（翻自 赵俊铭）",
            "artist": "赵俊铭",
            "id": 1459436775
        },
        {
            "name": "经济舱 (Live)",
            "artist": "Kafe.Hu",
            "id": 1487528112
        },
        {
            "name": "形容",
            "artist": "沈以诚",
            "id": 1336856864
        },
        {
            "name": "不懂事",
            "artist": "吴炳文",
            "id": 1437636100
        },
        {
            "name": "嗜好",
            "artist": "诺诺",
            "id": 1425996242
        },
        {
            "name": "要命",
            "artist": "茶茶",
            "id": 1347445635
        },
        {
            "name": "不怪她",
            "artist": "HARIKIRI",
            "id": 1462875618
        },
        {
            "name": "7 %",
            "artist": "XMASwu(吴骜)",
            "id": 1423241987
        },
        {
            "name": "读自",
            "artist": "刘思鉴",
            "id": 1451762098
        },
        {
            "name": "情人",
            "artist": "野生三十",
            "id": 1452942122
        },
        {
            "name": "有些",
            "artist": "颜人中",
            "id": 1406649619
        },
        {
            "name": "花花公子 (feat. step.jad)",
            "artist": "马思唯",
            "id": 1426022018
        },
        {
            "name": "只对你有感觉",
            "artist": "要不要买菜",
            "id": 1454732243
        },
        {
            "name": "官方回答",
            "artist": "田新宇",
            "id": 1456812464
        },
        {
            "name": "Before you break my heart",
            "artist": "李承陽",
            "id": 1456278509
        },
        {
            "name": "魔动闪霸：对手（翻自 Smelly D）",
            "artist": "李承陽",
            "id": 1456278270
        },
        {
            "name": "My Heart Will Go On",
            "artist": "满舒克",
            "id": 26524701
        },
        {
            "name": "Paris In The Rain (Hye Sung Remix)",
            "artist": "HYE SUNG",
            "id": 1313102152
        },
        {
            "name": "官方回答",
            "artist": "OWEN欧阳子文",
            "id": 1375640677
        },
        {
            "name": "你走",
            "artist": "李宗锦（松紧先生）",
            "id": 558071673
        },
        {
            "name": "Cunsl18",
            "artist": "OUHBOY",
            "id": 1366078131
        },
        {
            "name": "丢了你",
            "artist": "井胧",
            "id": 1442508316
        },
        {
            "name": "Love Is Gone (Acoustic)",
            "artist": "SLANDER",
            "id": 1401671455
        },
        {
            "name": "根本你不懂得爱我",
            "artist": "梁爽凉爽",
            "id": 1382985712
        },
        {
            "name": "唱作人2即兴（抖音）（翻自 颜人中）",
            "artist": "蟹老板要高冷",
            "id": 1455839260
        },
        {
            "name": "收敛",
            "artist": "不够",
            "id": 1435449062
        },
        {
            "name": "海底",
            "artist": "三块木头",
            "id": 1445670554
        },
        {
            "name": "野格",
            "artist": "TheFEEX凯撒",
            "id": 1397096046
        },
        {
            "name": "情人",
            "artist": "蔡徐坤",
            "id": 1450574147
        },
        {
            "name": "摩天大楼",
            "artist": "薛之谦",
            "id": 553543014
        },
        {
            "name": "우주를 줄게 (Live)",
            "artist": "HENRY刘宪华",
            "id": 1377290021
        },
        {
            "name": "Mr.Bentley（翻自 KnowKnow） ",
            "artist": "freedomfan",
            "id": 1435691051
        },
        {
            "name": "Darling",
            "artist": "空匪",
            "id": 1369034061
        },
        {
            "name": "与我无关（温柔少年版）（翻自 阿冗）",
            "artist": "毛亦周",
            "id": 1442096753
        },
        {
            "name": "与我无关",
            "artist": "诺诺",
            "id": 1442906080
        },
        {
            "name": "幸福了 然后呢",
            "artist": "吴炳文",
            "id": 1425896565
        },
        {
            "name": "晚安",
            "artist": "Moo-tracker",
            "id": 1430019981
        },
        {
            "name": "与我无关（抖音片段版）（翻自 阿冗）",
            "artist": "Moo-tracker",
            "id": 1441777185
        },
        {
            "name": "鱼仔",
            "artist": "吴炳文",
            "id": 1425898176
        },
        {
            "name": "告白",
            "artist": "吴炳文",
            "id": 1426715109
        },
        {
            "name": "love songs",
            "artist": "吴炳文",
            "id": 1425898600
        },
        {
            "name": "烟火里的尘埃",
            "artist": "华晨宇",
            "id": 29004400
        },
        {
            "name": "裂缝中的阳光",
            "artist": "林俊杰",
            "id": 25794009
        },
        {
            "name": "与我无关",
            "artist": "乔任梁",
            "id": 25640406
        },
        {
            "name": "美好事物（吉他弹唱）",
            "artist": "扶遥",
            "id": 1442889281
        },
        {
            "name": "小宇",
            "artist": "桃德李Todd Li",
            "id": 476659144
        },
        {
            "name": "你是我的眼（翻自 林宥嘉）",
            "artist": "罗之豪",
            "id": 467221569
        },
        {
            "name": "鱼仔",
            "artist": "桃德李Todd Li",
            "id": 1306857404
        },
        {
            "name": "MOM",
            "artist": "罗之豪",
            "id": 1434669543
        },
        {
            "name": "Beautiful",
            "artist": "IAN-T",
            "id": 862460559
        },
        {
            "name": "着迷",
            "artist": "MAREA",
            "id": 1310137029
        },
        {
            "name": "走心小卖家",
            "artist": "张雪飞",
            "id": 493784861
        },
        {
            "name": "泡沫",
            "artist": "Swang多雷",
            "id": 518682659
        },
        {
            "name": "KO KO BOP（抖音版）（翻自 EXO） ",
            "artist": "抖音热歌DJ",
            "id": 1423934094
        },
        {
            "name": "失眠症 Insomnia (抒情版) ",
            "artist": "姚智鑫",
            "id": 1408713927
        },
        {
            "name": "degauss-Walking in the Sun（姚智鑫 / IZZI remix）",
            "artist": "姚智鑫",
            "id": 1386522410
        },
        {
            "name": "我的果汁分你一半",
            "artist": "李金源",
            "id": 1422212205
        },
        {
            "name": "低空飞行（翻自 沈以诚） ",
            "artist": "李金源",
            "id": 1429805487
        },
        {
            "name": "I'M YOURS PT.2",
            "artist": "李金源",
            "id": 1426597717
        },
        {
            "name": "Space",
            "artist": "Famba",
            "id": 499465427
        },
        {
            "name": "‎・ࡇ・",
            "artist": "空匪",
            "id": 1381644279
        },
        {
            "name": "这只伶俐的棕色狐狸跳过一只懒惰的狗",
            "artist": "黑羊",
            "id": 502960453
        },
        {
            "name": "星星还是那么亮（翻自 爱如潮水） ",
            "artist": "王逸辰",
            "id": 1412572805
        },
        {
            "name": "You（=I）（翻自 脸红的思春期） ",
            "artist": "陈阳",
            "id": 1339240321
        },
        {
            "name": "有幸",
            "artist": "赵砚卿",
            "id": 1382423403
        },
        {
            "name": "蓝",
            "artist": "吴子琛",
            "id": 1429023233
        },
        {
            "name": "千禧",
            "artist": "王智豪",
            "id": 1398468598
        },
        {
            "name": "有一种悲伤（男版 电影《比悲伤更悲伤的故事》主题曲）（翻自 A-Lin） ",
            "artist": "马也_Crabbit",
            "id": 1352896581
        },
        {
            "name": "我的名字",
            "artist": "焦迈奇",
            "id": 554241732
        },
        {
            "name": "可惜不是你",
            "artist": "是你的垚",
            "id": 1425587051
        },
        {
            "name": "什么样的爱情",
            "artist": "野望绿川",
            "id": 1423753681
        },
        {
            "name": "肆无忌惮",
            "artist": "薛之谦",
            "id": 557581967
        },
        {
            "name": "我爱他",
            "artist": "孔柏森",
            "id": 1390065771
        },
        {
            "name": "永不失联的爱",
            "artist": "周兴哲",
            "id": 523250334
        },
        {
            "name": "方圆几里",
            "artist": "薛之谦",
            "id": 27955658
        },
        {
            "name": "下雨了",
            "artist": "薛之谦",
            "id": 32507039
        },
        {
            "name": "大眠（呆呆破 男版）",
            "artist": "呆呆破",
            "id": 1413143982
        },
        {
            "name": "泡沫Remix",
            "artist": "小肆",
            "id": 539014550
        },
        {
            "name": "达尔文",
            "artist": "薛飞superman",
            "id": 1308788681
        },
        {
            "name": "鱼仔",
            "artist": "是你的垚",
            "id": 1422303419
        },
        {
            "name": "50 Feet",
            "artist": "SoMo",
            "id": 526116053
        },
        {
            "name": "Yellow",
            "artist": "电鸟个灯泡",
            "id": 1397293557
        },
        {
            "name": "Nice Things",
            "artist": "Far East Movement",
            "id": 1415819768
        },
        {
            "name": "7Rings",
            "artist": "江镜Lea",
            "id": 1378816253
        },
        {
            "name": "孤身",
            "artist": "徐秉龙",
            "id": 1365393542
        },
        {
            "name": "你小行星带里的他",
            "artist": "桃德李Todd Li",
            "id": 1413340058
        },
        {
            "name": "房间",
            "artist": "洪雨雷",
            "id": 495542125
        },
        {
            "name": "太冲动的我",
            "artist": "JandZ",
            "id": 1404699798
        },
        {
            "name": "狂妄",
            "artist": "桃德李Todd Li",
            "id": 1318933384
        },
        {
            "name": "重生",
            "artist": "Badynow",
            "id": 1426611550
        },
        {
            "name": "等我回家",
            "artist": "薛之谦",
            "id": 27955652
        },
        {
            "name": "冬眠 王巨星",
            "artist": "王巨星",
            "id": 1418852960
        },
        {
            "name": "耿",
            "artist": "汪苏泷",
            "id": 1368327462
        },
        {
            "name": "第三人称",
            "artist": "桃德李Todd Li",
            "id": 453413861
        },
        {
            "name": "你走以后",
            "artist": "陈阳",
            "id": 1396377106
        },
        {
            "name": "夏末的歌",
            "artist": "桃德李Todd Li",
            "id": 1393632213
        },
        {
            "name": "晚安（片段）",
            "artist": "王泽科",
            "id": 1363972365
        },
        {
            "name": "断线",
            "artist": "Shang",
            "id": 496370620
        },
        {
            "name": "嚣张",
            "artist": "李艺皓",
            "id": 1388004789
        },
        {
            "name": "好梦",
            "artist": "黑呢",
            "id": 509108323
        },
        {
            "name": "耿",
            "artist": "千里狗",
            "id": 1374626245
        },
        {
            "name": "心安理得",
            "artist": "陈阳",
            "id": 1363592853
        },
        {
            "name": "画心 (男生版) ",
            "artist": "要不要买菜",
            "id": 1403783133
        },
        {
            "name": "愿",
            "artist": "千里狗",
            "id": 1379252766
        },
        {
            "name": "爱的回归线",
            "artist": "俞佳乐（猫桑）",
            "id": 1382623765
        },
        {
            "name": "只为你着迷",
            "artist": "李秉成",
            "id": 1320336229
        },
        {
            "name": "没有人心疼我",
            "artist": "王泽科",
            "id": 1377896834
        },
        {
            "name": "有幸",
            "artist": "易自豪",
            "id": 1394470823
        },
        {
            "name": "欧若拉",
            "artist": "夏苏烦",
            "id": 1411784809
        },
        {
            "name": "心似烟火（男版）",
            "artist": "马也_Crabbit",
            "id": 1407844799
        },
        {
            "name": "别渴望",
            "artist": "骆锦城",
            "id": 1425395465
        },
        {
            "name": "慢慢等",
            "artist": "迟柏林",
            "id": 1417136806
        },
        {
            "name": "多喜欢你",
            "artist": "肖老头",
            "id": 1402911969
        },
        {
            "name": "4U(吉他弹唱版）（翻自 Vinida万妮达） ",
            "artist": "陈阳",
            "id": 1376994010
        },
        {
            "name": "靠近一点点",
            "artist": "声沙",
            "id": 1418324311
        },
        {
            "name": "暖暖",
            "artist": "根根干嘛了",
            "id": 1421921807
        },
        {
            "name": "心做し",
            "artist": "Sou",
            "id": 39224533
        },
        {
            "name": "随想",
            "artist": "杜宣达",
            "id": 1419631318
        },
        {
            "name": "Baby don't cry（原唱：EXO M）",
            "artist": "金渽耶",
            "id": 466425831
        },
        {
            "name": "平行不交叉",
            "artist": "SupreCh",
            "id": 1379545732
        },
        {
            "name": "♡",
            "artist": "Yee",
            "id": 458943753
        },
        {
            "name": "Boring life",
            "artist": "茶乐",
            "id": 863687300
        },
        {
            "name": "love9",
            "artist": "江辰",
            "id": 525086802
        },
        {
            "name": "下坠Falling",
            "artist": "Corki刘宗鑫",
            "id": 1328146041
        },
        {
            "name": "You(=I)",
            "artist": "廖超俊",
            "id": 1316434237
        },
        {
            "name": "不打扰",
            "artist": "接个吻，开一枪",
            "id": 571338448
        },
        {
            "name": "最甜情歌",
            "artist": "毛亦周",
            "id": 1423260091
        },
        {
            "name": "R.",
            "artist": "推土机",
            "id": 1312608386
        },
        {
            "name": "撒野",
            "artist": "还没想好",
            "id": 1420751585
        },
        {
            "name": "ASK FOR?",
            "artist": "×",
            "id": 1336432941
        },
        {
            "name": "我 不 再 爱 你 了",
            "artist": "Badynow",
            "id": 1403726314
        },
        {
            "name": "你就是唯一（prod by red killer）",
            "artist": "老徐YeGer.",
            "id": 1418209743
        },
        {
            "name": "不值得",
            "artist": "陈阳",
            "id": 1377981143
        },
        {
            "name": "冬眠（温柔版）",
            "artist": "声沙",
            "id": 1417179928
        },
        {
            "name": "悬溺",
            "artist": "葛东琪",
            "id": 1397345903
        },
        {
            "name": "痴心绝对(吉他弹唱版）（翻自 李圣杰） ",
            "artist": "陈阳",
            "id": 1363592785
        },
        {
            "name": "你走以后",
            "artist": "王恩信Est",
            "id": 522943592
        },
        {
            "name": "心安理得 (完整版)(翻自 王天戈） ",
            "artist": "王泽科",
            "id": 1364197430
        },
        {
            "name": "归去来兮 (翻自 花粥) ",
            "artist": "杨子为",
            "id": 1367533490
        },
        {
            "name": "椿",
            "artist": "章智捷",
            "id": 1314334768
        },
        {
            "name": "옥탑방",
            "artist": "N.Flying",
            "id": 1336855544
        },
        {
            "name": "杏花路",
            "artist": "成Aw",
            "id": 1334901633
        },
        {
            "name": "太阳",
            "artist": "罗之豪",
            "id": 1391143381
        },
        {
            "name": "飘向北方",
            "artist": "麓七",
            "id": 1319077841
        },
        {
            "name": "祝你爱我到天荒地老",
            "artist": "颜人中",
            "id": 1369601580
        },
        {
            "name": "真实（Cover 张惠妹）",
            "artist": "走狗",
            "id": 490806318
        },
        {
            "name": "给你的糖",
            "artist": "桃德李Todd Li",
            "id": 1335166911
        },
        {
            "name": "月台（I'm Here）",
            "artist": "刘思鉴",
            "id": 1299682848
        },
        {
            "name": "写给黄淮（demo）",
            "artist": "邵帅",
            "id": 1306400549
        },
        {
            "name": "星球坠落 (Live)",
            "artist": "艾热 AIR",
            "id": 1296583188
        },
        {
            "name": "目不转睛",
            "artist": "王以太",
            "id": 546279760
        },
        {
            "name": "太久",
            "artist": "刘思鉴",
            "id": 1314154490
        },
        {
            "name": "For U.",
            "artist": "刘思鉴",
            "id": 1293900224
        },
        {
            "name": "地铁等待",
            "artist": "阳光开朗帅气大学生",
            "id": 1331364073
        },
        {
            "name": "红色高跟鞋",
            "artist": "杜航",
            "id": 864043623
        },
        {
            "name": "越来越不懂",
            "artist": "麓七",
            "id": 1307598522
        },
        {
            "name": "魔鬼中的天使",
            "artist": "隔壁老樊",
            "id": 1296590092
        },
        {
            "name": "我们俩",
            "artist": "郭顶",
            "id": 85571
        },
        {
            "name": "I Wanna(我想)(Live)",
            "artist": "余佳运",
            "id": 473404348
        },
        {
            "name": "谁（Cover 廖俊涛）",
            "artist": "Cosy",
            "id": 504924216
        },
        {
            "name": "岑宁儿 - 追光者Remix-（我在你身后）（罗之豪 remix）",
            "artist": "罗之豪",
            "id": 552512217
        },
        {
            "name": "男孩（Cover 梁博）",
            "artist": "三无男孩",
            "id": 480271578
        },
        {
            "name": "love yourself",
            "artist": "麓七",
            "id": 440353798
        },
        {
            "name": "白羊",
            "artist": "徐秉龙",
            "id": 514761281
        },
        {
            "name": "星火",
            "artist": "黑崎子",
            "id": 504938724
        },
        {
            "name": "谁（翻自 廖俊涛）",
            "artist": "黄唯铭",
            "id": 501590426
        },
        {
            "name": "晨",
            "artist": "黑呢",
            "id": 484789926
        },
        {
            "name": "安眠药（Cover 张禄籴）",
            "artist": "黑呢",
            "id": 438431400
        },
        {
            "name": "扑倒汉子",
            "artist": "夏宁鸽",
            "id": 498561447
        }
    ]
}