{
    "playlist_info": {
        "name": "喪系 纯音乐‖又下了一整夜的雨",
        "trackcount": 40,
        "playcount": 333646,
        "creator": "RONIN-MUSIC",
        "createDate": "2021-08-11",
        "heat": 486.0
    },
    "songs": [
        {
            "name": "大雾之中",
            "artist": "FRESH_ye",
            "id": 1877724333
        },
        {
            "name": "\"何必放弃明天\"",
            "artist": "FRESH_ye",
            "id": 1825317486
        },
        {
            "name": "忆夏思乡",
            "artist": "MoreanP",
            "id": 506650377
        },
        {
            "name": "Feeling The Rain",
            "artist": "MoreanP",
            "id": 496774187
        },
        {
            "name": "WHITE ALBUM PIANO",
            "artist": "石川真也",
            "id": 32303027
        },
        {
            "name": "Rain",
            "artist": "DK",
            "id": 5297428
        },
        {
            "name": "雨夜",
            "artist": "四季音色",
            "id": 410181618
        },
        {
            "name": "城南花已开",
            "artist": "三亩地",
            "id": 468176711
        },
        {
            "name": "Rain after Summer",
            "artist": "羽肿",
            "id": 430685732
        },
        {
            "name": "My Soul",
            "artist": "July",
            "id": 5308028
        },
        {
            "name": "The Right Path",
            "artist": "Thomas Greenberg",
            "id": 2061452
        },
        {
            "name": "Journey",
            "artist": "Capo Productions",
            "id": 16846088
        },
        {
            "name": "You",
            "artist": "Approaching Nirvana",
            "id": 3932159
        },
        {
            "name": "Aurora (The Calm II)",
            "artist": "Soulostar",
            "id": 1993738
        },
        {
            "name": "Kyrie",
            "artist": "無力P",
            "id": 539083
        },
        {
            "name": "账号已注销",
            "artist": "流浪星球",
            "id": 539642909
        },
        {
            "name": "River Flows In You",
            "artist": "Martin Ermen",
            "id": 20110049
        },
        {
            "name": "NEXT TO YOU -Rhodes Version-",
            "artist": "Ken Arai",
            "id": 34509509
        },
        {
            "name": "Fell for U",
            "artist": "Noicybino",
            "id": 39635710
        },
        {
            "name": "A Story of Fate",
            "artist": "Jannik",
            "id": 512989806
        },
        {
            "name": "The truth that you leave",
            "artist": "Pianoboy高至豪",
            "id": 139774
        },
        {
            "name": "死在旋转公寓",
            "artist": "发光曲线",
            "id": 356760
        },
        {
            "name": "冬之韵",
            "artist": "文武贝",
            "id": 40249973
        },
        {
            "name": "青空",
            "artist": "Candy_Wind",
            "id": 32717172
        },
        {
            "name": "쓰레기 (Inst.)",
            "artist": "河佑镇",
            "id": 29378656
        },
        {
            "name": "what for?",
            "artist": "sAr",
            "id": 25731432
        },
        {
            "name": "Il Mostro",
            "artist": "Ashram",
            "id": 16494139
        },
        {
            "name": "Outro",
            "artist": "Mili",
            "id": 28921691
        },
        {
            "name": "Where are you",
            "artist": "AniFace",
            "id": 453843751
        },
        {
            "name": "Asphyxia",
            "artist": "逆时针向",
            "id": 454035505
        },
        {
            "name": "当安静的公园披上了夜网, 东方的夜莺徒然向玫瑰花歌唱",
            "artist": "饭碗的彼岸",
            "id": 435307995
        },
        {
            "name": "Farewell（Piano Solo）",
            "artist": "十指流玉",
            "id": 491365293
        },
        {
            "name": "以一种假装放荡的矜持　与你告别",
            "artist": "Cicada",
            "id": 350145
        },
        {
            "name": "Illusionary Daytime",
            "artist": "Shirfine",
            "id": 28907016
        },
        {
            "name": "远い",
            "artist": "梓黎",
            "id": 1361492122
        },
        {
            "name": "The rain",
            "artist": "Vsun",
            "id": 493950499
        },
        {
            "name": "Grace",
            "artist": "Jannik",
            "id": 528423473
        },
        {
            "name": "Heart Linked",
            "artist": "Jannik",
            "id": 423058298
        },
        {
            "name": "風の住む街",
            "artist": "磯村由紀子",
            "id": 586299
        },
        {
            "name": "雨幕",
            "artist": "灵空音乐",
            "id": 411356494
        }
    ]
}