{
    "playlist_info": {
        "name": "喉轮 throat chakra/visuddha【全】",
        "trackcount": 94,
        "playcount": 31721,
        "creator": "宇宙中转站",
        "createDate": "2020-01-04",
        "heat": 24.0
    },
    "songs": [
        {
            "name": "喉轮种子音",
            "artist": "疗煜之後",
            "id": 2033446555
        },
        {
            "name": "Throat Chakra Vishuddha Activation & Healing Meditation Music with Tibetan Bowls",
            "artist": "Mindvellous",
            "id": 1360771897
        },
        {
            "name": "Throat Chakra",
            "artist": "Marc Edward",
            "id": 1859898738
        },
        {
            "name": "Throat Chakra",
            "artist": "Zeynep Huzur",
            "id": 1471785503
        },
        {
            "name": "Throat Chakra",
            "artist": "Sircab Music",
            "id": 1481056912
        },
        {
            "name": "Throat Chakra",
            "artist": "Anzy",
            "id": 565331979
        },
        {
            "name": "Throat Chakra",
            "artist": "Madeleine Ley",
            "id": 538937441
        },
        {
            "name": "Throat Chakra",
            "artist": "Ohm2018",
            "id": 1366404616
        },
        {
            "name": "Throat Chakra",
            "artist": "Jay Emmanuel",
            "id": 1914281761
        },
        {
            "name": "Throat Chakra",
            "artist": "Chakradance",
            "id": 567497638
        },
        {
            "name": "Throat Chakra",
            "artist": "ThunderBeat",
            "id": 32142228
        },
        {
            "name": "Throat Chakra",
            "artist": "Alan Roubik",
            "id": 1367092703
        },
        {
            "name": "Throat Chakra 192 Hz",
            "artist": "Relaxation Meditation Songs Divine",
            "id": 1311222864
        },
        {
            "name": "Vishuddha (Throat Chakra)",
            "artist": "Chakra Healing Music Academy",
            "id": 1852535432
        },
        {
            "name": "Throat Chakra Activation",
            "artist": "Chakra Healing Music Academy",
            "id": 1901512384
        },
        {
            "name": "Fifth Visudha",
            "artist": "Opening Chakras Sanctuary",
            "id": 1824271031
        },
        {
            "name": "Throat Chakra",
            "artist": "Meditation Atmospheres",
            "id": 1368695644
        },
        {
            "name": "Vishuddha",
            "artist": "Kali",
            "id": 1884428113
        },
        {
            "name": "Vishuddha",
            "artist": "Piero Ponzo",
            "id": 1449546981
        },
        {
            "name": "Chakra Of Expression - Original",
            "artist": "Ravi Chawla",
            "id": 18449557
        },
        {
            "name": "Throat Chakra",
            "artist": "Jimmy DeHart Sr",
            "id": 1867792666
        },
        {
            "name": "741 Hz The Throat Chakra Sync",
            "artist": "Matheiu",
            "id": 1896260900
        },
        {
            "name": "觉醒 (741赫兹)",
            "artist": "贵族音乐ASMR",
            "id": 1807844854
        },
        {
            "name": "Throat Chakra (396hz) [Melody]",
            "artist": "Ted Winslow",
            "id": 1436303081
        },
        {
            "name": "Blue",
            "artist": "Chakra Meditation Specialists",
            "id": 1877722023
        },
        {
            "name": "Throat Chakra",
            "artist": "Chakra Meditation Specialists",
            "id": 1877722010
        },
        {
            "name": "Blue - Throat Chakra",
            "artist": "Ben Tavera King",
            "id": 564892152
        },
        {
            "name": "Throat Chakra",
            "artist": "Ben Tavera King",
            "id": 564891515
        },
        {
            "name": "Throat - Blue (descending)",
            "artist": "Andy Bramhill",
            "id": 1369952006
        },
        {
            "name": "Throat - Blue (ascending)",
            "artist": "Andy Bramhill",
            "id": 1369952003
        },
        {
            "name": "Visudda",
            "artist": "Himalayan Singing Bowl Centre",
            "id": 1442121395
        },
        {
            "name": "Blue Sapphire (Throat Chakra)",
            "artist": "Phil Thornton",
            "id": 569274163
        },
        {
            "name": "741Hz - Extremely Powerful Study Tone (Solving Problems, Studying)",
            "artist": "Solfeggio Frequencies 528Hz",
            "id": 1326014472
        },
        {
            "name": "Vishuddha Chakra Meditation",
            "artist": "Cosmo Welfare",
            "id": 1848445991
        },
        {
            "name": "Singing Bowls Throat Chakra",
            "artist": "Rebecca Reads Recordings",
            "id": 1497724361
        },
        {
            "name": "Throat Chakra Note G",
            "artist": "Rebecca Reads Recordings",
            "id": 1498727720
        },
        {
            "name": "Throat Chakra: Vishuddha",
            "artist": "Jamie Llewellyn",
            "id": 558691507
        },
        {
            "name": "Chakra Visuddha, Pt. 1",
            "artist": "Gaetano Vivo",
            "id": 502370947
        },
        {
            "name": "Chakra Visuddha, Pt. 2",
            "artist": "Gaetano Vivo",
            "id": 502370948
        },
        {
            "name": "Mercury (Budha Mix 141.27Hz) [Throat Chakra Gemini and the 3rd House]",
            "artist": "David May",
            "id": 1352720918
        },
        {
            "name": "Throat Chakra Clearing For Clear Communication",
            "artist": "Danielle Dove",
            "id": 1393399660
        },
        {
            "name": "Day 10: Throat Chakra Seed Mantra (Ham)",
            "artist": "Meditative Mind",
            "id": 1346513480
        },
        {
            "name": "喉轮",
            "artist": "群星",
            "id": 436346725
        },
        {
            "name": "741 (Cultivating Intuition)",
            "artist": "Earthcry",
            "id": 27669976
        },
        {
            "name": "Throat Chakra",
            "artist": "Gomer Edwin Evans",
            "id": 493921104
        },
        {
            "name": "5th Chakra Keynote G (blue)",
            "artist": "Steven Halpern",
            "id": 1466544949
        },
        {
            "name": "Vishuddi",
            "artist": "Oliver Wakeman",
            "id": 568778133
        },
        {
            "name": "5th Vishudda: Throat Chakra (141.21 Hz)",
            "artist": "Emmanuele Landini",
            "id": 1301628931
        },
        {
            "name": "Throat Chakra",
            "artist": "Chakra Music Zone",
            "id": 1436400953
        },
        {
            "name": "自由 - 741Hz",
            "artist": "林有三",
            "id": 1352915167
        },
        {
            "name": "Solfeggio 741 hz 5th THROAT CHAKRA - Consciousness Expansion Detox Cleanse Aura Remove INFECTIONS VIRUS BACTERIA Quantum Scalar Waves",
            "artist": "Complete Brainwave Therapy System",
            "id": 1394350707
        },
        {
            "name": "Vox Magica",
            "artist": "Glen Velez",
            "id": 1401199
        },
        {
            "name": "Voices",
            "artist": "Glen Velez",
            "id": 1401301
        },
        {
            "name": "喉轮",
            "artist": "风潮音乐",
            "id": 5279501
        },
        {
            "name": "Shamballa",
            "artist": "Aeoliah",
            "id": 16310534
        },
        {
            "name": "Throat Chakra",
            "artist": "ThunderBeat",
            "id": 33262831
        },
        {
            "name": "Musik für das Hals-Chakra",
            "artist": "风潮音乐",
            "id": 5279493
        },
        {
            "name": "Vishuddha",
            "artist": "Anjey Satori",
            "id": 1066892
        },
        {
            "name": "Throat Chakra Vocal",
            "artist": "Jane Winther",
            "id": 562600339
        },
        {
            "name": "Sounds4 Throat Chakra",
            "artist": "Jane Winther",
            "id": 562600343
        },
        {
            "name": "Vishuddha Chakra",
            "artist": "Guna Sangah",
            "id": 17909714
        },
        {
            "name": "Throat - Stillness",
            "artist": "Perry Wood",
            "id": 1867093
        },
        {
            "name": "Throat Chakra",
            "artist": "Aetherium",
            "id": 564590597
        },
        {
            "name": "Throat Chakra",
            "artist": "Massage Tribe",
            "id": 561193305
        },
        {
            "name": "Communication",
            "artist": "Massage Tribe",
            "id": 561192955
        },
        {
            "name": "5th Chakra: G",
            "artist": "Steven Halpern",
            "id": 556399437
        },
        {
            "name": "5th Chakra: G 3.0",
            "artist": "Steven Halpern",
            "id": 556398434
        },
        {
            "name": "5th Chakra: Keynote G - Chakra Suite (Solo Electric Piano Plus Synths)",
            "artist": "Steven Halpern",
            "id": 19073671
        },
        {
            "name": "5th Chakra: Keynote G - Spectrum Suite (Solo Electric Piano)",
            "artist": "Steven Halpern",
            "id": 19073681
        },
        {
            "name": "5th Chakra: Vishuddha (Pale Blue/Ham)",
            "artist": "Deepak Chopra",
            "id": 1278857
        },
        {
            "name": "Throat Chakra",
            "artist": "Peter Kater",
            "id": 862862636
        },
        {
            "name": "Throat Chakra",
            "artist": "Tony O'Connor",
            "id": 3597046
        },
        {
            "name": "Throat Chakra",
            "artist": "Compassion Sound Healers",
            "id": 1389742770
        },
        {
            "name": "Sound Chakra, Part 2",
            "artist": "David & Steve Gordon",
            "id": 1335134053
        },
        {
            "name": "5th Chakra / Vishudda",
            "artist": "David & Steve Gordon with Sequoia Artists",
            "id": 1304692140
        },
        {
            "name": "Sound Chakra, Part 1",
            "artist": "David & Steve Gordon",
            "id": 1335134048
        },
        {
            "name": "741 Hz - Solutions and Expression",
            "artist": "Swami Rama",
            "id": 541868684
        },
        {
            "name": "Throat Chakra (Vishudda)",
            "artist": "Llewellyn",
            "id": 1661378
        },
        {
            "name": "Throat Chakra",
            "artist": "Llewellyn",
            "id": 1662775
        },
        {
            "name": "Temple Throat Chakra",
            "artist": "Llewellyn",
            "id": 533162243
        },
        {
            "name": "Vishuddha - Throat Chakra",
            "artist": "Llewellyn",
            "id": 560044219
        },
        {
            "name": "Throat Chakra",
            "artist": "Merlin's Magic",
            "id": 4188287
        },
        {
            "name": "Throat Chakra",
            "artist": "Dean Evenson",
            "id": 1262403
        },
        {
            "name": "Throat Chakra-Communication(Regular)",
            "artist": "Ben Scott",
            "id": 1140045
        },
        {
            "name": "Throat Chakra(Singing Bowl Only)",
            "artist": "Ben Scott",
            "id": 1140088
        },
        {
            "name": "Throat",
            "artist": "Chakuna Machi Asa",
            "id": 1385157478
        },
        {
            "name": "Throat Chakra - Communication Light Blue (Vishuddha Chakra)",
            "artist": "Chakra Meditation Specialists",
            "id": 1312106814
        },
        {
            "name": "Spirit Voices (Throat Chakra)",
            "artist": "Gwen Tuesday",
            "id": 18560615
        },
        {
            "name": "The Throat Center",
            "artist": "Andi Goldman",
            "id": 563091531
        },
        {
            "name": "The Throat Center",
            "artist": "Andi Goldman",
            "id": 563092058
        },
        {
            "name": "Language Of Light",
            "artist": "Jonathan Goldman",
            "id": 32711762
        },
        {
            "name": "Voice of Tomorrow",
            "artist": "Jonathan Goldman",
            "id": 18560675
        },
        {
            "name": "The Throat Center",
            "artist": "Jonathan Goldman",
            "id": 1568182
        },
        {
            "name": "Throat Chakra - Egyptian Blue",
            "artist": "Jonathan Goldman",
            "id": 1568016
        }
    ]
}