{
    "playlist_info": {
        "name": "假面骑士(仮面ライダー)主题曲OP/ED集",
        "trackcount": 62,
        "playcount": 5057886,
        "creator": "uni_minun",
        "createDate": "2016-12-13",
        "heat": 2117.0
    },
    "songs": [
        {
            "name": "Trust・Last (『仮面ライダーギーツ』主題歌)",
            "artist": "倖田來未",
            "id": 2025199399
        },
        {
            "name": "liveDevil",
            "artist": "Da-iCE",
            "id": 1905011521
        },
        {
            "name": "仮面ライダーセイバー",
            "artist": "東京スカパラダイスオーケストラ",
            "id": 1823299260
        },
        {
            "name": "ALMIGHTY～仮面の約束",
            "artist": "東京スカパラダイスオーケストラ",
            "id": 1823299257
        },
        {
            "name": "REAL×EYEZ",
            "artist": "J",
            "id": 1482187658
        },
        {
            "name": "Over \"Quartzer\"",
            "artist": "末吉秀太",
            "id": 1361997681
        },
        {
            "name": "Be The One",
            "artist": "PANDORA",
            "id": 573168941
        },
        {
            "name": "DIE SET DOWN",
            "artist": "小林太郎",
            "id": 480409568
        },
        {
            "name": "EXCITE",
            "artist": "三浦大知",
            "id": 503127102
        },
        {
            "name": "Armour Zone",
            "artist": "小林太郎",
            "id": 418708145
        },
        {
            "name": "我ら思う、故に我ら在り",
            "artist": "氣志團",
            "id": 41645781
        },
        {
            "name": "SURPRISE-DRIVE",
            "artist": "松岡充",
            "id": 29751409
        },
        {
            "name": "JUST LIVE MORE",
            "artist": "湘南乃風",
            "id": 1361997680
        },
        {
            "name": "LIFE IS SHOW TIME",
            "artist": "鬼龍院翔",
            "id": 409326070
        },
        {
            "name": "Switch On!",
            "artist": "土屋アンナ",
            "id": 1362000585
        },
        {
            "name": "Anything Goes! (「仮面ライダーオーズ/000」)",
            "artist": "大黒摩季",
            "id": 38689229
        },
        {
            "name": "W-B-X ~W-Boiled Extreme~",
            "artist": "上木彩矢",
            "id": 22809341
        },
        {
            "name": "Journey through the Decade",
            "artist": "GACKT",
            "id": 421997
        },
        {
            "name": "Break the Chain (「仮面ライダーキバ」)",
            "artist": "Tourbillon",
            "id": 38689234
        },
        {
            "name": "Chosen Soldier",
            "artist": "ISSA",
            "id": 461124793
        },
        {
            "name": "Climax Jump DEN-LINER form (「仮面ライダー電王」)",
            "artist": "関俊彦",
            "id": 38689248
        },
        {
            "name": "Climax Jump",
            "artist": "AAA DEN-O form",
            "id": 1361997670
        },
        {
            "name": "NEXT LEVEL (「仮面ライダーカブト」)",
            "artist": "YU-KI",
            "id": 38689256
        },
        {
            "name": "Bright! our Future",
            "artist": "DA PUMP",
            "id": 22638220
        },
        {
            "name": "始まりの君へ (『仮面ライダー响鬼』)",
            "artist": "布施明",
            "id": 4968869
        },
        {
            "name": "少年よ (『仮面ライダー响鬼』)",
            "artist": "布施明",
            "id": 4968868
        },
        {
            "name": "輝",
            "artist": "佐橋俊彦",
            "id": 4968867
        },
        {
            "name": "ELEMENTS (『仮面ライダー剣』)",
            "artist": "RIDER CHIPS",
            "id": 4968865
        },
        {
            "name": "Round ZERO~BLADE BRAVE~",
            "artist": "相川七瀬",
            "id": 4968862
        },
        {
            "name": "JustiΦ’S (『仮面ライダー555』)",
            "artist": "ISSA",
            "id": 4968858
        },
        {
            "name": "Alive A life",
            "artist": "松本梨香",
            "id": 4968854
        },
        {
            "name": "仮面ライダーAGITO~24.7 version~",
            "artist": "石原慎一",
            "id": 450553689
        },
        {
            "name": "青空になる",
            "artist": "橋本仁",
            "id": 35804916
        },
        {
            "name": "心つなぐ愛",
            "artist": "高尾直樹",
            "id": 447925575
        },
        {
            "name": "愛が止まらない",
            "artist": "Infix",
            "id": 443876750
        },
        {
            "name": "Forever",
            "artist": "渡辺典子",
            "id": 467952379
        },
        {
            "name": "誰かが君を愛してる",
            "artist": "宮内タカユキ",
            "id": 444058093
        },
        {
            "name": "仮面ライダーBLACK RX",
            "artist": "宮内タカユキ",
            "id": 444058092
        },
        {
            "name": "Long Long ago, 20th Century",
            "artist": "坂井紀雄",
            "id": 468819837
        },
        {
            "name": "仮面ライダーBLACK",
            "artist": "倉田てつを",
            "id": 468817876
        },
        {
            "name": "ドラゴン・ロード",
            "artist": "串田アキラ",
            "id": 4968839
        },
        {
            "name": "ジュニアライダー队の歌 (『仮面ライダースーパー1』)",
            "artist": "コロムビアゆりかご会",
            "id": 4968838
        },
        {
            "name": "火を喷けライダー拳 (『仮面ライダースーパー1』)",
            "artist": "高杉俊价",
            "id": 4968837
        },
        {
            "name": "仮面ライダースーパー1 (『仮面ライダースーパー1』)",
            "artist": "高杉俊价",
            "id": 4968836
        },
        {
            "name": "男の名は仮面ライダー (『仮面ライダー(スカイライダー)』)",
            "artist": "水木一郎",
            "id": 4968834
        },
        {
            "name": "はるかなる爱にかけて (『仮面ライダー(スカイライダー)』)",
            "artist": "水木一郎",
            "id": 4968833
        },
        {
            "name": "燃えろ!仮面ライダー",
            "artist": "水木一郎",
            "id": 4968832
        },
        {
            "name": "ストロンガーアクション (『仮面ライダーストロンガー』)",
            "artist": "水木一郎",
            "id": 4968831
        },
        {
            "name": "きょうもたたかうストロンガー (『仮面ライダーストロンガー』)",
            "artist": "水木一郎",
            "id": 4968830
        },
        {
            "name": "仮面ライダーストロンガーのうた (『仮面ライダーストロンガー』)",
            "artist": "水木一郎",
            "id": 4968829
        },
        {
            "name": "アマゾンダダダ!! (『仮面ライダーアマゾン』)",
            "artist": "コロムビアゆりかご会",
            "id": 4968828
        },
        {
            "name": "アマゾンライダーここにあり (『仮面ライダーアマゾン』)",
            "artist": "コロムビアゆりかご会",
            "id": 4968827
        },
        {
            "name": "おれはXカイゾーグ (『仮面ライダーX』)",
            "artist": "水木一郎",
            "id": 4968826
        },
        {
            "name": "セタップ! 仮面ライダーX (『仮面ライダーX』)",
            "artist": "水木一郎",
            "id": 4968825
        },
        {
            "name": "走れハリケーン (『仮面ライダーV3』)",
            "artist": "コロムビアゆりかご会",
            "id": 4968824
        },
        {
            "name": "少年仮面ライダー队の歌 (『仮面ライダーV3』)",
            "artist": "水木一郎",
            "id": 4968823
        },
        {
            "name": "戦え! 仮面ライダーV3 (『仮面ライダーV3』)",
            "artist": "宮内洋",
            "id": 4968822
        },
        {
            "name": "ロンリー仮面ライダー",
            "artist": "子門真人",
            "id": 4968821
        },
        {
            "name": "ライダーアクション",
            "artist": "子門真人",
            "id": 4968820
        },
        {
            "name": "仮面ライダーのうた",
            "artist": "子門真人",
            "id": 4968819
        },
        {
            "name": "レッツゴー!! ライダーキック",
            "artist": "子門真人",
            "id": 4968818
        },
        {
            "name": "レッツゴー!!ライダーキック",
            "artist": "メール·ハーモニー",
            "id": 4968872
        }
    ]
}