{
    "playlist_info": {
        "name": "心里的雨下不完",
        "trackcount": 241,
        "playcount": 5984363,
        "creator": "糕冷林",
        "createDate": "2020-04-12",
        "heat": 5099.0
    },
    "songs": [
        {
            "name": "只是回忆加了分 （0.8x）",
            "artist": "给猫讲故事",
            "id": 2031796212
        },
        {
            "name": "窗外暴雨再狂澜 淋不湿屋内的你 (slowed)",
            "artist": "给猫讲故事",
            "id": 1994057212
        },
        {
            "name": "正 在 退 出 人 類 遊 戲 ▁ ▂ ▃",
            "artist": "HOPERUI",
            "id": 1442120421
        },
        {
            "name": "如果时光可以倒流 （Live）",
            "artist": "美 梦 领 取 屋",
            "id": 2039295463
        },
        {
            "name": "海",
            "artist": "悲伤土豆泥",
            "id": 1994124603
        },
        {
            "name": "我知道你1.1",
            "artist": "爱笑",
            "id": 2049136506
        },
        {
            "name": "那我困在阴天里",
            "artist": "后厂痴情组",
            "id": 1975282593
        },
        {
            "name": "Why",
            "artist": "REDRUM MUSIC",
            "id": 1995986945
        },
        {
            "name": "明天也许会更好吧",
            "artist": "周大发",
            "id": 1982259003
        },
        {
            "name": "如果可以我想和你回到那天相遇（抖音版）",
            "artist": "稀",
            "id": 1969143415
        },
        {
            "name": "到此为止v6",
            "artist": "钰",
            "id": 2013840173
        },
        {
            "name": "还能见面吗",
            "artist": "清道夫",
            "id": 2005705972
        },
        {
            "name": "nop",
            "artist": "陈越龙",
            "id": 1427725543
        },
        {
            "name": "思念是一把刀",
            "artist": "童童只会嘤嘤",
            "id": 2019584545
        },
        {
            "name": "美梦",
            "artist": "温舒娴",
            "id": 1954953797
        },
        {
            "name": "风驶过的声音是",
            "artist": "Zy",
            "id": 1982285682
        },
        {
            "name": "得之坦然失之淡然",
            "artist": "诀别诗",
            "id": 2011166893
        },
        {
            "name": "你还有遗憾吗",
            "artist": "厌氧君",
            "id": 2021470693
        },
        {
            "name": "远方传来风笛",
            "artist": "Astkec",
            "id": 2010443274
        },
        {
            "name": "困侍",
            "artist": "沈修穆",
            "id": 2000374325
        },
        {
            "name": "旋转几轮变成我们 深刻的指纹",
            "artist": "Astkec",
            "id": 2006991017
        },
        {
            "name": "爱如火",
            "artist": "一只瓜瓜",
            "id": 2021849994
        },
        {
            "name": "Words",
            "artist": "秋刀魚.",
            "id": 2013761192
        },
        {
            "name": "阴晴无色",
            "artist": "舩栎",
            "id": 2000758713
        },
        {
            "name": "雨会停吗",
            "artist": "是安king",
            "id": 1991355669
        },
        {
            "name": "我会发着呆然后忘记你",
            "artist": "Astkec",
            "id": 2011912379
        },
        {
            "name": "Shootout-见崎鸣",
            "artist": "走到黑",
            "id": 2010539731
        },
        {
            "name": "德吉老爷的一封信（ありがとう）",
            "artist": "CC",
            "id": 2001083797
        },
        {
            "name": "你猜我在什么时候放弃了爱",
            "artist": "悲伤土豆泥",
            "id": 2010122559
        },
        {
            "name": "孤单心事(抖音片段)",
            "artist": "烤冷面",
            "id": 2008033310
        },
        {
            "name": "世界之大为何我们相遇",
            "artist": "马广坤",
            "id": 2005733236
        },
        {
            "name": "窗外已放晴 我的爱怎么停",
            "artist": "Astkec",
            "id": 1991801101
        },
        {
            "name": "爱是什么",
            "artist": "ㅤ",
            "id": 2004406070
        },
        {
            "name": "为何幸福如履薄冰",
            "artist": "冰冷的心",
            "id": 2002993828
        },
        {
            "name": "暗恋过 结局呢",
            "artist": "水瓶战士",
            "id": 2008697467
        },
        {
            "name": "祝 大 家 新 年 快 乐！",
            "artist": "cek7",
            "id": 2010810146
        },
        {
            "name": "Apha (Father) (feat. Dekyi Tsering)",
            "artist": "Snowlion Records",
            "id": 1931139733
        },
        {
            "name": "如果说是真的爱我",
            "artist": "Astkec",
            "id": 2007644398
        },
        {
            "name": "旧约",
            "artist": "Sad",
            "id": 2010252953
        },
        {
            "name": "凌晨",
            "artist": "情人",
            "id": 2002391682
        },
        {
            "name": "你说过会陪我很久的（片段）",
            "artist": "彭小羽",
            "id": 2000465118
        },
        {
            "name": "揉光",
            "artist": "呆呆破",
            "id": 2006196078
        },
        {
            "name": "无法释怀终极版S6",
            "artist": "该死的歹徒",
            "id": 1999584982
        },
        {
            "name": "明明就",
            "artist": "Liu-HP",
            "id": 1992740309
        },
        {
            "name": "无法停留的爱",
            "artist": "baifm",
            "id": 1979618737
        },
        {
            "name": "烫手的冰",
            "artist": "夜巴黎",
            "id": 1981613290
        },
        {
            "name": "所以说永远多长",
            "artist": "对神明认栽xm.",
            "id": 2003438622
        },
        {
            "name": "纯音乐馆-shd幸福呢（其实 remix）",
            "artist": "其实",
            "id": 1939619813
        },
        {
            "name": "Letting go呆呆破",
            "artist": "愛",
            "id": 1948479888
        },
        {
            "name": "我们潦草收场",
            "artist": "小爷睡不饱",
            "id": 1960076992
        },
        {
            "name": "been loving",
            "artist": "Mayten",
            "id": 1890385695
        },
        {
            "name": "李芬芬",
            "artist": "苏安城",
            "id": 1954790285
        },
        {
            "name": "棉花糖 0.8×",
            "artist": "孤单世界里的荣",
            "id": 1996401284
        },
        {
            "name": "记得永远不要忘记我",
            "artist": "小爷睡不饱",
            "id": 1959151600
        },
        {
            "name": "她说",
            "artist": "刘楚",
            "id": 1995489221
        },
        {
            "name": "听雪落下的声音",
            "artist": "尹小美",
            "id": 1994543171
        },
        {
            "name": "3_德吉老爷的一封信（0.8）",
            "artist": "朱响",
            "id": 1989356652
        },
        {
            "name": "别哭了哎呦喂",
            "artist": "thc",
            "id": 1986112097
        },
        {
            "name": "来来往往",
            "artist": "Müchele",
            "id": 1860150552
        },
        {
            "name": "可以休息一下这和放弃没关系",
            "artist": "至此间",
            "id": 1918993593
        },
        {
            "name": "却走不进你心里",
            "artist": "陪伴",
            "id": 1942388961
        },
        {
            "name": "冥冥之中自有天意",
            "artist": "半岛铁盒",
            "id": 1971472347
        },
        {
            "name": "酌情处理，适当过滤”",
            "artist": "流行歌手伊布",
            "id": 1854274384
        },
        {
            "name": "形容（呆呆破版）",
            "artist": "笨蛋小阳",
            "id": 1985072824
        },
        {
            "name": "陪伴胜过所有承诺",
            "artist": "李佳文",
            "id": 1985932715
        },
        {
            "name": "我落泪情绪零碎 (Live)",
            "artist": "YUN小林",
            "id": 1991049120
        },
        {
            "name": "唯一×0.8",
            "artist": "江峙",
            "id": 1958405367
        },
        {
            "name": "AaA13",
            "artist": "xyx3",
            "id": 1991447064
        },
        {
            "name": "坏女孩（间奏0.8x）",
            "artist": "海的烦心事",
            "id": 1988066038
        },
        {
            "name": "只愿（0.8x）",
            "artist": "CO1",
            "id": 1960030163
        },
        {
            "name": "浴室",
            "artist": "我是他",
            "id": 1985835500
        },
        {
            "name": "长夜将明",
            "artist": "七十二時",
            "id": 1935655719
        },
        {
            "name": "Nuri office-你就不要想起我（Leo. remix）",
            "artist": "Leo.",
            "id": 1922885195
        },
        {
            "name": "美梦",
            "artist": "Bell玲惠",
            "id": 1814090886
        },
        {
            "name": "念",
            "artist": "h3R3",
            "id": 1958429058
        },
        {
            "name": "看海",
            "artist": "半岛铁盒",
            "id": 1969585398
        },
        {
            "name": "最后一页",
            "artist": "张萧介",
            "id": 1933263161
        },
        {
            "name": "笨（mei）",
            "artist": "冰冷杜",
            "id": 1979656949
        },
        {
            "name": "“最讨厌下雨天了”",
            "artist": "冰冷晴少.",
            "id": 1898171623
        },
        {
            "name": "秒潮",
            "artist": "001",
            "id": 1974248009
        },
        {
            "name": "0927L",
            "artist": "亮",
            "id": 1927468416
        },
        {
            "name": "离开的是她不是我",
            "artist": "听不完的wyy",
            "id": 1961650672
        },
        {
            "name": "心",
            "artist": "pyai",
            "id": 1960404594
        },
        {
            "name": "July - 에서 확인할 수 （SLOWED DOWN）",
            "artist": "旻愿",
            "id": 1945580024
        },
        {
            "name": "程",
            "artist": "小鱼轩.",
            "id": 1933300561
        },
        {
            "name": "承诺永远作数",
            "artist": "你该如何定义我",
            "id": 1969651986
        },
        {
            "name": "我的心可不冷",
            "artist": "黑左",
            "id": 1911750953
        },
        {
            "name": "给不了你安全感",
            "artist": "高峰峰",
            "id": 1904645127
        },
        {
            "name": "念念不忘必有回响4.0",
            "artist": "斌",
            "id": 1940449610
        },
        {
            "name": "7ne",
            "artist": "月亮",
            "id": 1940627883
        },
        {
            "name": "纯音乐馆-等ni下课（其实 remix）",
            "artist": "其实",
            "id": 1939613343
        },
        {
            "name": "释怀是一辈子的必修课.",
            "artist": "神漫.Music",
            "id": 1957433536
        },
        {
            "name": "我知道你",
            "artist": "励阳",
            "id": 41462017
        },
        {
            "name": "先入为主（抖音版）",
            "artist": "Redamancy",
            "id": 1894933496
        },
        {
            "name": "把回忆拼好给你（0.8速）",
            "artist": "果味纯氧",
            "id": 1931410909
        },
        {
            "name": "再等冬天（emo慢版）",
            "artist": "圈圈菌",
            "id": 1958119516
        },
        {
            "name": "你甚至连一场认真的道别都没给我",
            "artist": "Dilfira",
            "id": 1843239434
        },
        {
            "name": "n8pm",
            "artist": "阿沣",
            "id": 1929449096
        },
        {
            "name": "冷战 (片段)",
            "artist": "久晨",
            "id": 1933287087
        },
        {
            "name": "End",
            "artist": "从和文",
            "id": 1870563074
        },
        {
            "name": "即刻为止 (片段)",
            "artist": "inie.",
            "id": 1942604500
        },
        {
            "name": "我看过（翻唱cici_）",
            "artist": "洋桔梗",
            "id": 1924493222
        },
        {
            "name": "李想-一直爱我吧（remix）（有钱的废物 remix）",
            "artist": "0908",
            "id": 1956767212
        },
        {
            "name": "念念不忘必有回响3.0",
            "artist": "斌",
            "id": 1940108764
        },
        {
            "name": "念念不忘必有回响",
            "artist": "斌",
            "id": 1939849187
        },
        {
            "name": "听风声ouo",
            "artist": "榴莲鲨鱼",
            "id": 1960835902
        },
        {
            "name": "Why Would I Ever (降调版)",
            "artist": "Tucci",
            "id": 1916982597
        },
        {
            "name": "那就祝你得偿所愿叭",
            "artist": "神漫.Music",
            "id": 1938363322
        },
        {
            "name": "Letting Go",
            "artist": "小林睡不醒",
            "id": 1917884300
        },
        {
            "name": "独自收集两个人之间的回忆",
            "artist": "刘天宇",
            "id": 1924074750
        },
        {
            "name": "人鱼的眼泪（翻自 EXO） ",
            "artist": "鲨鲨",
            "id": 1426947485
        },
        {
            "name": "命运",
            "artist": "把话埋在心底",
            "id": 1947439183
        },
        {
            "name": "你还要我怎样（Live）",
            "artist": "呆呆破",
            "id": 1959528921
        },
        {
            "name": "sawe",
            "artist": "Ex_IbRYM",
            "id": 1959239653
        },
        {
            "name": "红昭愿（×0.8 XiaoF）",
            "artist": "AixRich",
            "id": 1952729734
        },
        {
            "name": "Are You Lost（0.8X）",
            "artist": "北方的烛",
            "id": 1918878568
        },
        {
            "name": "如果大雨落下(抖音版)",
            "artist": "南音Music",
            "id": 1830735254
        },
        {
            "name": "过",
            "artist": "王嘉尔",
            "id": 1804879213
        },
        {
            "name": "防（0.8X）",
            "artist": "Wangzihui",
            "id": 1917852233
        },
        {
            "name": "Ten words（0.8x）",
            "artist": "榴莲鲨鱼",
            "id": 1929675043
        },
        {
            "name": "懂一个人也许要忍耐",
            "artist": "Elijann",
            "id": 1902537240
        },
        {
            "name": "裹着心的光 (热播BGM)",
            "artist": "宋善恩",
            "id": 1928386237
        },
        {
            "name": "幻境",
            "artist": "小隆",
            "id": 1930512206
        },
        {
            "name": "写在风中的信",
            "artist": "鲸鱼",
            "id": 1925500681
        },
        {
            "name": "忘不掉的你（钢琴版）",
            "artist": "h3R3",
            "id": 1924578028
        },
        {
            "name": "雨爱（抖音温柔版）",
            "artist": "北沫",
            "id": 1454236322
        },
        {
            "name": "肩并肩的友谊永远胜于敷衍的爱情",
            "artist": "至此间",
            "id": 1909412459
        },
        {
            "name": "Leave Me Alone （0.8X）",
            "artist": "Wangzihui",
            "id": 1917342027
        },
        {
            "name": "四点七",
            "artist": "于嘉懿",
            "id": 1921396960
        },
        {
            "name": "流浪",
            "artist": "江辰",
            "id": 1936399142
        },
        {
            "name": "余晖在云层中求救 太阳终于被淹死了",
            "artist": "艺人 48414645",
            "id": 1854848189
        },
        {
            "name": "爱_",
            "artist": "总被女人骗",
            "id": 1939276276
        },
        {
            "name": "爱怎么了-陈村长（知日 remix）",
            "artist": "Hot Horn",
            "id": 1944428161
        },
        {
            "name": "Letting Go",
            "artist": "蔡健雅",
            "id": 208891
        },
        {
            "name": "流浪",
            "artist": "江辰",
            "id": 1941265858
        },
        {
            "name": "Fatal Love",
            "artist": "Jori King",
            "id": 32431987
        },
        {
            "name": "云压雨（抖音片段版）（翻自 我是土豆）",
            "artist": "十一见",
            "id": 1863690058
        },
        {
            "name": "年轮",
            "artist": "Taooyy",
            "id": 1446072173
        },
        {
            "name": "冗长的黑夜里 你是唯一的光",
            "artist": "盼你温柔",
            "id": 1870063540
        },
        {
            "name": "别说对不起了 这是这世上最没用的三个字我想被对得起",
            "artist": "phoenix",
            "id": 1860286726
        },
        {
            "name": "新地球【抖音片段】",
            "artist": "梨香JZH",
            "id": 1921385323
        },
        {
            "name": "爱的回归线（旺仔小乔）",
            "artist": "山崎泽野",
            "id": 1924044072
        },
        {
            "name": "多远都要在一起",
            "artist": "杜宣达",
            "id": 1906301231
        },
        {
            "name": "再见（翻自 抖音）",
            "artist": "超爱喝奶盖",
            "id": 1833392608
        },
        {
            "name": "lettinggo（翻自 蔡健雅）",
            "artist": "王一只",
            "id": 1443993469
        },
        {
            "name": "心跳的证明(抖音版)",
            "artist": "花子健",
            "id": 1831490791
        },
        {
            "name": "我在你身后（抖音烟嗓）",
            "artist": "南音Music",
            "id": 1848562818
        },
        {
            "name": "我们的爱(抖音版)",
            "artist": "晴诚",
            "id": 1831428657
        },
        {
            "name": "我的一个道姑朋友",
            "artist": "王上",
            "id": 1463399236
        },
        {
            "name": "偏爱（片段）",
            "artist": "陈智凌",
            "id": 1456908821
        },
        {
            "name": "你怎么这样对我（伤感片段）",
            "artist": "不成风",
            "id": 1849516008
        },
        {
            "name": "我好想你",
            "artist": "小杨Remix",
            "id": 1811919703
        },
        {
            "name": "冬眠 王巨星",
            "artist": "王巨星",
            "id": 1418852960
        },
        {
            "name": "不说（翻自 周公）",
            "artist": "小恒在这里",
            "id": 1466867610
        },
        {
            "name": "蓝",
            "artist": "灏,",
            "id": 1446818393
        },
        {
            "name": "失落沙洲",
            "artist": "懒懒不平凡",
            "id": 1466647278
        },
        {
            "name": "什么样的爱情（翻自 吴秃秃） ",
            "artist": "ck曼曼",
            "id": 1430850579
        },
        {
            "name": "你与很多东西混在一起，理想之类，未来之类《我走后》ZH辉辉",
            "artist": "赖蕊",
            "id": 1811653675
        },
        {
            "name": "我想念（翻自 汪苏泷）",
            "artist": "你灰87",
            "id": 1462614949
        },
        {
            "name": "谁（Cover 廖俊涛）",
            "artist": "温舒娴",
            "id": 1831375572
        },
        {
            "name": "恋人未满（抖音男版片段）",
            "artist": "葛东琪",
            "id": 1333264363
        },
        {
            "name": "少一点天分（翻自 孙盛希）",
            "artist": "王贰浪",
            "id": 565194929
        },
        {
            "name": "茫（抖音版）（原唱：李润祺）（翻自 蓝心羽）",
            "artist": "艾柒",
            "id": 1808897551
        },
        {
            "name": "身边碎碎念念的人也要成为岁岁年年的人",
            "artist": "赖蕊",
            "id": 1811926022
        },
        {
            "name": "那些无所谓的小事反而难以忘记",
            "artist": "赖蕊",
            "id": 1811925964
        },
        {
            "name": "洋葱",
            "artist": "睡不饱的老笨蛋",
            "id": 1491906257
        },
        {
            "name": "有我呢",
            "artist": "王雨桐",
            "id": 1438825241
        },
        {
            "name": "不说",
            "artist": "赖蕊",
            "id": 1811653657
        },
        {
            "name": "关键词（抖音热播女版）",
            "artist": "可爱冬",
            "id": 1818761223
        },
        {
            "name": "想念拟人化",
            "artist": "灏灏灏仔",
            "id": 1816721950
        },
        {
            "name": "第三人称 (片段)",
            "artist": "房大佬",
            "id": 1424647603
        },
        {
            "name": "wonderful u",
            "artist": "如懿",
            "id": 1447848829
        },
        {
            "name": "不说",
            "artist": "你的星冰乐",
            "id": 1471998731
        },
        {
            "name": "Merry Christmas Mr. Lawrence【钢琴】",
            "artist": "路灰气球",
            "id": 1471129312
        },
        {
            "name": "所以爱会消失对不对",
            "artist": "Bater official",
            "id": 1806475901
        },
        {
            "name": "落叶的位置（现场版）",
            "artist": "是你的柯一",
            "id": 1820471765
        },
        {
            "name": "爱我已经分不清",
            "artist": "苏亦洋Music",
            "id": 1482283669
        },
        {
            "name": "好好的爱你 (女生版)",
            "artist": "阿力",
            "id": 1814497164
        },
        {
            "name": "祝我们在山巅并肩.",
            "artist": "赖蕊",
            "id": 1809532003
        },
        {
            "name": "每个人的生命，都是可以绽放美丽的",
            "artist": "赖蕊",
            "id": 1809530112
        },
        {
            "name": "洋葱（抖音版）",
            "artist": "很爱吃香菜",
            "id": 1471236131
        },
        {
            "name": "起风了",
            "artist": "拾贰不听话",
            "id": 1813364612
        },
        {
            "name": "与我无关",
            "artist": "王雨桐",
            "id": 1433831191
        },
        {
            "name": "还是会想你 (Live)",
            "artist": "蓝心羽",
            "id": 1834297339
        },
        {
            "name": "你为什么说谎",
            "artist": "赵飞机",
            "id": 1457113551
        },
        {
            "name": "值得（王靖雯抖音版）（翻自 郑秀文）",
            "artist": "抖音热歌DJ",
            "id": 1471733116
        },
        {
            "name": "耗尽（cover：薛之谦/郭聪明）",
            "artist": "魏晗(懋懋)",
            "id": 1803475518
        },
        {
            "name": "Merry Christmas Mr. Lawrence(钢琴+小提琴)",
            "artist": "浅绯色的喵",
            "id": 1487946556
        },
        {
            "name": "泡沫（伤感版）",
            "artist": "陶江平",
            "id": 1810299649
        },
        {
            "name": "张信哲-爱如潮水（男嗓深情版）（马泽龙 remix）",
            "artist": "马泽龙",
            "id": 1809160716
        },
        {
            "name": "爱人错过",
            "artist": "白度",
            "id": 1810633837
        },
        {
            "name": "一吻天荒",
            "artist": "弋凡",
            "id": 1498967596
        },
        {
            "name": "爱，存在（翻自 魏奇奇）",
            "artist": "迷人耗子精",
            "id": 1467099281
        },
        {
            "name": "九万字（女生吉他版）",
            "artist": "椿日幻想",
            "id": 1490218235
        },
        {
            "name": "我有多么爱你 刘大壮",
            "artist": "路过",
            "id": 1489666354
        },
        {
            "name": "考其正 下雨天",
            "artist": "考其正",
            "id": 1433795646
        },
        {
            "name": "特别的人",
            "artist": "杨礼泽",
            "id": 1466004426
        },
        {
            "name": "Abelvolks 修改版 伴奏",
            "artist": "DY_Freedom",
            "id": 1477511733
        },
        {
            "name": "Track in time(纯钢琴版)",
            "artist": "浅绯色的喵",
            "id": 1812081391
        },
        {
            "name": "“慢慢长大，瞬间成长”",
            "artist": "赖蕊",
            "id": 1811651913
        },
        {
            "name": "某年某月某天",
            "artist": "南浔",
            "id": 1462610324
        },
        {
            "name": "少一分天分（翻自 孙盛希）",
            "artist": "许温酒",
            "id": 1465959494
        },
        {
            "name": "太阳（抖音王雨桐版）",
            "artist": "夕阳",
            "id": 1474940840
        },
        {
            "name": "拾忆（弹唱版）（翻自 张翰）",
            "artist": "向文涛",
            "id": 1387051024
        },
        {
            "name": "Wonderful U",
            "artist": "Zkaaai",
            "id": 1435177840
        },
        {
            "name": "愿",
            "artist": "鲨鲨",
            "id": 1433807553
        },
        {
            "name": "我有多么爱你",
            "artist": "jiajia不熬夜",
            "id": 1467662607
        },
        {
            "name": "呼吸决定",
            "artist": "温舒娴",
            "id": 1433441790
        },
        {
            "name": "呼吸决定",
            "artist": "别听我的歌",
            "id": 1433815195
        },
        {
            "name": "有我呢",
            "artist": "迷人耗子精",
            "id": 1439354783
        },
        {
            "name": "下雨天",
            "artist": "廖亚桐",
            "id": 1434631084
        },
        {
            "name": "雨爱（翻自 杨丞琳）",
            "artist": "迷人耗子精",
            "id": 1467090928
        },
        {
            "name": "洋葱",
            "artist": "刘大壮",
            "id": 1463102760
        },
        {
            "name": "总在四下无人的夜里想起你",
            "artist": "是阿呆ma",
            "id": 1475196237
        },
        {
            "name": "错过",
            "artist": "是你的垚",
            "id": 1445733547
        },
        {
            "name": "心跳的证明",
            "artist": "不是花火呀",
            "id": 1486264538
        },
        {
            "name": "失落沙洲（抖音弹唱版）",
            "artist": "火羊瞌睡了",
            "id": 1437055350
        },
        {
            "name": "错的人（翻自 萧亚轩）",
            "artist": "王靖雯不胖",
            "id": 1468234117
        },
        {
            "name": "sunset/sunrise（温柔吉他版）（翻自 SN∅W）",
            "artist": "下雪了吗",
            "id": 1471538474
        },
        {
            "name": "说散就散 独行侠（翻自 袁娅维）",
            "artist": "Cheng橙zzzz",
            "id": 1487219275
        },
        {
            "name": "Wonderful U（翻自 AGA）",
            "artist": "迷人耗子精",
            "id": 1467090971
        },
        {
            "name": "下雨天（抖音版）",
            "artist": "小蜗",
            "id": 1450468988
        },
        {
            "name": "洋葱",
            "artist": "苗田雨",
            "id": 1457801270
        },
        {
            "name": "忘记拥抱",
            "artist": "南橘ya",
            "id": 1429787141
        },
        {
            "name": "夏天的风",
            "artist": "不是花火呀",
            "id": 1479254715
        },
        {
            "name": "我的一个道姑朋友（翻自 双笙）",
            "artist": "不是花火呀",
            "id": 1467878022
        },
        {
            "name": "林依晨-你（嘻嘻琳 remix）",
            "artist": "嘻嘻琳",
            "id": 1425619718
        },
        {
            "name": "和你",
            "artist": "王伯乐",
            "id": 1450344585
        },
        {
            "name": "只看着我（翻自 태양）",
            "artist": "SWAGGER",
            "id": 1464190619
        },
        {
            "name": "I know you so well（翻自 XXXTENTACION）",
            "artist": "SWAGGER",
            "id": 1456749284
        },
        {
            "name": "爱,存在（翻自 魏奇奇）",
            "artist": "王雨桐",
            "id": 1455674517
        },
        {
            "name": "我的一个道姑朋友",
            "artist": "王雨桐",
            "id": 1457113433
        },
        {
            "name": "Sunset/Sunrise（Prod,Kendo) (翻自SNфW）",
            "artist": "噗噗臭蛋蛋",
            "id": 1440221782
        },
        {
            "name": "情人",
            "artist": "Yusee",
            "id": 1451776887
        },
        {
            "name": "我想念",
            "artist": "咬一口小彤",
            "id": 1447099228
        },
        {
            "name": "信仰",
            "artist": "王雨桐",
            "id": 1449566696
        },
        {
            "name": "My Rose ~ Cold Illumination",
            "artist": "dark frx",
            "id": 1368380852
        },
        {
            "name": "年轮",
            "artist": "月亮很亮xy",
            "id": 1434386369
        },
        {
            "name": "雨爱",
            "artist": "王雨桐",
            "id": 1450762457
        },
        {
            "name": "你是对的人",
            "artist": "jiajia不熬夜",
            "id": 1428968727
        },
        {
            "name": "尘埃",
            "artist": "胡Li-Li",
            "id": 1428835866
        }
    ]
}