{
    "playlist_info": {
        "name": "快樂星球 bounce～",
        "trackcount": 411,
        "playcount": 10666,
        "creator": "DorothyAnna",
        "createDate": "2022-08-02",
        "heat": 32.0
    },
    "songs": [
        {
            "name": "DP龙猪-翠花（DJ Tracy Mc Seven Remix）",
            "artist": "DJ Tracy",
            "id": 2055151607
        },
        {
            "name": "颜人中 - 夏夜最后的烟火 (CHENYU & T.G Remix)",
            "artist": "CHENYU",
            "id": 2055924594
        },
        {
            "name": "就让这大雨全都落下 (CHENYU & T.G Remix)",
            "artist": "CHENYU",
            "id": 2034919248
        },
        {
            "name": "Selena Gomez&The Scene - My Dilemma(TobinL Rework)",
            "artist": "TobinL",
            "id": 2052965999
        },
        {
            "name": "怎么交代（FarAty&1FAN Bootleg）",
            "artist": "1FAN",
            "id": 2047950556
        },
        {
            "name": "Truthfully（FarAty&1FAN Bootleg）",
            "artist": "1FAN",
            "id": 2048240698
        },
        {
            "name": "One Two",
            "artist": "Cuee",
            "id": 1397803392
        },
        {
            "name": "TUTT-Flo Rida - GDFR(Well Rework)(DJ.Birdie)（DJ.Birdie remix）",
            "artist": "DJ.Birdie",
            "id": 1862150149
        },
        {
            "name": "Hot Hands (Bootleg)",
            "artist": "Morello Malt",
            "id": 1985469770
        },
        {
            "name": "Shake That (Koriginal Mix)",
            "artist": "Fatrik",
            "id": 2003327365
        },
        {
            "name": "制造热搜,果妹,傲七爷 - 是想你的声音啊(TobinL & TokBinL Rework)",
            "artist": "TobinL",
            "id": 2054483830
        },
        {
            "name": "法拉利拉法 Tech House",
            "artist": "朱成杰FFAG",
            "id": 2047807673
        },
        {
            "name": "카안에서 붕가붕가",
            "artist": "WOOK2",
            "id": 2042975678
        },
        {
            "name": "A$AP Ferg - Plain Jane （P.Y.G Remix）",
            "artist": "P.Y.G",
            "id": 1935713542
        },
        {
            "name": "KonwKonw-Sometimes(DoxMain潇潇 BlackSamurai.T Remix）",
            "artist": "DoxMain 潇潇",
            "id": 2053993070
        },
        {
            "name": "犯错DJ 弹鼓",
            "artist": "广西太空舱",
            "id": 1907568302
        },
        {
            "name": "Akon-Right Now（Na Na Na)十三少海Bootleg（十三少海 remix）",
            "artist": "十三少海",
            "id": 1469968019
        },
        {
            "name": "Trouble Maker&狐狸精(TOKBINL&KANYE 霓虹MASHUP)",
            "artist": "TOKBINL",
            "id": 1998479523
        },
        {
            "name": "레이스 130 GangnamBounce In The Morning 韩风歌路Mix_58",
            "artist": "Melonkorea",
            "id": 2045897020
        },
        {
            "name": "乌云&Tears&你的酒馆对我打了烊（TOKBINL MASHUP）",
            "artist": "TOKBINL",
            "id": 2045227450
        },
        {
            "name": "我不配，Nothing On You（BlackSamurai.T X L3o李 Bootleg）",
            "artist": "BlackSamurai.T",
            "id": 1976944969
        },
        {
            "name": "JIANGJIANG MIX Set vol.06",
            "artist": "姜姜",
            "id": 2004039983
        },
        {
            "name": "You(Milk&Vizmaker Remix）",
            "artist": "Vizmaker",
            "id": 2010732156
        },
        {
            "name": "Kattrina (ATMOX Remix)",
            "artist": "ATMOX",
            "id": 2024231494
        },
        {
            "name": "迷失的季节（Liencs ReWork）",
            "artist": "Liencs",
            "id": 2047742392
        },
        {
            "name": "yihuik苡慧-致你(Chaee Bootleg)",
            "artist": "Chaee",
            "id": 1949314369
        },
        {
            "name": "梁静茹 - 问（小博 SE7EN Bootleg）",
            "artist": "小博 SE7EN",
            "id": 2030520434
        },
        {
            "name": "ljz329,YuGo- - Last Day（DJ Mar-k / DJ-成成 remix）",
            "artist": "DJ Mar-k",
            "id": 2029657766
        },
        {
            "name": "MSJ-玩腻（BAD Bootleg Mix）（BAD / MSJ remix）",
            "artist": "BAD",
            "id": 2022667683
        },
        {
            "name": "SASIOVERLXRD-薄荷水(M-B-D-V)",
            "artist": "BlackSamurai.T",
            "id": 1932013623
        },
        {
            "name": "飞向别人的Old town road",
            "artist": "Anew",
            "id": 1941929196
        },
        {
            "name": "MOBI（DJ Coffee Vina House Mix）",
            "artist": "DJ Coffee",
            "id": 2037172148
        },
        {
            "name": "BAD THINGS",
            "artist": "WOOK2",
            "id": 2034582713
        },
        {
            "name": "RAIN-H7SEN,RAIN,Yolo - Side 2 Side (Original Mix)",
            "artist": "RAIN",
            "id": 1987823438
        },
        {
            "name": "WE CAME",
            "artist": "APRIL",
            "id": 1918603286
        },
        {
            "name": "卢巧音-好心分手 （Blithe / Lolita remix）",
            "artist": "Blithe布莱恩",
            "id": 1920229287
        },
        {
            "name": "Leaving",
            "artist": "Stee Wee Bee",
            "id": 1833856391
        },
        {
            "name": "GuiltLy&蛋壳-怀抱（P.Y.G / T.G remix）",
            "artist": "P.Y.G",
            "id": 1993467865
        },
        {
            "name": "流行十八拐 (让你们飞起来)",
            "artist": "刘回",
            "id": 1975341724
        },
        {
            "name": "小咪-我走后（DJ可乐 remix）",
            "artist": "DJ可乐",
            "id": 1807647374
        },
        {
            "name": "杨丞琳-匿名的朋友(Dj阿智 ProgHouse Mix国语女)",
            "artist": "DJ阿智",
            "id": 2017959165
        },
        {
            "name": "Let's Go Dancing (KK&LKEDA Mashup2)",
            "artist": "KK",
            "id": 2051534314
        },
        {
            "name": "罗言-CoCo(DJ版 DoxMain潇潇 DJ Tracy Remix)",
            "artist": "DoxMain 潇潇",
            "id": 2048173095
        },
        {
            "name": "Banger,Bongduck Rangers(Xizzy Rework)",
            "artist": "Xizzy",
            "id": 2027894368
        },
        {
            "name": "陈壹千 - 追 （FarAty&DJ航航 Bootleg）",
            "artist": "FarAty",
            "id": 2048746227
        },
        {
            "name": "My Body（DJ Coffee 宇宙 Vina House MIX）",
            "artist": "DJ Coffee",
            "id": 2037176173
        },
        {
            "name": "GALI; Vinida (万妮达) - 狂恋(FarAty Bootleg)",
            "artist": "FarAty",
            "id": 2046889227
        },
        {
            "name": "说爱你(MinGtist Bootleg)",
            "artist": "MinGtist",
            "id": 2004076181
        },
        {
            "name": "鱼丁糸-小情歌 TG小辉Future Bass Mix...wav（TG小辉 / Double#Q remix）",
            "artist": "TG小辉",
            "id": 2048975549
        },
        {
            "name": "Gangnam비키니 Baby 130KBounce ID Time Mix.52",
            "artist": "Melonkorea",
            "id": 1993939628
        },
        {
            "name": "Epiik-Bongduck Rangers（BlackSamuri.T Rework）",
            "artist": "BlackSamurai.T",
            "id": 2012263442
        },
        {
            "name": "最后一页,暴雨(Xizzy,SLIN Bootleg)",
            "artist": "Xizzy",
            "id": 2039142094
        },
        {
            "name": "挖呀挖 - (EQ BOOTLEG)",
            "artist": "EQ",
            "id": 2044849576
        },
        {
            "name": "By2-我知道（KERWIN&ARMS Remix）",
            "artist": "Kerwin",
            "id": 2018289448
        },
        {
            "name": "深圳AGA SO F**KING HIGH DJ Derrix 2K23 Mix II",
            "artist": "Derrix",
            "id": 2036224323
        },
        {
            "name": "I Like To Move Vs. Antidote(REDDFOXX Mashup)",
            "artist": "REDDFOXX",
            "id": 2039270682
        },
        {
            "name": "MadeInFrance vs. CrazyWhatToulouse(REDDFOXX MAP)",
            "artist": "REDDFOXX",
            "id": 2039270686
        },
        {
            "name": "4hi(JSS)",
            "artist": "Hard working jack",
            "id": 1998880941
        },
        {
            "name": "Fine乐团 - 呼吸决定（小博SE7EN Bootleg）",
            "artist": "小博 SE7EN",
            "id": 1465481520
        },
        {
            "name": "Space Bounce（Skycii&Dragon 2K22 MIXTAPE)",
            "artist": "SKYCII",
            "id": 1983330090
        },
        {
            "name": "爱的恰恰(ANSWER BOOTLEG)",
            "artist": "ANSWER",
            "id": 2021669827
        },
        {
            "name": "D.Ark-D.Ark / YongYong - FALLIN (TobinL Bootleg)",
            "artist": "TobinL",
            "id": 2022362141
        },
        {
            "name": "Like G (Koriginal Mix)",
            "artist": "BIXXB",
            "id": 2032834641
        },
        {
            "name": "Beat (Koriginal Mix)",
            "artist": "Atommy",
            "id": 2032834638
        },
        {
            "name": "Korea Acid（Skycii Mixtape）",
            "artist": "SKYCII",
            "id": 2034572120
        },
        {
            "name": "轻描淡写（FarAty&1FAN Bootleg）",
            "artist": "1FAN",
            "id": 2048513429
        },
        {
            "name": "只对你有感觉(JOKER L Bootleg)",
            "artist": "JOKER L",
            "id": 1910474705
        },
        {
            "name": "DJ渔仔-DJ渔仔 - 别吸神仙咚鼓Mix【抖音热播】（DJ渔仔 remix）",
            "artist": "DJ渔仔",
            "id": 2032646147
        },
        {
            "name": "林俊杰 - 不潮不用花钱 （IAQ BOOTLEG）",
            "artist": "IAQ",
            "id": 1925622656
        },
        {
            "name": "Take (Original Mix)",
            "artist": "Epiik",
            "id": 1964142281
        },
        {
            "name": "Sixthema-Bass Rock (BlackSamurai.T Rework)",
            "artist": "BlackSamurai.T",
            "id": 2012264272
        },
        {
            "name": "OneLastTime(KittyQ淇,BlackSamurai.T Bootleg）",
            "artist": "Kitty Q淇",
            "id": 2019113048
        },
        {
            "name": "忘了DjMix 2023抖音",
            "artist": "广西太空舱",
            "id": 2037087450
        },
        {
            "name": "乐园（DoxMain潇潇.BlackSamurai.T Remix）",
            "artist": "DoxMain 潇潇",
            "id": 2035622882
        },
        {
            "name": "Sixthema - Por Una Cabeza (VIP Mix)",
            "artist": "SIXTHEMA",
            "id": 1906309157
        },
        {
            "name": "Gaepo",
            "artist": "Arkins",
            "id": 2036173276
        },
        {
            "name": "Phut hon（DJ阿智 Remix）",
            "artist": "DJ阿智",
            "id": 2046474236
        },
        {
            "name": "Shot Dick Man",
            "artist": "Nguyen Manh Hung",
            "id": 1492638365
        },
        {
            "name": "Bet on me（The8Low remix）",
            "artist": "The8Low",
            "id": 2035818529
        },
        {
            "name": "Christina Aguilera - Your Body(The8Low REMIX)！",
            "artist": "The8Low",
            "id": 2035818622
        },
        {
            "name": "Olee",
            "artist": "花哨",
            "id": 1392985819
        },
        {
            "name": "Move Your Like This",
            "artist": "Castle J",
            "id": 2019620332
        },
        {
            "name": "黑Girl - 123木头人（小博 SE7EN & DJ成成 & Davis.x Bootleg ）",
            "artist": "小博 SE7EN",
            "id": 2028421095
        },
        {
            "name": "罗言-该死的泪(ANSWER REMIX)",
            "artist": "ANSWER",
            "id": 2035744989
        },
        {
            "name": "Im The Sexy Girl（VINA HOUSE）",
            "artist": "DJ KAI",
            "id": 1844724782
        },
        {
            "name": "Acid Rangers × Lipstick ( Kiwi Edit )",
            "artist": "Kiwi",
            "id": 1940103039
        },
        {
            "name": "Booty Rock",
            "artist": "GROOMING94",
            "id": 1895297818
        },
        {
            "name": "Iggy Azalea - BOUNCE（ASHER Flip)",
            "artist": "ASHER",
            "id": 1918146877
        },
        {
            "name": "区文诗-不只爱情 (JIANG.x Remix)（JIANG.x remix）",
            "artist": "JIANG.x",
            "id": 1388173857
        },
        {
            "name": "Cristoph / Surf - Cala Comte (M-ark Mashup)",
            "artist": "DJ Mar-k",
            "id": 2021600130
        },
        {
            "name": "Thank You（VINA HOUSE）",
            "artist": "DJ KAI",
            "id": 1844724821
        },
        {
            "name": "Croc",
            "artist": "DJ Dai",
            "id": 1904847050
        },
        {
            "name": "Push Up (Original Mix)",
            "artist": "Creeds",
            "id": 2007052110
        },
        {
            "name": "KALEO-Way Down We Go-(UNAM_REMIX)",
            "artist": "UNAM",
            "id": 1991593198
        },
        {
            "name": "Beggin",
            "artist": "Epiik",
            "id": 1993513637
        },
        {
            "name": "落泪（DJ版）",
            "artist": "DoxMain 潇潇",
            "id": 2032408716
        },
        {
            "name": "暴雪 (VitaBrother X DoxMain潇潇 Bootleg)",
            "artist": "VitaBrother",
            "id": 2031559579
        },
        {
            "name": "Bongduck Rangers (Original Mix)",
            "artist": "Epiik",
            "id": 1955792203
        },
        {
            "name": "在你身边-(C-ONE&TG小辉)Bootleg Mix",
            "artist": "C-ONE Dark",
            "id": 2030520490
        },
        {
            "name": "BBerryZ.-疑心怪（DoxMain潇潇 Bootleg）",
            "artist": "DoxMain 潇潇",
            "id": 2028367692
        },
        {
            "name": "李荣浩-乌梅子酱（DJ-成成 Bounce Bootleg Mix）",
            "artist": "DJ-成成",
            "id": 2029947177
        },
        {
            "name": "Capper,罗言 - 雪 Distance (CHENYU & ToouApe_Rework)",
            "artist": "CHENYU",
            "id": 2026869273
        },
        {
            "name": "Kaizarkins",
            "artist": "KAIZ",
            "id": 1861234717
        },
        {
            "name": "Gin - Say Good Bye (BENT Remix)",
            "artist": "DJ BENT",
            "id": 1900562408
        },
        {
            "name": "Power Karaoke-Beggin(SIXTHEMA remix）",
            "artist": "SIXTHEMA",
            "id": 2022696141
        },
        {
            "name": "Posers",
            "artist": "温浪漫",
            "id": 2020656823
        },
        {
            "name": "Trumbon (Original Mix)",
            "artist": "SixThema",
            "id": 2022294106
        },
        {
            "name": "KEY.L刘聪-不得不撒(MinGtist,Black Samurai.T Rework)",
            "artist": "MinGtist",
            "id": 2004076386
        },
        {
            "name": "就让这大雨全部落下（Skycii & Dragon Bootleg）",
            "artist": "SKYCII",
            "id": 2023942564
        },
        {
            "name": "苦咖啡·唯一 (DJ版)",
            "artist": "DoxMain 潇潇",
            "id": 2025091391
        },
        {
            "name": "那艺娜 - 爱如火（小博 SE7EN Bootleg）",
            "artist": "小博 SE7EN",
            "id": 2026820501
        },
        {
            "name": "Gene bounce mix Vol.1",
            "artist": "Gene",
            "id": 2014366225
        },
        {
            "name": "王云宏 - 佤咖啡 (Prince China Remix)",
            "artist": "Prince China",
            "id": 2024014482
        },
        {
            "name": "就让这大雨全都落下（DJ铁柱/周政 remix）",
            "artist": "周政",
            "id": 2022010590
        },
        {
            "name": "蜡笔小新（A-CIVIL & LAEF.阿建 Bootleg Mix）",
            "artist": "A-CIVIL",
            "id": 2015879271
        },
        {
            "name": "多余的解释（LIGE Bootlge）",
            "artist": "LIGE",
            "id": 2008506260
        },
        {
            "name": "情人节限定陶喆-爱很简单（FarAty）Bootleg",
            "artist": "FarAty",
            "id": 2022291139
        },
        {
            "name": "阿桑 - 一直很安静（小博 SE7EN Bootleg）",
            "artist": "小博 SE7EN",
            "id": 2023267844
        },
        {
            "name": "thomeboydontkill-1 AM (LEIER&RichMing Remix)",
            "artist": "LEIER",
            "id": 2014629308
        },
        {
            "name": "TOYOKI,Capper-MISTAKE VS 不得不爱(Xizzy Mashup)",
            "artist": "Xizzy",
            "id": 2022255360
        },
        {
            "name": "TOYOKI,Capper - MISTAKE (CHENYU Mashup)",
            "artist": "CHENYU",
            "id": 2022387800
        },
        {
            "name": "专属浪漫(ACTING,XIKINIE BOOTLEG)",
            "artist": "ACTING",
            "id": 2010888852
        },
        {
            "name": "董唧唧-乌云Bounce版（Edit）",
            "artist": "1FAN",
            "id": 2019477445
        },
        {
            "name": "SEX ON THE BEACH",
            "artist": "Well威尔",
            "id": 1913318928
        },
        {
            "name": "容祖儿 - 习惯失恋 (Xizzy x Jin金. Bootleg)",
            "artist": "Xizzy",
            "id": 1967111725
        },
        {
            "name": "郑中基-无赖-DJ小牛马（牛马 remix）",
            "artist": "牛马",
            "id": 1999351308
        },
        {
            "name": "NINEONE#赵馨玥--Month（DoxMain潇潇 MorelloMalt Remake)",
            "artist": "DoxMain 潇潇",
            "id": 2018753443
        },
        {
            "name": "蔡健雅-3LAU,蔡健雅-Touch,红色高跟鞋(MinGtist Mix)（MinGtist remix）",
            "artist": "MinGtist",
            "id": 1841818664
        },
        {
            "name": "Aioz-Aioz,刘思达LOFTHESTAR - 猜不透（Oizys &DreamN remix）",
            "artist": "Oizys",
            "id": 1960161136
        },
        {
            "name": "Lilith 2（DJ-Jimmy / thomeboydontkil remix）",
            "artist": "DJ-Jimmy",
            "id": 2009203086
        },
        {
            "name": "周兴哲-永不失联的爱 Bootleg（Richard RC / Paul Cicada remix）",
            "artist": "Richard RC",
            "id": 1861733305
        },
        {
            "name": "那就这样吧 (DJ版)",
            "artist": "96-Music",
            "id": 1808474936
        },
        {
            "name": "可不可以（DJ Coffee Vina Bounce Bootleg）",
            "artist": "DJ Coffee",
            "id": 1900554676
        },
        {
            "name": "汪苏泷-苦笑 (EQ X ASAM BOOTLEG)",
            "artist": "EQ",
            "id": 1902821644
        },
        {
            "name": "邓岳章-情意结140BPM DJ LEE-2（车模小瑞安 remix）",
            "artist": "DJ-LEE酱",
            "id": 1927220919
        },
        {
            "name": "微微一笑(ANSWER & V.V REMIX)",
            "artist": "ANSWER",
            "id": 1995278730
        },
        {
            "name": "Let's Get This Party Started (Aragamii & CU)",
            "artist": "Aragamii",
            "id": 1950712167
        },
        {
            "name": "Lucas & Tizz - Big Booty Bitches (U.D.T Mix)",
            "artist": "H7SEN",
            "id": 1970906418
        },
        {
            "name": "The Hills vs.Nightmare(Sounder Edit)",
            "artist": "SOUNDER MUSIC",
            "id": 2011724412
        },
        {
            "name": "Blithe-Unbbr(Evildoer Mashup)（DJ-Evildoer remix）",
            "artist": "DJ-Evildoer",
            "id": 1847519570
        },
        {
            "name": "Check That Body (BlackSamurai.T,小777_Nas Rework)",
            "artist": "小777_nas",
            "id": 2000192907
        },
        {
            "name": "Asen-Hold On&写不来情歌(Xizzy Bootleg)",
            "artist": "Xizzy",
            "id": 2013029483
        },
        {
            "name": "下雨天（JIN&SKYCII BOOTLEG（抖音上分版）",
            "artist": "SKYCII",
            "id": 1999059885
        },
        {
            "name": "2021 下一站天后(Dj版)",
            "artist": "吴易寒",
            "id": 1856901864
        },
        {
            "name": "By2-爱丫爱丫 FFAG Remix（朱成杰FFAG remix）",
            "artist": "朱成杰FFAG",
            "id": 1957057934
        },
        {
            "name": "陈雪凝-绿色(Xizzy Bootleg)",
            "artist": "Xizzy",
            "id": 1910905586
        },
        {
            "name": "Sonda",
            "artist": "Turn the Doll",
            "id": 1850150831
        },
        {
            "name": "당신의 목소리를 들려주셈",
            "artist": "DJ Gavin.",
            "id": 1883936628
        },
        {
            "name": "SIREN (Original Mix)",
            "artist": "SixThema",
            "id": 1957857194
        },
        {
            "name": "吴雨霏-仙剑三 生生世世爱-（TG{小辉}BOOTLEG)（TG remix）",
            "artist": "TG小辉",
            "id": 1823936358
        },
        {
            "name": "TRIP",
            "artist": "IRON",
            "id": 1998269699
        },
        {
            "name": "Follow Me (Nobody Listens To Techno)",
            "artist": "Sunset Bros",
            "id": 1960267822
        },
        {
            "name": "Like Drop（Original Mix）",
            "artist": "Well威尔",
            "id": 2009429282
        },
        {
            "name": "위아래",
            "artist": "EXID",
            "id": 29011143
        },
        {
            "name": "炫雅-Change(MinGtist,Black Samurai.T Rework)",
            "artist": "MinGtist",
            "id": 2004080899
        },
        {
            "name": "爱一点 (Aragamii & W1CH4 Remix)",
            "artist": "Aragamii",
            "id": 2008879084
        },
        {
            "name": "Signal",
            "artist": "VIONIC",
            "id": 1939457102
        },
        {
            "name": "please don't (Bounce Set Bootleg)",
            "artist": "Morello Malt",
            "id": 2009179091
        },
        {
            "name": "Before I Go (Chinese Set Bootleg)",
            "artist": "Morello Malt",
            "id": 2009205499
        },
        {
            "name": "郭静-心墙(Demon-Fly SixTaylor bootleg)",
            "artist": "Demon-Fly",
            "id": 1982250546
        },
        {
            "name": "有天晚上我好像见到了上帝（Bounce版）",
            "artist": "1FAN",
            "id": 1946102665
        },
        {
            "name": "IBeenInYour(BlackSamurai.T&VitaBrother Rework)",
            "artist": "BlackSamurai.T",
            "id": 1984662739
        },
        {
            "name": "Fatrikins",
            "artist": "Arkins",
            "id": 1948582212
        },
        {
            "name": "Queen Bee (Radio Edit)",
            "artist": "SURA",
            "id": 1901011580
        },
        {
            "name": "GAYLE - abcdefu (（SIXTHEMA / ARKINS remix）",
            "artist": "SIXTHEMA",
            "id": 1950306538
        },
        {
            "name": "Here We Go (Original Mix)",
            "artist": "SixThema",
            "id": 1496933208
        },
        {
            "name": "chris-Psika Understand - Chris & Arkins（CHRIS remix）",
            "artist": "CHRIS",
            "id": 1837129696
        },
        {
            "name": "끝이없다",
            "artist": "Nilo",
            "id": 1857635069
        },
        {
            "name": "Coolio-Gangster‘s paradise（DJ Anew / CHRIS remix）",
            "artist": "Anew",
            "id": 1806323840
        },
        {
            "name": "Rolling in the deep（T.G / KK / DD remix）",
            "artist": "T.G",
            "id": 2009032381
        },
        {
            "name": "KnowKnow-坦白（RichMing remix）",
            "artist": "RichMing",
            "id": 1913393731
        },
        {
            "name": "mac ova seas-丘比特(RICH MING BOOTLEG)（",
            "artist": "RichMing",
            "id": 1944834081
        },
        {
            "name": "Capper- 无人区玫瑰 (KILLER BOOTLEG )Extended Mix",
            "artist": "DJ KILLER",
            "id": 1961432476
        },
        {
            "name": "How you like that (Remix)",
            "artist": "Dj Rotbart",
            "id": 1460273727
        },
        {
            "name": "KKECHO-青城山下（ProdByH.T Bootleg）",
            "artist": "ProdByH.T",
            "id": 1992398369
        },
        {
            "name": "Kiosk (Original Mix)",
            "artist": "SixThema",
            "id": 1991123074
        },
        {
            "name": "杨丞琳-雨爱(JY Bootleg)",
            "artist": "JY",
            "id": 1910039215
        },
        {
            "name": "yihuik苡慧-致你 （DJ DopeZ Bootleg)（DJ DopeZ remix）",
            "artist": "DJ DopeZ",
            "id": 1901511756
        },
        {
            "name": "AGA-wonderful u（SHiNO remix）",
            "artist": "SHiNO",
            "id": 1924761985
        },
        {
            "name": "sunkis 宋秉勤-TRUST ME （SHiNO remix）",
            "artist": "SHiNO",
            "id": 1936686970
        },
        {
            "name": "E: ku",
            "artist": "ASTER",
            "id": 1970901383
        },
        {
            "name": "Pim pao",
            "artist": "Street Housers",
            "id": 1424050663
        },
        {
            "name": "Thank You (KAI Edit)",
            "artist": "DJ KAI",
            "id": 1953593348
        },
        {
            "name": "The Lady (Extended Mix)",
            "artist": "Akita",
            "id": 1912738783
        },
        {
            "name": "江浙沪hooddj*芳草地dj*暴雨dj（mashup）",
            "artist": "3rdPower",
            "id": 1930296522
        },
        {
            "name": "队长YoungCaptain-队长-NUNA （Lifer&DJ Dragon Bootleg）",
            "artist": "Lifer",
            "id": 1974426358
        },
        {
            "name": "林达浪-还是会想你（DJ-成成 Bootleg Mix）",
            "artist": "DJ-成成",
            "id": 1973181475
        },
        {
            "name": "小城夏天,青花瓷(Xizzy Bootleg)",
            "artist": "Xizzy",
            "id": 1972501965
        },
        {
            "name": "艾志恒Asen-土黑娃 (DoxMain潇潇 Bootleg）",
            "artist": "DoxMain 潇潇",
            "id": 2004986731
        },
        {
            "name": "Apologize BAD Flip",
            "artist": "欣妹",
            "id": 1911868600
        },
        {
            "name": "YOUNG-回答(Xizzy Bootleg)",
            "artist": "Xizzy",
            "id": 1999366820
        },
        {
            "name": "Tizzy T《100》(Vizmaker&Milk Bootleg Mix)",
            "artist": "Vizmaker",
            "id": 1989252418
        },
        {
            "name": "Once Again vs. crank thay knor(REDD FOXX Mashup)",
            "artist": "REDDFOXX",
            "id": 1958215338
        },
        {
            "name": "PSY.P-说走就走(Demon-Fly SixTaylor Bootleg)",
            "artist": "Demon-Fly",
            "id": 1989715576
        },
        {
            "name": "楼顶上的小斑鸠(Vizmaker&Milk Bootleg Mix)",
            "artist": "Vizmaker",
            "id": 1989255882
        },
        {
            "name": "2k22_Minimal&psy（T.G / TOPGREAT remix）",
            "artist": "T.G",
            "id": 1984407348
        },
        {
            "name": "Bomb The Bass",
            "artist": "APRIL",
            "id": 1931386343
        },
        {
            "name": "江南第一深情（SKYCII MIXTAPE IN 广州）",
            "artist": "SKYCII",
            "id": 1897818358
        },
        {
            "name": "群星-至少还有你（Well威尔 remix）",
            "artist": "Well威尔",
            "id": 1908357296
        },
        {
            "name": "Sixthema Breeze What Is You Think",
            "artist": "欣妹",
            "id": 1900581305
        },
        {
            "name": "星球坠落-艾热（DJ Shown Bootleg Mix）",
            "artist": "DJ SHOWN",
            "id": 1945621631
        },
        {
            "name": "Feel My Bass",
            "artist": "TJR",
            "id": 546723063
        },
        {
            "name": "Sanjin-Shake It（AH.啊黑 / DJ佳赫 remix）",
            "artist": "AH.啊黑",
            "id": 1467448457
        },
        {
            "name": "Hey Much SHAKE it1",
            "artist": "DJMuchY",
            "id": 1454458450
        },
        {
            "name": "soyazka-The Humnis（kakeimyface / soyazka remix）",
            "artist": "kakeimyface",
            "id": 1824230879
        },
        {
            "name": "郭书瑶-Honey (FyBe Bootleg♥)",
            "artist": "FyBe",
            "id": 1982000721
        },
        {
            "name": "Selena Gomez- Love Song Baby（SIXTHEMA remix）",
            "artist": "SIXTHEMA",
            "id": 1928790008
        },
        {
            "name": "Melonkorea bounce vs vina party # 15",
            "artist": "Melonkorea",
            "id": 1863437620
        },
        {
            "name": "Johnyrighthere-Umlimited& Sky Get High（Morello Malt remix）",
            "artist": "Morello Malt",
            "id": 1481623526
        },
        {
            "name": "Vanitosa (Original Mix)",
            "artist": "Gigi Fuscaldo",
            "id": 493540171
        },
        {
            "name": "一鞭打(C-ONE MASH UP)",
            "artist": "C-ONE Dark",
            "id": 1830308583
        },
        {
            "name": "DARK_EA EA EA (Origingal MIX)",
            "artist": "C-ONE Dark",
            "id": 1496056537
        },
        {
            "name": "Wiz_H张子豪-罗生门（PandaKING Bootleg）",
            "artist": "PandaKING",
            "id": 1924187774
        },
        {
            "name": "BIGBANG - LET'S NOT FALL IN LOVE (BIONIC&EQ)",
            "artist": "EQ",
            "id": 1894796405
        },
        {
            "name": "哆啦A梦（Vina House DJ Coffee Bootleg）",
            "artist": "DJ Coffee",
            "id": 1841048654
        },
        {
            "name": "越南鼓版冰河时代（Stronger）",
            "artist": "DJ KAI",
            "id": 1836365027
        },
        {
            "name": "习谱予-Let Me Know(DoxMain潇潇 Bootleg)",
            "artist": "DoxMain 潇潇",
            "id": 1986717031
        },
        {
            "name": "TwoP-爱情慢慢来（DoxMain潇潇 Bootleg）",
            "artist": "DoxMain 潇潇",
            "id": 1991718029
        },
        {
            "name": "You Will Be Mine (Original Mix)",
            "artist": "SixThema",
            "id": 1951361374
        },
        {
            "name": "Vida Loca",
            "artist": "Cristian Marchi",
            "id": 1857920621
        },
        {
            "name": "冯泳-梦醒（DoxMain潇潇 Rework）",
            "artist": "DoxMain 潇潇",
            "id": 1923673872
        },
        {
            "name": "Crazy Frog - Popcorn （ASHER&Nilo Re - Flip）",
            "artist": "Nilo",
            "id": 1910673562
        },
        {
            "name": "Melonkorea-Love You（Arkins remix）",
            "artist": "Arkins",
            "id": 1820173146
        },
        {
            "name": "一杯两杯想刀你～（C-ONE BOOTLEG）",
            "artist": "C-ONE Dark",
            "id": 1946516683
        },
        {
            "name": "林俊杰-爱笑的眼睛(Xizzy Bootleg)",
            "artist": "Xizzy",
            "id": 1928027534
        },
        {
            "name": "Pump It Up",
            "artist": "ENDOR",
            "id": 1390126229
        },
        {
            "name": "Love Me Loco - (CAMCO Bootleg Mix)",
            "artist": "CAMCO阿布",
            "id": 1912641982
        },
        {
            "name": "SanJin Session 16",
            "artist": "格莱美汇",
            "id": 1895347547
        },
        {
            "name": "黑桃A",
            "artist": "想你了呗",
            "id": 1961879645
        },
        {
            "name": "KKECHO - 忏悔录（Well威尔 REMIX）",
            "artist": "Well威尔",
            "id": 1989776031
        },
        {
            "name": "Ver Hoàng Béo",
            "artist": "SunnaLu",
            "id": 1930242718
        },
        {
            "name": "Wheels Of Motion (Aragamii&MingSir Bootleg)",
            "artist": "MING SIR",
            "id": 1880038071
        },
        {
            "name": "SanJin Session 12",
            "artist": "格莱美汇",
            "id": 1895357163
        },
        {
            "name": "温岚-夏天的风BOOTLEG REMIX（TG 的小号 / 小博 SE7EN remix）",
            "artist": "TG小辉",
            "id": 1458600302
        },
        {
            "name": "By2-爱丫爱丫 Mushup（DJ.Faraty remix）",
            "artist": "FarAty",
            "id": 1822396170
        },
        {
            "name": "飞向别人的Old town road（迷幻版）",
            "artist": "Anew",
            "id": 1941929748
        },
        {
            "name": "七喜-香水有毒DJ（ FunkyHouse Rmx 车载版）",
            "artist": "三人行影音工作室",
            "id": 2036512662
        },
        {
            "name": "Whoomp! 2K22",
            "artist": "KaChu",
            "id": 1961830341
        },
        {
            "name": "HEATJ - 下雨天（暴雨版）（LAYLA X BlackSamurai.T Bootleg）",
            "artist": "LAYLA",
            "id": 1962104971
        },
        {
            "name": "เจอกับตัวเองถึงรู้（即使知道要见面20K2--DJ OFFA Remix）",
            "artist": "OFFA",
            "id": 1933752448
        },
        {
            "name": "棉花糖（Ricky 吴 2K22 Bootleg）",
            "artist": "Ricky吴",
            "id": 1971540267
        },
        {
            "name": "PSY.P 刘玉玲 Lucy Liu（LKEDA&KK MASH EDIT）",
            "artist": "Lkeda",
            "id": 1962372950
        },
        {
            "name": "Putong Disco (羊了个羊 Plyush Remix)",
            "artist": "DJ Plyush",
            "id": 1982795681
        },
        {
            "name": "Well威尔 - 2021 Vina House Live Set",
            "artist": "Well威尔",
            "id": 1913945605
        },
        {
            "name": "羊了个羊（Well威尔 remix）",
            "artist": "Well威尔",
            "id": 1983715627
        },
        {
            "name": "Oh no&Hung Up(Alex Up Edit)",
            "artist": "Morello Malt",
            "id": 1864429036
        },
        {
            "name": "Do It（Orginal Max）",
            "artist": "DJ阿诺",
            "id": 1892343290
        },
        {
            "name": "I SAT YEAH&秒针（SKYCII FILP LOW CUT)",
            "artist": "SKYCII",
            "id": 1946892914
        },
        {
            "name": "BlingBlingXbongduckRangersXpower(REDDFOXX Edit)",
            "artist": "REDDFOXX",
            "id": 1980013807
        },
        {
            "name": "邓紫棋 - A.I.N.Y. (EQ Rework)",
            "artist": "EQ",
            "id": 1973217424
        },
        {
            "name": "KenRobb-恼火（DoxMain潇潇 Bootleg）",
            "artist": "DoxMain 潇潇",
            "id": 1971013490
        },
        {
            "name": "T.G-2K21-岔道（T.G remix）",
            "artist": "T.G",
            "id": 1835727361
        },
        {
            "name": "Wake up (Original Mix)",
            "artist": "Johnyrighthere",
            "id": 1446769091
        },
        {
            "name": "Maroon 5 - Maps (Davis.x &CoLin VIP MIX)",
            "artist": "CoLin",
            "id": 1952079287
        },
        {
            "name": "Extra-Tea-Rest-Y'all （DJ NotFound Mix）",
            "artist": "NOTFOUND",
            "id": 1981557541
        },
        {
            "name": "危险派对,隆里电丝(MinGtist,Black Samurai.T Rework)",
            "artist": "MinGtist",
            "id": 1975362792
        },
        {
            "name": "专属浪漫-thomeboydontkill（Kucci Mashup）",
            "artist": "Kucci",
            "id": 1933050987
        },
        {
            "name": "Meghan Trainor-Me Too（Morello Malt remix）",
            "artist": "Morello Malt",
            "id": 1495976720
        },
        {
            "name": "Bang Bang-BangBangBang粉墨（DjAtom童木 / BlowTNjan remix）",
            "artist": "DjAtom童木",
            "id": 1844503585
        },
        {
            "name": "Bounce Mixset Vol.01（IRON remix）",
            "artist": "IRON",
            "id": 1485216496
        },
        {
            "name": "神魂颠倒(bounce Bootleg）",
            "artist": "JOKER L",
            "id": 1927824825
        },
        {
            "name": "Chilla",
            "artist": "W.A.D",
            "id": 1295693644
        },
        {
            "name": "Love Tonight-Xizzy Bootleg",
            "artist": "Xizzy",
            "id": 1891312846
        },
        {
            "name": "坏女孩（SKYCII BOOTELG)",
            "artist": "SKYCII",
            "id": 1906097313
        },
        {
            "name": "Bounce YearMix 2021",
            "artist": "4K",
            "id": 1884715674
        },
        {
            "name": "迷人的危险 (抖音DJ版) (翻自 dance flow)",
            "artist": "抖音热歌DJ",
            "id": 1410635261
        },
        {
            "name": "晚安Remix (翻自 颜人中) ",
            "artist": "DJ LittleMusk",
            "id": 1361975987
        },
        {
            "name": "最近（DJ版）",
            "artist": "T.G.A.阿航",
            "id": 1395353096
        },
        {
            "name": "Bazzi-Myself（IRON / Aragamii remix）",
            "artist": "IRON",
            "id": 1867928501
        },
        {
            "name": "Chris & Arkins-Psika Understand（Richard RC / Paul Cicada remix）",
            "artist": "Richard RC",
            "id": 1861733306
        },
        {
            "name": "EXID 上下 & GUCCI GUCCI (VINA HOUSE)",
            "artist": "DJ KAI",
            "id": 1910710984
        },
        {
            "name": "队长NUNA（Tony-J龙井/Swecci康康Bootleg Remix）",
            "artist": "Tony-J",
            "id": 1974782924
        },
        {
            "name": "BOOM SHAKELAKE(KIDWU& Carpick  REMIX) ",
            "artist": "KIDWU",
            "id": 1947418992
        },
        {
            "name": "比莉-DEAR JOHN(Demon-Fly Bootleg)",
            "artist": "Demon-Fly",
            "id": 1910983821
        },
        {
            "name": "Drake-God's Plan （TG小辉 &ʙᴏᴡᴊᴜ 爆珠 Bootleg Mix)（TG / BowJu 爆珠 remix）",
            "artist": "TG小辉",
            "id": 1858944433
        },
        {
            "name": "Linkin Park-In The End（SIXTHEMA / SKINSHIP remix）",
            "artist": "SIXTHEMA",
            "id": 1864611507
        },
        {
            "name": "Camila Cabello-Havana（Ron1k remix）",
            "artist": "R1",
            "id": 1460634989
        },
        {
            "name": "Alok-BYOB（SIXTHEMA / Epiik remix）",
            "artist": "SIXTHEMA",
            "id": 1817054101
        },
        {
            "name": "YOUNG13DBABY-Shanghai+Edge（DJ Nie remix）",
            "artist": "Nie",
            "id": 1824314692
        },
        {
            "name": "鱿鱼玻璃（Squid game）",
            "artist": "Well威尔",
            "id": 1884995167
        },
        {
            "name": "Valentino Khan-Lick It（Gunpowder remix）",
            "artist": "Gas",
            "id": 1850967237
        },
        {
            "name": "MiSSA CUP (Original Mix)",
            "artist": "Castle J",
            "id": 1972869586
        },
        {
            "name": "兄妹",
            "artist": "刘大拿",
            "id": 1968390518
        },
        {
            "name": "张敬轩-吻得太逼真（DJ Coffee Vina House Bootleg）",
            "artist": "DJ Coffee",
            "id": 1900910957
        },
        {
            "name": "我们的爱(DJ抖音版)",
            "artist": "苏静",
            "id": 1830754383
        },
        {
            "name": "老二 - 可不可以（Tizz / KaChu remix）",
            "artist": "Tizz",
            "id": 1949026280
        },
        {
            "name": "爱河 (DJ版) (VINA HOUSE)",
            "artist": "欣妹",
            "id": 1903781843
        },
        {
            "name": "谭咏麟 - 一生中最爱（Well威尔 remix）",
            "artist": "Well威尔",
            "id": 1957389008
        },
        {
            "name": "康姆士COM'Z-你永远是我的宝贝（Well威尔 remix）",
            "artist": "Well威尔",
            "id": 1893579712
        },
        {
            "name": "江浙HOOD-(TG小辉&MingSir Bootleg)",
            "artist": "MING SIR",
            "id": 1938998106
        },
        {
            "name": "群星-必杀技（Remix）（周政 remix）",
            "artist": "周政",
            "id": 1965538098
        },
        {
            "name": "林俊杰 - 小酒星（Blithe remix）",
            "artist": "Blithe布莱恩",
            "id": 1941432057
        },
        {
            "name": "DP龙猪-风吹一夏 (Vina Bounce Remix)（P.D remix）",
            "artist": "P.D",
            "id": 1861212338
        },
        {
            "name": "By2-我知道(Davis.x&CoLin Bootleg）",
            "artist": "CoLin",
            "id": 1960624343
        },
        {
            "name": "王以太-危险派对(Demon-Fly&SixTaylor Bootleg)",
            "artist": "Demon-Fly",
            "id": 1907044104
        },
        {
            "name": "未来星B3Ric-无法坠入爱河 ( D-JERRYC Remix )",
            "artist": "D-JERRYC",
            "id": 1941347913
        },
        {
            "name": "DJ Fabio-Wheels Of Motion（LKEDA KK Bootleg）",
            "artist": "Lkeda",
            "id": 1860696948
        },
        {
            "name": "Masked Wolf-Astronaut In The Ocean-「Blithe&PROcrush&Lolita」（PROcrush / Blithe / Lolita remix）",
            "artist": "PROcrush",
            "id": 1861674491
        },
        {
            "name": "CHAMPAGNE SHOWER (Feat. Caesar, Toxic, Cha, Eric)",
            "artist": "SIXTHEMA",
            "id": 1852277649
        },
        {
            "name": "Cocaine (Original Mix)",
            "artist": "SixThema",
            "id": 1954034935
        },
        {
            "name": "BIU BIU BIU -TG小辉ORIGINAL.",
            "artist": "TG小辉",
            "id": 1971699447
        },
        {
            "name": "萧亚轩-表白（Kouromi DoxMain潇潇 Bootleg)",
            "artist": "Mc Kuromi",
            "id": 1963211079
        },
        {
            "name": "BLOO-BLOO - Downtown Baby（Danny remix）",
            "artist": "Danny",
            "id": 1804783169
        },
        {
            "name": "KOKA.林东珉-BLoo-DownTown Baby（SIXTHEMA remix）",
            "artist": "SIXTHEMA",
            "id": 1805122891
        },
        {
            "name": "Mesto - Leyla (KAIZ Remix) [DJ Top Edit]",
            "artist": "DJ Top",
            "id": 1922178793
        },
        {
            "name": "Udigg-西湖水（DoxMain潇潇 Bootleg）",
            "artist": "DoxMain 潇潇",
            "id": 1938355662
        },
        {
            "name": "Whoomp!(H7SEN&Tizz U.D.T Mix)",
            "artist": "H7SEN",
            "id": 1956037731
        },
        {
            "name": "Từ Chối Nhẹ Nhàng (Prog Mix)",
            "artist": "GneHHHc",
            "id": 1853975042
        },
        {
            "name": "隆里电丝(APRIL Bootleg)",
            "artist": "APRIL",
            "id": 1965137966
        },
        {
            "name": "BIGBANG-BANGANGANG（SIXTHEMA remix）",
            "artist": "SIXTHEMA",
            "id": 1839055226
        },
        {
            "name": "Sevenn-Colors Of The Rainbow（DJ-Evildoer remix）",
            "artist": "DJ-Evildoer",
            "id": 1823347823
        },
        {
            "name": "Simon D-SIMON DOMINIC（SIXTHEMA / Plano remix）",
            "artist": "SIXTHEMA",
            "id": 1854192513
        },
        {
            "name": "Shouse-Love Tonight（CHIGGA.Z remix）",
            "artist": "CHIGGA.Z",
            "id": 1866150574
        },
        {
            "name": "徐良-坏女孩 TG小辉BOOTLEG（TG小辉 remix）",
            "artist": "TG小辉",
            "id": 1912673350
        },
        {
            "name": "MacOvaSeas-闪电（DoxMain潇潇 Bootleg）",
            "artist": "DoxMain 潇潇",
            "id": 1937051162
        },
        {
            "name": "SKY's Get High",
            "artist": "Gas",
            "id": 1888426982
        },
        {
            "name": "汪苏泷-小星星 （小777_Nas&TG小辉 Bootleg)",
            "artist": "小777_nas",
            "id": 1905113225
        },
        {
            "name": "Chris&Arkins _ Kokain(T.G Rework)",
            "artist": "T.G",
            "id": 1944114984
        },
        {
            "name": "Drinks",
            "artist": "TG小辉",
            "id": 1968172078
        },
        {
            "name": "Watch Me (Phi Thành ft Bibo Remix)",
            "artist": "Phi Thành",
            "id": 1814827083
        },
        {
            "name": "Young And Beautiful（草莓 remix）",
            "artist": "草莓",
            "id": 1962466688
        },
        {
            "name": "女孩（TG小辉 BOOTLEG MIX）",
            "artist": "TG小辉",
            "id": 1879680138
        },
        {
            "name": "偏爱（ANSWER / PROcrush remix）",
            "artist": "ANSWER",
            "id": 1913899444
        },
        {
            "name": "TOYOKI-暴雨（无前奏）（VitaBrother x Dox Main潇潇 Bootleg)",
            "artist": "DoxMain 潇潇",
            "id": 1952834620
        },
        {
            "name": "队长-11（TG小辉 / DJ Tracy / ANSWER remix）",
            "artist": "TG小辉",
            "id": 1923511030
        },
        {
            "name": "Doja Cat-Doja Cat-Say so（SIXTHEMA remix）",
            "artist": "SIXTHEMA",
            "id": 1887942520
        },
        {
            "name": "Epiik Tequila x Good Trip （ Area /BETE / KK remix）",
            "artist": "BETE",
            "id": 1882207461
        },
        {
            "name": "Melonkorea-BYOB（SixThema remix）",
            "artist": "SixThema",
            "id": 1820173068
        },
        {
            "name": "YOUNG BOSS$$ (ANSWER BOOTLEG)",
            "artist": "ANSWER",
            "id": 1894383242
        },
        {
            "name": "Leyla (KAIZ Remix)",
            "artist": "Mesto",
            "id": 1849410367
        },
        {
            "name": "Philippines Bounce",
            "artist": "IRON",
            "id": 1847081686
        },
        {
            "name": "大大大大大大",
            "artist": "朱成杰FFAG",
            "id": 1401844271
        },
        {
            "name": "溯 Vinahouse （Bootleg）",
            "artist": "DjAtom童木",
            "id": 1847775187
        },
        {
            "name": "Rich(H7SEN Rework)(Feat.Yiyan)",
            "artist": "H7SEN",
            "id": 1878206206
        },
        {
            "name": "사이렌",
            "artist": "HOMIES",
            "id": 1474324718
        },
        {
            "name": "弦子-不得不爱（SIXTHEMA / Plano remix）",
            "artist": "SIXTHEMA",
            "id": 1875331311
        },
        {
            "name": "拜拜做作 (Cowboy)",
            "artist": "Well威尔",
            "id": 1886240081
        },
        {
            "name": "日不落",
            "artist": "KaChu",
            "id": 1490549205
        },
        {
            "name": "WOW DER",
            "artist": "Well威尔",
            "id": 1895191160
        },
        {
            "name": "VA-摸头发 Touch Your Hair (Vina House Remix)（P.D remix）",
            "artist": "P.D",
            "id": 1850377978
        },
        {
            "name": "低空飞行HOUH&Ethan",
            "artist": "DJHOUH",
            "id": 1822321202
        },
        {
            "name": "Paramore-STILL INTO YOU（SIXTHEMA / Plano remix）",
            "artist": "SIXTHEMA",
            "id": 1873313849
        },
        {
            "name": "Colors Of The Rainbow (KeepReal Edit)",
            "artist": "KeepReal.",
            "id": 1857134137
        },
        {
            "name": "队长-哪里都是你.-TG小辉Bootleg Mix（TG小辉 remix）",
            "artist": "TG小辉",
            "id": 1906038200
        },
        {
            "name": "家有儿女-阳光男孩阳光女孩 ( D-JERRYC Remix ）",
            "artist": "D-JERRYC",
            "id": 1852283397
        },
        {
            "name": "特别的人(DJ热播)",
            "artist": "苏亦洋Music",
            "id": 1821105932
        },
        {
            "name": "BLACKPINK-DDU-DU DDU-DU（VESK GREEN 青菜 remix）",
            "artist": "VESK GREEN 青菜",
            "id": 1470200543
        },
        {
            "name": "红色高跟鞋DJ-蔡健雅-慢摇 (Dj炮总 Mix BB版) (翻自 蔡健雅)",
            "artist": "DJ刘超",
            "id": 1407813608
        },
        {
            "name": "我的歌声里(DJ咚鼓)",
            "artist": "张伦亮",
            "id": 1830740709
        },
        {
            "name": "有点甜（DJ版）",
            "artist": "冯纫机",
            "id": 1927478858
        },
        {
            "name": "春娇与志明(DJ弹鼓版)",
            "artist": "沐泽",
            "id": 1827008832
        },
        {
            "name": "杨千嬅-处处吻dj（浪子鹏鹏 remix）",
            "artist": "DJ老鹏",
            "id": 1368327788
        },
        {
            "name": "那些你很冒险的梦(DJ版)",
            "artist": "花子健",
            "id": 1831487487
        },
        {
            "name": "太阳 (DJ弹鼓)",
            "artist": "木亦舟",
            "id": 1395189310
        },
        {
            "name": "唉声叹气 (DJ版)",
            "artist": "承利",
            "id": 445845230
        },
        {
            "name": "邓丽欣-电灯胆dj（MustangFord remix）",
            "artist": "MustangFord",
            "id": 1371056767
        },
        {
            "name": "陈柏宇-你瞒我瞒(咚鼓版)（浪子康 / 豪大大 remix）",
            "artist": "浪子康",
            "id": 1360662345
        },
        {
            "name": "TOYOKI -暴雨（VitaBrother x Dox Main潇潇 Bootleg)",
            "artist": "DoxMain 潇潇",
            "id": 1902568968
        },
        {
            "name": "夏天的风(Marco,Yiyan ReWork)",
            "artist": "Marco",
            "id": 1928932523
        },
        {
            "name": "芳草地 (EQ BOOTLEG)",
            "artist": "EQ",
            "id": 1920971847
        },
        {
            "name": "Melonkorea 韩流 K pop Exclusive Mix.28",
            "artist": "Melonkorea",
            "id": 1913183051
        },
        {
            "name": "房间(DJ)",
            "artist": "歌者林言",
            "id": 1836116900
        },
        {
            "name": "水星记(ANSWER BOOTLEG)",
            "artist": "ANSWER",
            "id": 1924094883
        },
        {
            "name": "只因她说我是帅气男孩",
            "artist": "副班长",
            "id": 1895811371
        },
        {
            "name": "远远的v给 (大哥远版)",
            "artist": "想你了呗",
            "id": 1899738082
        },
        {
            "name": "À Thế Làm Sao Mà À",
            "artist": "DJ Long Nhat",
            "id": 1894191018
        },
        {
            "name": "KIV-江浙Hood（Godslla Bootleg）（Godslla remix）",
            "artist": "Godslla",
            "id": 1926442167
        },
        {
            "name": "Justin Bieber-Baby (TG小辉&MingSir Bootleg)",
            "artist": "MING SIR",
            "id": 1910039312
        },
        {
            "name": "偏爱 (DJ野马版)",
            "artist": "DJ野马",
            "id": 1858047930
        },
        {
            "name": "爱你 DJ版",
            "artist": "DJAC",
            "id": 1951604799
        },
        {
            "name": "心墙",
            "artist": "DJ.Mr.李",
            "id": 1834268297
        },
        {
            "name": "周兴哲-永不失联的爱（SIXTHEMA remix）",
            "artist": "SIXTHEMA",
            "id": 1840310920
        },
        {
            "name": "빅뱅-하루하루",
            "artist": "NOTFOUND",
            "id": 1939876403
        },
        {
            "name": "陈柏宇- 你瞒我瞒- （TG小辉 / MILK remix）",
            "artist": "TG小辉",
            "id": 1920207732
        },
        {
            "name": "Bla Bla Bla (Uzu Original Mix)",
            "artist": "ZUZU",
            "id": 1859676015
        },
        {
            "name": "白月光 DJ Kimnine Remix",
            "artist": "dj.Kimnine",
            "id": 1817534240
        },
        {
            "name": "Dj Vavva-神仙水咚咚咚（Tum Dum Dum)（NyKko remix）",
            "artist": "NyKko",
            "id": 1448372779
        },
        {
            "name": "萧亚轩-爱的主打歌（十三少海 remix）",
            "artist": "十三少海",
            "id": 1472573715
        },
        {
            "name": "Justin Bieber-Peaches（Well威尔 remix）",
            "artist": "Well威尔",
            "id": 1890784711
        },
        {
            "name": "台北下了雪爱&-Mc来了（SKYCII MASH UP）",
            "artist": "SKYCII",
            "id": 1889241039
        },
        {
            "name": "DIGI GHETTO-地基街头(MinGtist Bootleg)V1",
            "artist": "MinGtist",
            "id": 1930576561
        },
        {
            "name": "Justin Bieber-Stay(TG小辉 & ʙᴏᴡᴊᴜ 爆珠 Bootleg)（TG小辉 / BowJu 爆珠 remix）",
            "artist": "TG小辉",
            "id": 1871357375
        },
        {
            "name": "Higher Brothers-Lover Boy 88（Blithe / 小777_nas remix）",
            "artist": "Blithe布莱恩",
            "id": 1820270498
        },
        {
            "name": "Epiik-Tequila（SIXTHEMA / Plano remix）",
            "artist": "SIXTHEMA",
            "id": 1868701257
        },
        {
            "name": "Emetsound-지구방위대 （SIXTHEMA / epiik remix）",
            "artist": "SIXTHEMA",
            "id": 1950314710
        },
        {
            "name": "Sky High (Chris Trip Mix)",
            "artist": "CHRIS",
            "id": 1858667719
        },
        {
            "name": "夏天（DJ版）",
            "artist": "A乐玩音乐",
            "id": 1945093766
        },
        {
            "name": "INA - 류제니 클럽 갈래 (TobinL Mashup)",
            "artist": "TobinL",
            "id": 1841697060
        },
        {
            "name": "周慧敏 - 最爱 (DMD ALEX UP & EQ BOOTLEG)",
            "artist": "EQ",
            "id": 1869055461
        },
        {
            "name": "蔡健雅-Letting Go（DJ阿福 remix）",
            "artist": "DJ阿福",
            "id": 1855739286
        },
        {
            "name": "新乐尘符-123 我爱你 (NUNA & KaChu & Aragamii ReBounce)",
            "artist": "KaChu",
            "id": 1911322650
        },
        {
            "name": "不跟你好了（把心舞乱版）",
            "artist": "BigYear大年",
            "id": 1961628604
        },
        {
            "name": "Philippines Bounce（VINA HOUSE）",
            "artist": "DJ KAI",
            "id": 1885137172
        },
        {
            "name": "Bla Bla Bla (Radio Edit)",
            "artist": "DJ KAI",
            "id": 1884830653
        },
        {
            "name": "不得不爱&不怪他 (KAI MIX)",
            "artist": "DJ KAI",
            "id": 1902782879
        },
        {
            "name": "Shawn Mendes,CamilaCabello-Snorita SIXTHEMA remix）",
            "artist": "SIXTHEMA",
            "id": 1890043634
        },
        {
            "name": "Young Queen（年轻的女王）",
            "artist": "DADOLL",
            "id": 1958998291
        },
        {
            "name": "库洛米越南鼓",
            "artist": "DJ Aries",
            "id": 1893562416
        },
        {
            "name": "泰国摇～～(C-ONE，GENO Remix)",
            "artist": "C-ONE Dark",
            "id": 1932877946
        },
        {
            "name": "Erorr！",
            "artist": "Anew",
            "id": 1951640702
        },
        {
            "name": "飘渺女生越南鼓",
            "artist": "群星",
            "id": 27890604
        },
        {
            "name": "花儿乐队 - 我们能不能不分手（Well威尔 remix）",
            "artist": "Well威尔",
            "id": 1925285943
        },
        {
            "name": "Capper-纵容(Dox Main 潇潇Bootleg)",
            "artist": "DoxMain 潇潇",
            "id": 1954829703
        },
        {
            "name": "我的一个道姑朋友(DJ版)",
            "artist": "无忧",
            "id": 1805586223
        },
        {
            "name": "Mr. Bentley - BowJu 爆珠Bootleg",
            "artist": "BowJu 爆珠",
            "id": 1908651365
        },
        {
            "name": "说散就散(ANSWER BOOTLEG)",
            "artist": "ANSWER",
            "id": 1949111649
        },
        {
            "name": "阿信--恋爱ing-（TG小辉&King-et.王紫 Bootleg Mix）",
            "artist": "TG小辉",
            "id": 1925180232
        },
        {
            "name": "有何不可(咚鼓版)",
            "artist": "DJ可乐",
            "id": 1817504701
        },
        {
            "name": "雨爱(DJ版)",
            "artist": "子哝",
            "id": 1831774173
        },
        {
            "name": "王若琳-有你的快乐（DJ铁柱完整版）",
            "artist": "周政",
            "id": 1961500402
        },
        {
            "name": "KIV-街头爱（DoxMain潇潇 Bootleg)",
            "artist": "DoxMain 潇潇",
            "id": 1965535449
        }
    ]
}