{
    "playlist_info": {
        "name": "你是我未曾拥有无法捕捉的亲昵",
        "trackcount": 29,
        "playcount": 614408,
        "creator": "配枪的茱丽叶",
        "createDate": "2016-08-19",
        "heat": 244.0
    },
    "songs": [
        {
            "name": "Star-Crossed",
            "artist": "布朗尼",
            "id": 1970516649
        },
        {
            "name": "清河",
            "artist": "白皮书乐队",
            "id": 1473369225
        },
        {
            "name": "桥豆麻袋",
            "artist": "陈粒",
            "id": 421563713
        },
        {
            "name": "是首情歌 (Live)",
            "artist": "马頔",
            "id": 1441233819
        },
        {
            "name": "关于我爱你",
            "artist": "张悬",
            "id": 326705
        },
        {
            "name": "虚拟",
            "artist": "陈粒",
            "id": 421423808
        },
        {
            "name": "喜欢",
            "artist": "张悬",
            "id": 326719
        },
        {
            "name": "小半",
            "artist": "陈粒",
            "id": 421423806
        },
        {
            "name": "瞬",
            "artist": "谢春花",
            "id": 410714658
        },
        {
            "name": "爱情",
            "artist": "万玲琳",
            "id": 40249713
        },
        {
            "name": "空空",
            "artist": "乐园里",
            "id": 423104497
        },
        {
            "name": "等人",
            "artist": "曹方",
            "id": 208926
        },
        {
            "name": "秋实",
            "artist": "Mango Daddy",
            "id": 421870312
        },
        {
            "name": "如果你听见·IM NOT GOOD (Live)",
            "artist": "袁娅维TIA RAY",
            "id": 1839476393
        },
        {
            "name": "冰川",
            "artist": "曹方",
            "id": 35416360
        },
        {
            "name": "睡吧",
            "artist": "陈粒",
            "id": 421563718
        },
        {
            "name": "莉莉安",
            "artist": "宋冬野",
            "id": 27646196
        },
        {
            "name": "差三岁",
            "artist": "Jam",
            "id": 34380998
        },
        {
            "name": "简情歌 （吉他版）",
            "artist": "房东的猫",
            "id": 413829644
        },
        {
            "name": "鲨啦啦",
            "artist": "鹏泊",
            "id": 399353128
        },
        {
            "name": "时间之间",
            "artist": "后海大鲨鱼",
            "id": 406072140
        },
        {
            "name": "梦里梦外",
            "artist": "Jam",
            "id": 32845031
        },
        {
            "name": "朋友关系",
            "artist": "末小皮",
            "id": 421885723
        },
        {
            "name": "谎话情歌",
            "artist": "好妹妹",
            "id": 412911786
        },
        {
            "name": "我会想起你",
            "artist": "宋捷",
            "id": 148869
        },
        {
            "name": "我很想念你",
            "artist": "黄玠",
            "id": 416531324
        },
        {
            "name": "坐在海豚阿德对面",
            "artist": "英伦盒子",
            "id": 423104428
        },
        {
            "name": "我也不知为何流下了眼泪",
            "artist": "Jam",
            "id": 33920425
        },
        {
            "name": "提起笔想写下一些你的片段",
            "artist": "郭旭",
            "id": 422428563
        }
    ]
}