{
    "playlist_info": {
        "name": "帕格尼尼 | 技术高超的魔鬼小提琴家",
        "trackcount": 40,
        "playcount": 25954,
        "creator": "云音乐古典星球",
        "createDate": "2023-03-30",
        "heat": 286.0
    },
    "songs": [
        {
            "name": "24 Caprices, Op. 1:No. 24 in A Minor",
            "artist": "Itzhak Perlman",
            "id": 1933498217
        },
        {
            "name": "Paganini-Jazz for Piano (Arr. for Jazz Quartet)",
            "artist": "Niklas Liepe",
            "id": 542871624
        },
        {
            "name": "24 Caprices, Op. 1:Capriccio No.9 In E Major",
            "artist": "Ilya Kaler",
            "id": 1460503
        },
        {
            "name": "Violin Concerto No. 3 in E Major, MS 50:II. Adagio, cantabile spianato",
            "artist": "Erno Rozsa",
            "id": 465073655
        },
        {
            "name": "24 Caprices, Op. 1:Capriccio No.1 In E Major",
            "artist": "Ilya Kaler",
            "id": 1460469
        },
        {
            "name": "Violin Concerto No. 4 in D Minor, MS 60:III. Rondo galante: Andantino gaio",
            "artist": "Erno Rozsa",
            "id": 465073659
        },
        {
            "name": "Cantabile e Valtz in E Major, Op. 19, MS 45:Cantabile e Valtz, Op. 19, MS 45",
            "artist": "Scott St. John",
            "id": 464958778
        },
        {
            "name": "Centone di sonate, Op. 64, MS 112: Sonata No. 6 in A Major: II. Rondo",
            "artist": "Moshe Hammer",
            "id": 504329179
        },
        {
            "name": "24 Caprices, Op. 1:No. 11 in C Major",
            "artist": "Itzhak Perlman",
            "id": 1933498210
        },
        {
            "name": "Violin Concerto No.3 in E:1. Introduzione (Andante) - Allegro marziale - cadenza",
            "artist": "London Philharmonic Orchestra",
            "id": 401817125
        },
        {
            "name": "Violin Concerto No. 5 in A Minor, MS 78:III. Rondo: Andantino quasi allegretto",
            "artist": "Ivan Pochekin",
            "id": 465370950
        },
        {
            "name": "Violin Concerto No. 3 in E Major, MS. 50:3. Polacca (Andantino vivace)",
            "artist": "Henryk Szeryng",
            "id": 1322221485
        },
        {
            "name": "24 Caprices for Violin, Op. 1:No. 4 in C minor",
            "artist": "Julia Fischer",
            "id": 1917550240
        },
        {
            "name": "Violin Concerto No.4 in D minor:1. Allegro maestoso",
            "artist": "Henryk Szeryng",
            "id": 403682306
        },
        {
            "name": "Violin Concerto No. 1 in D Major, Op. 6:III. Rondo (Allegro spirituoso)",
            "artist": "Hilary Hahn",
            "id": 1936391648
        },
        {
            "name": "Violin Concerto No. 5 in A Minor, MS 78:I. Allegro maestoso",
            "artist": "Ivan Pochekin",
            "id": 465370948
        },
        {
            "name": "24 Caprices for Violin, Op.1, MS. 25:No. 14 in E-Flat Major",
            "artist": "Inmo Yang",
            "id": 1869077171
        },
        {
            "name": "Centone di sonate, Op. 64, MS 112: Sonata No. 1 in A Minor: II. Rondoncino",
            "artist": "Moshe Hammer",
            "id": 504329170
        },
        {
            "name": "Variations on a Theme of Rossini",
            "artist": "Sebastian Bru",
            "id": 1348843438
        },
        {
            "name": "Sonata concertata for flute and guitar:Adagio assai espressivo",
            "artist": "Andrea Griminelli",
            "id": 473001719
        },
        {
            "name": "Sonata for Violin and Guitar in E Minor, Op. 3, No. 6, MS 27:II. Allegro vivo",
            "artist": "Scott St. John",
            "id": 464946007
        },
        {
            "name": "Sonata No. 12:Andante cantabile",
            "artist": "Moshe Hammer",
            "id": 465025858
        },
        {
            "name": "Caprice No. 15 in E Minor: Posato",
            "artist": "James Ehnes",
            "id": 1880176848
        },
        {
            "name": "Duo merveille, Op. 6 \"Duet for One\"",
            "artist": "Rachel Barton Pine",
            "id": 562319594
        },
        {
            "name": "Romanza in Am",
            "artist": "Niklas Johansen",
            "id": 512564236
        },
        {
            "name": "Violin Concerto No.1 In D, Op.6:1. Allegro maestoso",
            "artist": "London Philharmonic Orchestra",
            "id": 401817119
        },
        {
            "name": "Sonata for Violin and Guitar in A Major, Op. 3, No. 5, MS 27:I. Adagio amoroso",
            "artist": "Scott St. John",
            "id": 464946004
        },
        {
            "name": "Moto perpetuo, Op. 11, MS 72 (version for violin and orchestra)",
            "artist": "Ivan Pochekin",
            "id": 465370947
        },
        {
            "name": "Perpetula (Sonata movimento perpetuo), MS 66 (arr. for violin and piano):I. Andante amoroso",
            "artist": "Mario Hossen",
            "id": 1296528530
        },
        {
            "name": "Sonata a Preghiera for the Fourth String in C Minor, MS 23 (Arr. for Violin and Guitar by E. Della Chiara)",
            "artist": "Eugenio Della Chiara",
            "id": 571994670
        },
        {
            "name": "La Primavera:Sonata For Violin And Orchestra In A Major MS. 73",
            "artist": "Salvatore Accardo",
            "id": 472783717
        },
        {
            "name": "Violin Caprices, Op. 1: Caprice No. 17 in E-Flat Major, Op. 1 (Transcriped for Flute)",
            "artist": "Marieke Schneemann",
            "id": 566689110
        },
        {
            "name": "Violin Concerto No. 5 in A Minor, MS 78:II. Andante un poco sostenuto",
            "artist": "Ivan Pochekin",
            "id": 465370949
        },
        {
            "name": "Caprice in A minor, Op. 1, No. 5",
            "artist": "Mayuko Kamio",
            "id": 1298442787
        },
        {
            "name": "Sinfonia della Lodovisca, MS 98",
            "artist": "Luigi Attademo",
            "id": 572150417
        },
        {
            "name": "Trio in D Major for Violin, Cello and Guitar:II. Minuetto and Trio - Allegro vivace",
            "artist": "John Williams",
            "id": 1479072406
        },
        {
            "name": "24 Caprices For Violin, Op.1:No. 17 In E Flat",
            "artist": "David Garrett",
            "id": 1220870
        },
        {
            "name": "Sonata Concertata for Guitar and Violin in A Major, Op. 61, MS2:2. Adagio, assai espressivo",
            "artist": "黄蒙拉",
            "id": 1331800817
        },
        {
            "name": "Cantabile in D Major, Op. 17, MS 109",
            "artist": "Michail Lifits",
            "id": 1403208412
        },
        {
            "name": "Ghiribizzi, MS 43: Ghiribizzo 2. Andantino",
            "artist": "Luigi Attademo",
            "id": 572150342
        }
    ]
}