{
    "playlist_info": {
        "name": "世界上最动听的歌： 天籁之声",
        "trackcount": 25,
        "playcount": 5988,
        "creator": "rockmewrong",
        "createDate": "2013-10-19",
        "heat": 1.0
    },
    "songs": [
        {
            "name": "Feel",
            "artist": "Michelle Tumes",
            "id": 22468689
        },
        {
            "name": "China Roses",
            "artist": "Enya",
            "id": 2530442
        },
        {
            "name": "Beyond The Invisible (Album Version)",
            "artist": "Enigma",
            "id": 22511512
        },
        {
            "name": "Scarborough Fair",
            "artist": "Sarah Brightman",
            "id": 3405868
        },
        {
            "name": "Veni Domine",
            "artist": "Bára Basiková",
            "id": 5218849
        },
        {
            "name": "NS2000",
            "artist": "郭英男",
            "id": 4913792
        },
        {
            "name": "Tri martolod",
            "artist": "Alan Stivell",
            "id": 16319411
        },
        {
            "name": "Father Hear The Prayer We Offer (Arr.)  ()",
            "artist": "Eden's Bridge",
            "id": 22573581
        },
        {
            "name": "Ferry Me Across The Water",
            "artist": "Kim Robertson",
            "id": 22206578
        },
        {
            "name": "Espiritu",
            "artist": "Thomas Otten",
            "id": 2024672
        },
        {
            "name": "Freedom Cry",
            "artist": "Deep Forest",
            "id": 17365406
        },
        {
            "name": "Gwerz ar Vezhinerien",
            "artist": "Denez Prigent",
            "id": 29214557
        },
        {
            "name": "Prayer",
            "artist": "Secret Garden",
            "id": 26452733
        },
        {
            "name": "Ta Muid",
            "artist": "Celtic Spirit",
            "id": 5224627
        },
        {
            "name": "Nocturne",
            "artist": "Secret Garden",
            "id": 4278467
        },
        {
            "name": "Earthsong",
            "artist": "Karunesh",
            "id": 18941339
        },
        {
            "name": "Morphing Thru Time",
            "artist": "Enigma",
            "id": 22511510
        },
        {
            "name": "She Moved Through the Fair",
            "artist": "Jam Nation",
            "id": 18493807
        },
        {
            "name": "Naturaleza Muerta",
            "artist": "Sarah Brightman",
            "id": 22262246
        },
        {
            "name": "Chant Of The Magic Flute",
            "artist": "Rashni Punjaabi",
            "id": 5221298
        },
        {
            "name": "Gortoz A Ran",
            "artist": "Denez Prigent",
            "id": 17236172
        },
        {
            "name": "Letting the Cables Sleep",
            "artist": "Bush",
            "id": 16782864
        },
        {
            "name": "Falling",
            "artist": "Julee Cruise",
            "id": 18839191
        },
        {
            "name": "The Bonny Swans",
            "artist": "Loreena McKennitt",
            "id": 26723287
        },
        {
            "name": "Only Time",
            "artist": "Enya",
            "id": 2530213
        },
        {
            "name": "A modern Mantra",
            "artist": "Govinda",
            "id": 5218858
        }
    ]
}