{
    "playlist_info": {
        "name": "一周泰语上新 | 泰语新歌每周速报！",
        "trackcount": 30,
        "playcount": 2992916,
        "creator": "云音乐官方歌单",
        "createDate": "2019-06-25",
        "heat": 2043.0
    },
    "songs": [
        {
            "name": "ก่อนที่เธอจะลืมฝัน (Lucid)",
            "artist": "Jeff Satur",
            "id": 2057186335
        },
        {
            "name": "KNOCK KNOCK",
            "artist": "Nanon Korapat",
            "id": 2057390510
        },
        {
            "name": "แสงรวี (Destiny) [Original Soundtrack \"ดับแสงรวี\"]",
            "artist": "Zee Pruk",
            "id": 2057819881
        },
        {
            "name": "กลับมาคบกันเถอะ (Please Please)",
            "artist": "Billkin",
            "id": 2056875246
        },
        {
            "name": "สิ่งเดียวที่ไม่ยอม (Unable) (เพลงประกอบซีรีส์ บทกวีของปีแสง Be My Favorite)",
            "artist": "Fluke Gawin",
            "id": 2058035084
        },
        {
            "name": "Mr. Everything",
            "artist": "Billkin",
            "id": 2056875243
        },
        {
            "name": "It's Okay Not To Be Alright",
            "artist": "PP Krit",
            "id": 2056875250
        },
        {
            "name": "ใครสัญญิงสัญญา (ซนซน 40 ปี GMM GRAMMY)",
            "artist": "MONICA",
            "id": 2056054187
        },
        {
            "name": "ห่มผ้า (Hold Me Tight) (From I Promised You the Moon)",
            "artist": "PP Krit",
            "id": 2056879731
        },
        {
            "name": "Stay Together (From ครั้งหนึ่งเราเคยรักกัน Love Area The Series)",
            "artist": "Jeff Satur",
            "id": 2056879741
        },
        {
            "name": "อย่าบอกให้ใครรู้ (ซนซน 40 ปี GMM GRAMMY)",
            "artist": "Peck Palitchoke",
            "id": 2058357042
        },
        {
            "name": "รบกวน",
            "artist": "Dept",
            "id": 2055100808
        },
        {
            "name": "ใครจะรู้ (From \"มาตาลดา\")",
            "artist": "อแมนด้า ชาลิสา ออบดัม",
            "id": 2049995328
        },
        {
            "name": "น่าจะใช่ (Maybe It's you) (From นับสิบจะจูบ Lovely Writer Soundtrack)",
            "artist": "CHOGUN",
            "id": 2056875244
        },
        {
            "name": "สักคำ...ก็สำคัญ (Fine)",
            "artist": "Aran",
            "id": 2056739796
        },
        {
            "name": "Joyride",
            "artist": "Max Jenmana",
            "id": 2056879732
        },
        {
            "name": "สู้เด้ (Chicka Boom)",
            "artist": "FLI:P",
            "id": 2056624298
        },
        {
            "name": "เพลงรักที่ไม่รัก (From ซีรีส์ Coffee Melody เพลงที่รัก)",
            "artist": "THE WINTER",
            "id": 2056879735
        },
        {
            "name": "ไปตายซะ",
            "artist": "Seedaa Thevillain",
            "id": 2056879736
        },
        {
            "name": "บอกว่าคิดถึง (From The Yearbook The Series)",
            "artist": "Earth JA-RU",
            "id": 2056879733
        },
        {
            "name": "หัวใจใกล้เธอ (Please Don't Say No) (From Don't Say No The Series)",
            "artist": "Ja Phachara",
            "id": 2056879737
        },
        {
            "name": "ไม่เชย",
            "artist": "DeFa",
            "id": 2056879734
        },
        {
            "name": "ก็อยากจะเป็นคนที่เธอฝัน (From My Boy The Series วุ่นนักรักซะเลย)",
            "artist": "Planoi Nicha",
            "id": 2056875247
        },
        {
            "name": "เพราะเธอแหละ (MY CALENDULA)",
            "artist": "PORSCHE",
            "id": 2056875245
        },
        {
            "name": "ดาวดึงส์",
            "artist": "SPRITE",
            "id": 2056879740
        },
        {
            "name": "รักให้ถึงที่สุด",
            "artist": "O-Pavee",
            "id": 2056879739
        },
        {
            "name": "บอกหน่อย!!!",
            "artist": "Mercury Goldfish",
            "id": 2056875248
        },
        {
            "name": "Chin Up",
            "artist": "Boyd Kosiyabong",
            "id": 2056875249
        },
        {
            "name": "เฟซบุ๊กทุกข์ใจ",
            "artist": "Lek Pongsatorn",
            "id": 2056879738
        },
        {
            "name": "เพื่อเธอฉันพร้อมจะ... (AXEtractive)",
            "artist": "Lazyloxy",
            "id": 2051783716
        }
    ]
}