{
    "playlist_info": {
        "name": "你听：温柔的摇滚吟颂者",
        "trackcount": 35,
        "playcount": 1141,
        "creator": "R_ivens",
        "createDate": "2023-05-18",
        "heat": 27.0
    },
    "songs": [
        {
            "name": "Don't Cry (Original)",
            "artist": "Guns N' Roses",
            "id": 18094989
        },
        {
            "name": "I'm Eighteen",
            "artist": "Alice Cooper",
            "id": 16345633
        },
        {
            "name": "Let It Grow",
            "artist": "Bonfire",
            "id": 2206553
        },
        {
            "name": "Stairway to Heaven (Remaster)",
            "artist": "Led Zeppelin",
            "id": 29719536
        },
        {
            "name": "Is This Love",
            "artist": "Whitesnake",
            "id": 4425291
        },
        {
            "name": "To Blossom Blue",
            "artist": "Lake of Tears",
            "id": 21041381
        },
        {
            "name": "18 and Life",
            "artist": "Skid Row",
            "id": 4279861
        },
        {
            "name": "Lethean Tears",
            "artist": "Solution .45",
            "id": 19181340
        },
        {
            "name": "Two Bodies",
            "artist": "Chrissy Steele",
            "id": 22325334
        },
        {
            "name": "Angel",
            "artist": "Judas Priest",
            "id": 18697648
        },
        {
            "name": "Graffiti on the train",
            "artist": "Stereophonics",
            "id": 25730835
        },
        {
            "name": "Can't Stop Lovin' You",
            "artist": "Van Halen",
            "id": 19703275
        },
        {
            "name": "Creep",
            "artist": "Radiohead",
            "id": 22605222
        },
        {
            "name": "Keep Walkin' Away",
            "artist": "The Headpins",
            "id": 20376234
        },
        {
            "name": "Black Heart",
            "artist": "Bloodbound",
            "id": 16736232
        },
        {
            "name": "Strange World (1998 Digital Remaster)",
            "artist": "Iron Maiden",
            "id": 22449229
        },
        {
            "name": "So Savage the Heart",
            "artist": "Babylon A.D.",
            "id": 1127641
        },
        {
            "name": "I Won't Forget You",
            "artist": "Poison",
            "id": 18260459
        },
        {
            "name": "Hotel California (2013 Remaster)",
            "artist": "Eagles",
            "id": 26289183
        },
        {
            "name": "Through The Rain",
            "artist": "Cinderella",
            "id": 1145216
        },
        {
            "name": "The Fallen One",
            "artist": "Hammerfall",
            "id": 18330219
        },
        {
            "name": "Fade To Black",
            "artist": "Metallica",
            "id": 1695819
        },
        {
            "name": "Long, Long Way To Go",
            "artist": "Def Leppard",
            "id": 2416600
        },
        {
            "name": "Tragic Comic",
            "artist": "Extreme",
            "id": 17567278
        },
        {
            "name": "Love Soul Matter",
            "artist": "Gotthard",
            "id": 18093977
        },
        {
            "name": "Sailing",
            "artist": "Rod Stewart",
            "id": 1872296
        },
        {
            "name": "Gone With The Sin",
            "artist": "HIM",
            "id": 1424875
        },
        {
            "name": "The Crow, the Owl and the Dove (Radio Edit)",
            "artist": "Nightwish",
            "id": 21312222
        },
        {
            "name": "Will My Soul Ever Rest in Peace?",
            "artist": "Stratovarius",
            "id": 19089348
        },
        {
            "name": "Love Is A Killer",
            "artist": "Vixen",
            "id": 19699638
        },
        {
            "name": "When It Comes To You",
            "artist": "Dire Straits",
            "id": 17449141
        },
        {
            "name": "Another One Bites the Dust",
            "artist": "Queen",
            "id": 1868486
        },
        {
            "name": "The Ecstacy Once Told",
            "artist": "Dolly Rocker Movement",
            "id": 4032556
        },
        {
            "name": "At My Most Beautiful",
            "artist": "R.E.M.",
            "id": 20283082
        },
        {
            "name": "Where Eagles Fly",
            "artist": "Heavy Bones",
            "id": 18227079
        }
    ]
}