{
    "playlist_info": {
        "name": "希望你的可爱，可以治愈一切烦恼",
        "trackcount": 97,
        "playcount": 17715076,
        "creator": "mayuko然",
        "createDate": "2018-11-21",
        "heat": 10542.0
    },
    "songs": [
        {
            "name": "10,000 Hours",
            "artist": "Dan + Shay",
            "id": 1394494933
        },
        {
            "name": "Don't Worry Be Happy",
            "artist": "Holly Dolly",
            "id": 2701514
        },
        {
            "name": "Together",
            "artist": "Sia",
            "id": 1449669437
        },
        {
            "name": "Leave Out the Lows",
            "artist": "Kate Lomas",
            "id": 1325711643
        },
        {
            "name": "What's She Got?",
            "artist": "Emma Stevens",
            "id": 27569687
        },
        {
            "name": "Kept in the Dark",
            "artist": "KAWALA",
            "id": 1346473191
        },
        {
            "name": "Snow Globe",
            "artist": "Matt Wertz",
            "id": 21127718
        },
        {
            "name": "Forevermore",
            "artist": "Katie Herzig",
            "id": 2872362
        },
        {
            "name": "Be My Valentine",
            "artist": "Tim McMorris",
            "id": 31545002
        },
        {
            "name": "superlit",
            "artist": "gnash",
            "id": 509612912
        },
        {
            "name": "Me and You",
            "artist": "One Two",
            "id": 27506704
        },
        {
            "name": "Jocelin",
            "artist": "Leddra Chapman",
            "id": 16532462
        },
        {
            "name": "Drop the Fight",
            "artist": "Terese Fredenwall",
            "id": 30612610
        },
        {
            "name": "Our Own Heaven",
            "artist": "Masetti",
            "id": 30070142
        },
        {
            "name": "Chasing Time",
            "artist": "Alan Pownall",
            "id": 1064974
        },
        {
            "name": "Shortie",
            "artist": "Hannah Georgas",
            "id": 19928328
        },
        {
            "name": "C'mon C'mon",
            "artist": "Olly Murs",
            "id": 21317959
        },
        {
            "name": "Melancholy Astronautic Man",
            "artist": "Allie Moss",
            "id": 16426574
        },
        {
            "name": "Paralyse",
            "artist": "Polarheart",
            "id": 28828040
        },
        {
            "name": "Take my heart",
            "artist": "SoKo",
            "id": 3407088
        },
        {
            "name": "5 Years Time",
            "artist": "Noah and the Whale",
            "id": 17429700
        },
        {
            "name": "Free Fall",
            "artist": "The Workday Release",
            "id": 31090069
        },
        {
            "name": "Bigcitydreams",
            "artist": "Never Shout Never",
            "id": 21267236
        },
        {
            "name": "Sunny Day",
            "artist": "Joy Williams",
            "id": 2786189
        },
        {
            "name": "I Could Be the One",
            "artist": "Donna Lewis",
            "id": 19724606
        },
        {
            "name": "Sku' Ha' Gået Hjem",
            "artist": "Sys Bjerre",
            "id": 27514236
        },
        {
            "name": "If A Song Could Get Me You",
            "artist": "Marit Larsen",
            "id": 5096294
        },
        {
            "name": "Ican",
            "artist": "Minnutes",
            "id": 21224493
        },
        {
            "name": "One Match",
            "artist": "Sarah Harmer",
            "id": 19094999
        },
        {
            "name": "Moshi Moshi",
            "artist": "Poppy",
            "id": 509728841
        },
        {
            "name": "Dumb Ways to Die",
            "artist": "Oliver McGill",
            "id": 27566312
        },
        {
            "name": "Love Life",
            "artist": "John Mamann",
            "id": 27893560
        },
        {
            "name": "Have It All",
            "artist": "Jason Mraz",
            "id": 554405218
        },
        {
            "name": "Where Did You Go",
            "artist": "Reagan James",
            "id": 27836653
        },
        {
            "name": "Tennis Elbow",
            "artist": "Sky Sailing",
            "id": 19182323
        },
        {
            "name": "Had Me At Hello",
            "artist": "Ariel",
            "id": 28468326
        },
        {
            "name": "He's Still Here",
            "artist": "Chris August",
            "id": 30854923
        },
        {
            "name": "The Day After Tomorrow",
            "artist": "David Archuleta",
            "id": 31446645
        },
        {
            "name": "Carry Me",
            "artist": "Josh Wilson",
            "id": 26189457
        },
        {
            "name": "Waiting",
            "artist": "Matt Wertz",
            "id": 1702251
        },
        {
            "name": "I Will Stand By You",
            "artist": "Casey Darnell",
            "id": 27955853
        },
        {
            "name": "Got It Good",
            "artist": "One Two",
            "id": 27510020
        },
        {
            "name": "Satellite",
            "artist": "Andrew Allen",
            "id": 28828374
        },
        {
            "name": "Feels Like Home",
            "artist": "Mike Waters",
            "id": 32272119
        },
        {
            "name": "Summer Song",
            "artist": "Leddra Chapman",
            "id": 16532458
        },
        {
            "name": "Good Morning and Good Night",
            "artist": "Maggie McClure",
            "id": 3161527
        },
        {
            "name": "Big bad world",
            "artist": "The Real Group",
            "id": 3597649
        },
        {
            "name": "Jigsaw",
            "artist": "Chris Madin",
            "id": 1207084
        },
        {
            "name": "Believe It",
            "artist": "Cimorelli",
            "id": 28253241
        },
        {
            "name": "My Favorite Song",
            "artist": "Skyler Stonestreet",
            "id": 3550532
        },
        {
            "name": "Can't Behave",
            "artist": "Courtney Jaye",
            "id": 2313905
        },
        {
            "name": "Sunshine",
            "artist": "Tigerweather",
            "id": 29393836
        },
        {
            "name": "Lost In the Moment",
            "artist": "Daniel Lee Kendall",
            "id": 28547039
        },
        {
            "name": "Loving You Tonight",
            "artist": "Andrew Allen",
            "id": 1066331
        },
        {
            "name": "Daisy",
            "artist": "Mike Waters",
            "id": 32272117
        },
        {
            "name": "On Top of the World",
            "artist": "Tim McMorris",
            "id": 32683297
        },
        {
            "name": "Girl In the Mirror",
            "artist": "Sophia Grace",
            "id": 416700601
        },
        {
            "name": "Never Coming Back",
            "artist": "Jesper Jenset",
            "id": 37092074
        },
        {
            "name": "Burn Out",
            "artist": "Plug In Stereo",
            "id": 29343906
        },
        {
            "name": "Sunflower",
            "artist": "Emma Stevens",
            "id": 27899008
        },
        {
            "name": "Talk to Me",
            "artist": "Carly Rae Jepsen",
            "id": 2313958
        },
        {
            "name": "Good to Be Alive",
            "artist": "Jason Gray",
            "id": 18601183
        },
        {
            "name": "Feel Good Sunshine",
            "artist": "Tim Myers",
            "id": 2054828
        },
        {
            "name": "Make Believe",
            "artist": "Meghan & Lucas",
            "id": 28095746
        },
        {
            "name": "In My Pockets",
            "artist": "Morrie",
            "id": 22843785
        },
        {
            "name": "One of Those Days",
            "artist": "Joy Williams",
            "id": 2786280
        },
        {
            "name": "Everything Is Sound",
            "artist": "Jason Mraz",
            "id": 1474524
        },
        {
            "name": "Smile",
            "artist": "Sheppard",
            "id": 28814035
        },
        {
            "name": "Have a Nice Day",
            "artist": "Stereophonics",
            "id": 4279440
        },
        {
            "name": "Take a Ride (Put 'Em in the Air)",
            "artist": "Eric Saade",
            "id": 28768434
        },
        {
            "name": "Best Day Of My Life",
            "artist": "American Authors",
            "id": 27646851
        },
        {
            "name": "Lullaby",
            "artist": "Morrie",
            "id": 22843782
        },
        {
            "name": "Colourful",
            "artist": "Virginia To Vegas",
            "id": 28727903
        },
        {
            "name": "Unbelievable",
            "artist": "Owl City",
            "id": 32835004
        },
        {
            "name": "Beautiful You",
            "artist": "Monk & Neagle",
            "id": 4193079
        },
        {
            "name": "Sunshine Girl",
            "artist": "moumoon",
            "id": 28593339
        },
        {
            "name": "Heart Like California",
            "artist": "Before You Exit",
            "id": 28828120
        },
        {
            "name": "Wherever You Go",
            "artist": "A Rocket to the Moon",
            "id": 26233523
        },
        {
            "name": "We Are Stars",
            "artist": "Virginia To Vegas",
            "id": 28612166
        },
        {
            "name": "Hold Us Together",
            "artist": "WILD",
            "id": 480517594
        },
        {
            "name": "Under Your Skin",
            "artist": "Sid Rosco",
            "id": 483024252
        },
        {
            "name": "Walk Away",
            "artist": "Dia Frampton",
            "id": 2529311
        },
        {
            "name": "Everything",
            "artist": "Hannah Schneider",
            "id": 29947306
        },
        {
            "name": "Ordinary Day",
            "artist": "Melanie Penn",
            "id": 3157058
        },
        {
            "name": "Shutterbug",
            "artist": "Glenna",
            "id": 428203132
        },
        {
            "name": "One Penny",
            "artist": "Julian Moon",
            "id": 31192581
        },
        {
            "name": "Discover",
            "artist": "Minnutes",
            "id": 21224495
        },
        {
            "name": "I Do Adore",
            "artist": "Mindy Gledhill",
            "id": 3159085
        },
        {
            "name": "Save Me",
            "artist": "Aimee Allen",
            "id": 2119755
        },
        {
            "name": "I Really Like You",
            "artist": "Anthem Lights",
            "id": 32574252
        },
        {
            "name": "Everybody",
            "artist": "Ingrid Michaelson",
            "id": 18374823
        },
        {
            "name": "Lucky",
            "artist": "Lenka",
            "id": 497463179
        },
        {
            "name": "New Soul",
            "artist": "Vox Angeli",
            "id": 19711382
        },
        {
            "name": "Everything Falls",
            "artist": "Fee",
            "id": 17804651
        },
        {
            "name": "Love You Like the Movies",
            "artist": "Anthem Lights",
            "id": 29498914
        },
        {
            "name": "Good Day",
            "artist": "Lucky Stroke",
            "id": 28493605
        },
        {
            "name": "Love In A Box",
            "artist": "The Workday Release",
            "id": 4380582
        }
    ]
}