{
    "playlist_info": {
        "name": "你是我这一辈子，都不想失联的爱",
        "trackcount": 60,
        "playcount": 3975689,
        "creator": "念念念安娜",
        "createDate": "2020-09-20",
        "heat": 3911.0
    },
    "songs": [
        {
            "name": "多亏你啊",
            "artist": "戴佩妮",
            "id": 1958678730
        },
        {
            "name": "多云转晴",
            "artist": "于梓贝",
            "id": 1925100299
        },
        {
            "name": "嫌晚",
            "artist": "徐梓淳",
            "id": 1833634254
        },
        {
            "name": "爱就一个字（女声版）",
            "artist": "傲七爷",
            "id": 1830490788
        },
        {
            "name": "处处遗憾",
            "artist": "颜人中",
            "id": 1832622345
        },
        {
            "name": "Hold Back",
            "artist": "梁根荣",
            "id": 1806772741
        },
        {
            "name": "迟迟",
            "artist": "薛之谦",
            "id": 1808053189
        },
        {
            "name": "他只是经过",
            "artist": "h3R3",
            "id": 1443838552
        },
        {
            "name": "永不失联的爱",
            "artist": "周兴哲",
            "id": 523250334
        },
        {
            "name": "少年",
            "artist": "满江",
            "id": 1472259321
        },
        {
            "name": "独家记忆",
            "artist": "张紫宁",
            "id": 1472860618
        },
        {
            "name": "末班飞行",
            "artist": "汪苏泷",
            "id": 1479243310
        },
        {
            "name": "是你想成为的大人吗",
            "artist": "尤长靖",
            "id": 1479706965
        },
        {
            "name": "怕雨",
            "artist": "尧顺宇",
            "id": 1474676362
        },
        {
            "name": "拥抱",
            "artist": "五月天",
            "id": 386542
        },
        {
            "name": "守候 (2020重唱版)",
            "artist": "薛之谦",
            "id": 1472577555
        },
        {
            "name": "人间一趟，该晒晒太阳",
            "artist": "阿虾",
            "id": 1478124233
        },
        {
            "name": "我行我素我爱你",
            "artist": "郁可唯",
            "id": 1465036454
        },
        {
            "name": "想见你想见你想见你",
            "artist": "八三夭",
            "id": 1403215687
        },
        {
            "name": "一个人想着一个人 ",
            "artist": "如懿",
            "id": 1429716422
        },
        {
            "name": "只对你有感觉",
            "artist": "要不要买菜",
            "id": 1454732243
        },
        {
            "name": "暗恋是一个人的事",
            "artist": "宿羽阳",
            "id": 1380075991
        },
        {
            "name": "我要找到你",
            "artist": "Zic子晨",
            "id": 1406642934
        },
        {
            "name": "世间美好与你环环相扣",
            "artist": "柏松",
            "id": 1363948882
        },
        {
            "name": "天份",
            "artist": "薛之谦",
            "id": 1334647784
        },
        {
            "name": "写了好多事都是关于你 ",
            "artist": "Fine乐团",
            "id": 1325897785
        },
        {
            "name": "多远都要在一起",
            "artist": "G.E.M.邓紫棋",
            "id": 30612793
        },
        {
            "name": "亮相",
            "artist": "乔佳旭",
            "id": 1458771440
        },
        {
            "name": "想你想你",
            "artist": "毛不易",
            "id": 569212210
        },
        {
            "name": "谎话情歌",
            "artist": "好妹妹",
            "id": 412911786
        },
        {
            "name": "1987我不知会遇见你",
            "artist": "李宇春",
            "id": 28798772
        },
        {
            "name": "腻味",
            "artist": "金玟岐",
            "id": 513357062
        },
        {
            "name": "小宇宙",
            "artist": "苏打绿",
            "id": 375324
        },
        {
            "name": "恋人未满",
            "artist": "S.H.E",
            "id": 375917
        },
        {
            "name": "寂寞的恋人啊",
            "artist": "莫文蔚",
            "id": 277586
        },
        {
            "name": "或是一首歌",
            "artist": "田馥甄",
            "id": 1472606824
        },
        {
            "name": "起风了",
            "artist": "周深",
            "id": 1475596788
        },
        {
            "name": "因为你来过",
            "artist": "赵紫骅",
            "id": 1478116580
        },
        {
            "name": "思念是一种病",
            "artist": "张震岳",
            "id": 185700
        },
        {
            "name": "情人",
            "artist": "蔡徐坤",
            "id": 1450574147
        },
        {
            "name": "小人物",
            "artist": "赵雷",
            "id": 1410021043
        },
        {
            "name": "荷西",
            "artist": "vivi",
            "id": 1453972290
        },
        {
            "name": "情歌两三首",
            "artist": "郭顶",
            "id": 85578
        },
        {
            "name": "我变了 我没变",
            "artist": "杨宗纬",
            "id": 32098468
        },
        {
            "name": "明天过后",
            "artist": "张杰",
            "id": 191248
        },
        {
            "name": "成全",
            "artist": "林宥嘉",
            "id": 562594267
        },
        {
            "name": "罗恩的幻想 (Daydream)",
            "artist": "沈以诚",
            "id": 1472607787
        },
        {
            "name": "我离孤单几公里",
            "artist": "华晨宇",
            "id": 432698831
        },
        {
            "name": "深夜一角",
            "artist": "毛不易",
            "id": 1417862026
        },
        {
            "name": "等着等着就老了",
            "artist": "李荣浩",
            "id": 1430224832
        },
        {
            "name": "你给我听好",
            "artist": "陈奕迅",
            "id": 28481103
        },
        {
            "name": "只要你快乐",
            "artist": "三块木头",
            "id": 1478140974
        },
        {
            "name": "下落不明",
            "artist": "王巨星",
            "id": 1455965526
        },
        {
            "name": "爱，多好",
            "artist": "段奥娟",
            "id": 1480095260
        },
        {
            "name": "那些你对我说过的话",
            "artist": "南游记乐队",
            "id": 1478116150
        },
        {
            "name": "烟花大会",
            "artist": "徐秉龙",
            "id": 1479199819
        },
        {
            "name": "有幸来过",
            "artist": "要不要买菜",
            "id": 1458986027
        },
        {
            "name": "辰星",
            "artist": "曾雪雅",
            "id": 1480398042
        },
        {
            "name": "楼下风往哪吹",
            "artist": "要不要买菜",
            "id": 1480374953
        },
        {
            "name": "鱼儿",
            "artist": "鲁向卉",
            "id": 476631850
        }
    ]
}