{
    "playlist_info": {
        "name": "一心只蹦圣贤迪",
        "trackcount": 66,
        "playcount": 1125131,
        "creator": "王梓白",
        "createDate": "2018-08-05",
        "heat": 627.0
    },
    "songs": [
        {
            "name": "Riverside (Reloaded)",
            "artist": "Tujamo",
            "id": 531452765
        },
        {
            "name": "CHAMPAGNE SHOWER (Feat. Caesar, Toxic, Cha, Eric)",
            "artist": "SIXTHEMA",
            "id": 1852277649
        },
        {
            "name": "Give Me Love (HảiMin)",
            "artist": "KAARRYXXX",
            "id": 1824903243
        },
        {
            "name": "DJ Combo & Papajam Feat. Tony T & DJ Raphael - Boom Boom (djGavin Remix)",
            "artist": "djGavin",
            "id": 431552094
        },
        {
            "name": "WHAT",
            "artist": "Rnbstylerz",
            "id": 1448260853
        },
        {
            "name": "I Want You To Know (Steve James Remix)",
            "artist": "Steve James",
            "id": 34690874
        },
        {
            "name": "Power",
            "artist": "Interupt",
            "id": 1452654249
        },
        {
            "name": "PYRO",
            "artist": "Chester Young",
            "id": 1320544645
        },
        {
            "name": "Alicia Keys-Girl on Fire（Morello Malt remix）",
            "artist": "Morello Malt",
            "id": 1466823955
        },
        {
            "name": "カノン-卡农i（DJ Set remix）",
            "artist": "Set",
            "id": 1460516590
        },
        {
            "name": "SLANDER-Love is gone（Devil remix）",
            "artist": "杰瑞的小小新",
            "id": 1486600149
        },
        {
            "name": "《8D劲爆环绕》神曲重低音版",
            "artist": "李寒",
            "id": 1315961674
        },
        {
            "name": "Olee",
            "artist": "花哨",
            "id": 1392985819
        },
        {
            "name": "Real Fire",
            "artist": "Mystical Complex",
            "id": 1376815543
        },
        {
            "name": "Rave After Rave (Original Mix)",
            "artist": "W&W",
            "id": 31081097
        },
        {
            "name": "社会摇回顾经典 (DJ版)",
            "artist": "枫宇辰",
            "id": 462523503
        },
        {
            "name": "夏日忧郁 (DJ版)",
            "artist": "枫宇辰",
            "id": 452986223
        },
        {
            "name": "万人蹦迪现场",
            "artist": "周森",
            "id": 1404746047
        },
        {
            "name": "Tribute (Dj Fernando Lopez Sun Mix)",
            "artist": "Lorenzo Ballerini Dj",
            "id": 512834504
        },
        {
            "name": "蹦迪专用曲（小辞Remix）",
            "artist": "DJ小辞",
            "id": 1425786954
        },
        {
            "name": "Wait Another Day",
            "artist": "Mike Williams",
            "id": 1331192365
        },
        {
            "name": "Lil Jon Mashup Vo1",
            "artist": "DJ Bmaster",
            "id": 1396541239
        },
        {
            "name": "Drown",
            "artist": "ZABO",
            "id": 517542039
        },
        {
            "name": "hardwell/W&W/Kungs & Cookin' on 3 Burners-Live The Night vs This Girl (Mashup)（Robert SangMing Remix）",
            "artist": "Robert SangMing",
            "id": 544208090
        },
        {
            "name": "Ava Max-Sweet But Psycho (Remix)（浪子鹏鹏 / 承利 remix）",
            "artist": "DJ老鹏",
            "id": 1369614753
        },
        {
            "name": "SpongeBob Squarepants-SpongeBob Squarepants Theme (TØm Bootleg)（TØm Remix）",
            "artist": "TØm",
            "id": 1331936042
        },
        {
            "name": "Asher Book - Here With You（Bootleg）（YT_Official remix）",
            "artist": "DJ小鱼儿(官方)",
            "id": 482597551
        },
        {
            "name": "激光雨2K19",
            "artist": "VESK GREEN 青菜",
            "id": 1340410300
        },
        {
            "name": "Pogee-Miami Dancefloors（陈一泽 remix）",
            "artist": "沐泽",
            "id": 1367253982
        },
        {
            "name": "1 Second",
            "artist": "Blasterjaxx",
            "id": 544517844
        },
        {
            "name": "Stay Young (Original Mix)",
            "artist": "Darren Styles",
            "id": 507798041
        },
        {
            "name": "Can't Take It (feat. CADE)",
            "artist": "Breathe Carolina",
            "id": 427542511
        },
        {
            "name": "Touch The Sky",
            "artist": "Cedric Gervais",
            "id": 552145020
        },
        {
            "name": "Odysee",
            "artist": "Manian",
            "id": 27043087
        },
        {
            "name": "Are You With Me (DIMARO Radio Edit)",
            "artist": "Lost Frequencies",
            "id": 30621999
        },
        {
            "name": "Starflight",
            "artist": "R3HAB",
            "id": 864534194
        },
        {
            "name": "Alan Walker-Fade Again（Jiaye remix）",
            "artist": "Jiaye",
            "id": 423104752
        },
        {
            "name": "Pump It Up (Pit Bailay Mix)",
            "artist": "Glamrock Brothers",
            "id": 27714206
        },
        {
            "name": "Go Down (Radio Edit)",
            "artist": "Alchemist Project",
            "id": 27784957
        },
        {
            "name": "Like Thiz",
            "artist": "Taito",
            "id": 34892203
        },
        {
            "name": "Showtime (Original Mix)",
            "artist": "Henry Himself",
            "id": 412911838
        },
        {
            "name": "八月的前奏狮子座",
            "artist": "白泽",
            "id": 452804925
        },
        {
            "name": "Bad",
            "artist": "David Guetta",
            "id": 28852648
        },
        {
            "name": "Frontier (Extended Mix)",
            "artist": "VINAI",
            "id": 34057469
        },
        {
            "name": "Waiting For Tremor (COOL BROS Edit)",
            "artist": "COOL BROS",
            "id": 34766855
        },
        {
            "name": "Kundalini",
            "artist": "Headhunterz",
            "id": 410801514
        },
        {
            "name": "Byte",
            "artist": "Martin Garrix",
            "id": 470547655
        },
        {
            "name": "Tremor (Sensation 2014 Anthem) (Original Mix)",
            "artist": "Dimitri Vegas & Like Mike",
            "id": 28411393
        },
        {
            "name": "All My Life (Radio Edit)",
            "artist": "Erlandsson",
            "id": 442867035
        },
        {
            "name": "Coming Home (Club Mix)",
            "artist": "Dash Berlin",
            "id": 548307277
        },
        {
            "name": "RoiMarch-EA7蹦迪嗨曲（抖音）（张浩坤 remix）",
            "artist": "RoiMarch",
            "id": 1334199204
        },
        {
            "name": "All Aboard (Dimitri Vegas & Like Mike Edit)",
            "artist": "Bassjackers",
            "id": 467595255
        },
        {
            "name": "Cannonball (Earthquake)",
            "artist": "Showtek",
            "id": 28259118
        },
        {
            "name": "Waiting For Love (Remix)",
            "artist": "Alexei Shkurko",
            "id": 1314005472
        },
        {
            "name": "2018百大顶尖单曲MIX(DJJerry remix)",
            "artist": "Jerry Beatz",
            "id": 557432827
        },
        {
            "name": "Summer (Klaas Remix)",
            "artist": "Mazza",
            "id": 28729445
        },
        {
            "name": "Here We Go (Original Edit)",
            "artist": "Klaas",
            "id": 33955898
        },
        {
            "name": "alan walker--remix BURST",
            "artist": "红领巾蹦迪大队长",
            "id": 863415909
        },
        {
            "name": "Party Shaker (Whirlmond Radio Edit)",
            "artist": "R.I.O.",
            "id": 1923489
        },
        {
            "name": "Summertime Sadness (Behmer Bootleg)",
            "artist": "Behmer",
            "id": 414979759
        },
        {
            "name": "诛仙青云志",
            "artist": "DJ马哥",
            "id": 451521111
        },
        {
            "name": "艾伦沃克-The Spectre（DJ Mr.Zi Remix）",
            "artist": "DJ Mr.Zi",
            "id": 544274399
        },
        {
            "name": "撩人电 (3D环绕版)",
            "artist": "承利",
            "id": 451703193
        },
        {
            "name": "5D唯美环绕纯电",
            "artist": "承利",
            "id": 467595978
        },
        {
            "name": "嘿呀嘿神版",
            "artist": "金6",
            "id": 452608315
        },
        {
            "name": "风火轮萨克斯",
            "artist": "枫宇辰",
            "id": 463840643
        }
    ]
}