{
    "playlist_info": {
        "name": "两首歌爱上一个乐队（后摇篇）",
        "trackcount": 70,
        "playcount": 2053959,
        "creator": "Mr_Vanser",
        "createDate": "2016-03-07",
        "heat": 769.0
    },
    "songs": [
        {
            "name": "As Far As the Eye Can See",
            "artist": "As the Stars Fall",
            "id": 16468505
        },
        {
            "name": "The Road",
            "artist": "As the Stars Fall",
            "id": 16468500
        },
        {
            "name": "Final Touch / Hidden Agenda",
            "artist": "Ef",
            "id": 17690713
        },
        {
            "name": "***",
            "artist": "Ef",
            "id": 27646775
        },
        {
            "name": "All My Feeling Were Fake",
            "artist": "RQTN",
            "id": 1876958
        },
        {
            "name": "Wires",
            "artist": "RQTN",
            "id": 1876973
        },
        {
            "name": "September 5th",
            "artist": "Kyte",
            "id": 4143134
        },
        {
            "name": "They Won't Sleep",
            "artist": "Kyte",
            "id": 19026752
        },
        {
            "name": "anemo",
            "artist": "euphoria",
            "id": 718175
        },
        {
            "name": "fairytale landscape",
            "artist": "euphoria",
            "id": 22736340
        },
        {
            "name": "Hidden Path",
            "artist": "Sleep Dealer",
            "id": 28164935
        },
        {
            "name": "Imminence",
            "artist": "Sleep Dealer",
            "id": 28164932
        },
        {
            "name": "This Empty Space Return Your Solitude",
            "artist": "saisa",
            "id": 26429184
        },
        {
            "name": "Heart Tree",
            "artist": "saisa",
            "id": 28617443
        },
        {
            "name": "Felicity Is out There",
            "artist": "Inspirative",
            "id": 4471062
        },
        {
            "name": "Why",
            "artist": "Inspirative",
            "id": 33527503
        },
        {
            "name": "너의 오른쪽 안구에선 난초향이 나",
            "artist": "Loro's",
            "id": 5381899
        },
        {
            "name": "I Say",
            "artist": "Loro's",
            "id": 22844228
        },
        {
            "name": "II",
            "artist": "Athletics",
            "id": 3947466
        },
        {
            "name": "IV",
            "artist": "Athletics",
            "id": 3947469
        },
        {
            "name": "Happiness: We're All In It Together",
            "artist": "This Will Destroy You",
            "id": 19574406
        },
        {
            "name": "Burial on the Presidio Banks",
            "artist": "This Will Destroy You",
            "id": 4342015
        },
        {
            "name": "Clarity",
            "artist": "Moonlit Sailor",
            "id": 21126957
        },
        {
            "name": "Minutes from Somewhere Else",
            "artist": "Moonlit Sailor",
            "id": 28283499
        },
        {
            "name": "He Films The Clouds Pt. 2",
            "artist": "Maybeshewill",
            "id": 21218354
        },
        {
            "name": "In Another Life, When We Are Cats",
            "artist": "Maybeshewill",
            "id": 3031874
        },
        {
            "name": "最后的麻山",
            "artist": "惘闻",
            "id": 385397
        },
        {
            "name": "Break the Cars",
            "artist": "惘闻",
            "id": 385386
        },
        {
            "name": "Nothing Remains Forever Yet The Future Still Holds Hope",
            "artist": "Goonies Never Say Die",
            "id": 18093329
        },
        {
            "name": "I Love You But In The End I Will Destroy You",
            "artist": "Goonies Never Say Die",
            "id": 18093333
        },
        {
            "name": "The Detective: Scientists Now Think This City Is Overdue",
            "artist": "Youth Pictures of Florence Henderson",
            "id": 20720329
        },
        {
            "name": "We May Be Remembered by What We Did When We Sat Down",
            "artist": "Youth Pictures of Florence Henderson",
            "id": 20720357
        },
        {
            "name": "While the Ages Steal",
            "artist": "Giants",
            "id": 18053337
        },
        {
            "name": "O' Tide",
            "artist": "Giants",
            "id": 18053339
        },
        {
            "name": "Discovery",
            "artist": "Tunturia",
            "id": 4353360
        },
        {
            "name": "Satellites",
            "artist": "Tunturia",
            "id": 4353395
        },
        {
            "name": "what we cannot speak of, must be passed over in silence",
            "artist": "Sleepmakeswaves",
            "id": 4283625
        },
        {
            "name": "One Day You Will Teach Me To Let Go Of My Fears",
            "artist": "Sleepmakeswaves",
            "id": 19188132
        },
        {
            "name": "Shifting Sands",
            "artist": "Parhelia",
            "id": 3231374
        },
        {
            "name": "Oceans Apart",
            "artist": "Parhelia",
            "id": 3231413
        },
        {
            "name": "Path To The Skies",
            "artist": "Break My F**king Sky",
            "id": 30612390
        },
        {
            "name": "Eviscerate Soul",
            "artist": "Break My F**king Sky",
            "id": 30612376
        },
        {
            "name": "Going Nowhere",
            "artist": "Félperc",
            "id": 1354489
        },
        {
            "name": "Beyond reason",
            "artist": "Félperc",
            "id": 1354516
        },
        {
            "name": "In This Darkness We Disappear",
            "artist": "Final Days Society",
            "id": 17714189
        },
        {
            "name": "Scalar Fields",
            "artist": "Final Days Society",
            "id": 17714196
        },
        {
            "name": "Black Moon Empire",
            "artist": "Collapse Under The Empire",
            "id": 1201601
        },
        {
            "name": "The Last Reminder",
            "artist": "Collapse Under The Empire",
            "id": 1201563
        },
        {
            "name": "Scoprirsi rosso",
            "artist": "Architecture Of The Universe",
            "id": 29203539
        },
        {
            "name": "Brand new morning (6 A.M.)",
            "artist": "Architecture Of The Universe",
            "id": 3942587
        },
        {
            "name": "Crystalline",
            "artist": "Pg.lost",
            "id": 18291335
        },
        {
            "name": "Pascal's Law",
            "artist": "Pg.lost",
            "id": 18291351
        },
        {
            "name": "看风景的人",
            "artist": "文雀",
            "id": 32102404
        },
        {
            "name": "彩虹山",
            "artist": "文雀",
            "id": 27646215
        },
        {
            "name": "Knox",
            "artist": "Our Last Hope Lost Hope",
            "id": 17708856
        },
        {
            "name": "Sösjö 1",
            "artist": "Our Last Hope Lost Hope",
            "id": 17708846
        },
        {
            "name": "Stairwell",
            "artist": "Seas of Years",
            "id": 29540091
        },
        {
            "name": "Surface",
            "artist": "Seas of Years",
            "id": 29045625
        },
        {
            "name": "Thaw",
            "artist": "The Severely Departed",
            "id": 2014320
        },
        {
            "name": "Closer to Home",
            "artist": "The Severely Departed",
            "id": 2014321
        },
        {
            "name": "Coathanger",
            "artist": "The Workhouse",
            "id": 26355354
        },
        {
            "name": "Peacon",
            "artist": "The Workhouse",
            "id": 26355338
        },
        {
            "name": "What’s in the Ground Belongs to You",
            "artist": "If These Trees Could Talk",
            "id": 5129110
        },
        {
            "name": "Smoke Stacks",
            "artist": "If These Trees Could Talk",
            "id": 1462987
        },
        {
            "name": "Exploring Yourself with a Knife",
            "artist": "April Rain",
            "id": 26464076
        },
        {
            "name": "Come Back Quicker Please",
            "artist": "April Rain",
            "id": 26464074
        },
        {
            "name": "Far from Refuge",
            "artist": "God Is An Astronaut",
            "id": 19892241
        },
        {
            "name": "All Is Violent, All Is Bright",
            "artist": "God Is An Astronaut",
            "id": 19892229
        },
        {
            "name": "King, My Queen",
            "artist": "Followed By Ghosts",
            "id": 1354190
        },
        {
            "name": "Discussion Among Men",
            "artist": "Followed By Ghosts",
            "id": 1354242
        }
    ]
}