{
    "playlist_info": {
        "name": "你很熟悉却不知道歌名的BGM",
        "trackcount": 67,
        "playcount": 259999,
        "creator": "现在梦醒啦",
        "createDate": "2023-02-28",
        "heat": 2156.0
    },
    "songs": [
        {
            "name": "我们打着光脚在风车下跑，手上的狗尾巴草摇啊摇",
            "artist": "等一下就回家",
            "id": 1838505400
        },
        {
            "name": "入画江南",
            "artist": "黄龄",
            "id": 1817661979
        },
        {
            "name": "Tonight (Best You Ever Had)",
            "artist": "John Legend",
            "id": 1476849
        },
        {
            "name": "See Tình (Remix)",
            "artist": "gatis",
            "id": 1931504751
        },
        {
            "name": "我要的",
            "artist": "C404",
            "id": 1383011509
        },
        {
            "name": "飞",
            "artist": "ANU",
            "id": 1966140985
        },
        {
            "name": "But You",
            "artist": "Alexandra Savior",
            "id": 1397304225
        },
        {
            "name": "向阳花",
            "artist": "谢天笑",
            "id": 167595
        },
        {
            "name": "千里万里",
            "artist": "艾热 AIR",
            "id": 1949966410
        },
        {
            "name": "Young And Beautiful",
            "artist": "Lana Del Rey",
            "id": 26243686
        },
        {
            "name": "Bones",
            "artist": "Imagine Dragons",
            "id": 1927389937
        },
        {
            "name": "engravings",
            "artist": "Ethan Bortnick",
            "id": 1957942996
        },
        {
            "name": "Past Lives",
            "artist": "Slushii",
            "id": 1384482575
        },
        {
            "name": "Hush",
            "artist": "The Marías",
            "id": 1840490719
        },
        {
            "name": "那年夏天宁静的海",
            "artist": "王心凌",
            "id": 1480378521
        },
        {
            "name": "RISING，MY WAY",
            "artist": "NINEONE#赵馨玥",
            "id": 1965640306
        },
        {
            "name": "绝配",
            "artist": "王心凌",
            "id": 22854073
        },
        {
            "name": "像暗杀似的绕到背后突然拥抱你",
            "artist": "太一",
            "id": 520482501
        },
        {
            "name": "下一个天亮",
            "artist": "颜人中",
            "id": 1958150862
        },
        {
            "name": "在你的身边",
            "artist": "盛哲",
            "id": 475479888
        },
        {
            "name": "恋爱告急(Cover 鞠婧祎)",
            "artist": "柚小圆",
            "id": 1493729601
        },
        {
            "name": "summertime",
            "artist": "Hanser",
            "id": 1402846442
        },
        {
            "name": "ชอบเธออะ",
            "artist": "Ptrp",
            "id": 1963039966
        },
        {
            "name": "把回忆拼好给你 (伴奏)",
            "artist": "苏星婕",
            "id": 1966798628
        },
        {
            "name": "奔向浪漫",
            "artist": "哑巴",
            "id": 1928865795
        },
        {
            "name": "在你的身边 (0.8x)",
            "artist": "慢热的气球",
            "id": 1963213974
        },
        {
            "name": "Upupu",
            "artist": "皮皮爱习题",
            "id": 1922374770
        },
        {
            "name": "摇晃",
            "artist": "Kayert",
            "id": 1871307715
        },
        {
            "name": "Shape of My Heart",
            "artist": "Backstreet Boys",
            "id": 16835273
        },
        {
            "name": "彩虹的微笑",
            "artist": "王心凌",
            "id": 1480378513
        },
        {
            "name": "小城夏天",
            "artist": "LBI利比",
            "id": 1934251776
        },
        {
            "name": "就忘了吧",
            "artist": "3rq",
            "id": 1951559204
        },
        {
            "name": "负重一万斤长大",
            "artist": "太一",
            "id": 1406686876
        },
        {
            "name": "你要快乐",
            "artist": "时代少年团",
            "id": 1955658706
        },
        {
            "name": "新地球",
            "artist": "林俊杰",
            "id": 29774171
        },
        {
            "name": "Cure For Me",
            "artist": "AURORA",
            "id": 1859515946
        },
        {
            "name": "最美好的时光 (Live)",
            "artist": "陈娴静",
            "id": 1949108901
        },
        {
            "name": "爱你",
            "artist": "王心凌",
            "id": 1474411443
        },
        {
            "name": "命运",
            "artist": "粉太狼",
            "id": 1942041775
        },
        {
            "name": "剑魂",
            "artist": "汪苏泷",
            "id": 1954956658
        },
        {
            "name": "仙儿",
            "artist": "二手玫瑰",
            "id": 27501008
        },
        {
            "name": "A Little Love",
            "artist": "冯曦妤",
            "id": 229090
        },
        {
            "name": "心引力",
            "artist": "王俊凯",
            "id": 1400596300
        },
        {
            "name": "Merry-Go-Round of Life (From \"Howl's Moving Castle\")",
            "artist": "Taylor Davis",
            "id": 28809120
        },
        {
            "name": "A Thousand Miles",
            "artist": "Josh Vietti",
            "id": 28828078
        },
        {
            "name": "全都会好起来的",
            "artist": "欧阳曼曼",
            "id": 1935339798
        },
        {
            "name": "Peaches",
            "artist": "Justin Bieber",
            "id": 1830419924
        },
        {
            "name": "你啊你啊",
            "artist": "魏如萱",
            "id": 440208470
        },
        {
            "name": "Not Angry",
            "artist": "Chris James",
            "id": 1478568147
        },
        {
            "name": "Truthfully",
            "artist": "A1 TRIP",
            "id": 1934233831
        },
        {
            "name": "文火",
            "artist": "周笔畅",
            "id": 1923479303
        },
        {
            "name": "Nobody Like U (From \"Turning Red\"/Soundtrack Version)",
            "artist": "4*TOWN (From Disney and Pixar’s Turning Red)",
            "id": 1923552561
        },
        {
            "name": "生而为人",
            "artist": "尚士达",
            "id": 1335350269
        },
        {
            "name": "悬溺",
            "artist": "葛东琪",
            "id": 1397345903
        },
        {
            "name": "天外来物",
            "artist": "薛之谦",
            "id": 1463165983
        },
        {
            "name": "Sold Out",
            "artist": "Hawk Nelson",
            "id": 31010566
        },
        {
            "name": "我爱你不问归期",
            "artist": "白小白",
            "id": 1960567811
        },
        {
            "name": "上了年纪的男人",
            "artist": "大壮",
            "id": 1450084400
        },
        {
            "name": "Remember the Name",
            "artist": "Fort Minor",
            "id": 17724594
        },
        {
            "name": "无药可救",
            "artist": "张杰",
            "id": 1317494313
        },
        {
            "name": "想起了你",
            "artist": "程响",
            "id": 1334623653
        },
        {
            "name": "一剪梅",
            "artist": "费玉清",
            "id": 82932
        },
        {
            "name": "Señorita",
            "artist": "Shawn Mendes",
            "id": 1969241658
        },
        {
            "name": "夏天的风",
            "artist": "火羊瞌睡了",
            "id": 1436709403
        },
        {
            "name": "Lemon",
            "artist": "米津玄師",
            "id": 536622304
        },
        {
            "name": "Walk Thru Fire",
            "artist": "Vicetone",
            "id": 1332041346
        },
        {
            "name": "无人之岛",
            "artist": "任然",
            "id": 493735012
        }
    ]
}