{
    "playlist_info": {
        "name": "乐队独白 | 没有人是一座孤岛",
        "trackcount": 80,
        "playcount": 791333,
        "creator": "尘埃之海",
        "createDate": "2021-02-27",
        "heat": 929.0
    },
    "songs": [
        {
            "name": "人间萤火",
            "artist": "夏日入侵企画",
            "id": 1954090536
        },
        {
            "name": "我要让你心碎",
            "artist": "达闻西乐队",
            "id": 1885842558
        },
        {
            "name": "Let There Be Light Again",
            "artist": "落日飞车",
            "id": 1876175286
        },
        {
            "name": "你永远是我的宝贝，宝贝",
            "artist": "康姆士COM'Z",
            "id": 1854105063
        },
        {
            "name": "留给你的我从未",
            "artist": "甜約翰 Sweet John",
            "id": 524003141
        },
        {
            "name": "我还年轻 我还年轻",
            "artist": "老王乐队",
            "id": 509512457
        },
        {
            "name": "摇篮曲 Cradle Song",
            "artist": "Mandarin",
            "id": 1451699636
        },
        {
            "name": "红",
            "artist": "告五人",
            "id": 1368756097
        },
        {
            "name": "闪光的回忆",
            "artist": "逃跑计划",
            "id": 484057003
        },
        {
            "name": "太阳照常升起",
            "artist": "痛仰乐队",
            "id": 28949127
        },
        {
            "name": "我们羞于表达的感情",
            "artist": "新裤子",
            "id": 1406257254
        },
        {
            "name": "红色的河",
            "artist": "旅行团乐队",
            "id": 1464928350
        },
        {
            "name": "You So (Youth Soul)",
            "artist": "I Mean Us",
            "id": 1313107109
        },
        {
            "name": "星",
            "artist": "超级市场",
            "id": 348017
        },
        {
            "name": "天空是灰色你是蓝色",
            "artist": "GALA",
            "id": 1380905486
        },
        {
            "name": "我多想拥抱你",
            "artist": "黑屋乐队",
            "id": 1959668190
        },
        {
            "name": "Angel Disco Love",
            "artist": "落日飞车",
            "id": 538610028
        },
        {
            "name": "光尘",
            "artist": "Hello Nico",
            "id": 557583031
        },
        {
            "name": "美好的事可不可以發生在我身上",
            "artist": "康士坦的变化球",
            "id": 1304685375
        },
        {
            "name": "影子",
            "artist": "岛屿心情",
            "id": 1358255257
        },
        {
            "name": "以为",
            "artist": "反光镜",
            "id": 1347652342
        },
        {
            "name": "Ruby Woo",
            "artist": "白日密语",
            "id": 1466324108
        },
        {
            "name": "我用什么把你留住",
            "artist": "福禄寿FloruitShow",
            "id": 1306923998
        },
        {
            "name": "太空浪子",
            "artist": "Joyside",
            "id": 1411784746
        },
        {
            "name": "总有一天你会出现在我身边",
            "artist": "棱镜乐队",
            "id": 1303027499
        },
        {
            "name": "Alpha",
            "artist": "橘子海 (Orange Ocean)",
            "id": 1359815265
        },
        {
            "name": "霓虹花园",
            "artist": "霓虹花园",
            "id": 1377780930
        },
        {
            "name": "想去海边",
            "artist": "夏日入侵企画",
            "id": 1413863166
        },
        {
            "name": "You'll See",
            "artist": "Tizzy Bac",
            "id": 382108
        },
        {
            "name": "之间",
            "artist": "阿鹿米尔",
            "id": 1411872061
        },
        {
            "name": "Cheer",
            "artist": "先知玛莉",
            "id": 28068131
        },
        {
            "name": "别等了",
            "artist": "新学校废物合唱团",
            "id": 477428784
        },
        {
            "name": "叫醒我",
            "artist": "Carsick Cars",
            "id": 1469005313
        },
        {
            "name": "我们终要面对故事的结尾",
            "artist": "丝绒公路",
            "id": 1804951737
        },
        {
            "name": "一般的生活",
            "artist": "Schoolgirl byebye",
            "id": 1416922423
        },
        {
            "name": "we just call it love",
            "artist": "肆囍乐队",
            "id": 28940774
        },
        {
            "name": "忽然想你的时候",
            "artist": "原子邦妮",
            "id": 1335936421
        },
        {
            "name": "与我共舞",
            "artist": "马赛克",
            "id": 1806584346
        },
        {
            "name": "All about Anna",
            "artist": "昨夜派对（L.N Party）",
            "id": 1367358886
        },
        {
            "name": "Watersoul (album version)",
            "artist": "和平和浪",
            "id": 1391441134
        },
        {
            "name": "艾蜜莉",
            "artist": "回春丹",
            "id": 1429237296
        },
        {
            "name": "漂流人间",
            "artist": "Chinese Football",
            "id": 1349198831
        },
        {
            "name": "十万嬉皮",
            "artist": "万能青年旅店",
            "id": 386837
        },
        {
            "name": "旧城之王",
            "artist": "木马乐队",
            "id": 1329734169
        },
        {
            "name": "等待",
            "artist": "野外合作社",
            "id": 565890718
        },
        {
            "name": "藏在你的房间",
            "artist": "动物园钉子户",
            "id": 1424846162
        },
        {
            "name": "放你进我的行李箱",
            "artist": "Elenore埃莉诺乐队",
            "id": 1447810371
        },
        {
            "name": "白",
            "artist": "卧轨的火车（Railway Suicide Train)",
            "id": 434550139
        },
        {
            "name": "清河",
            "artist": "白皮书乐队",
            "id": 1473369225
        },
        {
            "name": "塵埃",
            "artist": "皇后皮箱",
            "id": 1316563861
        },
        {
            "name": "Can You Hear The Whistle Blow",
            "artist": "缺省",
            "id": 1469875631
        },
        {
            "name": "我的身旁是一扇亮了又暗的窗",
            "artist": "理想后花园",
            "id": 1294899223
        },
        {
            "name": "有人用沉默把理想窃取",
            "artist": "丢火车",
            "id": 1396927146
        },
        {
            "name": "沙发上的白日梦",
            "artist": "SoulFa 灵魂沙发",
            "id": 1406062963
        },
        {
            "name": "象牙舟",
            "artist": "傻子与白痴",
            "id": 1370879848
        },
        {
            "name": "最后一次告解",
            "artist": "贰伍吸菸所 Smoking Area 25",
            "id": 1409136362
        },
        {
            "name": "请问哪里才能买到晶体管收音机",
            "artist": "声音玩具",
            "id": 1469826255
        },
        {
            "name": "人的一生应当怎样度过",
            "artist": "耳光乐队",
            "id": 1337976781
        },
        {
            "name": "我将献身于这一非福即祸的理想",
            "artist": "破碎乐队",
            "id": 1416908085
        },
        {
            "name": "左边的鱼",
            "artist": "麻园诗人",
            "id": 469065897
        },
        {
            "name": "爱我就现在",
            "artist": "黑薄荷乐队",
            "id": 432511187
        },
        {
            "name": "路",
            "artist": "隔壁团乐队",
            "id": 28923455
        },
        {
            "name": "接下来要去哪",
            "artist": "Frandé",
            "id": 1391909527
        },
        {
            "name": "她",
            "artist": "文雀",
            "id": 499465978
        },
        {
            "name": "Paradise... How Far?",
            "artist": "椅子乐团 The Chairs",
            "id": 1448631530
        },
        {
            "name": "水之湄",
            "artist": "惘闻",
            "id": 863073353
        },
        {
            "name": "海浪",
            "artist": "deca joins",
            "id": 1320101152
        },
        {
            "name": "与浪之间",
            "artist": "VH (Vast & Hazy)",
            "id": 452614957
        },
        {
            "name": "月落 Moonset（演唱：张凯婷）",
            "artist": "大象体操",
            "id": 1324057653
        },
        {
            "name": "Catherine",
            "artist": "悶餅MOONBAND",
            "id": 1453344474
        },
        {
            "name": "Distance",
            "artist": "陈乐基&killersoap杀手锏",
            "id": 29753798
        },
        {
            "name": "不负晴日",
            "artist": "指人儿",
            "id": 1301979053
        },
        {
            "name": "日落",
            "artist": "果味VC",
            "id": 1331892086
        },
        {
            "name": "乌托邦的菊花",
            "artist": "福禄乐队",
            "id": 484662843
        },
        {
            "name": "太阳和野花",
            "artist": "左卡",
            "id": 27901356
        },
        {
            "name": "一个人的永远",
            "artist": "甜梅号",
            "id": 5272221
        },
        {
            "name": "生之响往",
            "artist": "刺猬",
            "id": 554241255
        },
        {
            "name": "岛城岬角",
            "artist": "Casino Demon",
            "id": 1482918092
        },
        {
            "name": "瞬息间是夜晚",
            "artist": "盘尼西林",
            "id": 1385863147
        },
        {
            "name": "你把我的脸庞转向明天",
            "artist": "法兹乐队 FAZI",
            "id": 1403129246
        }
    ]
}