{
    "playlist_info": {
        "name": "乐凯撒Lacesar歌单",
        "trackcount": 117,
        "playcount": 21011,
        "creator": "刷完牙和你说",
        "createDate": "2018-02-09",
        "heat": 10.0
    },
    "songs": [
        {
            "name": "Dogs",
            "artist": "HVOB",
            "id": 26469012
        },
        {
            "name": "Anywhere I Go (Extended Mix)",
            "artist": "Vicetone",
            "id": 425136618
        },
        {
            "name": "I'll Be Back (feat. ROOKIES)",
            "artist": "Sam Feldt",
            "id": 519367065
        },
        {
            "name": "Erhu",
            "artist": "DJ Dark",
            "id": 1341503728
        },
        {
            "name": "Feel Good Inc.",
            "artist": "filous",
            "id": 412902434
        },
        {
            "name": "I don't wanna see u anymore",
            "artist": "NINEONE#赵馨玥",
            "id": 528326686
        },
        {
            "name": "Rehab (The Clarstone Remix)",
            "artist": "The Clarstone",
            "id": 34324640
        },
        {
            "name": "3AM",
            "artist": "Mads Langer",
            "id": 399354183
        },
        {
            "name": "The La La La Remix",
            "artist": "Gamper & Dadoni",
            "id": 32803098
        },
        {
            "name": "I Will Be OK",
            "artist": "FlyBoy",
            "id": 421148673
        },
        {
            "name": "Tuesday",
            "artist": "Burak Yeter",
            "id": 421423245
        },
        {
            "name": "Pink Champagne",
            "artist": "Nick Lopez",
            "id": 448749148
        },
        {
            "name": "Driving Home for Christmas",
            "artist": "Campsite Dream",
            "id": 440310367
        },
        {
            "name": "Save Me",
            "artist": "DEAMN",
            "id": 460476510
        },
        {
            "name": "Are You With Me",
            "artist": "Lost Frequencies",
            "id": 29806043
        },
        {
            "name": "Jubel (Zero Set Remix)",
            "artist": "Klingande",
            "id": 28374173
        },
        {
            "name": "Be Mine",
            "artist": "Ofenbach",
            "id": 442979301
        },
        {
            "name": "Anywhere I Go",
            "artist": "Vicetone",
            "id": 420069116
        },
        {
            "name": "Reality",
            "artist": "Lost Frequencies",
            "id": 32835377
        },
        {
            "name": "Locked Away",
            "artist": "OutaMatic",
            "id": 406072193
        },
        {
            "name": "Rumors",
            "artist": "Jake Miller",
            "id": 33071205
        },
        {
            "name": "Cake by the Ocean",
            "artist": "DNCE",
            "id": 35845278
        },
        {
            "name": "The Fly",
            "artist": "Cosmo Sheldrake",
            "id": 33111366
        },
        {
            "name": "You Don't Know Me",
            "artist": "Ofenbach",
            "id": 399354184
        },
        {
            "name": "Paper Love",
            "artist": "Allie X",
            "id": 469104843
        },
        {
            "name": "If It Weren't For Love",
            "artist": "Jose Lucas",
            "id": 460410002
        },
        {
            "name": "Beautiful Life",
            "artist": "Lost Frequencies",
            "id": 414670221
        },
        {
            "name": "Stitches",
            "artist": "Shawn Mendes",
            "id": 31090820
        },
        {
            "name": "Scars To Your Beautiful",
            "artist": "Alessia Cara",
            "id": 36587834
        },
        {
            "name": "Please Don't Go (Tschax Remix)",
            "artist": "TSCHAX",
            "id": 466794276
        },
        {
            "name": "Emoji",
            "artist": "Albert Dyrlund",
            "id": 459066182
        },
        {
            "name": "Monsters",
            "artist": "Katie Sky",
            "id": 28481189
        },
        {
            "name": "Fakin It (Original Mix)",
            "artist": "Kaskade",
            "id": 413812469
        },
        {
            "name": "How Long",
            "artist": "Charlie Puth",
            "id": 509728806
        },
        {
            "name": "Solo Dance",
            "artist": "Martin Jensen",
            "id": 439076364
        },
        {
            "name": "The Cure",
            "artist": "Lady Gaga",
            "id": 472045959
        },
        {
            "name": "Won't Back Down (Boehm Remix)",
            "artist": "Boehm",
            "id": 32046367
        },
        {
            "name": "Summertime Sadness (Basic Tape Remix)",
            "artist": "Basic Tape",
            "id": 31830698
        },
        {
            "name": "This Girl",
            "artist": "Kungs",
            "id": 404276447
        },
        {
            "name": "It Ain't Me",
            "artist": "Kygo",
            "id": 460043372
        },
        {
            "name": "Edge Of The Night",
            "artist": "Sheppard",
            "id": 485918020
        },
        {
            "name": "Shape of You",
            "artist": "Alex Goot",
            "id": 468490461
        },
        {
            "name": "Thunder",
            "artist": "Imagine Dragons",
            "id": 545200890
        },
        {
            "name": "Touch The Sky",
            "artist": "Cedric Gervais",
            "id": 552145020
        },
        {
            "name": "HITS OF 2017",
            "artist": "T10MO",
            "id": 516320089
        },
        {
            "name": "No Roots",
            "artist": "Alice Merton",
            "id": 444324644
        },
        {
            "name": "The Ocean (Radio Edit)",
            "artist": "Mike Perry",
            "id": 409916250
        },
        {
            "name": "Wild",
            "artist": "Monogem",
            "id": 441491410
        },
        {
            "name": "Roses",
            "artist": "The Chainsmokers",
            "id": 35848537
        },
        {
            "name": "Wolves",
            "artist": "Selena Gomez",
            "id": 515269424
        },
        {
            "name": "GQ",
            "artist": "Lola Coca",
            "id": 410654865
        },
        {
            "name": "Take Me to Infinity (Radio Edit)",
            "artist": "Consoul Trainin",
            "id": 431855270
        },
        {
            "name": "Right Now (Na Na Na)",
            "artist": "Am1r",
            "id": 463352828
        },
        {
            "name": "How to Love (feat. Sofia Reyes)",
            "artist": "Cash Cash",
            "id": 411315504
        },
        {
            "name": "Baby I'm Yours",
            "artist": "Breakbot",
            "id": 26857440
        },
        {
            "name": "All We Know (Venera & Rick Derra Flip)",
            "artist": "Rick Derra",
            "id": 433018990
        },
        {
            "name": "Champagne Ocean",
            "artist": "Ehrling",
            "id": 436147067
        },
        {
            "name": "Summer Vibe (Pegato Remix)",
            "artist": "Pegato",
            "id": 33522489
        },
        {
            "name": "Thunder",
            "artist": "Imagine Dragons",
            "id": 493705537
        },
        {
            "name": "We Can't Stop",
            "artist": "Boyce Avenue",
            "id": 29480187
        },
        {
            "name": "Fantasy (Felix Jaehn Remix)",
            "artist": "Alina Baraz",
            "id": 36271177
        },
        {
            "name": "This Is the Life",
            "artist": "Angie Miller",
            "id": 29732659
        },
        {
            "name": "Superstar",
            "artist": "Beatrich",
            "id": 492145159
        },
        {
            "name": "Swear Like a Sailor",
            "artist": "Tep No",
            "id": 35283616
        },
        {
            "name": "Sucker for You",
            "artist": "Matt Terry",
            "id": 520525412
        },
        {
            "name": "Friendships",
            "artist": "Pascal Letoublon",
            "id": 505449407
        },
        {
            "name": "We Can't Stop",
            "artist": "Miley Cyrus",
            "id": 26429346
        },
        {
            "name": "Mi Gente (Hugel Remix)",
            "artist": "Willy William",
            "id": 516765174
        },
        {
            "name": "Lone Ranger",
            "artist": "Rachel Platten",
            "id": 29803676
        },
        {
            "name": "Wannabe",
            "artist": "Why Mona",
            "id": 501220770
        },
        {
            "name": "Glitter & Gold",
            "artist": "Barns Courtney",
            "id": 35416186
        },
        {
            "name": "Clsr (Aash Mehta Flip)",
            "artist": "The Chainsmokers",
            "id": 427142481
        },
        {
            "name": "This Is What You Came For",
            "artist": "Calvin Harris",
            "id": 411314681
        },
        {
            "name": "Where Is The Love? (Soule Rework)",
            "artist": "Clément Bcx",
            "id": 34144434
        },
        {
            "name": "Dancer In The Dark (Original Mix)",
            "artist": "GRABOTE",
            "id": 1334059163
        },
        {
            "name": "Cheap Thrills",
            "artist": "Sia",
            "id": 39224884
        },
        {
            "name": "Something Just Like This (Alesso Remix)",
            "artist": "The Chainsmokers",
            "id": 475073467
        },
        {
            "name": "Staring at You",
            "artist": "Diane Birch",
            "id": 27863779
        },
        {
            "name": "Sing Me to Sleep",
            "artist": "Alan Walker",
            "id": 415792222
        },
        {
            "name": "Hymn For The Weekend [Remix]",
            "artist": "Alan Walker",
            "id": 419594258
        },
        {
            "name": "Changes (Radio Mix)",
            "artist": "Faul & Wad",
            "id": 28096758
        },
        {
            "name": "Attention (Roman Müller Edit)",
            "artist": "Roman Müller",
            "id": 475277165
        },
        {
            "name": "There For You",
            "artist": "Martin Garrix",
            "id": 480426313
        },
        {
            "name": "You Don't Know Me (Radio Edit)",
            "artist": "Jax Jones",
            "id": 445845072
        },
        {
            "name": "Don't Let Me Down",
            "artist": "The Chainsmokers",
            "id": 402070862
        },
        {
            "name": "Time Machine",
            "artist": "Ingrid Michaelson",
            "id": 28402345
        },
        {
            "name": "Love Story meets Viva La Vida",
            "artist": "Jon Schmidt",
            "id": 1491212
        },
        {
            "name": "Lights",
            "artist": "Ellie Goulding",
            "id": 17654232
        },
        {
            "name": "Try",
            "artist": "Colbie Caillat",
            "id": 28639182
        },
        {
            "name": "Except For Us",
            "artist": "Austin Mahone",
            "id": 521267786
        },
        {
            "name": "Take Me To Church",
            "artist": "Hozier",
            "id": 28852655
        },
        {
            "name": "New Soul",
            "artist": "Yael Naim",
            "id": 3852042
        },
        {
            "name": "Look At Me Now",
            "artist": "Charlie Puth",
            "id": 28188171
        },
        {
            "name": "Stitches",
            "artist": "Sam Tsui",
            "id": 36198480
        },
        {
            "name": "After the Afterparty",
            "artist": "Charli XCX",
            "id": 437605840
        },
        {
            "name": "Stay",
            "artist": "Zedd",
            "id": 461518855
        },
        {
            "name": "I'm Yours",
            "artist": "Jason Mraz",
            "id": 18611643
        },
        {
            "name": "Forevermore",
            "artist": "Katie Herzig",
            "id": 2872362
        },
        {
            "name": "Don't Wanna Know/We Don't Talk Anymore",
            "artist": "Sam Tsui",
            "id": 465675773
        },
        {
            "name": "River",
            "artist": "Charlie Puth",
            "id": 440317256
        },
        {
            "name": "Chasing Palm Trees",
            "artist": "Ehrling",
            "id": 413812611
        },
        {
            "name": "The Lazy Song",
            "artist": "Bruno Mars",
            "id": 25657280
        },
        {
            "name": "Afterlife",
            "artist": "Ingrid Michaelson",
            "id": 28402350
        },
        {
            "name": "We Are Young (feat. Janelle Monáe)",
            "artist": "Fun.",
            "id": 17910220
        },
        {
            "name": "Something Just Like This",
            "artist": "The Chainsmokers",
            "id": 461347998
        },
        {
            "name": "Something Just Like This (feat. Romy Wave)",
            "artist": "Anthony Keyrouz",
            "id": 466794339
        },
        {
            "name": "We Don't Talk Anymore",
            "artist": "Charlie Puth",
            "id": 401249910
        },
        {
            "name": "Despacito (Remix)",
            "artist": "Luis Fonsi",
            "id": 472361096
        },
        {
            "name": "Please Don't Go",
            "artist": "Joel Adams",
            "id": 37653063
        },
        {
            "name": "Shape of You",
            "artist": "Ed Sheeran",
            "id": 451703096
        },
        {
            "name": "Best Day Of My Life",
            "artist": "American Authors",
            "id": 27646851
        },
        {
            "name": "Mr Johnson",
            "artist": "Jain",
            "id": 36496655
        },
        {
            "name": "Roar",
            "artist": "Katy Perry",
            "id": 27566922
        },
        {
            "name": "Forgettable",
            "artist": "Project 46",
            "id": 33035577
        },
        {
            "name": "Give Me Your Love",
            "artist": "DEAMN",
            "id": 445666806
        },
        {
            "name": "Sofía",
            "artist": "Álvaro Soler",
            "id": 409872465
        },
        {
            "name": "Salt",
            "artist": "Ava Max",
            "id": 1480204501
        }
    ]
}