{
    "playlist_info": {
        "name": "巫师3狂猎原声合集：本体 石之心 血与酒",
        "trackcount": 100,
        "playcount": 868793,
        "creator": "Dr_Double",
        "createDate": "2016-02-18",
        "heat": 323.0
    },
    "songs": [
        {
            "name": "Blood and Wine",
            "artist": "Marcin Przybyłowicz",
            "id": 416011538
        },
        {
            "name": "Fanfares and Flowers",
            "artist": "Mikolai Stroinski",
            "id": 416011539
        },
        {
            "name": "For Honor! for Toussaint!",
            "artist": "Piotr Musial",
            "id": 416011540
        },
        {
            "name": "Blood Run",
            "artist": "Piotr Musial",
            "id": 416011541
        },
        {
            "name": "Seeking Resonance",
            "artist": "Marcin Przybyłowicz",
            "id": 416011542
        },
        {
            "name": "I Cannot Let You Leave",
            "artist": "Mikolai Stroinski",
            "id": 416011543
        },
        {
            "name": "The Banks of the Sansretour",
            "artist": "Piotr Musial",
            "id": 416011544
        },
        {
            "name": "Wine Wars",
            "artist": "Piotr Musial",
            "id": 416011545
        },
        {
            "name": "The Musty Scent of Fresh Pâté",
            "artist": "Percival Schuttenbach",
            "id": 416011546
        },
        {
            "name": "Vivienne",
            "artist": "Mikolai Stroinski",
            "id": 416011547
        },
        {
            "name": "Titans of Infamy",
            "artist": "Piotr Musial",
            "id": 416011548
        },
        {
            "name": "What Lies Unseen",
            "artist": "Marcin Przybyłowicz",
            "id": 416011549
        },
        {
            "name": "On the Champs-Désolés",
            "artist": "Marcin Przybyłowicz",
            "id": 416011550
        },
        {
            "name": "Beyond Hill and Dale...",
            "artist": "Mikolai Stroinski",
            "id": 416011551
        },
        {
            "name": "The Moon over Mount Gorgon",
            "artist": "Piotr Musial",
            "id": 416011552
        },
        {
            "name": "The Mandragora",
            "artist": "Marcin Przybyłowicz",
            "id": 416011553
        },
        {
            "name": "Tesham Mutna",
            "artist": "Mikolai Stroinski",
            "id": 416011554
        },
        {
            "name": "The Slopes of the Blessure",
            "artist": "Piotr Musial",
            "id": 416011555
        },
        {
            "name": "Guillaume Versus the Shaelmaar",
            "artist": "Marcin Przybyłowicz",
            "id": 416011556
        },
        {
            "name": "Wind in the Caroberta Woods",
            "artist": "Marcin Przybyłowicz",
            "id": 416011557
        },
        {
            "name": "The Beast of Beauclair",
            "artist": "Marcin Przybyłowicz",
            "id": 416011558
        },
        {
            "name": "Searching for Cecilia Bellant",
            "artist": "Marcin Przybyłowicz",
            "id": 416011559
        },
        {
            "name": "Syanna",
            "artist": "Marcin Przybyłowicz",
            "id": 416011560
        },
        {
            "name": "The Night of Long Fangs",
            "artist": "Mikolai Stroinski",
            "id": 416011561
        },
        {
            "name": "Lady of the Lake",
            "artist": "Marcin Przybyłowicz",
            "id": 416011562
        },
        {
            "name": "The Wolven Storm",
            "artist": "Marcin Przybyłowicz",
            "id": 33735522
        },
        {
            "name": "Wake the White Wolf",
            "artist": "Miracle Of Sound",
            "id": 29718754
        },
        {
            "name": "Hearts of Stone",
            "artist": "Marcin Przybyłowicz",
            "id": 36308469
        },
        {
            "name": "Go Back Whence You Came",
            "artist": "Marcin Przybyłowicz",
            "id": 36307473
        },
        {
            "name": "You're... Immortal?",
            "artist": "Marcin Przybyłowicz",
            "id": 36308470
        },
        {
            "name": "Evil's Soft First Touches",
            "artist": "Marcin Przybyłowicz",
            "id": 36307474
        },
        {
            "name": "Dead Man's Party",
            "artist": "Percival Schuttenbach",
            "id": 36308471
        },
        {
            "name": "Mystery Man",
            "artist": "Marcin Przybyłowicz",
            "id": 36307475
        },
        {
            "name": "Breaking in",
            "artist": "Marcin Przybyłowicz",
            "id": 36308472
        },
        {
            "name": "Whatsoever a Man Soweth...",
            "artist": "Marcin Przybyłowicz",
            "id": 36307476
        },
        {
            "name": "The House of the Borsodis",
            "artist": "Marcin Przybyłowicz",
            "id": 36308473
        },
        {
            "name": "The Temple of Lilvani",
            "artist": "Marcin Przybyłowicz",
            "id": 36307477
        },
        {
            "name": "A Gifted Man Brings Gifts Galore",
            "artist": "Marcin Przybyłowicz",
            "id": 36308474
        },
        {
            "name": "Lullaby of Woe",
            "artist": "Marcin Przybyłowicz",
            "id": 34892031
        },
        {
            "name": "The Trail",
            "artist": "Marcin Przybyłowicz",
            "id": 32063363
        },
        {
            "name": "Geralt of Rivia",
            "artist": "Marcin Przybyłowicz",
            "id": 32063364
        },
        {
            "name": "Eredin, King of the Hunt",
            "artist": "Marcin Przybyłowicz",
            "id": 32063365
        },
        {
            "name": "Wake Up, Ciri",
            "artist": "Marcin Przybyłowicz",
            "id": 32063366
        },
        {
            "name": "Aen Seidhe",
            "artist": "Marcin Przybyłowicz",
            "id": 32063367
        },
        {
            "name": "Commanding the Fury",
            "artist": "Marcin Przybyłowicz",
            "id": 32063368
        },
        {
            "name": "Emhyr var Emreis",
            "artist": "Marcin Przybyłowicz",
            "id": 32063369
        },
        {
            "name": "Spikeroog",
            "artist": "Marcin Przybyłowicz",
            "id": 32063370
        },
        {
            "name": "King Bran's Final Voyage",
            "artist": "Marcin Przybyłowicz",
            "id": 32063371
        },
        {
            "name": "Silver for Monsters...",
            "artist": "Marcin Przybyłowicz",
            "id": 32063372
        },
        {
            "name": "Whispers of Oxenfurt",
            "artist": "Marcin Przybyłowicz",
            "id": 32063373
        },
        {
            "name": "The Nightingale",
            "artist": "Marcin Przybyłowicz",
            "id": 32063374
        },
        {
            "name": "City of Intrigues",
            "artist": "Marcin Przybyłowicz",
            "id": 32063375
        },
        {
            "name": "The Hunter's Path",
            "artist": "Marcin Przybyłowicz",
            "id": 32063376
        },
        {
            "name": "Widow-maker",
            "artist": "Marcin Przybyłowicz",
            "id": 32063378
        },
        {
            "name": "Kaer Morhen",
            "artist": "Marcin Przybyłowicz",
            "id": 32063379
        },
        {
            "name": "Eyes of the Wolf",
            "artist": "Marcin Przybyłowicz",
            "id": 32063380
        },
        {
            "name": "Witch Hunters",
            "artist": "Marcin Przybyłowicz",
            "id": 32063381
        },
        {
            "name": "...Steel for Humans",
            "artist": "Marcin Przybyłowicz",
            "id": 32063382
        },
        {
            "name": "Fate Calls",
            "artist": "Marcin Przybyłowicz",
            "id": 32063383
        },
        {
            "name": "The Vagabond",
            "artist": "Marcin Przybyłowicz",
            "id": 32063384
        },
        {
            "name": "Cloak and Dagger",
            "artist": "Marcin Przybyłowicz",
            "id": 32063385
        },
        {
            "name": "Forged in Fire",
            "artist": "Marcin Przybyłowicz",
            "id": 32063386
        },
        {
            "name": "Yes, I Do...",
            "artist": "Marcin Przybyłowicz",
            "id": 32063387
        },
        {
            "name": "Welcome, Imlerith",
            "artist": "Marcin Przybyłowicz",
            "id": 32063388
        },
        {
            "name": "Drink Up, There’s More!",
            "artist": "Marcin Przybyłowicz",
            "id": 32063389
        },
        {
            "name": "After the Storm",
            "artist": "Marcin Przybyłowicz",
            "id": 32063390
        },
        {
            "name": "Blood on the Cobblestones",
            "artist": "Marcin Przybyłowicz",
            "id": 32063392
        },
        {
            "name": "Farewell, Old Friend",
            "artist": "Marcin Przybyłowicz",
            "id": 32063393
        },
        {
            "name": "The Song of the Sword–Dancer",
            "artist": "Marcin Przybyłowicz",
            "id": 32063394
        },
        {
            "name": "The Hunt is Coming",
            "artist": "Marcin Przybyłowicz",
            "id": 32063395
        },
        {
            "name": "The Fields of Ard Skellig",
            "artist": "Marcin Przybyłowicz",
            "id": 32063396
        },
        {
            "name": "Skellige Ard-Skellig Settlements Exploration Layer",
            "artist": "Super Xiang",
            "id": 1820603565
        },
        {
            "name": "Ladies of the Woods",
            "artist": "Marcin Przybyłowicz",
            "id": 32063397
        },
        {
            "name": "Merchants of Novigrad",
            "artist": "Marcin Przybyłowicz",
            "id": 32063398
        },
        {
            "name": "Hunt or Be Hunted",
            "artist": "Marcin Przybyłowicz",
            "id": 32063399
        },
        {
            "name": "Nemesis",
            "artist": "Marcin Przybyłowicz",
            "id": 34324751
        },
        {
            "name": "Bonnie At Morn (Instrumental)",
            "artist": "Marcin Przybyłowicz",
            "id": 34324753
        },
        {
            "name": "At War!",
            "artist": "Marcin Przybyłowicz",
            "id": 34324754
        },
        {
            "name": "Back On the Path",
            "artist": "Marcin Przybyłowicz",
            "id": 34324755
        },
        {
            "name": "Words On Wind",
            "artist": "Marcin Przybyłowicz",
            "id": 34324756
        },
        {
            "name": "A Story You Won't Believe",
            "artist": "Marcin Przybyłowicz",
            "id": 34324757
        },
        {
            "name": "When No Man Has Gone Before",
            "artist": "Marcin Przybyłowicz",
            "id": 34324758
        },
        {
            "name": "Like a Wounded Animal",
            "artist": "Marcin Przybyłowicz",
            "id": 34324759
        },
        {
            "name": "I Name Thee Dea and Embrace Thee As My Daughter",
            "artist": "Marcin Przybyłowicz",
            "id": 34324760
        },
        {
            "name": "Igni",
            "artist": "Marcin Przybyłowicz",
            "id": 34324761
        },
        {
            "name": "The Tree When We Sat Once",
            "artist": "Marcin Przybyłowicz",
            "id": 34324762
        },
        {
            "name": "Go For It",
            "artist": "Marcin Przybyłowicz",
            "id": 34324763
        },
        {
            "name": "The Wolf and the Swallow",
            "artist": "Marcin Przybyłowicz",
            "id": 34324765
        },
        {
            "name": "On Thin Ice",
            "artist": "Marcin Przybyłowicz",
            "id": 34324771
        },
        {
            "name": "Trial of the Grasses",
            "artist": "Marcin Przybyłowicz",
            "id": 34324787
        },
        {
            "name": "Hjalmar's Axe",
            "artist": "Marcin Przybyłowicz",
            "id": 34324791
        },
        {
            "name": "The Big Four",
            "artist": "Marcin Przybyłowicz",
            "id": 34324797
        },
        {
            "name": "The Shrieker Contract",
            "artist": "Marcin Przybyłowicz",
            "id": 34324800
        },
        {
            "name": "The Possession of Jarl Udalryk",
            "artist": "Marcin Przybyłowicz",
            "id": 34324801
        },
        {
            "name": "Another Round For Everyone",
            "artist": "Marcin Przybyłowicz",
            "id": 34324802
        },
        {
            "name": "Conjunction of the Spheres",
            "artist": "Marcin Przybyłowicz",
            "id": 34324803
        },
        {
            "name": "Family Matters",
            "artist": "Marcin Przybyłowicz",
            "id": 34324747
        },
        {
            "name": "No Surrender",
            "artist": "Marcin Przybyłowicz",
            "id": 34324748
        },
        {
            "name": "Child of the Elder Blood",
            "artist": "Marcin Przybyłowicz",
            "id": 34324749
        },
        {
            "name": "In the Giant's Shadow",
            "artist": "Marcin Przybyłowicz",
            "id": 34324750
        }
    ]
}