{
    "playlist_info": {
        "name": "人生漫长 我们应该不会再见面了",
        "trackcount": 94,
        "playcount": 820296,
        "creator": "kosukii",
        "createDate": "2017-09-30",
        "heat": 390.0
    },
    "songs": [
        {
            "name": "Are You Lost",
            "artist": "Strictlyviolin荀博",
            "id": 1954349372
        },
        {
            "name": "Away",
            "artist": "ichika Nito",
            "id": 1980039821
        },
        {
            "name": "Shootout",
            "artist": "Izzamuzzic",
            "id": 1960642479
        },
        {
            "name": "Echo（必有回响）",
            "artist": "Shmily",
            "id": 2008616382
        },
        {
            "name": "失温",
            "artist": "Cicada",
            "id": 350126
        },
        {
            "name": "Daylight",
            "artist": "Seredris",
            "id": 1372188635
        },
        {
            "name": "been loving",
            "artist": "Mayten",
            "id": 1890385695
        },
        {
            "name": "Night Cruising",
            "artist": "牛尾憲輔",
            "id": 29357490
        },
        {
            "name": "Near Light",
            "artist": "Ólafur Arnalds",
            "id": 27933761
        },
        {
            "name": "Scarred Heart",
            "artist": "Vexaic",
            "id": 32640146
        },
        {
            "name": "END (Interlude)",
            "artist": "Sadako",
            "id": 1484081302
        },
        {
            "name": "Release All Light",
            "artist": "De La Mancha",
            "id": 1279368
        },
        {
            "name": "这一千根针我来吞",
            "artist": "kiiko",
            "id": 1842880334
        },
        {
            "name": "Вечера",
            "artist": "Rauf & Faik",
            "id": 1317373380
        },
        {
            "name": "With Me (Connor Remix)",
            "artist": "Connor",
            "id": 469699829
        },
        {
            "name": "ヽ 、ヽ",
            "artist": "kiiko",
            "id": 1451038406
        },
        {
            "name": "我在凌晨等太阳",
            "artist": "kiiko",
            "id": 1847317693
        },
        {
            "name": "over u",
            "artist": "keshi",
            "id": 512099234
        },
        {
            "name": "Track in Time",
            "artist": "Dennis Kuo",
            "id": 1316330689
        },
        {
            "name": "挣脱",
            "artist": "Cicada",
            "id": 350131
        },
        {
            "name": "崩坏根本",
            "artist": "穿越稜镜",
            "id": 30070095
        },
        {
            "name": "一起之后...",
            "artist": "Cicada",
            "id": 350123
        },
        {
            "name": "You",
            "artist": "Approaching Nirvana",
            "id": 3932159
        },
        {
            "name": "Memories",
            "artist": "TRA$H",
            "id": 517566417
        },
        {
            "name": "Experience",
            "artist": "Ludovico Einaudi",
            "id": 402172797
        },
        {
            "name": "Six Forty Seven",
            "artist": "instupendo",
            "id": 480426221
        },
        {
            "name": "Don't Forget Me",
            "artist": "Little End",
            "id": 1310530415
        },
        {
            "name": "take care",
            "artist": "wandering",
            "id": 1385355504
        },
        {
            "name": "Eye Water",
            "artist": "itsuwari",
            "id": 1351784375
        },
        {
            "name": "I Love You But In The End I Will Destroy You",
            "artist": "Goonies Never Say Die",
            "id": 18093333
        },
        {
            "name": "Here With You",
            "artist": "Electus",
            "id": 29751621
        },
        {
            "name": "i can't",
            "artist": "pink glass",
            "id": 1348568675
        },
        {
            "name": "come and see me in marvin's room i've been thinking bout a power trip (prod. ULICA)",
            "artist": "lanie ❀",
            "id": 486188566
        },
        {
            "name": "tate",
            "artist": "AVALON",
            "id": 442605329
        },
        {
            "name": "two of a kind",
            "artist": "AVALON",
            "id": 496617218
        },
        {
            "name": "Shiver",
            "artist": "skel",
            "id": 515816380
        },
        {
            "name": "The Last String",
            "artist": "Jacoo",
            "id": 29544534
        },
        {
            "name": "ᐇ",
            "artist": "Seto",
            "id": 1334363758
        },
        {
            "name": "I'm f̶i̶n̶e",
            "artist": "Yzz",
            "id": 1442081548
        },
        {
            "name": "♡B l u e ℉",
            "artist": "bbbluelee",
            "id": 1373776041
        },
        {
            "name": "Experience",
            "artist": "Ludovico Einaudi",
            "id": 26484066
        },
        {
            "name": "While We Sleepwalk",
            "artist": "Paint The Sky Red",
            "id": 31680247
        },
        {
            "name": "《从你的全世界路过》插曲扒带完整版",
            "artist": "ULY",
            "id": 433103084
        },
        {
            "name": "告别／再见",
            "artist": "Cicada",
            "id": 350147
        },
        {
            "name": "以一种假装放荡的矜持　与你告别",
            "artist": "Cicada",
            "id": 350145
        },
        {
            "name": "你再也读不出我任何欲望",
            "artist": "Cicada",
            "id": 350127
        },
        {
            "name": "最后　仍在一起",
            "artist": "Cicada",
            "id": 350149
        },
        {
            "name": "like i need u",
            "artist": "keshi",
            "id": 1325449674
        },
        {
            "name": "skeletons",
            "artist": "keshi",
            "id": 1378191814
        },
        {
            "name": "Save My Love",
            "artist": "4ever Falling",
            "id": 526470674
        },
        {
            "name": "The girl who cried",
            "artist": "Greatdepression",
            "id": 469410408
        },
        {
            "name": "~ flöating ☁",
            "artist": "barnacle boi",
            "id": 437290209
        },
        {
            "name": "当安静的公园披上了夜网, 东方的夜莺徒然向玫瑰花歌唱",
            "artist": "饭碗的彼岸",
            "id": 435307995
        },
        {
            "name": "Tell Me",
            "artist": "TSUKI",
            "id": 518896371
        },
        {
            "name": "Sunset/Sunrise (Prod. Kendo)",
            "artist": "SNØW",
            "id": 1309901535
        },
        {
            "name": "ATTENTION",
            "artist": "Joji",
            "id": 1320101227
        },
        {
            "name": "2 soon",
            "artist": "keshi",
            "id": 1303019276
        },
        {
            "name": "winter.",
            "artist": "VESK GREEN 青菜",
            "id": 519820694
        },
        {
            "name": "Sinking",
            "artist": "Feverkin",
            "id": 35779145
        },
        {
            "name": "Elope 「与一切的诡异私奔」",
            "artist": "林默",
            "id": 31680154
        },
        {
            "name": "For the Damaged Coda",
            "artist": "Blonde Redhead",
            "id": 31460355
        },
        {
            "name": "empty (lil bo weep cover)",
            "artist": "✰loowana✰",
            "id": 511920199
        },
        {
            "name": "抱歉，如果我的敏感冲动软弱以及愚蠢的虚荣曾伤害过你",
            "artist": "秦才淞",
            "id": 535869772
        },
        {
            "name": "us",
            "artist": "4oot",
            "id": 454125899
        },
        {
            "name": "without u",
            "artist": "timmies",
            "id": 571340175
        },
        {
            "name": "死在旋转公寓",
            "artist": "发光曲线",
            "id": 356760
        },
        {
            "name": "如果不能见你最后一面，那至少让我用自己的方式，纪念你",
            "artist": "秦才淞",
            "id": 457212399
        },
        {
            "name": "get you the moon",
            "artist": "Kina",
            "id": 549309101
        },
        {
            "name": "Only Love (Acoustic)",
            "artist": "PVRIS",
            "id": 28475345
        },
        {
            "name": "Creek Blues",
            "artist": "Nicole Dollanganger",
            "id": 28773744
        },
        {
            "name": "Opus 37",
            "artist": "Dustin O'Halloran",
            "id": 17241428
        },
        {
            "name": "River of Gold",
            "artist": "Daniela Andrade",
            "id": 33916532
        },
        {
            "name": "untilwebleed",
            "artist": "Dontleaveme",
            "id": 454711628
        },
        {
            "name": "Im lost again",
            "artist": "KDELL",
            "id": 459733656
        },
        {
            "name": "melon",
            "artist": "ocha",
            "id": 442605096
        },
        {
            "name": "2Be",
            "artist": "Kirsten Leigh",
            "id": 440208815
        },
        {
            "name": "corpse bride",
            "artist": "AVALON",
            "id": 490602785
        },
        {
            "name": "☂",
            "artist": "COSMASTLY",
            "id": 413812641
        },
        {
            "name": "August",
            "artist": "AVALON",
            "id": 424057314
        },
        {
            "name": "+",
            "artist": "(vιllo)",
            "id": 416531522
        },
        {
            "name": "Numb (Prod. Leaf)",
            "artist": "onlyevva",
            "id": 427416438
        },
        {
            "name": "Live without",
            "artist": "Lil Lotus",
            "id": 452986217
        },
        {
            "name": "UntilWeBleed (Remix)",
            "artist": "GRIM",
            "id": 436305165
        },
        {
            "name": "miss u",
            "artist": "jssx",
            "id": 437608817
        },
        {
            "name": "l e t d o w n",
            "artist": "nothing,nowhere.",
            "id": 443875554
        },
        {
            "name": "Hide",
            "artist": "nadiak",
            "id": 424474576
        },
        {
            "name": "You're The Only One That Wants Me (Around / To Die)",
            "artist": "Nvrmore",
            "id": 405597730
        },
        {
            "name": "Marilyn Monroe",
            "artist": "Sevdaliza",
            "id": 35345538
        },
        {
            "name": "i always find a way to **** things up",
            "artist": "GUNBLADE",
            "id": 453268929
        },
        {
            "name": "DAYS and MOONS",
            "artist": "Elsa Kopf",
            "id": 32785010
        },
        {
            "name": "i hate you",
            "artist": "yung tengu",
            "id": 464015745
        },
        {
            "name": "She Said",
            "artist": "inbirth",
            "id": 446512844
        },
        {
            "name": "say you love me",
            "artist": "T R Λ P C O D E",
            "id": 467590719
        },
        {
            "name": ": (",
            "artist": "SLIGHT",
            "id": 439122981
        }
    ]
}