{
    "playlist_info": {
        "name": "云村编辑部：立夏打开一瓶梅子味的冰镇汽水",
        "trackcount": 47,
        "playcount": 811774,
        "creator": "云村编辑部",
        "createDate": "2023-05-05",
        "heat": 14644.0
    },
    "songs": [
        {
            "name": "Summer Lovin'",
            "artist": "The Tuesday Crew",
            "id": 1403721070
        },
        {
            "name": "On Ice",
            "artist": "Michael Nau",
            "id": 1307363168
        },
        {
            "name": "我爱夏天",
            "artist": "脱拉库",
            "id": 4876837
        },
        {
            "name": "Daylight",
            "artist": "Harry Styles",
            "id": 1948618491
        },
        {
            "name": "Hot Summer",
            "artist": "f(x)",
            "id": 22735492
        },
        {
            "name": "夏疾風",
            "artist": "嵐",
            "id": 1294924774
        },
        {
            "name": "SUMMER!",
            "artist": "PENTAGON",
            "id": 1378220830
        },
        {
            "name": "红色味道 (Red Flavor)",
            "artist": "Red Velvet",
            "id": 489037240
        },
        {
            "name": "夏天",
            "artist": "李玖哲",
            "id": 109125
        },
        {
            "name": "ROOM VACATION",
            "artist": "DJ HASEBE",
            "id": 1466519546
        },
        {
            "name": "summer",
            "artist": "keshi",
            "id": 1378192821
        },
        {
            "name": "200%",
            "artist": "AKMU",
            "id": 28391038
        },
        {
            "name": "REALLY REALLY",
            "artist": "WINNER",
            "id": 469699065
        },
        {
            "name": "八块钱买绿豆冰（Summer）（Demo）",
            "artist": "温和治疗(MILDCURE)",
            "id": 1399454038
        },
        {
            "name": "讨厌夏天",
            "artist": "张震岳",
            "id": 185997
        },
        {
            "name": "Midsummer Madness",
            "artist": "88rising",
            "id": 571339219
        },
        {
            "name": "Moon River",
            "artist": "Carla Bruni",
            "id": 511416952
        },
        {
            "name": "A Thousand Miles",
            "artist": "Vanessa Carlton",
            "id": 3795680
        },
        {
            "name": "骑车去芬兰",
            "artist": "Bad Sweetheart",
            "id": 1822994864
        },
        {
            "name": "花,太阳,彩虹,你",
            "artist": "Mai",
            "id": 1826189041
        },
        {
            "name": "被风吹过的夏天",
            "artist": "林俊杰",
            "id": 247644
        },
        {
            "name": "숲의 아이",
            "artist": "YooA",
            "id": 1475993250
        },
        {
            "name": "Summer Holiday",
            "artist": "旅行团乐队",
            "id": 363275
        },
        {
            "name": "100% Pure Love",
            "artist": "Years & Years",
            "id": 1994422914
        },
        {
            "name": "I Want Beer",
            "artist": "Joyside",
            "id": 360959
        },
        {
            "name": "夏夜追捕事件",
            "artist": "无实物艺术团",
            "id": 1909660127
        },
        {
            "name": "星空",
            "artist": "五月天",
            "id": 385556
        },
        {
            "name": "ฝนตกไหม",
            "artist": "Three Man Down",
            "id": 1406212594
        },
        {
            "name": "夏夜路人",
            "artist": "CHILL GANG",
            "id": 1890167997
        },
        {
            "name": "夏色片想い",
            "artist": "菊池桃子",
            "id": 601548
        },
        {
            "name": "想去海边",
            "artist": "夏日入侵企画",
            "id": 1413863166
        },
        {
            "name": "Rose Colored Lenses",
            "artist": "Miley Cyrus",
            "id": 2028766829
        },
        {
            "name": "プラネタリウム",
            "artist": "大塚愛",
            "id": 632681
        },
        {
            "name": "Samalaman Bay",
            "artist": "Roo Panes",
            "id": 2005118966
        },
        {
            "name": "Summer Wine",
            "artist": "Lana Del Rey",
            "id": 28111814
        },
        {
            "name": "夏日漱石 (Summer Cozy Rock)",
            "artist": "橘子海 (Orange Ocean)",
            "id": 1359818052
        },
        {
            "name": "霓虹甜心",
            "artist": "马赛克",
            "id": 1329719698
        },
        {
            "name": "Dance Tonight (Demo / 2022 Remaster)",
            "artist": "Paul McCartney",
            "id": 2003641778
        },
        {
            "name": "Cruel Summer",
            "artist": "Taylor Swift",
            "id": 1382576173
        },
        {
            "name": "Mystery of Love",
            "artist": "Sufjan Stevens",
            "id": 516358164
        },
        {
            "name": "She`s In The Rain",
            "artist": "THE ROSE",
            "id": 1316330377
        },
        {
            "name": "Doin' Time",
            "artist": "Lana Del Rey",
            "id": 1365840851
        },
        {
            "name": "真夏の通り雨",
            "artist": "宇多田ヒカル",
            "id": 430208484
        },
        {
            "name": "風見鶏",
            "artist": "嵐",
            "id": 22740768
        },
        {
            "name": "夏の终わり",
            "artist": "森山直太朗",
            "id": 465409
        },
        {
            "name": "ブルーバード",
            "artist": "いきものがかり",
            "id": 718765
        },
        {
            "name": "一笑倾城",
            "artist": "汪苏泷",
            "id": 426852063
        }
    ]
}