{
    "playlist_info": {
        "name": "中文说唱的极致Flow",
        "trackcount": 113,
        "playcount": 2277214,
        "creator": "Kolerchn-",
        "createDate": "2020-03-29",
        "heat": 1917.0
    },
    "songs": [
        {
            "name": "Step By Step",
            "artist": "早安",
            "id": 2037915665
        },
        {
            "name": "王位",
            "artist": "杨和苏KeyNG",
            "id": 1980472718
        },
        {
            "name": "三思而后行 ",
            "artist": "王以太",
            "id": 1313052961
        },
        {
            "name": "AF1(prod.RTYRACE)",
            "artist": "thomeboydontkill",
            "id": 1931280236
        },
        {
            "name": "蓝图 (feat. 直火帮Feezy)",
            "artist": "直火帮_谢子通",
            "id": 1871196183
        },
        {
            "name": "血墨 (feat. 扬布拉德)",
            "artist": "EINK",
            "id": 1817782492
        },
        {
            "name": "Off Beat 哥们",
            "artist": "AR刘夫阳",
            "id": 1870413663
        },
        {
            "name": "Whoopty Freestyle",
            "artist": "SASIOVERLXRD",
            "id": 1809015760
        },
        {
            "name": "嗯",
            "artist": "SipSu小口酥",
            "id": 1807171646
        },
        {
            "name": "黑曜石",
            "artist": "0-100",
            "id": 1868188963
        },
        {
            "name": "Yellow Skin Flow",
            "artist": "艾福杰尼",
            "id": 1325898369
        },
        {
            "name": "ALL TRASH",
            "artist": "9月6",
            "id": 1438061490
        },
        {
            "name": "100%chopper",
            "artist": "YOUNG",
            "id": 1402700332
        },
        {
            "name": "快刀斩乱麻",
            "artist": "Free-Out",
            "id": 1408761970
        },
        {
            "name": "GOD FLOW",
            "artist": "直火帮_谢子通",
            "id": 1410541687
        },
        {
            "name": "“S”",
            "artist": "小酷Coola",
            "id": 1862806599
        },
        {
            "name": "一个人走",
            "artist": "0-100",
            "id": 1475878744
        },
        {
            "name": "吹又生",
            "artist": "杨和苏KeyNG",
            "id": 1874658487
        },
        {
            "name": "趋炎附势",
            "artist": "Kolerchn",
            "id": 1862533475
        },
        {
            "name": "诙谐",
            "artist": "直火帮_谢子通",
            "id": 1411790451
        },
        {
            "name": "亚洲最强势力",
            "artist": "幸存者联盟",
            "id": 1846503991
        },
        {
            "name": "我 Pt.2",
            "artist": "AR刘夫阳",
            "id": 1449873498
        },
        {
            "name": "u don’t get it",
            "artist": "Free-Out",
            "id": 1412575419
        },
        {
            "name": "闪电侠",
            "artist": "Mc光光",
            "id": 1466346969
        },
        {
            "name": "八分之一",
            "artist": "JD",
            "id": 1302813759
        },
        {
            "name": "干脆这首歌就叫“00King”吧",
            "artist": "Kolerchn",
            "id": 1835629684
        },
        {
            "name": "Conor",
            "artist": "丸",
            "id": 1413253661
        },
        {
            "name": "On The Road",
            "artist": "王以太",
            "id": 1396141673
        },
        {
            "name": "手术刀（Prod.by Goat Music）",
            "artist": "张秉宽wide",
            "id": 1484402536
        },
        {
            "name": "Catabolik 2020 Cypher（Prod.百川Rebellious）",
            "artist": "深蓝儿童",
            "id": 1807935152
        },
        {
            "name": "成都集团2020cypher (Prod. by HARIKIRI)",
            "artist": "成都集团",
            "id": 1444140174
        },
        {
            "name": "甲",
            "artist": "Kolerchn",
            "id": 1993112063
        },
        {
            "name": "纸包不住火",
            "artist": "那吾克热-NW",
            "id": 1486142809
        },
        {
            "name": "战斗",
            "artist": "Yee",
            "id": 1336864680
        },
        {
            "name": "大反派",
            "artist": "杨和苏KeyNG",
            "id": 1487009099
        },
        {
            "name": "毁灭战士（Prod.百川Rebellious）",
            "artist": "深蓝儿童",
            "id": 1455739576
        },
        {
            "name": "同仇敌忾（Prod.5:10）",
            "artist": "深蓝儿童",
            "id": 1455739577
        },
        {
            "name": "LOVE OR HATE",
            "artist": "Yee",
            "id": 503656412
        },
        {
            "name": "钻",
            "artist": "Spylent",
            "id": 1923830912
        },
        {
            "name": "“445”",
            "artist": "YOUNG",
            "id": 1362393936
        },
        {
            "name": "ABC (feat. Buzzy, Cee)",
            "artist": "AR刘夫阳",
            "id": 1449876055
        },
        {
            "name": "懒癌晚期（NINEONE Solo）",
            "artist": "NINEONE#赵馨玥",
            "id": 563241179
        },
        {
            "name": "国产Rap God",
            "artist": "赵辰龙(Dragon X)",
            "id": 1429250856
        },
        {
            "name": "干掉深蓝就在星期六（安，氧，爱，feat. 笑男孩，Prod.Roger）",
            "artist": "深蓝儿童",
            "id": 1368922228
        },
        {
            "name": "Real Rap Shit",
            "artist": "精气神制作",
            "id": 434052706
        },
        {
            "name": "STAY LOW (ft. 泥鳅)",
            "artist": "直火帮 Straight Fire Gang",
            "id": 1356124308
        },
        {
            "name": "So Different",
            "artist": "艾福杰尼",
            "id": 1325711433
        },
        {
            "name": "囚徒",
            "artist": "百川",
            "id": 1411824576
        },
        {
            "name": "耐心 (Patience Pt.2)",
            "artist": "AR刘夫阳",
            "id": 520274146
        },
        {
            "name": "尼罗河畔 | WOKENDAY",
            "artist": "默示船政",
            "id": 1397011981
        },
        {
            "name": "Sleep, Read, Love",
            "artist": "杨和苏KeyNG",
            "id": 1293905047
        },
        {
            "name": "活死人2019Cypher",
            "artist": "活死人",
            "id": 1405207289
        },
        {
            "name": "斗地主",
            "artist": "KEY.L刘聪",
            "id": 1377785184
        },
        {
            "name": "没理由",
            "artist": "Mc光光",
            "id": 1362172651
        },
        {
            "name": "“End of the world”",
            "artist": "高天佐Trouble.Z",
            "id": 1298655068
        },
        {
            "name": "开学典礼演讲",
            "artist": "AR刘夫阳",
            "id": 1308631043
        },
        {
            "name": "绝体绝命 | SKYSCRAPER",
            "artist": "默示船政",
            "id": 1364712977
        },
        {
            "name": "所有方向都是陷阱",
            "artist": "Kolerchn",
            "id": 1425850131
        },
        {
            "name": "上帝之手Hand of God",
            "artist": "Buzzy",
            "id": 1330605836
        },
        {
            "name": "小暑",
            "artist": "直火帮 Straight Fire Gang",
            "id": 436675544
        },
        {
            "name": "中国阿姆",
            "artist": "西米",
            "id": 1313105189
        },
        {
            "name": "我不押了",
            "artist": "OWEN欧阳子文",
            "id": 1393575868
        },
        {
            "name": "2019 ALL1N CYPHER",
            "artist": "Capper",
            "id": 1413139741
        },
        {
            "name": "兔八哥",
            "artist": "杨和苏KeyNG",
            "id": 1380070418
        },
        {
            "name": "STRIKE",
            "artist": "Red K",
            "id": 1402883968
        },
        {
            "name": "M号",
            "artist": "赵辰龙(Dragon X)",
            "id": 1430620760
        },
        {
            "name": "K.O.",
            "artist": "高天佐Trouble.Z",
            "id": 1411990343
        },
        {
            "name": "TAKE THE LEAD(Prod.请你尊重猫咪)",
            "artist": "秃子2z",
            "id": 1396556260
        },
        {
            "name": "Get Low (Feat.K9999)",
            "artist": "夜楠H.",
            "id": 429461650
        },
        {
            "name": "名人堂",
            "artist": "盛宇D-SHINE",
            "id": 527163711
        },
        {
            "name": "开炮",
            "artist": "傲傲",
            "id": 496318687
        },
        {
            "name": "别挡我道",
            "artist": "傲傲",
            "id": 480089933
        },
        {
            "name": "这只伶俐的棕色狐狸跳过一只懒惰的狗",
            "artist": "黑羊",
            "id": 502960453
        },
        {
            "name": "Game over",
            "artist": "丸",
            "id": 1317596339
        },
        {
            "name": "嗯哼?",
            "artist": "丸",
            "id": 501529541
        },
        {
            "name": "**** off",
            "artist": "丸",
            "id": 461922251
        },
        {
            "name": "中国的说法",
            "artist": "幼稚园杀手",
            "id": 28977772
        },
        {
            "name": "你佛他这个flow像谁尼？AABB？AABB！？",
            "artist": "JD",
            "id": 1294185637
        },
        {
            "name": "火嬲（Riot Remix",
            "artist": "Yee",
            "id": 1428825747
        },
        {
            "name": "逆流 (Live)",
            "artist": "杨和苏KeyNG",
            "id": 1377519494
        },
        {
            "name": "乌合之众",
            "artist": "直火帮 Straight Fire Gang",
            "id": 1381368357
        },
        {
            "name": "学霸",
            "artist": "AR刘夫阳",
            "id": 1338786808
        },
        {
            "name": "NOT ME",
            "artist": "404 RAPPER",
            "id": 1327796510
        },
        {
            "name": "Who's Real",
            "artist": "杨和苏KeyNG",
            "id": 1353428244
        },
        {
            "name": "决不投降",
            "artist": "杨和苏KeyNG",
            "id": 1381583063
        },
        {
            "name": "slaughter freestyle",
            "artist": "李尔新",
            "id": 1350642022
        },
        {
            "name": "swag shxx",
            "artist": "Mc光光",
            "id": 1362172653
        },
        {
            "name": "HIT:我守护的一切",
            "artist": "谢帝",
            "id": 515455884
        },
        {
            "name": "Life's a movie",
            "artist": "KEY.L刘聪",
            "id": 1329475622
        },
        {
            "name": "Eminem-lucky you（法老 Remix）",
            "artist": "法老",
            "id": 1309351619
        },
        {
            "name": "跑得脱马脑壳",
            "artist": "李尔新",
            "id": 1299792742
        },
        {
            "name": "好生说pt.2",
            "artist": "Sleepy Cat",
            "id": 552090026
        },
        {
            "name": "血泪BloodTears（安，氧，爱，Prod.KxngGio）",
            "artist": "深蓝儿童",
            "id": 1396945755
        },
        {
            "name": "Back To Back（安，氧，Feat. Al Rocco）",
            "artist": "深蓝儿童",
            "id": 1358758825
        },
        {
            "name": "纯正硬货",
            "artist": "Cee",
            "id": 1375241843
        },
        {
            "name": "Size",
            "artist": "ICE杨长青",
            "id": 1335715044
        },
        {
            "name": "弹雨 Ft.JD（Prod.FlyingJacuzzi）",
            "artist": "深蓝儿童",
            "id": 1429460851
        },
        {
            "name": "活死人2018Cypher",
            "artist": "活死人",
            "id": 1303079913
        },
        {
            "name": "HOLD MA HAND",
            "artist": "辛巴",
            "id": 466023457
        },
        {
            "name": "何等人物",
            "artist": "那吾克热-NW",
            "id": 1401317349
        },
        {
            "name": "Team Work",
            "artist": "Jony J",
            "id": 439665556
        },
        {
            "name": "假的颗粒",
            "artist": "Lil Jet",
            "id": 1431276726
        },
        {
            "name": "谢谢",
            "artist": "Yee",
            "id": 1373447007
        },
        {
            "name": "哦改",
            "artist": "Yee",
            "id": 1361611784
        },
        {
            "name": "Real Rap s**t Pt.2 (Lu Remix)",
            "artist": "AR刘夫阳",
            "id": 493713126
        },
        {
            "name": "喽啰",
            "artist": "Jony J",
            "id": 1325896427
        },
        {
            "name": "焦点 / Highlight ",
            "artist": "Lu1",
            "id": 419250237
        },
        {
            "name": "Parrot or Not",
            "artist": "Cee",
            "id": 1355233359
        },
        {
            "name": "Know My Style",
            "artist": "Cee",
            "id": 1371523636
        },
        {
            "name": "押韵歌",
            "artist": "AR刘夫阳",
            "id": 1319854361
        },
        {
            "name": "金足印象",
            "artist": "Mengzi",
            "id": 1361002221
        },
        {
            "name": "闹啥子嘛闹",
            "artist": "张杰",
            "id": 34179944
        },
        {
            "name": "皇帝的新衣 (Skr)",
            "artist": "AR刘夫阳",
            "id": 1296645941
        },
        {
            "name": "对号入座 FT. AR",
            "artist": "Cee",
            "id": 536570055
        }
    ]
}