{
    "playlist_info": {
        "name": "东方幻想乡✿但愿长醉不复醒【柔和抒情篇】",
        "trackcount": 55,
        "playcount": 1524025,
        "creator": "账号已注销",
        "createDate": "2014-10-25",
        "heat": 480.0
    },
    "songs": [
        {
            "name": "童祭　~ Innocent Treasures",
            "artist": "市松椿",
            "id": 766014
        },
        {
            "name": "千年幻想郷　~ History of the Moon",
            "artist": "君の美術館",
            "id": 766111
        },
        {
            "name": "Kanon",
            "artist": "憐歌",
            "id": 26085474
        },
        {
            "name": "夜桜街道",
            "artist": "沙紗飛鳥",
            "id": 26085473
        },
        {
            "name": "蛙石",
            "artist": "憐歌",
            "id": 784864
        },
        {
            "name": "そこに在るもの",
            "artist": "舞風",
            "id": 785085
        },
        {
            "name": "Pages of A Star",
            "artist": "発熱巫女~ず",
            "id": 744831
        },
        {
            "name": "Pages",
            "artist": "発熱巫女~ず",
            "id": 744960
        },
        {
            "name": "Silent Story",
            "artist": "発熱巫女~ず",
            "id": 744807
        },
        {
            "name": "どうして…",
            "artist": "めらみぽっぷ",
            "id": 850775
        },
        {
            "name": "水底のメロディ",
            "artist": "めらみぽっぷ",
            "id": 850709
        },
        {
            "name": "忘れえぬ物語",
            "artist": "めらみぽっぷ",
            "id": 850737
        },
        {
            "name": "アサガオ",
            "artist": "FELT",
            "id": 744932
        },
        {
            "name": "Starry Night Flight",
            "artist": "FELT",
            "id": 28578498
        },
        {
            "name": "霞舞う月の丘に",
            "artist": "茶太",
            "id": 823345
        },
        {
            "name": "Felicitas",
            "artist": "茶太",
            "id": 833064
        },
        {
            "name": "揺らめく水面に落ちる月(向こう侧の月 )",
            "artist": "SYNC.ART'S",
            "id": 830960
        },
        {
            "name": "paramita",
            "artist": "SYNC.ART'S",
            "id": 29491856
        },
        {
            "name": "蜃気楼",
            "artist": "FELT",
            "id": 729792
        },
        {
            "name": "After rain    (Original Track)",
            "artist": "FELT",
            "id": 729551
        },
        {
            "name": "饴色の空、帰り道",
            "artist": "紫咲ほたる",
            "id": 745246
        },
        {
            "name": "幻奏ノ滝",
            "artist": "沙紗飛鳥",
            "id": 785061
        },
        {
            "name": "White Lotus...～Piano",
            "artist": "lily-an",
            "id": 609617
        },
        {
            "name": "愿い呗",
            "artist": "葉月ゆら",
            "id": 580363
        },
        {
            "name": "with you",
            "artist": "大瀬良あい",
            "id": 832433
        },
        {
            "name": "ever after",
            "artist": "millie",
            "id": 26463419
        },
        {
            "name": "Innocent World",
            "artist": "Vivienne",
            "id": 27580519
        },
        {
            "name": "暗と光の间の",
            "artist": "結城京華",
            "id": 830686
        },
        {
            "name": "桜风",
            "artist": "森羅万象",
            "id": 745819
        },
        {
            "name": "Spring Comes Along",
            "artist": "mican*",
            "id": 687111
        },
        {
            "name": "Memory [Vocal: 朝木ゆう]",
            "artist": "舞風",
            "id": 29027436
        },
        {
            "name": "La Fleur En Cage",
            "artist": "Lyn-A",
            "id": 703330
        },
        {
            "name": "酔花",
            "artist": "秣本瑳羅",
            "id": 814721
        },
        {
            "name": "Nostalgia",
            "artist": "三澤秋",
            "id": 646913
        },
        {
            "name": "春望",
            "artist": "陽花",
            "id": 28578500
        },
        {
            "name": "Heart Of Glass",
            "artist": "Liz Triangle",
            "id": 774578
        },
        {
            "name": "いつか降る雨、桜",
            "artist": "紫咲ほたる",
            "id": 744897
        },
        {
            "name": "Silent refrain",
            "artist": "Yonder Voice",
            "id": 26134302
        },
        {
            "name": "早乙女の游戯そして流仪",
            "artist": "コツキミヤ",
            "id": 4952496
        },
        {
            "name": "パラソル",
            "artist": "みぃ",
            "id": 737992
        },
        {
            "name": "始まりの夜",
            "artist": "yukina",
            "id": 852126
        },
        {
            "name": "人間が大好きなこわれた妖怪の唄",
            "artist": "COOL&CREATE",
            "id": 705923
        },
        {
            "name": "コイイロ",
            "artist": "ichigo",
            "id": 764919
        },
        {
            "name": "忘却の雨",
            "artist": "あさな",
            "id": 26107785
        },
        {
            "name": "酔恋花 -suirenka-",
            "artist": "Stack",
            "id": 707720
        },
        {
            "name": "暮れ六つ(东方绯想天より“暮色苍然”)",
            "artist": "ししまいブラザーズ",
            "id": 651655
        },
        {
            "name": "Lost place　",
            "artist": "春待月",
            "id": 746040
        },
        {
            "name": "眠れない夜に、眠らない夜は",
            "artist": "Y",
            "id": 26624655
        },
        {
            "name": "愛惜",
            "artist": "あさな",
            "id": 26454922
        },
        {
            "name": "幽雅に咲かせ、墨染の桜",
            "artist": "TAMUSIC",
            "id": 849691
        },
        {
            "name": "そんなゆめをみたの -lonely dreaming girl- (Piano Ver. 2)",
            "artist": "たま",
            "id": 812962
        },
        {
            "name": "永遠の花が降る",
            "artist": "左右田左",
            "id": 27610163
        },
        {
            "name": "パノラマ蓝色写真",
            "artist": "高桥菜菜",
            "id": 834190
        },
        {
            "name": "Solfege~未完成の音阶~",
            "artist": "C-CLAYS",
            "id": 705353
        },
        {
            "name": "ヒカリ",
            "artist": "めらみぽっぷ",
            "id": 850522
        }
    ]
}