{
    "playlist_info": {
        "name": "中国火 1994香港红磡摇滚中国乐势力演唱会",
        "trackcount": 17,
        "playcount": 211334,
        "creator": "布鲁斯GPT",
        "createDate": "2014-10-19",
        "heat": 66.0
    },
    "songs": [
        {
            "name": "赵小姐",
            "artist": "张楚",
            "id": 186111
        },
        {
            "name": "梦回唐朝",
            "artist": "唐朝乐队",
            "id": 381920
        },
        {
            "name": "姑娘 漂亮",
            "artist": "何勇",
            "id": 92204
        },
        {
            "name": "钟鼓楼",
            "artist": "何勇",
            "id": 92208
        },
        {
            "name": "高级动物",
            "artist": "窦唯",
            "id": 77470
        },
        {
            "name": "噢！乖 (Live)",
            "artist": "窦唯",
            "id": 5279714
        },
        {
            "name": "悲伤的梦",
            "artist": "窦唯",
            "id": 77462
        },
        {
            "name": "黑色梦中",
            "artist": "窦唯",
            "id": 77447
        },
        {
            "name": "头上的包",
            "artist": "何勇",
            "id": 5280509
        },
        {
            "name": "冬眠",
            "artist": "何勇",
            "id": 92209
        },
        {
            "name": "国际歌",
            "artist": "唐朝乐队",
            "id": 381962
        },
        {
            "name": "飞翔鸟",
            "artist": "唐朝乐队",
            "id": 381942
        },
        {
            "name": "聊天",
            "artist": "何勇",
            "id": 92206
        },
        {
            "name": "非洲梦",
            "artist": "何勇",
            "id": 92210
        },
        {
            "name": "孤独的人是可耻的",
            "artist": "张楚",
            "id": 186105
        },
        {
            "name": "蚂蚁蚂蚁",
            "artist": "张楚",
            "id": 5280505
        },
        {
            "name": "姐姐",
            "artist": "张楚",
            "id": 5282450
        }
    ]
}