{
    "playlist_info": {
        "name": "不會 是 你 女友",
        "trackcount": 580,
        "playcount": 5996,
        "creator": "Yiyiyayoo",
        "createDate": "2017-10-04",
        "heat": 2.0
    },
    "songs": [
        {
            "name": "Free-Out 2023 Cypher",
            "artist": "Free-Out",
            "id": 2037061220
        },
        {
            "name": "不如不见面",
            "artist": "梁老师Tsong",
            "id": 571472967
        },
        {
            "name": "向云端",
            "artist": "小霞",
            "id": 2049512697
        },
        {
            "name": "HipHopMan (巅峰Remix)  (LIVE版)",
            "artist": "欧阳靖",
            "id": 2054298638
        },
        {
            "name": "午夜派对",
            "artist": "黄旭",
            "id": 2054235359
        },
        {
            "name": "LaLa",
            "artist": "AREZ",
            "id": 1489666363
        },
        {
            "name": "Du Yueh-Sheng",
            "artist": "A.D.C",
            "id": 1438108287
        },
        {
            "name": "West Christmas",
            "artist": "Tune Seeker",
            "id": 2008127926
        },
        {
            "name": "Players",
            "artist": "Coi Leray",
            "id": 2006936463
        },
        {
            "name": "Club House Packs Part 1",
            "artist": "WeiMUSIQUE",
            "id": 1814915363
        },
        {
            "name": "十字路口",
            "artist": "西奥Sio",
            "id": 2049502613
        },
        {
            "name": "STAY",
            "artist": "The Kid LAROI",
            "id": 1859245776
        },
        {
            "name": "Ten Toes Down (脚踏十地) (LIVE版)",
            "artist": "派克特（PACT）",
            "id": 2048370921
        },
        {
            "name": "第三人称",
            "artist": "买辣椒也用券",
            "id": 502043537
        },
        {
            "name": "Godzilla",
            "artist": "Eminem",
            "id": 1417093533
        },
        {
            "name": "Zero Two (Darling Ohayo)",
            "artist": "BeMax",
            "id": 1911274318
        },
        {
            "name": "Back In The Game",
            "artist": "Snoop Dogg",
            "id": 2011601742
        },
        {
            "name": "Trippin'",
            "artist": "XALER",
            "id": 1883534350
        },
        {
            "name": "Bodega",
            "artist": "99 God",
            "id": 1837719923
        },
        {
            "name": "吻得太逼真",
            "artist": "刘大拿",
            "id": 2034881346
        },
        {
            "name": "WE DON'T PLAY",
            "artist": "范丞丞",
            "id": 2032173388
        },
        {
            "name": "我们的歌",
            "artist": "刘大拿",
            "id": 2025533834
        },
        {
            "name": "好奇",
            "artist": "MoreLearn 27",
            "id": 1992108379
        },
        {
            "name": "最好的我",
            "artist": "我只吃晚饭",
            "id": 2028021505
        },
        {
            "name": "我爱你",
            "artist": "刘大拿",
            "id": 2007985520
        },
        {
            "name": "疑心怪",
            "artist": "BBerryZ.",
            "id": 2021403505
        },
        {
            "name": "孤独面店",
            "artist": "GALI",
            "id": 1909023363
        },
        {
            "name": "Hennessy",
            "artist": "KKECHO",
            "id": 1970396866
        },
        {
            "name": "超",
            "artist": "KKECHO",
            "id": 1970396860
        },
        {
            "name": "COSMO AND WANDA",
            "artist": "$COTT PILGRIM",
            "id": 1395972873
        },
        {
            "name": "New Money",
            "artist": "Calvin Harris",
            "id": 1959952733
        },
        {
            "name": "bad to the bone",
            "artist": "bbno$",
            "id": 1828910181
        },
        {
            "name": "money conversation (prod. y2k)",
            "artist": "bbno$",
            "id": 1329748216
        },
        {
            "name": "回答",
            "artist": "YOUNG",
            "id": 1994863874
        },
        {
            "name": "CartierMafia",
            "artist": "那奇沃夫",
            "id": 1899473139
        },
        {
            "name": "Lightskin Lil Wayne",
            "artist": "Tyga",
            "id": 1385303248
        },
        {
            "name": "xanny",
            "artist": "Billie Eilish",
            "id": 1355147934
        },
        {
            "name": "Maybe My Soulmate Died",
            "artist": "iamnotshane",
            "id": 1948364822
        },
        {
            "name": "平行线",
            "artist": "沙一汀EL",
            "id": 1937725093
        },
        {
            "name": "别怕变老",
            "artist": "王以太",
            "id": 1876179147
        },
        {
            "name": "不用去猜 (Jazz Version)",
            "artist": "Jony J",
            "id": 490595927
        },
        {
            "name": "会魔法的老人",
            "artist": "法老",
            "id": 1988564487
        },
        {
            "name": "苦茶子",
            "artist": "Starling8",
            "id": 1922888354
        },
        {
            "name": "Maneater",
            "artist": "Tài Muzik",
            "id": 1814875522
        },
        {
            "name": "和你匹配",
            "artist": "阿斯巴田ASPT",
            "id": 1829828597
        },
        {
            "name": "暧昧三十三天",
            "artist": "暴躁的兔子",
            "id": 1984488522
        },
        {
            "name": "先说谎的人",
            "artist": "h3R3",
            "id": 1903876057
        },
        {
            "name": "Head In The Clouds",
            "artist": "Hayd",
            "id": 1878812258
        },
        {
            "name": "独行侠",
            "artist": "宋恩泽YKEY",
            "id": 462769331
        },
        {
            "name": "Freaky Monday (Original Mix)",
            "artist": "Tom Reason",
            "id": 1324515024
        },
        {
            "name": "100",
            "artist": "Tizzy T",
            "id": 1983456716
        },
        {
            "name": "Падай",
            "artist": "BikaBreezy",
            "id": 1949238514
        },
        {
            "name": "忏悔录",
            "artist": "KKECHO",
            "id": 1970396862
        },
        {
            "name": "忽而今夏",
            "artist": "汪苏泷",
            "id": 553310138
        },
        {
            "name": "现实的生活 (LIVE版)",
            "artist": "王以太",
            "id": 1975800314
        },
        {
            "name": "阴天快乐",
            "artist": "yihuik苡慧",
            "id": 1968053454
        },
        {
            "name": "NoBB",
            "artist": "DeeSh1ne",
            "id": 468453884
        },
        {
            "name": "peppermint",
            "artist": "Tommy Genesis",
            "id": 1838016954
        },
        {
            "name": "Booty Music",
            "artist": "Deep Side",
            "id": 2526625
        },
        {
            "name": "隆里电丝 (Live)",
            "artist": "盛宇D-SHINE",
            "id": 1964443044
        },
        {
            "name": "小城夏天",
            "artist": "LBI利比",
            "id": 1934251776
        },
        {
            "name": "呆着",
            "artist": "SeanT肖恩恩",
            "id": 1924568340
        },
        {
            "name": "欺骗游戏",
            "artist": "马思唯",
            "id": 1960619635
        },
        {
            "name": "Different Flow",
            "artist": "马思唯",
            "id": 1960619634
        },
        {
            "name": "N95",
            "artist": "Kendrick Lamar",
            "id": 1947052600
        },
        {
            "name": "想你",
            "artist": "姜云升",
            "id": 1949052976
        },
        {
            "name": "你最好知道(LIVE版)",
            "artist": "Tizzy T",
            "id": 1960732256
        },
        {
            "name": "弱点",
            "artist": "LeeHX李鸿翔",
            "id": 1958418180
        },
        {
            "name": "玄奘",
            "artist": "刘思鉴",
            "id": 1446918361
        },
        {
            "name": "The Box",
            "artist": "Roddy Ricch",
            "id": 1407895557
        },
        {
            "name": "橘子",
            "artist": "Tizzy T",
            "id": 1950528144
        },
        {
            "name": "孤独面店",
            "artist": "姜云升",
            "id": 1909021556
        },
        {
            "name": "Say Yeah",
            "artist": "TroyBoi",
            "id": 1321547652
        },
        {
            "name": "柑橘乌云",
            "artist": "Capper",
            "id": 1908083479
        },
        {
            "name": "bad thoughts",
            "artist": "bbno$",
            "id": 1405098756
        },
        {
            "name": "Chuck E. Cheese",
            "artist": "Kamiyada+",
            "id": 1452131103
        },
        {
            "name": "Lit",
            "artist": "Steve Aoki",
            "id": 488641324
        },
        {
            "name": "Knife",
            "artist": "Murdbrain",
            "id": 1489337640
        },
        {
            "name": "big boss baby",
            "artist": "bbno$",
            "id": 1884951627
        },
        {
            "name": "Blue",
            "artist": "BIGBANG",
            "id": 22673334
        },
        {
            "name": "Chain",
            "artist": "十七草",
            "id": 1868901275
        },
        {
            "name": "Loco",
            "artist": "Don·Jessie",
            "id": 1466958043
        },
        {
            "name": "习惯你",
            "artist": "3Bangz",
            "id": 538920912
        },
        {
            "name": "升到天空 坠入海底",
            "artist": "王子明",
            "id": 1947107407
        },
        {
            "name": "My Final Symphony",
            "artist": "Layto",
            "id": 1420921390
        },
        {
            "name": "芭芘(Barbie)",
            "artist": "Kc",
            "id": 1320645226
        },
        {
            "name": "反面教材",
            "artist": "Kc",
            "id": 1322261402
        },
        {
            "name": "就事论事（Prod. Scottybeamup）",
            "artist": "Kc",
            "id": 502394283
        },
        {
            "name": "Long Night",
            "artist": "JPB",
            "id": 1480340295
        },
        {
            "name": "LOCK OUT",
            "artist": "$atori Zoom",
            "id": 1424197833
        },
        {
            "name": "Mailbox",
            "artist": "Dawin",
            "id": 1401832504
        },
        {
            "name": "Fklv",
            "artist": "Croosh",
            "id": 1388595075
        },
        {
            "name": "芬里尔",
            "artist": "那奇沃夫",
            "id": 1922362038
        },
        {
            "name": "Tequila Sunrise (feat. AUGUST 08 & GoldLink)",
            "artist": "88rising",
            "id": 1396163566
        },
        {
            "name": "Red & Yellow Remix",
            "artist": "KnowKnow",
            "id": 1492700023
        },
        {
            "name": "Dip",
            "artist": "Tyga",
            "id": 1311346021
        },
        {
            "name": "生而为人",
            "artist": "刘凯迪",
            "id": 1297889374
        },
        {
            "name": "Yến Vô Hiết Vinahouse || Đại Mèo",
            "artist": "BD Media Music",
            "id": 1822880067
        },
        {
            "name": "Ruthless",
            "artist": "The Marías",
            "id": 1334034591
        },
        {
            "name": "Pull Up",
            "artist": "MC HotDog 热狗",
            "id": 1938019211
        },
        {
            "name": "不是山谷",
            "artist": "而生",
            "id": 1930193513
        },
        {
            "name": "가라사대",
            "artist": "BewhY",
            "id": 1388595160
        },
        {
            "name": "PTSD",
            "artist": "G Herbo",
            "id": 1426269981
        },
        {
            "name": "我的星球",
            "artist": "张天枢",
            "id": 1871197469
        },
        {
            "name": "冬日恋哥",
            "artist": "王大痣",
            "id": 1821829210
        },
        {
            "name": "为你写诗",
            "artist": "火鸡",
            "id": 1932593070
        },
        {
            "name": "MEMORIES!",
            "artist": "347aidan",
            "id": 1853776842
        },
        {
            "name": "24 Hours",
            "artist": "Kc",
            "id": 1358675646
        },
        {
            "name": "Peaches",
            "artist": "Justin Bieber",
            "id": 1830419924
        },
        {
            "name": "如果有一天",
            "artist": "曲甲",
            "id": 1466634255
        },
        {
            "name": "午夜伤心电台",
            "artist": "艾热 AIR",
            "id": 1462923102
        },
        {
            "name": "Bored",
            "artist": "Torine",
            "id": 1823210482
        },
        {
            "name": "生死相随",
            "artist": "王贰浪",
            "id": 1913299856
        },
        {
            "name": "美人鱼",
            "artist": "林俊杰",
            "id": 108931
        },
        {
            "name": "Bad boy is coming",
            "artist": "侃迪kandi",
            "id": 1869169411
        },
        {
            "name": "我们俩",
            "artist": "郭顶",
            "id": 85571
        },
        {
            "name": "再等冬天(Memories)",
            "artist": "h3R3",
            "id": 1927693793
        },
        {
            "name": "我的Folykiki",
            "artist": "沙一汀EL",
            "id": 1927412811
        },
        {
            "name": "Wanna Be With You",
            "artist": "Tizzy T",
            "id": 1303273421
        },
        {
            "name": "专情",
            "artist": "顾帅Gs",
            "id": 1385867213
        },
        {
            "name": "阿司匹林 王以太（慢）",
            "artist": "ljz0329_",
            "id": 1905196197
        },
        {
            "name": "所念皆星河",
            "artist": "房东的猫",
            "id": 1476239407
        },
        {
            "name": "Star (反方向的钟)",
            "artist": "XMASwu(吴骜)",
            "id": 1899705498
        },
        {
            "name": "灰",
            "artist": "宋恩泽YKEY",
            "id": 1433839075
        },
        {
            "name": "Pustota",
            "artist": "JONY",
            "id": 1498431711
        },
        {
            "name": "不值得你喜欢",
            "artist": "王子明",
            "id": 1872024726
        },
        {
            "name": "想你知道",
            "artist": "余奥成Ace",
            "id": 1873679928
        },
        {
            "name": "还是会想你",
            "artist": "林达浪",
            "id": 1827600686
        },
        {
            "name": "南半球与北海道",
            "artist": "范倪Liu",
            "id": 1888215863
        },
        {
            "name": "贴贴",
            "artist": "胥睿",
            "id": 1903509018
        },
        {
            "name": "Boom Mino Remix",
            "artist": "Mino",
            "id": 1916413301
        },
        {
            "name": "Weekend",
            "artist": "Clubhouse",
            "id": 1447055560
        },
        {
            "name": "噩梦",
            "artist": "Tizzy T",
            "id": 1391252896
        },
        {
            "name": "很难不爱",
            "artist": "Stake",
            "id": 1866548054
        },
        {
            "name": "Fallin' All In You",
            "artist": "Shawn Mendes",
            "id": 1478322774
        },
        {
            "name": "Best Friend 好朋友",
            "artist": "YTH Chopie",
            "id": 1499989691
        },
        {
            "name": "如果呢（女声版）",
            "artist": "yihuik苡慧",
            "id": 1860614598
        },
        {
            "name": "幻听",
            "artist": "许嵩",
            "id": 167655
        },
        {
            "name": "夏夜最后的烟火",
            "artist": "颜人中",
            "id": 1482867143
        },
        {
            "name": "Skyfall",
            "artist": "Damiano",
            "id": 29732222
        },
        {
            "name": "11",
            "artist": "队长",
            "id": 1907766514
        },
        {
            "name": "I Know You Know I Love You",
            "artist": "落日飞车",
            "id": 344157
        },
        {
            "name": "Girl",
            "artist": "Alexander 23",
            "id": 1399054581
        },
        {
            "name": "言语",
            "artist": "Shang",
            "id": 1389865597
        },
        {
            "name": "in the mood",
            "artist": "梁老师Tsong",
            "id": 1446396353
        },
        {
            "name": "Chop Chop",
            "artist": "Don·Jessie",
            "id": 1398928830
        },
        {
            "name": "Melody",
            "artist": "ZIV",
            "id": 1430000692
        },
        {
            "name": "moonlight",
            "artist": "mich",
            "id": 1336866526
        },
        {
            "name": "落在生命里的光",
            "artist": "尹昔眠",
            "id": 1892562874
        },
        {
            "name": "1 to 2",
            "artist": "Elaine",
            "id": 1317494331
        },
        {
            "name": "戒不掉的你",
            "artist": "前男友",
            "id": 1818009763
        },
        {
            "name": "Leave Me Alone（寂寞作伴）",
            "artist": "TC",
            "id": 1806634682
        },
        {
            "name": "予你",
            "artist": "队长",
            "id": 1895330088
        },
        {
            "name": "开关",
            "artist": "王嘉懿",
            "id": 1839508409
        },
        {
            "name": "HAPPEN ENDING [JAPANESE MIX]",
            "artist": "Epik High",
            "id": 29848057
        },
        {
            "name": "你走（七元完整版）",
            "artist": "七元",
            "id": 1819086509
        },
        {
            "name": "等不到你",
            "artist": "汪苏泷",
            "id": 165377
        },
        {
            "name": "艺术家",
            "artist": "MaySeventeen",
            "id": 1814636483
        },
        {
            "name": "MIDNIGHT2077",
            "artist": "Lambert",
            "id": 1815954387
        },
        {
            "name": "就让",
            "artist": "呆呆破",
            "id": 1459905452
        },
        {
            "name": "如一",
            "artist": "Csiyuuu",
            "id": 1816760827
        },
        {
            "name": "Red Eye",
            "artist": "Justin Bieber",
            "id": 1885130659
        },
        {
            "name": "限速",
            "artist": "泥鳅Zinco",
            "id": 1472307132
        },
        {
            "name": "荒诞的梦",
            "artist": "xxxmiracle",
            "id": 1853307882
        },
        {
            "name": "浪漫爱",
            "artist": "刘瑞琦",
            "id": 1475737616
        },
        {
            "name": "半情歌",
            "artist": "路飞文",
            "id": 1494588309
        },
        {
            "name": "自救手册",
            "artist": "安全着陆",
            "id": 1294889946
        },
        {
            "name": "很需要",
            "artist": "颜人中",
            "id": 1396023850
        },
        {
            "name": "空山新雨后",
            "artist": "哆啦不是多啦",
            "id": 1372348225
        },
        {
            "name": "耿",
            "artist": "汪苏泷",
            "id": 1368327462
        },
        {
            "name": "阿司匹林",
            "artist": "王以太",
            "id": 1396141677
        },
        {
            "name": "呼吸决定",
            "artist": "陈柯霓（CHENge）",
            "id": 1866830281
        },
        {
            "name": "纵容",
            "artist": "Capper",
            "id": 1819970423
        },
        {
            "name": "小雨天气",
            "artist": "yihuik苡慧",
            "id": 1889702364
        },
        {
            "name": "就是爱你",
            "artist": "yihuik苡慧",
            "id": 1878315329
        },
        {
            "name": "银河与星斗",
            "artist": "yihuik苡慧",
            "id": 1848190450
        },
        {
            "name": "25",
            "artist": "王云宏",
            "id": 1842765421
        },
        {
            "name": "幻想的恋爱",
            "artist": "藤竹京",
            "id": 1835348166
        },
        {
            "name": "总有一天你会出现在我身边",
            "artist": "棱镜乐队",
            "id": 1303027499
        },
        {
            "name": "哪里都是你",
            "artist": "队长",
            "id": 488249475
        },
        {
            "name": "Stuck in陷入",
            "artist": "XMASwu(吴骜)",
            "id": 1883725123
        },
        {
            "name": "危险派对",
            "artist": "王以太",
            "id": 1877996649
        },
        {
            "name": "summer breeze",
            "artist": "桃德李Todd Li",
            "id": 1456845051
        },
        {
            "name": "以爱为囚",
            "artist": "满舒克",
            "id": 1880886636
        },
        {
            "name": "er",
            "artist": "江辰",
            "id": 1458021038
        },
        {
            "name": "I Miss U",
            "artist": "XMASwu(吴骜)",
            "id": 1404486664
        },
        {
            "name": "极简",
            "artist": "Kc",
            "id": 1454142648
        },
        {
            "name": "霓虹旅店",
            "artist": "Kc",
            "id": 1454142620
        },
        {
            "name": "覆水难收",
            "artist": "Lil.Fred",
            "id": 1498103271
        },
        {
            "name": "听你身体说 (heard your body said)",
            "artist": "Mc光光",
            "id": 421137598
        },
        {
            "name": "多余的解释",
            "artist": "许嵩",
            "id": 167873
        },
        {
            "name": "致你",
            "artist": "yihuik苡慧",
            "id": 1867217766
        },
        {
            "name": "分手就分手",
            "artist": "暴躁的兔子",
            "id": 1809843323
        },
        {
            "name": "U",
            "artist": "Jarico",
            "id": 1361913825
        },
        {
            "name": "失恋不怪她阵线联盟（完整版）",
            "artist": "一一",
            "id": 1843609655
        },
        {
            "name": "群星-不得不爱(Masiwei)-Cara（Oness remix）",
            "artist": "Oness",
            "id": 1831356861
        },
        {
            "name": "Promise",
            "artist": "HARIKIRI",
            "id": 1823305772
        },
        {
            "name": "我知道",
            "artist": "By2",
            "id": 344418
        },
        {
            "name": "Freak (feat. REI AMI)",
            "artist": "Sub Urban",
            "id": 1429857341
        },
        {
            "name": "沉沦与遐想",
            "artist": "C.HØPE",
            "id": 1492584510
        },
        {
            "name": "只有我和你",
            "artist": "曲甲",
            "id": 1477385663
        },
        {
            "name": "Best Friend (Remix) 好朋友",
            "artist": "A Few Good Kids Records",
            "id": 1848204642
        },
        {
            "name": "和我接吻",
            "artist": "困告",
            "id": 1463451619
        },
        {
            "name": "Yeah, That's It",
            "artist": "Matt Reed",
            "id": 1490950865
        },
        {
            "name": "NDA",
            "artist": "Billie Eilish",
            "id": 1859838725
        },
        {
            "name": "那一刻心动",
            "artist": "任子墨",
            "id": 1836033745
        },
        {
            "name": "风吹一夏",
            "artist": "DP龙猪",
            "id": 1851258433
        },
        {
            "name": "7710",
            "artist": "好乐无荒",
            "id": 1832381575
        },
        {
            "name": "是你",
            "artist": "永彬Ryan.B",
            "id": 1351620450
        },
        {
            "name": "happysad",
            "artist": "Josh Golden",
            "id": 1339184176
        },
        {
            "name": "幻月岛",
            "artist": "张启山",
            "id": 1846296273
        },
        {
            "name": "Nothing's gonna change my love for you",
            "artist": "方大同",
            "id": 82123
        },
        {
            "name": "终于开了口",
            "artist": "杨拾叁",
            "id": 1484874915
        },
        {
            "name": "特别的人",
            "artist": "方大同",
            "id": 28403111
        },
        {
            "name": "裂缝中的阳光",
            "artist": "林俊杰",
            "id": 25794009
        },
        {
            "name": "for ya（男声版）",
            "artist": "曲甲",
            "id": 1826228778
        },
        {
            "name": "下雨天",
            "artist": "南拳妈妈",
            "id": 368764
        },
        {
            "name": "普通朋友",
            "artist": "PIggy",
            "id": 1452979629
        },
        {
            "name": "Yes & No",
            "artist": "XYLØ",
            "id": 1370901308
        },
        {
            "name": "Nomo",
            "artist": "舵",
            "id": 1374787337
        },
        {
            "name": "JUDGE",
            "artist": "Cz.Younth",
            "id": 1832817082
        },
        {
            "name": "No wind",
            "artist": "wweimm微米",
            "id": 1394847699
        },
        {
            "name": "Honey",
            "artist": "Raveena",
            "id": 557583289
        },
        {
            "name": "Fakin It (Original Mix)",
            "artist": "Kaskade",
            "id": 413812469
        },
        {
            "name": "我走后",
            "artist": "小咪",
            "id": 1370047789
        },
        {
            "name": "当妮走了 完整版",
            "artist": "小阿颜",
            "id": 1492548672
        },
        {
            "name": "YOU SO DONE",
            "artist": "Noga Erez",
            "id": 1473832380
        },
        {
            "name": "CACTUS",
            "artist": "LÜCY",
            "id": 1813801764
        },
        {
            "name": "恋爱画板",
            "artist": "锦零",
            "id": 1837557715
        },
        {
            "name": "-1",
            "artist": "NaCho",
            "id": 1825987896
        },
        {
            "name": "I Lost You",
            "artist": "XMASwu(吴骜)",
            "id": 1815958650
        },
        {
            "name": "亲密爱人",
            "artist": "缪纪君",
            "id": 1814784389
        },
        {
            "name": "Peaches (Remix)",
            "artist": "Justin Bieber",
            "id": 1851006899
        },
        {
            "name": "整夜",
            "artist": "WTM西瓜",
            "id": 862154588
        },
        {
            "name": "你要是在我身边就好了",
            "artist": "XMASwu(吴骜)",
            "id": 1470817407
        },
        {
            "name": "酸っぱい",
            "artist": "chill boy",
            "id": 1399910871
        },
        {
            "name": "我还在期待着与你的再会",
            "artist": "深水29",
            "id": 1448708380
        },
        {
            "name": "拼个世界给自己（keeppley 新世代BGM）",
            "artist": "姜云升",
            "id": 1849649776
        },
        {
            "name": "所以你睡了没",
            "artist": "沙一汀EL",
            "id": 1449416890
        },
        {
            "name": "Lo Say Bye La Bye (Cukak Remix)",
            "artist": "Cukak",
            "id": 1834297481
        },
        {
            "name": "Sangria",
            "artist": "easy life",
            "id": 1401805870
        },
        {
            "name": "IF YOU -JP Ver.-",
            "artist": "BIGBANG",
            "id": 41654302
        },
        {
            "name": "放空",
            "artist": "大籽",
            "id": 1841002409
        },
        {
            "name": "翻山越岭，双向奔赴",
            "artist": "JSore",
            "id": 1811941177
        },
        {
            "name": "GO!",
            "artist": "刘炫廷",
            "id": 1415148798
        },
        {
            "name": "KEEP RUN",
            "artist": "bi8bo",
            "id": 1470877549
        },
        {
            "name": "Hush",
            "artist": "The Marías",
            "id": 1840490719
        },
        {
            "name": "Would You",
            "artist": "The Vamps",
            "id": 1487445896
        },
        {
            "name": "远大前程",
            "artist": "直火帮_谢子通",
            "id": 1451170107
        },
        {
            "name": "不加糖 (ZERO)",
            "artist": "白敬亭",
            "id": 1843007757
        },
        {
            "name": "DJ阿超-EA7 DOWN（DJ阿超 remix）",
            "artist": "DJ刘超",
            "id": 1327314182
        },
        {
            "name": "I Want You",
            "artist": "Elaine",
            "id": 1317494332
        },
        {
            "name": "太舒服了",
            "artist": "听风人",
            "id": 1399705830
        },
        {
            "name": "痛快",
            "artist": "Aioz",
            "id": 1426233208
        },
        {
            "name": "下雨天",
            "artist": "与少年他",
            "id": 1426112587
        },
        {
            "name": "你的九儿-桃花朵朵开（DJ刘超 2K21 原乡鼓 Rmx）",
            "artist": "DJ刘超",
            "id": 1822249016
        },
        {
            "name": "日不落（温柔版）",
            "artist": "轶",
            "id": 1807901896
        },
        {
            "name": "有些",
            "artist": "颜人中",
            "id": 1406649619
        },
        {
            "name": "always online (烟嗓版)",
            "artist": "KK星",
            "id": 1486518045
        },
        {
            "name": "V仔-爱就一个字（DJ刘超 2K21 原乡鼓 Rmx）",
            "artist": "DJ刘超",
            "id": 1833192402
        },
        {
            "name": "Are You Ready",
            "artist": "BAD NINJA",
            "id": 1462715443
        },
        {
            "name": "peanut butter",
            "artist": "easy life",
            "id": 1451632464
        },
        {
            "name": "Pháo-Phut Hon 扭胯",
            "artist": "Dj-E.vn/艺玮",
            "id": 1498379155
        },
        {
            "name": "一人酷使用说明",
            "artist": "阿皮Piiip",
            "id": 1365872467
        },
        {
            "name": "无数朵玫瑰的心在我们相爱的寂静里跳动",
            "artist": "Y.U",
            "id": 1485362754
        },
        {
            "name": "爱就一个字（女声版）",
            "artist": "傲七爷",
            "id": 1830490788
        },
        {
            "name": "Sorry Seems To",
            "artist": "Nazym Itikeeva",
            "id": 1413961059
        },
        {
            "name": "我要",
            "artist": "会飞的Dua",
            "id": 1466045891
        },
        {
            "name": "Phut hon (Tik Yok Version)",
            "artist": "Hijazi",
            "id": 1492891086
        },
        {
            "name": "夏 日 舞 池 Say so",
            "artist": "G H C",
            "id": 1450044254
        },
        {
            "name": "不得不爱",
            "artist": "Lambert",
            "id": 1384527426
        },
        {
            "name": "red lips（被我蒙对）",
            "artist": "沙一汀EL",
            "id": 1456659704
        },
        {
            "name": "Xirali музыка-浴血黑帮（Xirali-3 / Xerzat-24 / Yusupjan-Hebibulla remix）",
            "artist": "Xirali-3",
            "id": 1424722451
        },
        {
            "name": "Tình Bạn Diệu Kỳ Vinahouse || Đại Mèo",
            "artist": "BD Media Music",
            "id": 1822880065
        },
        {
            "name": "Tình bạn diệu kỳ",
            "artist": "Arx",
            "id": 1826347148
        },
        {
            "name": "刺猬",
            "artist": "宋恩泽YKEY",
            "id": 1356147224
        },
        {
            "name": "Callin' U",
            "artist": "Outlandish",
            "id": 21358851
        },
        {
            "name": "他 人 即 地 狱",
            "artist": "Ove",
            "id": 1386327018
        },
        {
            "name": "烟屁股",
            "artist": "悟饭",
            "id": 1439680812
        },
        {
            "name": "Oppai!(prod.lil waifu)",
            "artist": "MISTERK",
            "id": 1486774524
        },
        {
            "name": "失眠酒",
            "artist": "程安",
            "id": 1318721004
        },
        {
            "name": "夜游症",
            "artist": "安全着陆",
            "id": 485232780
        },
        {
            "name": "可乐",
            "artist": "赵紫骅",
            "id": 1340200924
        },
        {
            "name": "想说",
            "artist": "Lambert",
            "id": 1483221816
        },
        {
            "name": "Relax",
            "artist": "Rezz",
            "id": 495218252
        },
        {
            "name": "Never Ending",
            "artist": "Varien",
            "id": 1302066341
        },
        {
            "name": "Balenciaga",
            "artist": "JVLA",
            "id": 1406483870
        },
        {
            "name": "vV",
            "artist": "YX",
            "id": 1423212003
        },
        {
            "name": "REEL IT IN",
            "artist": "Aminé",
            "id": 1301823635
        },
        {
            "name": "For the F^_^k Of It",
            "artist": "Snakehips",
            "id": 547825386
        },
        {
            "name": "My Way",
            "artist": "praYeR",
            "id": 1448333843
        },
        {
            "name": "alive",
            "artist": "exsetty",
            "id": 1325952955
        },
        {
            "name": "回暖春时",
            "artist": "澄海伯伯",
            "id": 1824207666
        },
        {
            "name": "能不能",
            "artist": "温岚",
            "id": 298085
        },
        {
            "name": "[FREE] 901 90s x Boom Bap Type Beat",
            "artist": "Red killer",
            "id": 1392705090
        },
        {
            "name": "Fade Away",
            "artist": "Lil Skies",
            "id": 1814061211
        },
        {
            "name": "孙晨-拜托（五花肉组合 remix）",
            "artist": "陈贱贱",
            "id": 1387355152
        },
        {
            "name": "Purple Gusher",
            "artist": "Rezz",
            "id": 523091490
        },
        {
            "name": "Super Sensual",
            "artist": "Croatia Squad",
            "id": 1410143586
        },
        {
            "name": "Love the Way You Lie",
            "artist": "BROHM",
            "id": 1483672581
        },
        {
            "name": "Plain Jane (Freestyle)",
            "artist": "Ombre2Choc Nation",
            "id": 1389013281
        },
        {
            "name": "Eyes Blue Like The Atlantic, Pt. 2",
            "artist": "Sista Prod",
            "id": 1470852363
        },
        {
            "name": "FOOT ON THE GAS",
            "artist": "Russ",
            "id": 1418530427
        },
        {
            "name": "Afterhours (feat. Diplo & Nina Sky)",
            "artist": "TroyBoi",
            "id": 34766079
        },
        {
            "name": "Love Is Gone (Acoustic)",
            "artist": "SLANDER",
            "id": 1401671455
        },
        {
            "name": "死一样的痛过(女声翻唱版)",
            "artist": "V.A.",
            "id": 27901780
        },
        {
            "name": "RIP",
            "artist": "Croosh",
            "id": 1313102149
        },
        {
            "name": "death bed - bonus remix",
            "artist": "Powfu",
            "id": 1448065438
        },
        {
            "name": "Yung God",
            "artist": "Russ",
            "id": 421807627
        },
        {
            "name": "Carry On",
            "artist": "XXXTENTACION",
            "id": 501133805
        },
        {
            "name": "错位时空 (DJ版)",
            "artist": "艾辰",
            "id": 1817762859
        },
        {
            "name": "侬又伐懂",
            "artist": "澄海伯伯",
            "id": 1313540478
        },
        {
            "name": "FXXK IT -KR Ver.- (BIGBANG SPECIAL EVENT 2017)",
            "artist": "BIGBANG",
            "id": 529824795
        },
        {
            "name": "What You Know Bout Love",
            "artist": "Pop Smoke",
            "id": 1481318429
        },
        {
            "name": "Nyctophilia",
            "artist": "Aglory",
            "id": 1322875426
        },
        {
            "name": "神经质女遇到情歌男接着就各唱各的",
            "artist": "澄海伯伯",
            "id": 1299914963
        },
        {
            "name": "乌托邦",
            "artist": "BlackC",
            "id": 1470086356
        },
        {
            "name": "人设",
            "artist": "直火帮 Straight Fire Gang",
            "id": 1381365376
        },
        {
            "name": "...baby one more time",
            "artist": "The Marías",
            "id": 1368327725
        },
        {
            "name": "早",
            "artist": "舵",
            "id": 1333897358
        },
        {
            "name": "Mr. Bentley",
            "artist": "KnowKnow",
            "id": 1408941727
        },
        {
            "name": "忍术",
            "artist": "Oliver Jiang",
            "id": 1345585483
        },
        {
            "name": "调情师",
            "artist": "dollyy99",
            "id": 1414346647
        },
        {
            "name": "Until We Die",
            "artist": "WATEVA",
            "id": 1377830798
        },
        {
            "name": "when U leave",
            "artist": "董唧唧",
            "id": 1501938644
        },
        {
            "name": "Wake Up in the Sky",
            "artist": "Gucci Mane",
            "id": 1309728506
        },
        {
            "name": "关机又关机",
            "artist": "YangYang",
            "id": 1811408619
        },
        {
            "name": "Focus",
            "artist": "Bazzi",
            "id": 1370897537
        },
        {
            "name": "ZZZZ",
            "artist": "99 God",
            "id": 1806872523
        },
        {
            "name": "Plastic Love（French House Mix）",
            "artist": "银河骑士GalaxyKnight",
            "id": 1344184152
        },
        {
            "name": "Blue Sky",
            "artist": "GYVUS",
            "id": 446508414
        },
        {
            "name": "BLAST",
            "artist": "99 God",
            "id": 1487685739
        },
        {
            "name": "i can be your home",
            "artist": "sadeyes",
            "id": 1425993421
        },
        {
            "name": "Happy birthday？",
            "artist": "校长$even",
            "id": 1438493623
        },
        {
            "name": "艾辰-谁与归（DJ原版）（DJ苏鹤 remix）",
            "artist": "DJ苏鹤",
            "id": 1500326239
        },
        {
            "name": "夜游所思",
            "artist": "FOX胡天渝",
            "id": 1416202180
        },
        {
            "name": "Go Girl",
            "artist": "Pitbull",
            "id": 21407145
        },
        {
            "name": "Get out of ma zone（请你离席）",
            "artist": "Oliver Jiang",
            "id": 1354333551
        },
        {
            "name": "把你抱住",
            "artist": "Sakee云雾",
            "id": 1331625256
        },
        {
            "name": "红豆",
            "artist": "要不要买菜",
            "id": 1468957767
        },
        {
            "name": "爱 上了你",
            "artist": "宋恩泽YKEY",
            "id": 1356147383
        },
        {
            "name": "25 Hours",
            "artist": "Finding Hope",
            "id": 1402386281
        },
        {
            "name": "坠（完整版）（翻自 添儿呗）",
            "artist": "苒瑶",
            "id": 1499877308
        },
        {
            "name": "Breathe (Fhin Flip)",
            "artist": "Fhin",
            "id": 38392664
        },
        {
            "name": "所念皆星河",
            "artist": "CMJ",
            "id": 1384026889
        },
        {
            "name": "DEAR JOHN",
            "artist": "野区歌神",
            "id": 1488849064
        },
        {
            "name": "I‘M YOURS PT.2",
            "artist": "h3R3",
            "id": 571758505
        },
        {
            "name": "喜欢你",
            "artist": "井胧",
            "id": 1407599274
        },
        {
            "name": "贝多芬的悲伤",
            "artist": "萧风",
            "id": 314773
        },
        {
            "name": "你走以后",
            "artist": "Lambert",
            "id": 1403800769
        },
        {
            "name": "迪士尼在逃公主",
            "artist": "徐秉龙",
            "id": 1397679310
        },
        {
            "name": "忽然之间",
            "artist": "田新宇",
            "id": 1301909440
        },
        {
            "name": "再见",
            "artist": "SOG",
            "id": 1358734326
        },
        {
            "name": "我的内疚感促使我妄想更快的度过余生",
            "artist": "7NOSLEEP",
            "id": 1406124189
        },
        {
            "name": "断线",
            "artist": "Shang",
            "id": 496370620
        },
        {
            "name": "Therefore I Am",
            "artist": "Billie Eilish",
            "id": 1494941747
        },
        {
            "name": "原罪",
            "artist": "老鼠KIMM",
            "id": 508980776
        },
        {
            "name": "京都の曲 (Original Mix)",
            "artist": "ZHANG JUN（张俊）",
            "id": 1449051024
        },
        {
            "name": "Orbit",
            "artist": "Rezz",
            "id": 1487844018
        },
        {
            "name": "winter",
            "artist": "小田同学",
            "id": 1404754395
        },
        {
            "name": "梦呓",
            "artist": "Yuann",
            "id": 1387862856
        },
        {
            "name": "不重要",
            "artist": "叶琼琳",
            "id": 1460695212
        },
        {
            "name": "◕",
            "artist": "HZ.MY",
            "id": 1372664878
        },
        {
            "name": "Liber Tango (Live)",
            "artist": "张靓颖",
            "id": 1484055543
        },
        {
            "name": "老弟和你",
            "artist": "安全着陆",
            "id": 1294889947
        },
        {
            "name": "Вечера",
            "artist": "Rauf & Faik",
            "id": 1317373380
        },
        {
            "name": "讲个笑话",
            "artist": "汪苏泷",
            "id": 1474157807
        },
        {
            "name": "Extra-tea-rest-y'all (Original Mix)",
            "artist": "Isaac Chambers",
            "id": 508603209
        },
        {
            "name": "-10%",
            "artist": "Duzzy",
            "id": 1454435988
        },
        {
            "name": "无人区玫瑰",
            "artist": "Capper",
            "id": 1472142718
        },
        {
            "name": "고마워",
            "artist": "GOT7",
            "id": 544151646
        },
        {
            "name": "明天可以见到你吗？（电视剧《如此可爱的我们》插曲）",
            "artist": "坤木Joymo",
            "id": 1403626834
        },
        {
            "name": "卫星Satellite (Live)",
            "artist": "李佳隆",
            "id": 1476449942
        },
        {
            "name": "冷血 (Live)",
            "artist": "BrAnTB白景屹",
            "id": 1476455405
        },
        {
            "name": "Downtown Baby",
            "artist": "BLOO",
            "id": 522631308
        },
        {
            "name": "马思唯（MASIWEI)-暴风雨（刘思达 Remix）",
            "artist": "刘思达LOFTHESTAR",
            "id": 555395231
        },
        {
            "name": "如果",
            "artist": "SOG",
            "id": 1363702070
        },
        {
            "name": "What If?",
            "artist": "8D♪",
            "id": 1325711428
        },
        {
            "name": "浮島の原戦は",
            "artist": "Aphonia",
            "id": 1372350509
        },
        {
            "name": "离岸",
            "artist": "苏晗",
            "id": 1377078201
        },
        {
            "name": "None Of Your Business",
            "artist": "Salt-N-Pepa",
            "id": 3452999
        },
        {
            "name": "他只是经过",
            "artist": "h3R3",
            "id": 1443838552
        },
        {
            "name": "随笔生活",
            "artist": "YK",
            "id": 1383581333
        },
        {
            "name": "小宇",
            "artist": "桃德李Todd Li",
            "id": 476659144
        },
        {
            "name": "Memory",
            "artist": "Adam Pearce",
            "id": 1391371756
        },
        {
            "name": "你走",
            "artist": "李宗锦（松紧先生）",
            "id": 558071673
        },
        {
            "name": "In My Bed",
            "artist": "Sabrina Carpenter",
            "id": 1370171267
        },
        {
            "name": "蕾姆的告白",
            "artist": "水瀬いのり",
            "id": 431853263
        },
        {
            "name": "空 中 散 歩 ☽",
            "artist": "QK",
            "id": 1428058650
        },
        {
            "name": "想说",
            "artist": "颜人中",
            "id": 1461142410
        },
        {
            "name": "Cruisin",
            "artist": "Sioen",
            "id": 19078759
        },
        {
            "name": "The Best For You",
            "artist": "欧阳娜娜",
            "id": 1453911130
        },
        {
            "name": "bad guy - with Justin Bieber",
            "artist": "Billie Eilish",
            "id": 1377450530
        },
        {
            "name": "回到夏天",
            "artist": "傲七爷",
            "id": 1449678888
        },
        {
            "name": "I'm On Air",
            "artist": "hoho",
            "id": 1453866255
        },
        {
            "name": "에잇(Prod.&Feat. SUGA of BTS)",
            "artist": "IU",
            "id": 1446251500
        },
        {
            "name": "情人",
            "artist": "蔡徐坤",
            "id": 1450574147
        },
        {
            "name": "我走后",
            "artist": "井胧",
            "id": 1384379256
        },
        {
            "name": "Inainte Sa Ne Fi Nascut (Dirty Nano Remix)",
            "artist": "The Motans",
            "id": 1324662981
        },
        {
            "name": "Daydreamer (Original Mix)",
            "artist": "KarlK",
            "id": 35090300
        },
        {
            "name": "呼吸决定-祺媛",
            "artist": "七元",
            "id": 1318357881
        },
        {
            "name": "&burn",
            "artist": "Billie Eilish",
            "id": 524272601
        },
        {
            "name": "xxx",
            "artist": "程安",
            "id": 1363460696
        },
        {
            "name": "Why You Look Sad?",
            "artist": "舵",
            "id": 1426238141
        },
        {
            "name": "最天使",
            "artist": "曾轶可",
            "id": 340383
        },
        {
            "name": "hotline bling",
            "artist": "Billie Eilish",
            "id": 863481066
        },
        {
            "name": "夏天的风",
            "artist": "火羊瞌睡了",
            "id": 1436709403
        },
        {
            "name": "Wonderful U (Demo Version)",
            "artist": "AGA",
            "id": 406475394
        },
        {
            "name": "I.F.L.Y.",
            "artist": "Bazzi",
            "id": 1378055568
        },
        {
            "name": "Cravin",
            "artist": "DaniLeigh",
            "id": 1397620019
        },
        {
            "name": "夏短夜长",
            "artist": "Fine乐团",
            "id": 550124215
        },
        {
            "name": "你我不一 (Live)",
            "artist": "隔壁老樊",
            "id": 1440968432
        },
        {
            "name": "Throw A Fit",
            "artist": "Tinashe",
            "id": 1295861930
        },
        {
            "name": "밤(보고 싶은 가 밤)",
            "artist": "Withyou",
            "id": 1298673199
        },
        {
            "name": "삐삐",
            "artist": "IU",
            "id": 1316563427
        },
        {
            "name": "R&B All Night",
            "artist": "KnowKnow",
            "id": 1408941731
        },
        {
            "name": "I'm Good Luv, Enjoy.",
            "artist": "Aaron May",
            "id": 1346242725
        },
        {
            "name": "夜车",
            "artist": "歌手Ada",
            "id": 1315144740
        },
        {
            "name": "disappear",
            "artist": "whysp",
            "id": 522529481
        },
        {
            "name": "无人之岛",
            "artist": "任然",
            "id": 493735012
        },
        {
            "name": "Señorita",
            "artist": "Kurt Hugo Schneider",
            "id": 1382340352
        },
        {
            "name": "粉色苏打",
            "artist": "安全着陆",
            "id": 1309833126
        },
        {
            "name": "Melody Remix（翻自 吴海啸）",
            "artist": "李从文",
            "id": 1419624331
        },
        {
            "name": "有可能的夜晚",
            "artist": "颜人中",
            "id": 1344814341
        },
        {
            "name": "비오는날",
            "artist": "dollyy99",
            "id": 1361156989
        },
        {
            "name": "我早就把你忘了",
            "artist": "李涅",
            "id": 1384726109
        },
        {
            "name": "Lalala",
            "artist": "Y2K",
            "id": 1373835581
        },
        {
            "name": "与你",
            "artist": "Yee",
            "id": 41657124
        },
        {
            "name": "Amnesia",
            "artist": "Pixel Terror",
            "id": 1364317577
        },
        {
            "name": "Choco And Vanilla-everytime I mi4 u（BlackC / 山K / Yuu remix）",
            "artist": "BlackC",
            "id": 1379743266
        },
        {
            "name": "房间里开始下起雨",
            "artist": "gs.l",
            "id": 1373641129
        },
        {
            "name": "暴风雨",
            "artist": "就是哈比",
            "id": 1363342291
        },
        {
            "name": "Human",
            "artist": "HVDES",
            "id": 1376250956
        },
        {
            "name": "Lotus",
            "artist": "Shadient",
            "id": 1312093656
        },
        {
            "name": "Spin With You (Ashworth Remix)",
            "artist": "Emma Sameth",
            "id": 1351253146
        },
        {
            "name": "Uptown Funk",
            "artist": "Mark Ronson",
            "id": 29722263
        },
        {
            "name": "Detached",
            "artist": "KTRL",
            "id": 1350354367
        },
        {
            "name": "全部都是你（Cover Dragon Pig）",
            "artist": "绘师岸田",
            "id": 549266626
        },
        {
            "name": "Akuma",
            "artist": "HVDES",
            "id": 1376251769
        },
        {
            "name": "Aurora (feat. Shion)",
            "artist": "Kirara Magic",
            "id": 1388770902
        },
        {
            "name": "我 仍 记 得 那 天 你 奔 向 我 的 场 景（Run to me）",
            "artist": "诠UN1K",
            "id": 1365905573
        },
        {
            "name": "Onetwostep",
            "artist": "BRLLNT",
            "id": 461124379
        },
        {
            "name": "2 soon",
            "artist": "keshi",
            "id": 1303019276
        },
        {
            "name": "太阳",
            "artist": "王亦北",
            "id": 1381653154
        },
        {
            "name": "对 不 起 。Wonderful u AGA n3 bootleg",
            "artist": "眠",
            "id": 550520580
        },
        {
            "name": "能不能给我打通电话",
            "artist": "Credit",
            "id": 1370437790
        },
        {
            "name": "你走吧",
            "artist": "Credit",
            "id": 1344964982
        },
        {
            "name": "RAIL(Original Mix)",
            "artist": "KYO",
            "id": 1370709523
        },
        {
            "name": "零几年听的情歌",
            "artist": "AY楊佬叁",
            "id": 1415829224
        },
        {
            "name": "Hello My Loneliness",
            "artist": "Delaney Jane",
            "id": 1381703334
        },
        {
            "name": "Piece Of Your Heart",
            "artist": "Meduza",
            "id": 1343454593
        },
        {
            "name": "Passion",
            "artist": "shogonodo",
            "id": 482395383
        },
        {
            "name": "Done for Me (feat. Kehlani)",
            "artist": "Charlie Puth",
            "id": 544199008
        },
        {
            "name": "We Don't Talk Anymore (Mr. Collipark Remix)",
            "artist": "Charlie Puth",
            "id": 420478436
        },
        {
            "name": "好想爱这个世界啊",
            "artist": "华晨宇",
            "id": 1407358755
        },
        {
            "name": "叹云兮（串烧）",
            "artist": "兮媛",
            "id": 1316141381
        },
        {
            "name": "Mortem",
            "artist": "k?d",
            "id": 437608327
        },
        {
            "name": "韦礼安 - 有没有（祺媛吖 remix）",
            "artist": "七元",
            "id": 574679824
        },
        {
            "name": "Crusade",
            "artist": "ZABO",
            "id": 1347214184
        },
        {
            "name": "RSAC-NBA（NUANHAO / MINGYANG remix）",
            "artist": "NUANHAO",
            "id": 1385929681
        },
        {
            "name": "对",
            "artist": "陳梦嘉",
            "id": 502797556
        },
        {
            "name": "阿冗-别想TA（FOMY remix）",
            "artist": "FOMY",
            "id": 1382616408
        },
        {
            "name": "她不是",
            "artist": "BigYear大年",
            "id": 1387183835
        },
        {
            "name": " ZOO BE ZOO ",
            "artist": "SheldonLeeee",
            "id": 1300438641
        },
        {
            "name": "Can We Kiss Forever?",
            "artist": "Kina",
            "id": 1306507078
        },
        {
            "name": "幻听",
            "artist": "隔壁老樊",
            "id": 1309130038
        },
        {
            "name": "hot chocolate",
            "artist": "dark cat",
            "id": 414980585
        },
        {
            "name": "All 4 You",
            "artist": "JOON",
            "id": 1390685367
        },
        {
            "name": "Beast (HVDES Remix)",
            "artist": "Black Tiger Sex Machine",
            "id": 1321398927
        },
        {
            "name": "Believer",
            "artist": "CYN",
            "id": 555951133
        },
        {
            "name": "P U L S A R / B E A M",
            "artist": "1788-L",
            "id": 545592056
        },
        {
            "name": "Breathe On Me",
            "artist": "Britney Spears",
            "id": 20515757
        },
        {
            "name": "Witching Hour",
            "artist": "Rezz",
            "id": 570233265
        },
        {
            "name": "也好",
            "artist": "孙振宇",
            "id": 1342087551
        },
        {
            "name": "Felly-用来说的歌（《How It Is》 Remix）（泥鳅 Remix）",
            "artist": "泥鳅Zinco",
            "id": 523236172
        },
        {
            "name": "Purple Gusher",
            "artist": "Rezz",
            "id": 449578883
        },
        {
            "name": "你来到我生命之后",
            "artist": "老涵本人",
            "id": 1377355529
        },
        {
            "name": "☏",
            "artist": "橘贩",
            "id": 429460482
        },
        {
            "name": "Kodokushi VIP",
            "artist": "Mihka!",
            "id": 1321382725
        },
        {
            "name": "群星-送给你晚安的歌（房子帆 remix）",
            "artist": "房子帆",
            "id": 1341614749
        },
        {
            "name": "孤独遇",
            "artist": "蘇山海",
            "id": 1346802907
        },
        {
            "name": "诗人说梦",
            "artist": "PO8",
            "id": 498710786
        },
        {
            "name": "缘渡",
            "artist": "SupreCh",
            "id": 1359205811
        },
        {
            "name": "谢谢你(Thank U)",
            "artist": "FOX胡天渝",
            "id": 1320100122
        },
        {
            "name": "明争暗斗",
            "artist": "Ice Paper",
            "id": 1349279287
        },
        {
            "name": "人间不值得",
            "artist": "千里狗",
            "id": 1371378897
        },
        {
            "name": "晚安（完整版）",
            "artist": "王泽科",
            "id": 1374660757
        },
        {
            "name": "迷人的危险3",
            "artist": "FAFA",
            "id": 1378032998
        },
        {
            "name": "我走后（抖音热歌版）",
            "artist": "林可心吖",
            "id": 1382531328
        },
        {
            "name": "你走以后1.0",
            "artist": "王恩信Est",
            "id": 1363205817
        },
        {
            "name": "小池边",
            "artist": "江辰",
            "id": 1368101317
        },
        {
            "name": "社交黑名单申请书",
            "artist": "安全着陆",
            "id": 1294924890
        },
        {
            "name": "Kill The Game",
            "artist": "Round_2",
            "id": 1340535891
        },
        {
            "name": "可爱即正义",
            "artist": "BobbyER",
            "id": 1349500180
        },
        {
            "name": "这座城市一点也不开心",
            "artist": "BigYear大年",
            "id": 1358881544
        },
        {
            "name": "me & u",
            "artist": "succducc",
            "id": 465920805
        },
        {
            "name": "daisuki",
            "artist": "OrO",
            "id": 461124385
        },
        {
            "name": "Life & Death",
            "artist": "Deathpact",
            "id": 864580946
        },
        {
            "name": "此时此刻",
            "artist": "Round_2",
            "id": 1340914733
        },
        {
            "name": "等",
            "artist": "宋恩泽YKEY",
            "id": 1359554406
        },
        {
            "name": "嚣张",
            "artist": "en",
            "id": 1382596189
        },
        {
            "name": "LIKE",
            "artist": "N2V",
            "id": 495800328
        },
        {
            "name": "Cherry Cherry",
            "artist": "Discandy",
            "id": 417833167
        },
        {
            "name": "Love Letter <3",
            "artist": "Lopu$",
            "id": 509964012
        },
        {
            "name": "Ride It (Regard Remix)",
            "artist": "Regard",
            "id": 497616880
        },
        {
            "name": "I - It's Not Like I Like You Or Anything!",
            "artist": "ミカヅキ BIGWAVE",
            "id": 437859450
        },
        {
            "name": "✄ ღ",
            "artist": "Dayfly",
            "id": 550575115
        },
        {
            "name": "Wish You Would",
            "artist": "Marian Hill",
            "id": 552448260
        },
        {
            "name": "我想（Cover 董昱昆）",
            "artist": "麓七",
            "id": 518761893
        },
        {
            "name": "Quick Musical Doodles",
            "artist": "Two Feet",
            "id": 424849025
        },
        {
            "name": "Lonely",
            "artist": "Rezz",
            "id": 1365294794
        },
        {
            "name": "Mistaken",
            "artist": "Marian Hill",
            "id": 415739120
        },
        {
            "name": "What's Up Suckaz",
            "artist": "TJR",
            "id": 27492533
        },
        {
            "name": "Dean x Sik-K Type Beat “Shawty”",
            "artist": "SOULFRESHBEATS R&B",
            "id": 1366612759
        },
        {
            "name": "Am I Wrong (Win & Woo Remix)",
            "artist": "Win & Woo",
            "id": 35331935
        },
        {
            "name": "you should see me in a crown",
            "artist": "Billie Eilish",
            "id": 1294817453
        },
        {
            "name": "Kiss of Death",
            "artist": "Rezz",
            "id": 1373041752
        },
        {
            "name": "庆功酒(Jungle Juice)",
            "artist": "FOX胡天渝",
            "id": 562118482
        },
        {
            "name": "心做し说唱版Remix",
            "artist": "深蓝9",
            "id": 1317903485
        },
        {
            "name": "Good",
            "artist": "Marian Hill",
            "id": 418550668
        },
        {
            "name": "Clear (Shawn Wasabi Remix)",
            "artist": "Shawn Wasabi",
            "id": 417833443
        },
        {
            "name": "Ohhh Nooo",
            "artist": "Excision",
            "id": 17579730
        },
        {
            "name": "Starlight (Different Heaven Remix)",
            "artist": "Different Heaven",
            "id": 32046320
        },
        {
            "name": "You Need To Calm Down",
            "artist": "Taylor Swift",
            "id": 1371516984
        },
        {
            "name": "Dark Age",
            "artist": "Rezz",
            "id": 1362486713
        },
        {
            "name": "Trippy Love",
            "artist": "Vexento",
            "id": 410801523
        },
        {
            "name": "MISSING YOU [G-DRAGON 2017 WORLD TOUR ＜ACT III, M.O.T.T.E＞ IN JAPAN]",
            "artist": "G-DRAGON",
            "id": 534542525
        },
        {
            "name": "彼女は旅に出る",
            "artist": "鎖那",
            "id": 509106775
        },
        {
            "name": "배영하는 물고기",
            "artist": "TAIBIAN",
            "id": 29600637
        },
        {
            "name": "Keke",
            "artist": "Lucky Luke",
            "id": 1325898542
        },
        {
            "name": "Fantasy",
            "artist": "Alina Baraz",
            "id": 29533166
        },
        {
            "name": "Gasonline",
            "artist": "rosy",
            "id": 469073815
        },
        {
            "name": "You(=I)（Jersey Club Bootleg）",
            "artist": "幸子小姐拜托了",
            "id": 545385865
        },
        {
            "name": "White Magic",
            "artist": "Snail's House",
            "id": 33469659
        },
        {
            "name": "One Thing Left To Do",
            "artist": "Deepend",
            "id": 1348792370
        },
        {
            "name": "Better Not",
            "artist": "Louis The Child",
            "id": 552430314
        },
        {
            "name": "See From The Sea",
            "artist": "Deepshower",
            "id": 426027094
        },
        {
            "name": "Karma",
            "artist": "Brika",
            "id": 1362815479
        },
        {
            "name": "Waited All Summer",
            "artist": "Phlake",
            "id": 1309433426
        },
        {
            "name": "Cherish My Dawgs",
            "artist": "K Camp",
            "id": 1325973985
        },
        {
            "name": "我一点都不想你",
            "artist": "BigYear大年",
            "id": 1350460585
        },
        {
            "name": "bad guy",
            "artist": "Billie Eilish",
            "id": 1355147933
        },
        {
            "name": "In My Head",
            "artist": "Peter Manos",
            "id": 865048100
        },
        {
            "name": "Coco9",
            "artist": "周星星",
            "id": 1337761764
        },
        {
            "name": "Uhn Tiss Baby (Sammy La Marca Remix)",
            "artist": "Chorne",
            "id": 542620022
        },
        {
            "name": "Love Me",
            "artist": "Justin Bieber",
            "id": 18637919
        },
        {
            "name": "孤单心事",
            "artist": "颜人中",
            "id": 1361988914
        },
        {
            "name": "PLASTIC",
            "artist": "sakehands",
            "id": 1307463441
        },
        {
            "name": "太多",
            "artist": "阿冗",
            "id": 1343756008
        },
        {
            "name": "What Do You Mean?",
            "artist": "Justin Bieber",
            "id": 34228719
        },
        {
            "name": "Bellyache",
            "artist": "Billie Eilish",
            "id": 461859867
        },
        {
            "name": "Diamond",
            "artist": "Higher Brothers",
            "id": 1347297663
        },
        {
            "name": "Cradles",
            "artist": "Sub Urban",
            "id": 1338490248
        },
        {
            "name": "多想在平庸的生活拥抱你",
            "artist": "隔壁老樊",
            "id": 1346104327
        },
        {
            "name": "Freestyle Rip XXX",
            "artist": "Parsalip",
            "id": 862098103
        },
        {
            "name": "Joyride (Extended Mix)",
            "artist": "Brooks",
            "id": 463049033
        },
        {
            "name": "Fever (Medley Song)",
            "artist": "rosy",
            "id": 461124095
        },
        {
            "name": "Overcome你也想起舞吗？（郝向阳remix）",
            "artist": "郝向阳",
            "id": 1335369588
        },
        {
            "name": "迪达拉",
            "artist": "可有道",
            "id": 1322916647
        },
        {
            "name": "你也想起舞吗",
            "artist": "可有道",
            "id": 1345166335
        },
        {
            "name": "Never Let You Go (Chantel Jeffries Remix)",
            "artist": "Slushii",
            "id": 1348783639
        },
        {
            "name": "Mantra",
            "artist": "ZABO",
            "id": 520458965
        },
        {
            "name": "像暗杀似的绕到背后突然拥抱你",
            "artist": "太一",
            "id": 520482501
        },
        {
            "name": "Murder",
            "artist": "Soulji",
            "id": 556204163
        },
        {
            "name": "bury a friend",
            "artist": "Billie Eilish",
            "id": 1343146025
        },
        {
            "name": "很难",
            "artist": "Cosy",
            "id": 1308003870
        },
        {
            "name": "Crush",
            "artist": "Tessa Violet",
            "id": 572166420
        },
        {
            "name": "Versailles",
            "artist": "Axollo",
            "id": 1341925028
        },
        {
            "name": "Midsummer Madness (KRANE Remix)",
            "artist": "88rising",
            "id": 1311346549
        },
        {
            "name": "Insomnia (불면증)",
            "artist": "辉星",
            "id": 5301152
        },
        {
            "name": "Shelter (Pure 100% Remix)",
            "artist": "Pure 100%",
            "id": 441489207
        },
        {
            "name": "这只伶俐的棕色狐狸跳过一只懒惰的狗",
            "artist": "黑羊",
            "id": 502960453
        },
        {
            "name": "Runaway",
            "artist": "Mike Perry",
            "id": 1340006629
        },
        {
            "name": "Lost My Mind",
            "artist": "Dillon Francis",
            "id": 1341922599
        },
        {
            "name": "Lover Boy 88女声版（翻自 Higher Brothers） ",
            "artist": "猫幼cattyo",
            "id": 1317846306
        },
        {
            "name": "MAMAMOO-WIND FLOWER（AKEN Remix）",
            "artist": "AKEN",
            "id": 1341601718
        },
        {
            "name": "Cook It Up (Original Mix)",
            "artist": "TWISTERZ",
            "id": 539980206
        },
        {
            "name": "BAD!",
            "artist": "R3HAB",
            "id": 1338586215
        },
        {
            "name": "Lucky Chances (feat. KSHMR)",
            "artist": "Bali Bandits",
            "id": 1336601666
        },
        {
            "name": "Night",
            "artist": "Drezo",
            "id": 529662089
        }
    ]
}