{
    "playlist_info": {
        "name": "幸福的话 我也会遇见爱",
        "trackcount": 403,
        "playcount": 2794072,
        "creator": "相识又归澪",
        "createDate": "2019-10-02",
        "heat": 2038.0
    },
    "songs": [
        {
            "name": "Gangsta (Orginal mix )",
            "artist": "Radio",
            "id": 2052975744
        },
        {
            "name": "Secrets (Orginal mix )",
            "artist": "Azeri",
            "id": 2048271919
        },
        {
            "name": "笼",
            "artist": "张碧晨",
            "id": 2057534370
        },
        {
            "name": "33",
            "artist": "榴莲鲨鱼",
            "id": 1957514977
        },
        {
            "name": "悬溺",
            "artist": "葛东琪",
            "id": 1397345903
        },
        {
            "name": "Daylight",
            "artist": "Seredris",
            "id": 1372188635
        },
        {
            "name": "Gentleman(o.8)",
            "artist": "东京雪",
            "id": 1983450746
        },
        {
            "name": "Disappear in Light",
            "artist": "Equal Stones",
            "id": 29406314
        },
        {
            "name": "三葉のテーマ",
            "artist": "九月橙",
            "id": 521161203
        },
        {
            "name": "那我困在阴天里",
            "artist": "后厂痴情组",
            "id": 1975282593
        },
        {
            "name": "Phone Kisses（0.8×）",
            "artist": "WaN",
            "id": 1920606151
        },
        {
            "name": "Sunflower Feelings0.8",
            "artist": "sakura",
            "id": 1962777034
        },
        {
            "name": "I DONT UNDERSTAND YOU",
            "artist": "kuudere",
            "id": 469744777
        },
        {
            "name": "小胡同",
            "artist": "郑润泽",
            "id": 1926623288
        },
        {
            "name": "你要的全拿走 (Live版)",
            "artist": "于文文",
            "id": 2045089372
        },
        {
            "name": "Lonely Day",
            "artist": "Jurrivh",
            "id": 1831761295
        },
        {
            "name": "Wave in dream",
            "artist": "MT1990",
            "id": 1942310751
        },
        {
            "name": "我们俩",
            "artist": "郭顶",
            "id": 85571
        },
        {
            "name": "I'll Be Waiting...",
            "artist": "Pearl",
            "id": 404184492
        },
        {
            "name": "Butterflies",
            "artist": "nohidea.",
            "id": 479219481
        },
        {
            "name": "Ｌｏｎｅｌｙ Ｓｏｕｌ",
            "artist": "✞Jyukai✞",
            "id": 513401765
        },
        {
            "name": "Drowning Love",
            "artist": "Sanmmy Margan",
            "id": 1428495562
        },
        {
            "name": "Can We Kiss Forever?",
            "artist": "Kina",
            "id": 1306507078
        },
        {
            "name": "三葉のテーマ（0.8x）",
            "artist": "Kris潘",
            "id": 2011905070
        },
        {
            "name": "礼物",
            "artist": "方沁",
            "id": 2038927423
        },
        {
            "name": "convolk - gone（纯音乐)",
            "artist": "ZsFlovexl",
            "id": 2019035410
        },
        {
            "name": "without u",
            "artist": "luvbird",
            "id": 1403493770
        },
        {
            "name": "龙与虎",
            "artist": "Seto",
            "id": 1335484025
        },
        {
            "name": "写在风中的信（吉他版）",
            "artist": "Jazzzcz",
            "id": 2026783884
        },
        {
            "name": "风驶过的声音是",
            "artist": "Zy",
            "id": 1982285682
        },
        {
            "name": "人鱼的眼泪（0.8X",
            "artist": "判",
            "id": 2005028044
        },
        {
            "name": "Time Stop",
            "artist": "BlackDD",
            "id": 1992712131
        },
        {
            "name": "Savior",
            "artist": "Lil Swervo Jr.",
            "id": 1823456277
        },
        {
            "name": "Duvet × lain(情绪风 | ʀᴇᴍɪx❤)",
            "artist": "L'É✞ᴛʀᴀɴɢᴇʀ金木の犀",
            "id": 2011122276
        },
        {
            "name": "BABYDOLL (Speed)",
            "artist": "Ari Abdul",
            "id": 1995673566
        },
        {
            "name": "golden hour",
            "artist": "JVKE",
            "id": 1958557540
        },
        {
            "name": "我不愿让你一个人",
            "artist": "五月天",
            "id": 385554
        },
        {
            "name": "你要的全拿走",
            "artist": "胡彦斌",
            "id": 529668356
        },
        {
            "name": "年轮说",
            "artist": "杨丞琳",
            "id": 428203719
        },
        {
            "name": "Dark",
            "artist": "mixed matches",
            "id": 1407789513
        },
        {
            "name": "Умри если меня не любишь",
            "artist": "AnimeVibe",
            "id": 862741536
        },
        {
            "name": "Not to Me",
            "artist": "Make Major",
            "id": 1352585027
        },
        {
            "name": "晴",
            "artist": "汪苏泷",
            "id": 28724351
        },
        {
            "name": "Landslide",
            "artist": "Oh Wonder",
            "id": 33190605
        },
        {
            "name": "春娇与志明（0.9x变速降调）",
            "artist": "SongLong",
            "id": 1986771025
        },
        {
            "name": "Shootout X Yes to Heaven",
            "artist": "Benatora",
            "id": 1993119056
        },
        {
            "name": "年少有为",
            "artist": "李荣浩",
            "id": 1468114204
        },
        {
            "name": "后来的我们",
            "artist": "五月天",
            "id": 422104138
        },
        {
            "name": "Puddles",
            "artist": "Jay-Lounge",
            "id": 1348598388
        },
        {
            "name": "路小雨 | Lu Xiao Yu (from \"Secret\")",
            "artist": "Michael Tai",
            "id": 1439739102
        },
        {
            "name": "Alpha",
            "artist": "橘子海 (Orange Ocean)",
            "id": 1359815265
        },
        {
            "name": "The Last String",
            "artist": "Jacoo",
            "id": 29544534
        },
        {
            "name": "Je te laisserai des mots",
            "artist": "Patrick Watson",
            "id": 1855921270
        },
        {
            "name": "一样的月光",
            "artist": "徐佳莹",
            "id": 306665
        },
        {
            "name": "窗外已放晴 我的爱怎么停",
            "artist": "Astkec",
            "id": 1991801101
        },
        {
            "name": "今晚月色真美 风也溫柔",
            "artist": "别网恋",
            "id": 1348568637
        },
        {
            "name": "月光 (Moonlight)",
            "artist": "EXO-M",
            "id": 28497220
        },
        {
            "name": "Differences",
            "artist": "AixRich",
            "id": 2001314407
        },
        {
            "name": "开往春天的地铁 (0.9x)",
            "artist": "昱",
            "id": 1924883994
        },
        {
            "name": "ᵕ᷄≀ ̠˘᷅",
            "artist": "WJCTION",
            "id": 1397199516
        },
        {
            "name": "我知道",
            "artist": "By2",
            "id": 344418
        },
        {
            "name": "In The Shadow Of The Sun",
            "artist": "Professor Green",
            "id": 29412405
        },
        {
            "name": "idontwannabeyouanymore",
            "artist": "Billie Eilish",
            "id": 1915801753
        },
        {
            "name": "后继者",
            "artist": "任然",
            "id": 442314990
        },
        {
            "name": "唯一（0.8x）",
            "artist": "WF_Liang",
            "id": 1960170435
        },
        {
            "name": "Memories（0.8）",
            "artist": "_秋刀鱼是什么鱼",
            "id": 1937372851
        },
        {
            "name": "还魂门0.8",
            "artist": "听不完的wyy",
            "id": 1955555280
        },
        {
            "name": "We've Never Met but Can We Have a Cup of Coffee or Something",
            "artist": "In Love With A Ghost",
            "id": 1398802958
        },
        {
            "name": "逃",
            "artist": "孙盛希",
            "id": 1407355706
        },
        {
            "name": "忙しい生活「人山人海」",
            "artist": "时空储蓄罐",
            "id": 1877526024
        },
        {
            "name": "未闻花名-慢版的八音盒",
            "artist": "喵子Luka",
            "id": 421885538
        },
        {
            "name": "lain",
            "artist": "C4FF31N3",
            "id": 1872223336
        },
        {
            "name": "爱的回归线（0.8x）",
            "artist": "李涵",
            "id": 2007846288
        },
        {
            "name": "孤雏",
            "artist": "AGA",
            "id": 421486605
        },
        {
            "name": "命运",
            "artist": "家家",
            "id": 27591236
        },
        {
            "name": "寂寞烟火",
            "artist": "水王惠子",
            "id": 1896178567
        },
        {
            "name": "黄昏晓0.9x",
            "artist": "Shine",
            "id": 2002356026
        },
        {
            "name": "遐想",
            "artist": "郑润泽",
            "id": 2018733994
        },
        {
            "name": "Echo（必有回响）",
            "artist": "Shmily",
            "id": 2008616382
        },
        {
            "name": "Felicity",
            "artist": "Isaac Shepard",
            "id": 19934757
        },
        {
            "name": "gleyma",
            "artist": "Seto",
            "id": 1962591063
        },
        {
            "name": "足够(0.8x)",
            "artist": "刺客",
            "id": 1961228149
        },
        {
            "name": "I Guess",
            "artist": "Drew The Architect",
            "id": 408522785
        },
        {
            "name": "Hanabi",
            "artist": "Sharman Rock",
            "id": 28578763
        },
        {
            "name": "Get You The Moon",
            "artist": "Kina",
            "id": 1369898780
        },
        {
            "name": "drunk",
            "artist": "kⱥno",
            "id": 522353288
        },
        {
            "name": "S t o r m",
            "artist": "4-ever",
            "id": 417247592
        },
        {
            "name": "你想要的",
            "artist": "颜人中",
            "id": 1434309927
        },
        {
            "name": "会呼吸的痛 (抖音片段)",
            "artist": "连岑兴",
            "id": 1866823337
        },
        {
            "name": "｡◕‿◕｡",
            "artist": "轩冬Winter-X",
            "id": 1433353826
        },
        {
            "name": "一天一天（钢琴版0.9x）",
            "artist": "男明星",
            "id": 1929754910
        },
        {
            "name": "若梦（cover周深）",
            "artist": "Ada",
            "id": 1973457138
        },
        {
            "name": "你想要的 【0.8x】",
            "artist": "Jie",
            "id": 1972370706
        },
        {
            "name": "如何say goodbye",
            "artist": "Sad",
            "id": 2002113086
        },
        {
            "name": "耿(0.8x)",
            "artist": "呢喃",
            "id": 1961161601
        },
        {
            "name": "死んだのは私です（死的人是我自己）",
            "artist": "Seto",
            "id": 1408309887
        },
        {
            "name": "讨厌",
            "artist": "Fine乐团",
            "id": 478229656
        },
        {
            "name": "请以你的名字呼唤我.",
            "artist": "HAUS",
            "id": 1308391941
        },
        {
            "name": "Show me(0.8x)",
            "artist": "錒坤",
            "id": 1922982152
        },
        {
            "name": "心墙",
            "artist": "小爷睡不饱",
            "id": 1970324585
        },
        {
            "name": "Once Upon a Time（0.8x）",
            "artist": "BnZeE",
            "id": 1939979967
        },
        {
            "name": "Letting Go（0.8）",
            "artist": "Felix-zor",
            "id": 1983501304
        },
        {
            "name": "i can't（slowed down version）",
            "artist": "sakura",
            "id": 1974138930
        },
        {
            "name": "NonefrEE（0.8x）",
            "artist": "文",
            "id": 1947548156
        },
        {
            "name": "形容（呆呆破版）",
            "artist": "笨蛋小阳",
            "id": 1985072824
        },
        {
            "name": "Shootout (Sped Up)",
            "artist": "Izzamuzzic",
            "id": 1960740829
        },
        {
            "name": "take me somewhere far away from here",
            "artist": "Seto",
            "id": 1943011878
        },
        {
            "name": "Autumn Leaf (slowed down version)",
            "artist": "Ares",
            "id": 1965045103
        },
        {
            "name": "一切献给玛奇玛...",
            "artist": "ZZZ",
            "id": 1820093442
        },
        {
            "name": "Track in Time(纯钢琴)（翻自 Dennis Kuo）",
            "artist": "精神感染体",
            "id": 1832684722
        },
        {
            "name": "Jori King-Fatal love【0.7x】降调（ksii remix）",
            "artist": "ksii",
            "id": 1927599887
        },
        {
            "name": "Watch Me Work（0.7x）3D",
            "artist": "后厂痴情组",
            "id": 1907462482
        },
        {
            "name": "嗯（slow ver）",
            "artist": "Seto",
            "id": 1987549949
        },
        {
            "name": "i cant",
            "artist": "Seto",
            "id": 1925709602
        },
        {
            "name": "七月七日晴0.8x",
            "artist": "DJ川渝",
            "id": 1970338296
        },
        {
            "name": "你是我的风景",
            "artist": "何洁",
            "id": 240147
        },
        {
            "name": "那年 (初版)",
            "artist": "任然",
            "id": 555756424
        },
        {
            "name": "Loungin",
            "artist": "Aso",
            "id": 479422047
        },
        {
            "name": "crush",
            "artist": "Seto",
            "id": 1867426362
        },
        {
            "name": "天若有情",
            "artist": "黄丽玲",
            "id": 438204707
        },
        {
            "name": "⠀⠀⠀⠀⠀⠀⠀⠀⠀⠀⠀⠀",
            "artist": "别网恋",
            "id": 1310560327
        },
        {
            "name": "Dehors",
            "artist": "JORDANN",
            "id": 1815725297
        },
        {
            "name": "太阳",
            "artist": "野区歌神",
            "id": 1339648907
        },
        {
            "name": " 抓 不 住 重 点 的 笨 蛋 ",
            "artist": "愛",
            "id": 1941013569
        },
        {
            "name": "The reason to love you",
            "artist": "清生Music",
            "id": 1949760273
        },
        {
            "name": "独 守 烟 花 渐 凉",
            "artist": "万古",
            "id": 1841408508
        },
        {
            "name": "u.",
            "artist": "minicat",
            "id": 1454436107
        },
        {
            "name": "lost（0.8）",
            "artist": "为她苦练刀妹",
            "id": 1967967699
        },
        {
            "name": "连同你群青般的温柔 一起沉溺",
            "artist": "Seto",
            "id": 1474142439
        },
        {
            "name": "秋风卷走了我们的爱",
            "artist": "拿花负荷",
            "id": 1980819905
        },
        {
            "name": "Ronghao Li-不遗憾（前奏钢琴纯音乐独享版）（是小健哇 remix）",
            "artist": "是小健哇",
            "id": 1876522719
        },
        {
            "name": "love9（0.8×）",
            "artist": "愛",
            "id": 1933594385
        },
        {
            "name": "你",
            "artist": "郑润泽",
            "id": 1406083061
        },
        {
            "name": "年轮",
            "artist": "张碧晨",
            "id": 451126390
        },
        {
            "name": "你能听到我的心吗",
            "artist": "是佩琪吧",
            "id": 1976199769
        },
        {
            "name": "natsu",
            "artist": "DryJo",
            "id": 1363864061
        },
        {
            "name": "美梦",
            "artist": "温舒娴",
            "id": 1954953797
        },
        {
            "name": "Stjæler Mit Hjerte（0.8X）",
            "artist": "小川",
            "id": 1923444336
        },
        {
            "name": "重庆森林",
            "artist": "黄念thinJ",
            "id": 1377594892
        },
        {
            "name": "触碰不到的你",
            "artist": "余佳运",
            "id": 1454670699
        },
        {
            "name": "ble（without u）",
            "artist": "Seto",
            "id": 1856531775
        },
        {
            "name": "戒烟",
            "artist": "李荣浩",
            "id": 518686034
        },
        {
            "name": "但故事的最後 你好像还是说了...",
            "artist": "Seto",
            "id": 1951440041
        },
        {
            "name": "她离开我的时候《周迅版》",
            "artist": "驹之心",
            "id": 1959485001
        },
        {
            "name": "有些情绪只适合收藏",
            "artist": "福合埕在逃牛肉丸",
            "id": 1838042226
        },
        {
            "name": "一样的月光（×0.8）",
            "artist": "朴永纯",
            "id": 1948007389
        },
        {
            "name": "追（抖音前奏版）",
            "artist": "受辰阿",
            "id": 1841685179
        },
        {
            "name": "星星还是那么亮（翻自 爱如潮水） ",
            "artist": "王逸辰",
            "id": 1412572805
        },
        {
            "name": "Always online (慢速前奏）",
            "artist": "小鱼",
            "id": 1920120125
        },
        {
            "name": "那个男孩",
            "artist": "汪苏泷",
            "id": 482386133
        },
        {
            "name": "最初的记忆",
            "artist": "徐佳莹",
            "id": 479979440
        },
        {
            "name": "夏夜最后的烟火",
            "artist": "颜人中",
            "id": 1482867143
        },
        {
            "name": "shelter (sapientdream edit)",
            "artist": "sapientdream",
            "id": 526464968
        },
        {
            "name": "上心",
            "artist": "长晴",
            "id": 1831810728
        },
        {
            "name": "爱的回归线",
            "artist": "陈韵若",
            "id": 25639007
        },
        {
            "name": "心跳的证明(0.8x)",
            "artist": "呢喃",
            "id": 1957492947
        },
        {
            "name": "干物女(WeiWei)×0.8",
            "artist": "朴永纯",
            "id": 1945417412
        },
        {
            "name": "城南花已开",
            "artist": "三亩地",
            "id": 468176711
        },
        {
            "name": "Hidden Path",
            "artist": "Sleep Dealer",
            "id": 28164935
        },
        {
            "name": "第三人称",
            "artist": "买辣椒也用券",
            "id": 502043537
        },
        {
            "name": "流浪",
            "artist": "江辰",
            "id": 1941265858
        },
        {
            "name": "模特",
            "artist": "李荣浩",
            "id": 27731176
        },
        {
            "name": "Buleee_-FALLIN’ 【0.8x】（ksii remix）",
            "artist": "ksii",
            "id": 1927189273
        },
        {
            "name": "Fahrenheit（前奏141%）",
            "artist": "何子鸠",
            "id": 1928396402
        },
        {
            "name": "A Drop In An Ocean 汪洋一滴",
            "artist": "Varqa Buehrer",
            "id": 1399189048
        },
        {
            "name": "YOSEMITE Travis Scott (Instrumental)（slowed）",
            "artist": "伴愈",
            "id": 1929130601
        },
        {
            "name": "Lullaby",
            "artist": "Enzalla",
            "id": 1939751157
        },
        {
            "name": "[已售断]rainy night",
            "artist": "MRZ",
            "id": 1476760109
        },
        {
            "name": "默（0.8×）",
            "artist": "XXXDAION",
            "id": 1953274089
        },
        {
            "name": "他不懂（女声版）",
            "artist": "我不是大憨憨",
            "id": 1918554097
        },
        {
            "name": "读自",
            "artist": "刘思鉴",
            "id": 1451762098
        },
        {
            "name": "水星上的鲸",
            "artist": "hui sonata",
            "id": 535093555
        },
        {
            "name": "遗失的心跳 0.8x 完整版",
            "artist": "薇薇",
            "id": 1954223039
        },
        {
            "name": "没理由怪你",
            "artist": "7",
            "id": 1893818809
        },
        {
            "name": "i dont care about anything anymore",
            "artist": "tazz",
            "id": 505820121
        },
        {
            "name": "海的那边还是海吗",
            "artist": "会心疼我嘛",
            "id": 1865518299
        },
        {
            "name": "pure imagination",
            "artist": "Rook1e",
            "id": 494858498
        },
        {
            "name": "晚风",
            "artist": "7copy",
            "id": 1441758494
        },
        {
            "name": "Track in Time",
            "artist": "Dennis Kuo",
            "id": 1316330689
        },
        {
            "name": "デート2",
            "artist": "RADWIMPS",
            "id": 426881504
        },
        {
            "name": "此生不换",
            "artist": "青鸟飞鱼",
            "id": 86363
        },
        {
            "name": "Fallin'(×0.7)",
            "artist": "i8",
            "id": 1928042506
        },
        {
            "name": "有些",
            "artist": "颜人中",
            "id": 1406649619
        },
        {
            "name": "我知道",
            "artist": "By2",
            "id": 1430303185
        },
        {
            "name": "719",
            "artist": "苏琛",
            "id": 1382441841
        },
        {
            "name": "In The Shadow Of THe Sun(0.85×）",
            "artist": "WaN",
            "id": 1920658259
        },
        {
            "name": "我好想你",
            "artist": "徐佳莹",
            "id": 402070928
        },
        {
            "name": "无感",
            "artist": "王朝",
            "id": 1357839856
        },
        {
            "name": "You Are Beautiful",
            "artist": "刘沁",
            "id": 481535277
        },
        {
            "name": "舍得",
            "artist": "王唯旖",
            "id": 448144321
        },
        {
            "name": "黑夜问白天",
            "artist": "晴二",
            "id": 1297086004
        },
        {
            "name": "越来越不懂",
            "artist": "蔡健雅",
            "id": 208958
        },
        {
            "name": "再等冬天(Memories)",
            "artist": "h3R3",
            "id": 1927693793
        },
        {
            "name": "先说谎的人",
            "artist": "h3R3",
            "id": 1903876057
        },
        {
            "name": "Night Cruising",
            "artist": "牛尾憲輔",
            "id": 29357490
        },
        {
            "name": "有一种悲伤",
            "artist": "黄丽玲",
            "id": 1315718569
        },
        {
            "name": "房间-新版",
            "artist": "刘瑞琦",
            "id": 562598081
        },
        {
            "name": "落空",
            "artist": "印子月",
            "id": 548885986
        },
        {
            "name": "Yes Ok (钢琴版)",
            "artist": "Y2002",
            "id": 1837022910
        },
        {
            "name": "Eye Water",
            "artist": "itsuwari",
            "id": 1351784375
        },
        {
            "name": "Leave Me Alone（寂寞作伴）",
            "artist": "TC",
            "id": 1806634682
        },
        {
            "name": "《从你的全世界路过》纯音乐插曲",
            "artist": "九月橙",
            "id": 437755656
        },
        {
            "name": "耿",
            "artist": "汪苏泷",
            "id": 1368327462
        },
        {
            "name": "致你",
            "artist": "yihuik苡慧",
            "id": 1867217766
        },
        {
            "name": "我看过",
            "artist": "周星星",
            "id": 1459935719
        },
        {
            "name": "最后一页（完整版）",
            "artist": "洛尘鞅_",
            "id": 445154140
        },
        {
            "name": "Letting Go",
            "artist": "蔡健雅",
            "id": 208891
        },
        {
            "name": "于是",
            "artist": "郑润泽",
            "id": 1303464858
        },
        {
            "name": "背叛",
            "artist": "曹格",
            "id": 63574
        },
        {
            "name": "就连",
            "artist": "Vonjee",
            "id": 1929332181
        },
        {
            "name": "散场",
            "artist": "呆呆破",
            "id": 1447253291
        },
        {
            "name": "学不会",
            "artist": "林俊杰",
            "id": 108134
        },
        {
            "name": "Always Online",
            "artist": "林俊杰",
            "id": 108485
        },
        {
            "name": "疑心病",
            "artist": "任然",
            "id": 405599470
        },
        {
            "name": "谁（Cover 廖俊涛）",
            "artist": "温舒娴",
            "id": 1831375572
        },
        {
            "name": "温岚-能不能（嘻嘻琳 remix）",
            "artist": "嘻嘻琳",
            "id": 1424743148
        },
        {
            "name": "WE SURVIVED",
            "artist": "dark cat",
            "id": 420134488
        },
        {
            "name": "晚安",
            "artist": "鹿先森乐队",
            "id": 439122551
        },
        {
            "name": "梦",
            "artist": "大宇",
            "id": 409654241
        },
        {
            "name": "Are You Lost",
            "artist": "Park Bird",
            "id": 518894020
        },
        {
            "name": "♪",
            "artist": "UM",
            "id": 1469815710
        },
        {
            "name": "i know you so well",
            "artist": "xfruge",
            "id": 489998870
        },
        {
            "name": "White Silence",
            "artist": "$URREAL",
            "id": 1447786414
        },
        {
            "name": "luv u 2",
            "artist": "Seto",
            "id": 1411258523
        },
        {
            "name": "Hold You In The Rain（相守雨中）",
            "artist": "小新",
            "id": 1812298055
        },
        {
            "name": "死在人海",
            "artist": "雾江月",
            "id": 1870361148
        },
        {
            "name": "一天一天（钢琴纯音乐）（Haru Haru）",
            "artist": "桑子",
            "id": 1803629076
        },
        {
            "name": "Examination 高考",
            "artist": "Varqa Buehrer",
            "id": 1399185794
        },
        {
            "name": "Past Lives",
            "artist": "Slushii",
            "id": 1384482575
        },
        {
            "name": "Starry Sky",
            "artist": "Pam_dinosaur",
            "id": 1413571582
        },
        {
            "name": "big city",
            "artist": "LakeCity",
            "id": 1810913724
        },
        {
            "name": "满舒克/jony j - lost （instrumental） 扒带作品",
            "artist": "DBRT",
            "id": 525796229
        },
        {
            "name": "复乐园《流金岁月》（完整版）",
            "artist": "朱小静Jule~",
            "id": 1876281499
        },
        {
            "name": "Time to Pretend",
            "artist": "Lazer Boomerang",
            "id": 1377642003
        },
        {
            "name": "Goodnight (feat. Ivri)",
            "artist": "ondi vil",
            "id": 1317410095
        },
        {
            "name": "春娇与志明(治愈钢琴)",
            "artist": "7诗人",
            "id": 1831756607
        },
        {
            "name": "别说反话 别冷冰冰",
            "artist": "会心疼我嘛",
            "id": 1902022099
        },
        {
            "name": "下 雨 的 時 候 想 跟 你 在 一 起",
            "artist": "ᵇᵅᵖᵎ",
            "id": 864980438
        },
        {
            "name": "病变(纯音乐)",
            "artist": "南辰Music",
            "id": 1831795705
        },
        {
            "name": "失落游乐园",
            "artist": "三石阿",
            "id": 1479546239
        },
        {
            "name": "Yakitori",
            "artist": "Noicybino",
            "id": 533080888
        },
        {
            "name": "反正你也不会听",
            "artist": "Chifoov",
            "id": 571828086
        },
        {
            "name": "愛",
            "artist": "Seto",
            "id": 1828063556
        },
        {
            "name": "Euphoria",
            "artist": "Smyang Piano",
            "id": 1484312167
        },
        {
            "name": "痕",
            "artist": "白鸿",
            "id": 1430652175
        },
        {
            "name": "雨 因你而下，于你而止",
            "artist": "Seto",
            "id": 1377807992
        },
        {
            "name": "the last string 中奏",
            "artist": "零碎里脊饼",
            "id": 1900174940
        },
        {
            "name": "Katana.",
            "artist": "Seto",
            "id": 1844931447
        },
        {
            "name": "思念的延续",
            "artist": "春野杉卉",
            "id": 1863350638
        },
        {
            "name": "所 以 愛 會 消 失 對 不 對",
            "artist": "东东",
            "id": 1468039556
        },
        {
            "name": "匆匆那年 (纯音乐)",
            "artist": "梁翘柏",
            "id": 31514407
        },
        {
            "name": "Memories",
            "artist": "TRA$H",
            "id": 517566417
        },
        {
            "name": "我害怕你心碎 没人帮你擦眼泪",
            "artist": "Seto",
            "id": 1860135929
        },
        {
            "name": "等",
            "artist": "SOG",
            "id": 1374799420
        },
        {
            "name": "第三人称",
            "artist": "桃德李Todd Li",
            "id": 453413861
        },
        {
            "name": "不说（翻自 周公）",
            "artist": "小恒在这里",
            "id": 1466867610
        },
        {
            "name": "Midnight Feeling",
            "artist": "ondi vil",
            "id": 1459430649
        },
        {
            "name": "ᵕ᷄≀ ̠˘",
            "artist": "Lil Dragon",
            "id": 1428396134
        },
        {
            "name": "问风",
            "artist": "金渔",
            "id": 1882420127
        },
        {
            "name": "也许我也感冒了吧",
            "artist": "三册柏",
            "id": 1307192990
        },
        {
            "name": "早点睡",
            "artist": "DouDou",
            "id": 1341215109
        },
        {
            "name": "R.",
            "artist": "Dee",
            "id": 1356481855
        },
        {
            "name": "烟火",
            "artist": "温舒娴",
            "id": 1811161432
        },
        {
            "name": "☽",
            "artist": "沙皮",
            "id": 1417320598
        },
        {
            "name": "一个人看完所有风景",
            "artist": "张靖中",
            "id": 1809016500
        },
        {
            "name": "愛",
            "artist": "Xero",
            "id": 863489597
        },
        {
            "name": "郁",
            "artist": "毛亦周",
            "id": 1447982480
        },
        {
            "name": "自 制 感 情 盐 水 混 合 物 配 方 v2.0",
            "artist": "Mei",
            "id": 1392882194
        },
        {
            "name": "“枫”她会对我说谎吗",
            "artist": "小新",
            "id": 1496136100
        },
        {
            "name": "我早就把你忘了",
            "artist": "李涅",
            "id": 1384726109
        },
        {
            "name": "你的轮廓",
            "artist": "叶琼琳",
            "id": 1813864802
        },
        {
            "name": "后来你再也没有来过",
            "artist": "于嘉懿",
            "id": 1870532070
        },
        {
            "name": "【FREE】暴雨将至",
            "artist": "beatsbykoi",
            "id": 1862375419
        },
        {
            "name": "你再也读不出我任何欲望",
            "artist": "Cicada",
            "id": 350127
        },
        {
            "name": "a fool",
            "artist": "Kawin",
            "id": 497784933
        },
        {
            "name": "Koloběh lásky",
            "artist": "Lafi",
            "id": 1486353186
        },
        {
            "name": "It's Over",
            "artist": "T R Λ P C O D E",
            "id": 528270244
        },
        {
            "name": "0:00",
            "artist": "vezyle",
            "id": 1390066400
        },
        {
            "name": "别 在 凌 晨 的 雨 里 想 念",
            "artist": "夜行双面猫",
            "id": 1401055478
        },
        {
            "name": "❀",
            "artist": "nevva",
            "id": 521935820
        },
        {
            "name": "收藏",
            "artist": "呆呆破",
            "id": 1496828617
        },
        {
            "name": "要是_____就好了",
            "artist": "别网恋",
            "id": 1452501684
        },
        {
            "name": "✘ 按 下 暫 停 你 將 變 的 清 醒 且 墮 落",
            "artist": "Mei",
            "id": 1413460561
        },
        {
            "name": "遺憾的是我們連合照都沒有",
            "artist": "葛羽瞳",
            "id": 1450245743
        },
        {
            "name": "睡个好觉.",
            "artist": "10Ri",
            "id": 1465838010
        },
        {
            "name": "Sadako-过期的罐头（weloveminz remix）",
            "artist": "weloveminz",
            "id": 1495246850
        },
        {
            "name": "⚉",
            "artist": "kyuu",
            "id": 1811264732
        },
        {
            "name": "你和夕阳都消失了",
            "artist": "小恶魔",
            "id": 1931966576
        },
        {
            "name": "crybaby",
            "artist": "Seto",
            "id": 1381627463
        },
        {
            "name": "Comfort Chain",
            "artist": "instupendo",
            "id": 480426232
        },
        {
            "name": "你说的不是真的对吧",
            "artist": "Shuk",
            "id": 1340272639
        },
        {
            "name": "MELANCHOLY",
            "artist": "White Cherry",
            "id": 1297742167
        },
        {
            "name": "断线",
            "artist": "Shang",
            "id": 496370620
        },
        {
            "name": "SOB WITH smile",
            "artist": "D·Ker",
            "id": 1858653191
        },
        {
            "name": "Collapsing World",
            "artist": "Lightscape",
            "id": 38018486
        },
        {
            "name": "Melody In Dream",
            "artist": "刘博洋",
            "id": 1494559931
        },
        {
            "name": "Track in Time (Piano Version)",
            "artist": "Dennis Kuo",
            "id": 1811909303
        },
        {
            "name": "Born a Stranger",
            "artist": "Kan R. Gao",
            "id": 1645108
        },
        {
            "name": "下 雨 的 時 候 你 不 會 想 我",
            "artist": "ᵇᵅᵖᵎ",
            "id": 553922735
        },
        {
            "name": "如果呢",
            "artist": "郑润泽",
            "id": 1842728629
        },
        {
            "name": "Komorebi",
            "artist": "m-taku",
            "id": 29803287
        },
        {
            "name": "沒 有 知 覺",
            "artist": "Slim Fey",
            "id": 1344563426
        },
        {
            "name": "Lonely Day",
            "artist": "Jurrivh",
            "id": 546723298
        },
        {
            "name": "2020.6.12",
            "artist": "WayMen歪门",
            "id": 1455022977
        },
        {
            "name": "Asphyxia(Piano Ver)",
            "artist": "逆时针向",
            "id": 527957820
        },
        {
            "name": "遗 憾 吗 ta 硬 要 错 過 你",
            "artist": "东东",
            "id": 1828132085
        },
        {
            "name": "网抑失格",
            "artist": "拿花负荷",
            "id": 1844761327
        },
        {
            "name": "到此为止",
            "artist": "徐佳莹",
            "id": 526081111
        },
        {
            "name": "向日葵",
            "artist": "柳轻颂",
            "id": 1450005024
        },
        {
            "name": "你好 我叫不开心 很难过认识你。",
            "artist": "10Ri",
            "id": 1501726194
        },
        {
            "name": "独行",
            "artist": "whtlook",
            "id": 410710596
        },
        {
            "name": "Fallin' for Ya",
            "artist": "Madi Marie",
            "id": 1299563528
        },
        {
            "name": "被 回 忆 追 杀",
            "artist": "No Birthday",
            "id": 1836179310
        },
        {
            "name": "人鱼的眼泪（翻自 EXO） ",
            "artist": "鲨鲨",
            "id": 1426947485
        },
        {
            "name": "「 沒 有 感 同 身 受 」",
            "artist": "Slitmy7",
            "id": 1443022767
        },
        {
            "name": "《从你的全世界路过》插曲扒带",
            "artist": "ULY",
            "id": 436667409
        },
        {
            "name": "人  類  和  人  類  真  的  很  容  易  失  散  。",
            "artist": "三 角 測 距",
            "id": 465892666
        },
        {
            "name": "Call of Silence",
            "artist": "Eternal Raijin",
            "id": 1388595437
        },
        {
            "name": "我不再等伞 也不等雨停",
            "artist": "Yzz",
            "id": 1813047792
        },
        {
            "name": "算了吧",
            "artist": "Seto",
            "id": 1814318875
        },
        {
            "name": "I feel nothing",
            "artist": "prxz",
            "id": 1297492180
        },
        {
            "name": "太冷(prod.pacific)",
            "artist": "7copy",
            "id": 1819425169
        },
        {
            "name": "世界末日前一天",
            "artist": "温子琛",
            "id": 1478276986
        },
        {
            "name": "胆小鬼 连幸福 都会恐惧",
            "artist": "无名之爱",
            "id": 1814378991
        },
        {
            "name": "美梦",
            "artist": "Bell玲惠",
            "id": 1814090886
        },
        {
            "name": "她坠亡了----",
            "artist": "拿花负荷",
            "id": 1815094445
        },
        {
            "name": "☽",
            "artist": "Yzz",
            "id": 1422512958
        },
        {
            "name": "入目无别人 四下皆是你",
            "artist": "Yzz",
            "id": 1474494568
        },
        {
            "name": "他们都不见了",
            "artist": "Rich Dragon",
            "id": 574808875
        },
        {
            "name": "可惜我們不會再見了",
            "artist": "Seto",
            "id": 1465084366
        },
        {
            "name": "- 我 活 在 光 從 未 來 過 的 地 方 -",
            "artist": "CG一泽",
            "id": 1454551909
        },
        {
            "name": "拒絕聯系",
            "artist": "周大发",
            "id": 1395456430
        },
        {
            "name": "喜欢是绝对不能讨厌的意思",
            "artist": "明",
            "id": 1302314845
        },
        {
            "name": "大雾四起 我在无人处爱你",
            "artist": "北斗小七",
            "id": 1482971119
        },
        {
            "name": "只 剩 我",
            "artist": "荷三溪",
            "id": 1431680882
        },
        {
            "name": "秋 葉 原 悲 し み",
            "artist": "Seto",
            "id": 1487544485
        },
        {
            "name": "κ",
            "artist": "α·Pav",
            "id": 139227
        },
        {
            "name": "别 长 大",
            "artist": "Mei",
            "id": 1391289811
        },
        {
            "name": "交界（伴奏）",
            "artist": "陈嘉杰",
            "id": 1453114049
        },
        {
            "name": "陷入纯情（纯音乐）",
            "artist": "我也不太了解她",
            "id": 1470656079
        },
        {
            "name": "Merry Christmas Mr. Lawrence【钢琴】",
            "artist": "路灰气球",
            "id": 1471129312
        },
        {
            "name": "原 来 我 们 的 故 事 早 有 定 局",
            "artist": "陈季林",
            "id": 1458313663
        },
        {
            "name": "ⁱ ʰᵃᵗᵉ ᵐʸˢᵉˡᶠ",
            "artist": "HOPERUI",
            "id": 1454479718
        },
        {
            "name": "：( 一 直 都 不 是 例 外 . ）：",
            "artist": "J.I.E.",
            "id": 1488123436
        },
        {
            "name": "кιℓℓ тнє яσѕє.",
            "artist": "Seto",
            "id": 1365657561
        },
        {
            "name": "r a i n y n i g h t",
            "artist": "田由甲",
            "id": 1378992061
        },
        {
            "name": "END (Interlude)",
            "artist": "Sadako",
            "id": 1484081302
        },
        {
            "name": "✿",
            "artist": "Dekeu",
            "id": 1369252315
        },
        {
            "name": "誰 是 誰 的 救 贖",
            "artist": "Fobo$",
            "id": 1484848823
        },
        {
            "name": "想 在 妳 的 懷 抱 中 離 去",
            "artist": "水仙LONE",
            "id": 1469035433
        },
        {
            "name": "你❤是✿需要▉我❤的，对么☹☹☹",
            "artist": "Robins Lu",
            "id": 536726095
        },
        {
            "name": "很短的夜晚小记",
            "artist": "MZ92",
            "id": 1382441642
        },
        {
            "name": "【FREE】欢 淫 光 临",
            "artist": "Mei",
            "id": 1395189550
        },
        {
            "name": "Why am I here?",
            "artist": "詹伟杰",
            "id": 863079007
        },
        {
            "name": "淡 忘 在 回 忆 里",
            "artist": "拿花负荷",
            "id": 1433886961
        },
        {
            "name": "I hate you.",
            "artist": "HAUS",
            "id": 1302371125
        },
        {
            "name": "Feint-My Sunset（Lauren Chen remix）",
            "artist": "Lauren Chen",
            "id": 1454382683
        },
        {
            "name": "原来你一直都不曾存在于这个世界上过哪怕一分一秒",
            "artist": "持枪",
            "id": 1309458452
        },
        {
            "name": "“你看 ！下雨了”（2018）",
            "artist": "gs.l",
            "id": 1378639867
        },
        {
            "name": "雨爱（翻自 杨丞琳）",
            "artist": "迷人耗子精",
            "id": 1467090928
        },
        {
            "name": "不说",
            "artist": "你的星冰乐",
            "id": 1471998731
        },
        {
            "name": "一步之遥",
            "artist": "任然",
            "id": 1433786440
        },
        {
            "name": "Улетали птицами гордыми",
            "artist": "NUANHAO",
            "id": 1377164042
        },
        {
            "name": "another perspective",
            "artist": "idealism",
            "id": 481859485
        },
        {
            "name": "☔",
            "artist": "Aziry",
            "id": 555680723
        },
        {
            "name": "✿ ",
            "artist": "周大发",
            "id": 1385403422
        },
        {
            "name": "⊗",
            "artist": "Seto",
            "id": 1378347460
        },
        {
            "name": "ᐇ",
            "artist": "Seto",
            "id": 1334363758
        },
        {
            "name": "Ø",
            "artist": "the tumbled sea",
            "id": 4346235
        },
        {
            "name": "♡hush",
            "artist": "nevva",
            "id": 532067244
        },
        {
            "name": "ヽ｀、｀ヽ｀ヽ",
            "artist": "Yzz",
            "id": 1424537126
        },
        {
            "name": "♬☹☁SVD GIRL☁☹♬",
            "artist": "WitekProdukcje",
            "id": 463001828
        },
        {
            "name": "come thru",
            "artist": "KIDTENDO!",
            "id": 518895131
        },
        {
            "name": "isolated",
            "artist": "sohayl ryder",
            "id": 1294910889
        },
        {
            "name": "I'm sorry",
            "artist": "swell",
            "id": 504686647
        },
        {
            "name": "My Sunset (Original Mix)",
            "artist": "Feint",
            "id": 17867241
        },
        {
            "name": "Minutki begut",
            "artist": "DeepCosmo",
            "id": 31649922
        },
        {
            "name": "ＬＯＳＴ",
            "artist": "TRA$H",
            "id": 509106079
        },
        {
            "name": "Experience",
            "artist": "Ludovico Einaudi",
            "id": 402172797
        },
        {
            "name": "Do What You Are Doing",
            "artist": "Dexter Britain",
            "id": 26561948
        },
        {
            "name": "Bloom",
            "artist": "DeepCosmo",
            "id": 420134236
        },
        {
            "name": "Blanc",
            "artist": "Sylvain Chauveau",
            "id": 1943186
        },
        {
            "name": "Swimming",
            "artist": "TRA$H",
            "id": 1334327039
        },
        {
            "name": "Merry Christmas Mr. Lawrence",
            "artist": "坂本龍一",
            "id": 4899152
        },
        {
            "name": "us",
            "artist": "4oot",
            "id": 454125899
        },
        {
            "name": "ˢᴼᴿᴿᵞ ᴵ ᶜᴬᴺ'ᵀ ᵀᴬᴷᴱ ᴵᵀ ᴬᴺᵞᴹᴼᴿᴱ",
            "artist": "sinol(was dead)",
            "id": 477693240
        },
        {
            "name": "Who? (feat. Shiloh Dynasty)",
            "artist": "TSUKI",
            "id": 515816220
        },
        {
            "name": "对 不 起 。Wonderful u AGA n3 bootleg",
            "artist": "眠",
            "id": 550520580
        },
        {
            "name": "I'm sorry to be born.",
            "artist": "Seto",
            "id": 1347832163
        },
        {
            "name": "Быть рядом.",
            "artist": "MΣ$†ΛMN ΣKCПØNΛ†",
            "id": 477823086
        },
        {
            "name": "River Flows In You",
            "artist": "Martin Ermen",
            "id": 20110049
        },
        {
            "name": "ＤＲＥＡＭ",
            "artist": "TRA$H",
            "id": 517565377
        },
        {
            "name": "spirited away",
            "artist": "tea",
            "id": 478731317
        },
        {
            "name": "grief",
            "artist": "Madi Marie",
            "id": 1299563516
        },
        {
            "name": "sexy as from before",
            "artist": "scaredkrow",
            "id": 551339267
        },
        {
            "name": "That Mistake Is Not u",
            "artist": "marlboro.",
            "id": 492151488
        },
        {
            "name": "nobody cares",
            "artist": "Kina",
            "id": 517565391
        },
        {
            "name": "WAITING",
            "artist": "TRA$H",
            "id": 1296583206
        },
        {
            "name": "changes",
            "artist": "XXXTENTACION",
            "id": 544553108
        },
        {
            "name": "眼 泪 滑 过 脸 颊 的 声 音",
            "artist": "Mei",
            "id": 1371427905
        },
        {
            "name": "2020.5.30",
            "artist": "WayMen歪门",
            "id": 1452033031
        },
        {
            "name": "一首分裂人格寫的音樂（demo）",
            "artist": "Seto",
            "id": 1393306991
        },
        {
            "name": "自卑到骨子里的人可以拥有光吗",
            "artist": "MisssszDy",
            "id": 1423800162
        }
    ]
}