{
    "playlist_info": {
        "name": "世界级古典钢琴曲音乐珍藏",
        "trackcount": 97,
        "playcount": 37073796,
        "creator": "夕阳下的盛宴",
        "createDate": "2016-02-11",
        "heat": 13733.0
    },
    "songs": [
        {
            "name": "小夜曲",
            "artist": "Franz Schubert",
            "id": 5276791
        },
        {
            "name": "夜",
            "artist": "Infinite Mask",
            "id": 2057640616
        },
        {
            "name": "月光奏鸣曲",
            "artist": "Ludwig van Beethoven",
            "id": 5276808
        },
        {
            "name": "叙事曲",
            "artist": "CC_PIANO",
            "id": 1363907892
        },
        {
            "name": "D小调幻想曲",
            "artist": "Wolfgang Amadeus Mozart",
            "id": 5276802
        },
        {
            "name": "前奏曲 No.15 雨滴",
            "artist": "Frédéric François Chopin",
            "id": 5276799
        },
        {
            "name": "Les saisons (The Seasons), Op. 37b:No. 6. June: Barcarolle",
            "artist": "Ilona Prunyi",
            "id": 27200546
        },
        {
            "name": "Waltz No. 9 in A flat major, Op. 69 No. 1 'Farewell Waltz'",
            "artist": "Jean-Marc Luisada",
            "id": 26818416
        },
        {
            "name": "Impromptu No. 4 in C sharp minor, Op. 66 'Fantaisie-Impromptu': Allegro agitato",
            "artist": "Anatol Ugorski",
            "id": 26818410
        },
        {
            "name": "24 Préludes Op.28:4. In E Minor",
            "artist": "Martha Argerich",
            "id": 26818412
        },
        {
            "name": "Waltz No.10 in B Minor, Op.69 No.2",
            "artist": "Claudio Arrau",
            "id": 27708290
        },
        {
            "name": "Waltz No.1 in E Flat, Op.18 -\"Grande valse brillante\"",
            "artist": "Claudio Arrau",
            "id": 27708281
        },
        {
            "name": "Waltz No.6 in D Flat, Op.64 No.1 -\"Minute\"",
            "artist": "Claudio Arrau",
            "id": 27708286
        },
        {
            "name": "Waltz No.19 in A minor, Op.posth.",
            "artist": "Claudio Arrau",
            "id": 27708297
        },
        {
            "name": "Nocturne No. 1 in B Flat Minor, Op. 9, No. 1",
            "artist": "Arthur Rubinstein",
            "id": 1060910
        },
        {
            "name": "Nocturne No. 2 in E Flat Major, Op. 9, No. 2",
            "artist": "Arthur Rubinstein",
            "id": 1060914
        },
        {
            "name": "Scherzo No. 3 in C-Sharp Minor, Op. 39",
            "artist": "Arthur Rubinstein",
            "id": 400690410
        },
        {
            "name": "Ballade No.1 In G Minor, Op.23",
            "artist": "Krystian Zimerman",
            "id": 32696188
        },
        {
            "name": "Nocturne No.8 in D flat, Op.27 No.2",
            "artist": "Peter Schmalfuss",
            "id": 26160788
        },
        {
            "name": "12 Etudes Op.10:No.3 In E \"Tristesse\"",
            "artist": "Maurizio Pollini",
            "id": 21095798
        },
        {
            "name": "Valse in A minor, Op. posth., KKIVb No. 11a Mineur, Op. Posth, Kkivb",
            "artist": "Alexandre Tharaud",
            "id": 1057693
        },
        {
            "name": "12 Etudes Op.25:No.11 In A Minor \"Winter Wind\"",
            "artist": "Jorge Bolet",
            "id": 33497925
        },
        {
            "name": "Piano Concerto No. 1 in E Minor, Op. 11:II. Romance. Larghetto",
            "artist": "Maurizio Pollini",
            "id": 1779120
        },
        {
            "name": "Mazurka No.41 in C Sharp Minor Op.63 No.3",
            "artist": "Vladimir Ashkenazy",
            "id": 5164981
        },
        {
            "name": "Polonaise No.3 in A Op.40 No.1:\"Military\"",
            "artist": "Vladimir Ashkenazy",
            "id": 5164955
        },
        {
            "name": "12 Etudes Op.10:No. 12 in C minor \"Revolutionary\"",
            "artist": "Vladimir Ashkenazy",
            "id": 5164947
        },
        {
            "name": "Polonaise No. 6 in A-Flat Major, Op. 53 \"Heroic\"",
            "artist": "Vladimir Horowitz",
            "id": 22006123
        },
        {
            "name": "Préludes, Préludes - Livre I: VIII. La fille aux cheveux de lin",
            "artist": "Jean-Bernard Pommier",
            "id": 1145407
        },
        {
            "name": "Suite bergamasque, L.75 - 3. Clair de lune",
            "artist": "Pascal Rogé",
            "id": 27682855
        },
        {
            "name": "Rêverie, L.68",
            "artist": "Pascal Rogé",
            "id": 27682865
        },
        {
            "name": "Petite Suite (4hand):1 En bateau",
            "artist": "Marco Rapetti",
            "id": 27711175
        },
        {
            "name": "Valse romantique",
            "artist": "Peter Frankl",
            "id": 558973806
        },
        {
            "name": "Arabesque No.1",
            "artist": "Leff Pouishnov",
            "id": 28718125
        },
        {
            "name": "Bagatelle In A Minor, WoO 59:Für Elise",
            "artist": "Anatol Ugorski",
            "id": 5180136
        },
        {
            "name": "Sonata No. 8 in C Minor, Op. 13, \"Pathétique\": III. Rondo: Allegro",
            "artist": "Arthur Rubinstein",
            "id": 25842623
        },
        {
            "name": "Sonata No. 14 in C-Sharp Minor, Op. 27 No. 2 \"Moonlight\": I. Adagio sostenuto",
            "artist": "Arthur Rubinstein",
            "id": 25842621
        },
        {
            "name": "Piano Sonata No.17 in D minor, Op.31 No.2 -\"Tempest\":3. Allegretto",
            "artist": "Daniel Barenboim",
            "id": 20675052
        },
        {
            "name": "Sonate No. 23 en fa mineur, Op. 57 \"Appassionata\": I. Allegro assai",
            "artist": "Ludwig van Beethoven",
            "id": 556994916
        },
        {
            "name": "Piano Concerto No. 5 In E Flat, Op. 73 \"Emperor\":1.Allegro",
            "artist": "Alfred Brendel",
            "id": 1068262
        },
        {
            "name": "Piano Sonata No.8 in C Minor Op.13 -Pathétique:2. Adagio cantabile",
            "artist": "Radu Lupu",
            "id": 5164953
        },
        {
            "name": "Prelude In G Minor Op.23 No.5",
            "artist": "Vladimir Ashkenazy",
            "id": 5164975
        },
        {
            "name": "Piano Concerto No.3 in D minor, Op.30:1. Allegro ma non tanto",
            "artist": "Vladimir Ashkenazy",
            "id": 25911741
        },
        {
            "name": "Arr. Zoltan Kocsis - Vocalise, Op.34:No.14",
            "artist": "Vladimir Ashkenazy",
            "id": 28744764
        },
        {
            "name": "Prelude in C-Sharp Minor, Op. 3, No. 2",
            "artist": "Sergei Rachmaninoff",
            "id": 25954374
        },
        {
            "name": "Piano Concerto No.2 In C Minor, Op.18:1. Moderato",
            "artist": "Sviatoslav Richter",
            "id": 3541224
        },
        {
            "name": "Piano Concerto No.2 In C Minor, Op.18:2. Adagio sostenuto",
            "artist": "Sviatoslav Richter",
            "id": 3541226
        },
        {
            "name": "Piano Concerto No.2 In C Minor, Op.18:3. Allegro scherzando",
            "artist": "Sviatoslav Richter",
            "id": 3541228
        },
        {
            "name": "Rhapsodie Sur Un Thème De Paganini Pour Piano & Orchestre, Op.43 : Variation XVIII : Andante Cantabile (Remasterisé En 2009)",
            "artist": "Jean-Philippe Collard",
            "id": 22439748
        },
        {
            "name": "Six Grand Etudes After Paganini (2001 Remastered Version):III. No.3 'La Campanella'",
            "artist": "André Watts",
            "id": 5189132
        },
        {
            "name": "Liebestraum No.3 In A-Flat Major S.541 No.3:Notturno III: O lieb so lang du lieben kannst",
            "artist": "Daniel Barenboim",
            "id": 26928683
        },
        {
            "name": "6 Consolations S. 172:No. 3 In D Flat Major (Lento placido)",
            "artist": "Daniel Barenboim",
            "id": 26928685
        },
        {
            "name": "Un sospiro",
            "artist": "Van Cliburn",
            "id": 27778047
        },
        {
            "name": "Reminiscences De Norma S394",
            "artist": "Giuseppe Albanese",
            "id": 36687250
        },
        {
            "name": "Sonata for 2 pianos in D, K.448:2. Andante",
            "artist": "Ingrid Haebler",
            "id": 39869702
        },
        {
            "name": "Sonata No. 13 in B-flat Major for Piano, KV. 333 (315c):III. Allegretto grazioso",
            "artist": "Glenn Gould",
            "id": 1375838
        },
        {
            "name": "Sonata No. 11 in A Major for Piano, K. 331:III. Alla Turca:Allegretto",
            "artist": "Glenn Gould",
            "id": 1375805
        },
        {
            "name": "Piano Sonata No.8 in A minor, K.310:1. Allegro maestoso",
            "artist": "内田光子",
            "id": 667120
        },
        {
            "name": "Piano Concerto No. 23 in A Major, K. 488:II. Adagio",
            "artist": "Vladimir Horowitz",
            "id": 22006156
        },
        {
            "name": "Rondo in D Major, K. 485",
            "artist": "Vladimir Horowitz",
            "id": 22006165
        },
        {
            "name": "Keyboard Sonata in G Major, Hob. XVI:8: I. Allegro",
            "artist": "Rudolf Buchbinder",
            "id": 29803725
        },
        {
            "name": "Keyboard Sonata in C Major, Hob. XVI:10: I. Moderato",
            "artist": "Rudolf Buchbinder",
            "id": 29803741
        },
        {
            "name": "Fantasia in C, H.XVII No.4",
            "artist": "John McCabe",
            "id": 401814827
        },
        {
            "name": "Piano Concerto No.1 In b Flat Minor Op.23 TH.55:1. Allegro non troppo e molto maestoso - Allegro con spirito (Live At Philharmonie, Berlin / 1994)",
            "artist": "Martha Argerich",
            "id": 21183819
        },
        {
            "name": "Cantata No.22 \"Jesus nahm zu sich die Zwölfe\" BWV 22:Sanctify Us",
            "artist": "Alicia de Larrocha",
            "id": 5164997
        },
        {
            "name": "Siciliano from Sonata for flute and keyboard in E flat major, BWV 1031",
            "artist": "Hamish Milne",
            "id": 26012232
        },
        {
            "name": "English Suite No. 2 In A Minor, BWV 807:I. Prélude",
            "artist": "Glenn Gould",
            "id": 27137284
        },
        {
            "name": "Goldberg Variations, BWV 988:Aria",
            "artist": "Glenn Gould",
            "id": 18001009
        },
        {
            "name": "French Suite 3 In B, BWV814:4 Menuett-Trio",
            "artist": "Glenn Gould",
            "id": 26991543
        },
        {
            "name": "4 Impromptus Op.142, D.935:No.3 in B flat: Theme (Andante) with Variations",
            "artist": "Alfred Brendel",
            "id": 16254446
        },
        {
            "name": "6 Moments musicaux, Op.94 D.780:No.3 in F Minor (Allegro moderato)",
            "artist": "Alfred Brendel",
            "id": 16254454
        },
        {
            "name": "4 Impromptus, Op.90, D.899:No.3 in G flat: Andante",
            "artist": "Alfred Brendel",
            "id": 16254442
        },
        {
            "name": "Piano Sonata No.20 in A D.959:2. Andantino (Live In Snape / 1999)",
            "artist": "Alfred Brendel",
            "id": 1067703
        },
        {
            "name": "An die Musik D.547",
            "artist": "Joseph Cooper",
            "id": 5164951
        },
        {
            "name": "Trois Gymnopédies (1888):I: Lent et douloureux",
            "artist": "Aldo Ciccolini",
            "id": 22543917
        },
        {
            "name": "Waltz in A flat, Op.39 No.15",
            "artist": "Johannes Brahms",
            "id": 5220537
        },
        {
            "name": "Lieder ohne Worte Op.62:No.6 Allegretto grazioso in A Major -Frühlingslied (Spring Song)",
            "artist": "András Schiff",
            "id": 5164972
        },
        {
            "name": "Rondo capriccioso Op.14",
            "artist": "Jorge Bolet",
            "id": 5165041
        },
        {
            "name": "Lieder ohne Worte Op.19:No. 6 in G minor (Andante sostenuto) \"Venetian Gondola Song\"",
            "artist": "András Schiff",
            "id": 5165013
        },
        {
            "name": "Piano Concerto No.1 In G Minor Op.25 MWV O7:1. Molto allegro con fuoco",
            "artist": "Symphonieorchester des Bayerischen Rundfunks",
            "id": 28908902
        },
        {
            "name": "Songs Without Words, Book I, Op. 19b:No. 1, Andante con moto, MWV U86",
            "artist": "Daniel Adni",
            "id": 5189172
        },
        {
            "name": "Aufschwung (from Fantasiestücke, Op 12)",
            "artist": "Robert Schumann",
            "id": 557376514
        },
        {
            "name": "Concerto pour piano in A Minor, Op. 16: I. Allegro molto moderato",
            "artist": "Edvard Grieg",
            "id": 484458166
        },
        {
            "name": "Badarzewska-Baranowska: The Maiden's Prayer",
            "artist": "Joseph Cooper",
            "id": 5164960
        },
        {
            "name": "Dolly, Op. 56:Berceuse (1894)",
            "artist": "Kathryn Stott",
            "id": 1415529
        },
        {
            "name": "Melody in F Op.3 No.1",
            "artist": "Shura Cherkassky",
            "id": 5164987
        },
        {
            "name": "Prelude in C major BWV 846",
            "artist": "Maurizio Pollini",
            "id": 1778976
        },
        {
            "name": "Gymnopedies 1",
            "artist": "Erik Satie",
            "id": 5299097
        },
        {
            "name": "Humoresque Op.101 No.7",
            "artist": "Joseph Cooper",
            "id": 5164954
        },
        {
            "name": "Jeux d'eau M.30",
            "artist": "Pascal Rogé",
            "id": 5165034
        },
        {
            "name": "Piano Concerto No.3 in E major, Sz.119 (1945, Tibor Serly):1. Allegretto",
            "artist": "Pierre Boulez",
            "id": 27466131
        },
        {
            "name": "Kinderszenen Op.15:7. Träumerei",
            "artist": "Daniel Barenboim",
            "id": 26928678
        },
        {
            "name": "12 Études, Op. 8:No. 12 in D-Sharp Minor",
            "artist": "Moura Lympany",
            "id": 5189187
        },
        {
            "name": "Invitation to the Dance",
            "artist": "Thierry De Brunhoff",
            "id": 5189160
        },
        {
            "name": "Miroirs, M.43:3. Une barque sur l'océan",
            "artist": "Pascal Rogé",
            "id": 401822871
        },
        {
            "name": "Música Ricercata: III. Allegro con spirito",
            "artist": "Pierre-Laurent Aimard",
            "id": 28726275
        },
        {
            "name": "Petrouchka - Three Movements for Piano (1921):Scene 2 - Petrouchka's Room",
            "artist": "Anatol Ugorski",
            "id": 403813450
        },
        {
            "name": "Neuf danses slaves - Dumka (mi mineur), op. 46 no. 2",
            "artist": "Renée Morisset",
            "id": 573430669
        }
    ]
}