{
    "playlist_info": {
        "name": "很放松，安静的田园风纯音乐",
        "trackcount": 64,
        "playcount": 630049,
        "creator": "Ymmlllll",
        "createDate": "2019-04-02",
        "heat": 405.0
    },
    "songs": [
        {
            "name": "山海不可平",
            "artist": "CMJ",
            "id": 1352045760
        },
        {
            "name": "未闻花名（钢琴曲纯音乐）",
            "artist": "nengcd",
            "id": 1959009137
        },
        {
            "name": "我看过花开又花落",
            "artist": "万古",
            "id": 2025474049
        },
        {
            "name": "花间游",
            "artist": "逆时针向",
            "id": 1335796886
        },
        {
            "name": "夏日物语",
            "artist": "CMJ",
            "id": 1972342241
        },
        {
            "name": "转身，趁还来得及",
            "artist": "拾光",
            "id": 1834879944
        },
        {
            "name": "追逐繁星的孩子",
            "artist": "拾光",
            "id": 1816835537
        },
        {
            "name": "The Way I Still Love You(治愈吉他版)",
            "artist": "ALisa",
            "id": 1929455091
        },
        {
            "name": "you",
            "artist": "M.Graveyard",
            "id": 786262
        },
        {
            "name": "fish in the pool ・花屋敷",
            "artist": "ヘクとパスカル",
            "id": 31861269
        },
        {
            "name": "你像是晴天粉色云彩空气甜的坠入脑海",
            "artist": "酥羽梨",
            "id": 1925336574
        },
        {
            "name": "春光明媚，惠风和畅",
            "artist": "酥羽梨",
            "id": 1950955056
        },
        {
            "name": "いつも何度でも",
            "artist": "宗次郎",
            "id": 480353
        },
        {
            "name": "漫漫宇宙另一个我",
            "artist": "赵楠",
            "id": 1856774877
        },
        {
            "name": "得似旧时",
            "artist": "忘乡",
            "id": 1352004027
        },
        {
            "name": "纯纯的夏天",
            "artist": "LIKPIA",
            "id": 519870772
        },
        {
            "name": "春之行",
            "artist": "灰澈",
            "id": 547780876
        },
        {
            "name": "儿时的夏日",
            "artist": "余日秋山",
            "id": 467744316
        },
        {
            "name": "西塘古镇",
            "artist": "吴宇深",
            "id": 494193128
        },
        {
            "name": "柠檬树下",
            "artist": "dylanf",
            "id": 1351936553
        },
        {
            "name": "晴天的周末在去学校补课的路上遇见了喜欢的人",
            "artist": "AniFace",
            "id": 477310237
        },
        {
            "name": "Nature's Path",
            "artist": "Dan Gibson",
            "id": 1220787
        },
        {
            "name": "Cool Forest Rain",
            "artist": "Dan Gibson",
            "id": 1220792
        },
        {
            "name": "The Fallen Leaves",
            "artist": "Dan Gibson",
            "id": 1220809
        },
        {
            "name": "Crisp and Clear",
            "artist": "Dan Gibson",
            "id": 1220813
        },
        {
            "name": "Driftwood",
            "artist": "Dan Gibson",
            "id": 1220817
        },
        {
            "name": "The Old Bridge",
            "artist": "Dan Gibson",
            "id": 1220822
        },
        {
            "name": "Majesty of the Lake",
            "artist": "Dan Gibson",
            "id": 1220827
        },
        {
            "name": "One Last Goodbye",
            "artist": "Dan Gibson",
            "id": 1220832
        },
        {
            "name": "Sunshowers",
            "artist": "Dan Gibson",
            "id": 5023037
        },
        {
            "name": "Awakenes Spirit",
            "artist": "Dan Gibson",
            "id": 5023039
        },
        {
            "name": "Fresh Air",
            "artist": "Dan Gibson",
            "id": 5023041
        },
        {
            "name": "Effotless",
            "artist": "Dan Gibson",
            "id": 5023043
        },
        {
            "name": "Inner Musing",
            "artist": "Dan Gibson",
            "id": 5023045
        },
        {
            "name": "Unspoiled Beauty",
            "artist": "Dan Gibson",
            "id": 5023046
        },
        {
            "name": "Panorama",
            "artist": "Dan Gibson",
            "id": 5023047
        },
        {
            "name": "Resolve",
            "artist": "Dan Gibson",
            "id": 5023049
        },
        {
            "name": "Prelude in C Major from The Well Tempered Clavier",
            "artist": "Dan Gibson",
            "id": 1217936
        },
        {
            "name": "Larghetto from Piano Concerto No.2 in F Minor, Op.21",
            "artist": "Dan Gibson",
            "id": 1217954
        },
        {
            "name": "The Canon Stirs",
            "artist": "Dan Gibson",
            "id": 5023415
        },
        {
            "name": "Riding the Waves",
            "artist": "Dan Gibson",
            "id": 1221156
        },
        {
            "name": "Seaside Retreat",
            "artist": "Dan Gibson",
            "id": 5022593
        },
        {
            "name": "Voices Of Peace",
            "artist": "Dan Gibson",
            "id": 1217802
        },
        {
            "name": "インテレクチュアル・ライフ",
            "artist": "Music therapy",
            "id": 536637
        },
        {
            "name": "フローティング・スペース",
            "artist": "Music therapy",
            "id": 536639
        },
        {
            "name": "ブレインズ",
            "artist": "Music therapy",
            "id": 536640
        },
        {
            "name": "ア・クリアー・ヘッド",
            "artist": "Music therapy",
            "id": 536641
        },
        {
            "name": "インテレクト",
            "artist": "Music therapy",
            "id": 536642
        },
        {
            "name": "ノリッジ",
            "artist": "Music therapy",
            "id": 536643
        },
        {
            "name": "インテリジェンス・オブ・インフィニティ",
            "artist": "Music therapy",
            "id": 536644
        },
        {
            "name": "Stream and Bird",
            "artist": "The Nature Sounds Society Japan",
            "id": 853696
        },
        {
            "name": "Rain, Totoro Forest",
            "artist": "The Nature Sounds Society Japan",
            "id": 853708
        },
        {
            "name": "Gentle Ocean Waves",
            "artist": "The Nature Sounds Society Japan",
            "id": 853702
        },
        {
            "name": "Small Stream",
            "artist": "The Nature Sounds Society Japan",
            "id": 853692
        },
        {
            "name": "天空之城",
            "artist": "群星",
            "id": 5270312
        },
        {
            "name": "海の見える街",
            "artist": "小坂明子",
            "id": 4988618
        },
        {
            "name": "海风",
            "artist": "四季音色",
            "id": 415807032
        },
        {
            "name": "Canon(钢琴版)",
            "artist": "群星",
            "id": 33955052
        },
        {
            "name": "Angels of Victory",
            "artist": "Aeoliah",
            "id": 1014555
        },
        {
            "name": "Harmonic Resonance",
            "artist": "Aeoliah",
            "id": 1014478
        },
        {
            "name": "Hearts of the Future",
            "artist": "Aeoliah",
            "id": 1014498
        },
        {
            "name": "Isis Maria",
            "artist": "Aeoliah",
            "id": 1014503
        },
        {
            "name": "Serenity",
            "artist": "Aeoliah",
            "id": 1014322
        },
        {
            "name": "Ocean Waves",
            "artist": "Dr. Jeffrey Thompson",
            "id": 1248472
        }
    ]
}