{
    "playlist_info": {
        "name": "个人画画爱听",
        "trackcount": 329,
        "playcount": 591215,
        "creator": "羽灵OUO",
        "createDate": "2020-01-16",
        "heat": 468.0
    },
    "songs": [
        {
            "name": "Angel (feat. 可不)",
            "artist": "飽海",
            "id": 1993088172
        },
        {
            "name": "突然想兜风",
            "artist": "阿萨Aza",
            "id": 2053286753
        },
        {
            "name": "深海游戏",
            "artist": "初音ミク",
            "id": 2053080662
        },
        {
            "name": "逆光 (ウタ from ONE PIECE FILM RED)",
            "artist": "Ado",
            "id": 1961617004
        },
        {
            "name": "Leopard",
            "artist": "Jack Stauber",
            "id": 1983705874
        },
        {
            "name": "アイロニーナ ",
            "artist": "煮ル果実",
            "id": 1914692621
        },
        {
            "name": "Sweet Sweet White Song",
            "artist": "Branco",
            "id": 1817367080
        },
        {
            "name": "ドクトリーヌ ",
            "artist": "煮ル果実",
            "id": 1914692617
        },
        {
            "name": "死ぬな！",
            "artist": "こっちのけんと",
            "id": 2002662707
        },
        {
            "name": "LADY",
            "artist": "米津玄師",
            "id": 2029895034
        },
        {
            "name": "Little Little Prince Star",
            "artist": "村瀬歩",
            "id": 1375253803
        },
        {
            "name": "但",
            "artist": "草东没有派对",
            "id": 2035320743
        },
        {
            "name": "Living on the edge",
            "artist": "ALKALOID",
            "id": 1817376013
        },
        {
            "name": "灰カラ",
            "artist": "Sou",
            "id": 2046201336
        },
        {
            "name": "强风大背头（強風オールバック）",
            "artist": "酒酒井Anri",
            "id": 2042022020
        },
        {
            "name": "水死体は恋したい",
            "artist": "LonePi",
            "id": 2023084063
        },
        {
            "name": "フライデー・ナイト",
            "artist": "なとり",
            "id": 2031166197
        },
        {
            "name": "アメリ",
            "artist": "煮ル果実",
            "id": 2039114979
        },
        {
            "name": "Helter-Spider",
            "artist": "Crazy:B",
            "id": 2035134537
        },
        {
            "name": "Loveit? (feat. LOLUET)",
            "artist": "biz",
            "id": 2032501701
        },
        {
            "name": "アイドル",
            "artist": "YOASOBI",
            "id": 2034742057
        },
        {
            "name": "烂泥",
            "artist": "草东没有派对",
            "id": 411314656
        },
        {
            "name": "ネロ",
            "artist": "柊キライ",
            "id": 2038851735
        },
        {
            "name": "Live in Life",
            "artist": "Will Stetson",
            "id": 2037252101
        },
        {
            "name": "随便！",
            "artist": "老番茄",
            "id": 2039322500
        },
        {
            "name": "失楽園ダイブ",
            "artist": "REISAI",
            "id": 2032405464
        },
        {
            "name": "削いで、　　",
            "artist": "r-906",
            "id": 2014331434
        },
        {
            "name": "バーバヤーガ",
            "artist": "煮ル果実",
            "id": 2017123934
        },
        {
            "name": "拝啓",
            "artist": "ぺぽよ",
            "id": 2031664863
        },
        {
            "name": "故事感",
            "artist": "某幻君",
            "id": 1973016324
        },
        {
            "name": "Villain",
            "artist": "Shoto",
            "id": 2023048688
        },
        {
            "name": "エリート",
            "artist": "Chinozo",
            "id": 1888066083
        },
        {
            "name": "golden hour",
            "artist": "JVKE",
            "id": 1958557540
        },
        {
            "name": "冬の花",
            "artist": "宮本浩次",
            "id": 1345485069
        },
        {
            "name": "烈焰玫瑰",
            "artist": "某幻君",
            "id": 1971117689
        },
        {
            "name": "ミテ・ミテ",
            "artist": "柊キライ",
            "id": 2026015243
        },
        {
            "name": "推しと結婚したくてしぬ！",
            "artist": "たかやん",
            "id": 1934040477
        },
        {
            "name": "potatoになっていく (feat. 天馬司&鳳えむ&草薙寧々&神代類&初音ミク)",
            "artist": "Neru",
            "id": 1861350795
        },
        {
            "name": "真夜中のドア/Stay With Me",
            "artist": "松原みき",
            "id": 1982975742
        },
        {
            "name": "深夜徘徊",
            "artist": "シャノン",
            "id": 1817448011
        },
        {
            "name": "アタシは問題作",
            "artist": "Ado",
            "id": 2023944671
        },
        {
            "name": "匿名M (feat. 初音ミク & ARuFa)",
            "artist": "ピノキオピー",
            "id": 2020725645
        },
        {
            "name": "Red Flags (feat. Montaigne)",
            "artist": "Tom Cardy",
            "id": 2001865647
        },
        {
            "name": "我不曾忘记",
            "artist": "花玲",
            "id": 2014336709
        },
        {
            "name": "命辛辛",
            "artist": "煮ル果実",
            "id": 2021343206
        },
        {
            "name": "ダーリン",
            "artist": "須田景凪",
            "id": 2014795398
        },
        {
            "name": "휙",
            "artist": "Leebada",
            "id": 1922346520
        },
        {
            "name": "Words",
            "artist": "The Real Group",
            "id": 3597282
        },
        {
            "name": "Romancing Cruise",
            "artist": "Switch",
            "id": 1988839059
        },
        {
            "name": "就要做挑战",
            "artist": "小潮院长",
            "id": 2016385110
        },
        {
            "name": "リスナーは世界遺産",
            "artist": "たかやん",
            "id": 1822259438
        },
        {
            "name": "イイコと妖狐",
            "artist": "きくお",
            "id": 2014213815
        },
        {
            "name": "Knickknack Kingdom",
            "artist": "FAKE TYPE.",
            "id": 1962263399
        },
        {
            "name": "マーナガルム",
            "artist": "缶缶",
            "id": 1935677081
        },
        {
            "name": "リテラシー ",
            "artist": "wotaku",
            "id": 1862532832
        },
        {
            "name": "デビルじゃないもん",
            "artist": "DECO*27",
            "id": 2008003632
        },
        {
            "name": "デュッセ (feat. 初音ミク)",
            "artist": "ざんぎ",
            "id": 2010015905
        },
        {
            "name": "厕呐",
            "artist": "卦者灵风",
            "id": 2012896587
        },
        {
            "name": "夜のうた",
            "artist": "きくお",
            "id": 29185037
        },
        {
            "name": "チーズ",
            "artist": "Chinozo",
            "id": 2012379727
        },
        {
            "name": "ナミダ",
            "artist": "MARETU",
            "id": 1848778332
        },
        {
            "name": "FALLIN' LOVE=IT'S WONDERLAND",
            "artist": "Ra*bits",
            "id": 1926834496
        },
        {
            "name": "もうどくちゅうい",
            "artist": "でんの子P",
            "id": 1805381913
        },
        {
            "name": "退紅トレイン (arranged balloon)",
            "artist": "須田景凪",
            "id": 491484301
        },
        {
            "name": "rabbit (8bit ver.)",
            "artist": "john",
            "id": 1886076165
        },
        {
            "name": "张宇宙",
            "artist": "阿萨Aza",
            "id": 1999693212
        },
        {
            "name": "ヘブンドープ",
            "artist": "煮ル果実",
            "id": 1973602836
        },
        {
            "name": "毒林檎",
            "artist": "DECO*27",
            "id": 1998682491
        },
        {
            "name": "死ぬのがいいわ",
            "artist": "藤井風",
            "id": 1449537106
        },
        {
            "name": "DIVA",
            "artist": "ねこまんま",
            "id": 1973008954
        },
        {
            "name": "エゴイスト",
            "artist": "大沼パセリ",
            "id": 1457285659
        },
        {
            "name": "I Wish My Mind Would Shut Up",
            "artist": "Ivoris",
            "id": 1940074698
        },
        {
            "name": "Nxde",
            "artist": "(G)I-DLE",
            "id": 1989385007
        },
        {
            "name": "『±0』",
            "artist": "ぺぽよ",
            "id": 1901657639
        },
        {
            "name": "dumb dumb",
            "artist": "mazie",
            "id": 1859584038
        },
        {
            "name": "My Time OMORI ver. (Kikuo cover) (feat. 初音ミク)",
            "artist": "bo en",
            "id": 1996286080
        },
        {
            "name": "狼煙",
            "artist": "john",
            "id": 1456486938
        },
        {
            "name": "キッカイケッタイ",
            "artist": "メドミア",
            "id": 1979045976
        },
        {
            "name": "ヘラヘラリ",
            "artist": "メドミア",
            "id": 1937472193
        },
        {
            "name": "Bohemian Rhapsody",
            "artist": "Queen",
            "id": 1868553
        },
        {
            "name": "反正",
            "artist": "老番茄",
            "id": 1970633784
        },
        {
            "name": "Who?",
            "artist": "Azari",
            "id": 1970326107
        },
        {
            "name": "シャーデンフロイデ",
            "artist": "ぐちり",
            "id": 1945304399
        },
        {
            "name": "Lower One's Eyes",
            "artist": "Will Stetson",
            "id": 1955964873
        },
        {
            "name": "phony",
            "artist": "Will Stetson",
            "id": 1928199723
        },
        {
            "name": "雨路少女",
            "artist": "ぐちり",
            "id": 1945308088
        },
        {
            "name": "のろいのノイローゼ",
            "artist": "ぺぽよ",
            "id": 1991321925
        },
        {
            "name": "Insane",
            "artist": "Black Gryph0n",
            "id": 1850706877
        },
        {
            "name": "変",
            "artist": "TOOBOE",
            "id": 1862799309
        },
        {
            "name": "KICK BACK",
            "artist": "米津玄師",
            "id": 1986803568
        },
        {
            "name": "クズ教室",
            "artist": "ロス",
            "id": 1988742080
        },
        {
            "name": "YONA YONA DANCE",
            "artist": "和田アキ子",
            "id": 1874878825
        },
        {
            "name": "Welcome to the Internet",
            "artist": "Bo Burnham",
            "id": 1851572012
        },
        {
            "name": "如果突然想起我",
            "artist": "喵☆酱",
            "id": 1983534049
        },
        {
            "name": "睡魔",
            "artist": "缶缶",
            "id": 1842561049
        },
        {
            "name": "马",
            "artist": "福禄寿FloruitShow",
            "id": 1345353903
        },
        {
            "name": "NIGHT DANCER",
            "artist": "imase",
            "id": 1973593792
        },
        {
            "name": "バケモノの唄",
            "artist": "Shino",
            "id": 1440693335
        },
        {
            "name": "Something For Your M.I.N.D.",
            "artist": "Superorganism",
            "id": 460043935
        },
        {
            "name": "ニゲラ",
            "artist": "和ぬか",
            "id": 1838448806
        },
        {
            "name": "【诗岸】花粉症",
            "artist": "清风疾行_",
            "id": 1441569227
        },
        {
            "name": "オノマトペメガネ",
            "artist": "ササノマリイ",
            "id": 29582961
        },
        {
            "name": "オーバード",
            "artist": "鷹嶺ルイ",
            "id": 1960102312
        },
        {
            "name": "我用什么把你留住",
            "artist": "福禄寿FloruitShow",
            "id": 1306923998
        },
        {
            "name": "浴槽とネオンテトラ",
            "artist": "REISAI",
            "id": 1836100066
        },
        {
            "name": "ヒステリックナイトガール -Awakening- (feat. Such)",
            "artist": "PSYQUI",
            "id": 1385165831
        },
        {
            "name": "クィホーティ",
            "artist": "エイハブ",
            "id": 1959715041
        },
        {
            "name": "ド屑",
            "artist": "なきそ",
            "id": 1923751777
        },
        {
            "name": "あだぽしゃ",
            "artist": "いよわ",
            "id": 1855988913
        },
        {
            "name": "我的悲伤是水做的",
            "artist": "ChiliChill",
            "id": 1439814454
        },
        {
            "name": "マフィア",
            "artist": "wotaku",
            "id": 1472554869
        },
        {
            "name": "フォニイ",
            "artist": "可不",
            "id": 1900172235
        },
        {
            "name": "死神",
            "artist": "米津玄師",
            "id": 1851022762
        },
        {
            "name": "小夜子",
            "artist": "zv.r",
            "id": 1877978110
        },
        {
            "name": "Ageha",
            "artist": "john",
            "id": 1456491258
        },
        {
            "name": "Midazolam",
            "artist": "ponkansoup",
            "id": 1961177561
        },
        {
            "name": "ギラギラ",
            "artist": "Ado",
            "id": 1820266508
        },
        {
            "name": "医生D",
            "artist": "一碗热汤p",
            "id": 1960937214
        },
        {
            "name": "あめだま",
            "artist": "ぺぽよ",
            "id": 1908454106
        },
        {
            "name": "身売り",
            "artist": "ロス",
            "id": 1930772529
        },
        {
            "name": "自主",
            "artist": "ロス",
            "id": 1860521634
        },
        {
            "name": "在这一年一半之时",
            "artist": "喵☆酱",
            "id": 1873523241
        },
        {
            "name": "God sees all",
            "artist": "Ethyria",
            "id": 1882650778
        },
        {
            "name": "Stuck In The Abyss",
            "artist": "Noctyx",
            "id": 1923210688
        },
        {
            "name": "艾蜜莉 (温柔版)",
            "artist": "来自阿曼",
            "id": 1871183784
        },
        {
            "name": "月光 [VOCALOID ver]",
            "artist": "はるまきごはん",
            "id": 1955665030
        },
        {
            "name": "月光",
            "artist": "キタニタツヤ",
            "id": 1950383376
        },
        {
            "name": "月光",
            "artist": "冰山",
            "id": 1953911303
        },
        {
            "name": "Jazz on the Clock!!",
            "artist": "Luxiem",
            "id": 1957280576
        },
        {
            "name": "神っぽいな",
            "artist": "ピノキオピー",
            "id": 1878313261
        },
        {
            "name": "ミザン",
            "artist": "須田景凪",
            "id": 1947588987
        },
        {
            "name": "パメラ",
            "artist": "須田景凪",
            "id": 1890001608
        },
        {
            "name": "デクレンシー",
            "artist": "Manika",
            "id": 1473870211
        },
        {
            "name": "緘黙",
            "artist": "てとら",
            "id": 1441261997
        },
        {
            "name": "酔いどれ知らず",
            "artist": "kanaria",
            "id": 1943883908
        },
        {
            "name": "スピークイージー",
            "artist": "wotaku",
            "id": 1811427158
        },
        {
            "name": "宴",
            "artist": "john",
            "id": 1453342312
        },
        {
            "name": "100%社交失败者",
            "artist": "MaxXing",
            "id": 1945094382
        },
        {
            "name": "魔女と旋律の街",
            "artist": "Fty",
            "id": 1952460781
        },
        {
            "name": "百鬼祭",
            "artist": "kanaria",
            "id": 1804885913
        },
        {
            "name": "トゥルーセラピー",
            "artist": "柊キライ",
            "id": 1953293004
        },
        {
            "name": "ヨセアツメ",
            "artist": "冰山",
            "id": 1950925014
        },
        {
            "name": "転生林檎",
            "artist": "ピノキオピー",
            "id": 1951285318
        },
        {
            "name": "ドープ",
            "artist": "あっとくん",
            "id": 1909092714
        },
        {
            "name": "ノロ",
            "artist": "¿?shimon",
            "id": 1887287780
        },
        {
            "name": "じゃあ君の思想が死ねばいい",
            "artist": "椎乃味醂",
            "id": 1923929007
        },
        {
            "name": "ハツコイソウ",
            "artist": "FLG4",
            "id": 1839931879
        },
        {
            "name": "狼狈-洛天依",
            "artist": "鸽稀拉",
            "id": 1860160327
        },
        {
            "name": "ロウワ―",
            "artist": "ぬゆり",
            "id": 1913840996
        },
        {
            "name": "第三の心臓",
            "artist": "はるまきごはん",
            "id": 1849700898
        },
        {
            "name": "畏光症－silent spiral－",
            "artist": "Evalia",
            "id": 1428548173
        },
        {
            "name": "心脏钥匙",
            "artist": "一碗热汤p",
            "id": 1872281750
        },
        {
            "name": "げのげ",
            "artist": "なきそ",
            "id": 1867557828
        },
        {
            "name": "ヴィータ",
            "artist": "柊キライ",
            "id": 1925423981
        },
        {
            "name": "あねもねぐりっち",
            "artist": "とりぴよ",
            "id": 1476239334
        },
        {
            "name": "琥珀の身体",
            "artist": "HIMEHINA",
            "id": 1432169641
        },
        {
            "name": "ギャラリア",
            "artist": "柊キライ",
            "id": 1870563007
        },
        {
            "name": "ラッキー・ブルート",
            "artist": "Ado",
            "id": 1915177668
        },
        {
            "name": "ドメスティックでバイオレンス",
            "artist": "Ado",
            "id": 1915177665
        },
        {
            "name": "マザーランド",
            "artist": "Ado",
            "id": 1915176788
        },
        {
            "name": "とんでくあなたが回る",
            "artist": "溝野あわ",
            "id": 1442333381
        },
        {
            "name": "絶対敵対メチャキライヤー",
            "artist": "メドミア",
            "id": 1941347910
        },
        {
            "name": "现在是温迪时间（原神 温迪同人曲）",
            "artist": "李缘忻",
            "id": 1831402766
        },
        {
            "name": "君は一生私を忘れない",
            "artist": "溝野あわ",
            "id": 1936603088
        },
        {
            "name": "架空窓口の閉鎖",
            "artist": "溝野あわ",
            "id": 1936605787
        },
        {
            "name": "シェーマ",
            "artist": "Chinozo",
            "id": 1826138323
        },
        {
            "name": "めんへらーめん",
            "artist": "ぺぽよ",
            "id": 1922379483
        },
        {
            "name": "ラグトレイン",
            "artist": "稲葉曇",
            "id": 1492827692
        },
        {
            "name": "The Other Side Of Paradise",
            "artist": "Glass Animals",
            "id": 427416520
        },
        {
            "name": "ベノム",
            "artist": "かいりきベア",
            "id": 1915002558
        },
        {
            "name": "マーメイド (feat. メグッポイド)",
            "artist": "monaca:factory",
            "id": 22653751
        },
        {
            "name": "ロールレスウエポン (稲葉曇×Neru)",
            "artist": "稲葉曇",
            "id": 1885752788
        },
        {
            "name": "フランケンX (煮ル果実×はるまきごはん)",
            "artist": "煮ル果実",
            "id": 1885752784
        },
        {
            "name": "砂の惑星",
            "artist": "初音ミク",
            "id": 494858478
        },
        {
            "name": "1000年生きてる",
            "artist": "いよわ",
            "id": 1903311039
        },
        {
            "name": "妄想感傷代償連盟",
            "artist": "DECO*27",
            "id": 432486474
        },
        {
            "name": "I Just Want to Be the One You Love",
            "artist": "Boxout",
            "id": 1889838027
        },
        {
            "name": "キルマー",
            "artist": "煮ル果実",
            "id": 1396524584
        },
        {
            "name": "ノンブレス・オブリージュ",
            "artist": "ピノキオピー",
            "id": 1849309117
        },
        {
            "name": "らくらく安楽死",
            "artist": "ぺぽよ",
            "id": 1901735633
        },
        {
            "name": "ロータスイーター (feat. 歌愛ユキ)",
            "artist": "青栗鼠",
            "id": 1873010324
        },
        {
            "name": "少女A",
            "artist": "椎名もた",
            "id": 33516239
        },
        {
            "name": "苍蝇 - 初音未来（翻自 赤羽 ilem）",
            "artist": "晴海",
            "id": 1470395739
        },
        {
            "name": "September",
            "artist": "Ashestoashesjc",
            "id": 433681811
        },
        {
            "name": "POP SONG",
            "artist": "米津玄師",
            "id": 1915079946
        },
        {
            "name": "新地球",
            "artist": "林俊杰",
            "id": 29774171
        },
        {
            "name": "Bruno is Orange (feat. Frances Quinlan)",
            "artist": "Hop Along, Queen Ansleis",
            "id": 1471168968
        },
        {
            "name": "Send Me No Flowers (Mono)",
            "artist": "Doris Day",
            "id": 405476133
        },
        {
            "name": "グラスとラムレーズン",
            "artist": "ずっと真夜中でいいのに。",
            "id": 1399788804
        },
        {
            "name": "懺悔録",
            "artist": "黒木渚",
            "id": 407862870
        },
        {
            "name": "ハイドレンジア",
            "artist": "LonePi",
            "id": 1865928065
        },
        {
            "name": "なにやってもうまくいかない",
            "artist": "meiyo",
            "id": 1881405459
        },
        {
            "name": "MAD HEAD LOVE",
            "artist": "米津玄師",
            "id": 27876664
        },
        {
            "name": "トラフィック・ジャム",
            "artist": "煮ル果実",
            "id": 1388172420
        },
        {
            "name": "お勉強しといてよ",
            "artist": "ずっと真夜中でいいのに。",
            "id": 1873231850
        },
        {
            "name": "暗く黒く",
            "artist": "ずっと真夜中でいいのに。",
            "id": 1819308142
        },
        {
            "name": "打上花火",
            "artist": "米津玄師",
            "id": 512358200
        },
        {
            "name": "ねぇねぇねぇ。",
            "artist": "ピノキオピー",
            "id": 1859603835
        },
        {
            "name": "Dummy March  (Original Song)",
            "artist": "Oliver",
            "id": 34916607
        },
        {
            "name": "Bard's Adventure 诗人的工作",
            "artist": "陈致逸",
            "id": 1817410055
        },
        {
            "name": "Rex Incognito 尘世闲游",
            "artist": "陈致逸",
            "id": 1817410059
        },
        {
            "name": "风与飞鸟",
            "artist": "喵☆酱",
            "id": 1884595229
        },
        {
            "name": "生きる",
            "artist": "吐息",
            "id": 1813850521
        },
        {
            "name": "レディメイド",
            "artist": "Ado",
            "id": 1806720848
        },
        {
            "name": "偏食（翻自 初音ミク） ",
            "artist": "芝麻Mochi",
            "id": 1428834261
        },
        {
            "name": "スロウダウナー",
            "artist": "ろくろ",
            "id": 1335362789
        },
        {
            "name": "빌런 (Villain)",
            "artist": "Stella Jang",
            "id": 1438519295
        },
        {
            "name": "darling",
            "artist": "john",
            "id": 1453342314
        },
        {
            "name": "色彩電気 (feat. 初音ミク)",
            "artist": "ムシぴ",
            "id": 1830487479
        },
        {
            "name": "ぴんく",
            "artist": "MARETU",
            "id": 1864305690
        },
        {
            "name": "纯白咒语",
            "artist": "宴宁",
            "id": 1837519242
        },
        {
            "name": "あなたと私の絶対ルール",
            "artist": "野良犬P",
            "id": 1457497399
        },
        {
            "name": "たぶん",
            "artist": "YOASOBI",
            "id": 1459343252
        },
        {
            "name": "洗脳",
            "artist": "RADWIMPS",
            "id": 477331362
        },
        {
            "name": "ヒガン",
            "artist": "john",
            "id": 1482191684
        },
        {
            "name": "ドラマツルギー",
            "artist": "Eve",
            "id": 526464312
        },
        {
            "name": "Let Us Adore You B3aky",
            "artist": "MerFriction",
            "id": 1450432641
        },
        {
            "name": "阿吽のビーツ",
            "artist": "羽生まゐご",
            "id": 1835378673
        },
        {
            "name": "春嵐",
            "artist": "john",
            "id": 1456486939
        },
        {
            "name": "Everything Would Be Fine",
            "artist": "Alx Beats",
            "id": 493806513
        },
        {
            "name": "好き好き大好き",
            "artist": "戸川純",
            "id": 26212060
        },
        {
            "name": "출항(Sailing)（翻自 安艺恩）",
            "artist": "阿七本七",
            "id": 1858099703
        },
        {
            "name": "Everybody Dies In Their Nightmares",
            "artist": "XXXTENTACION",
            "id": 501133800
        },
        {
            "name": "in love with the nature",
            "artist": "Sky.High",
            "id": 493285288
        },
        {
            "name": "Magical Babyrinth",
            "artist": "DA PUMP",
            "id": 1398451197
        },
        {
            "name": "怪物",
            "artist": "YOASOBI",
            "id": 1803908863
        },
        {
            "name": "my time",
            "artist": "bo en",
            "id": 27707746
        },
        {
            "name": "ゴーゴー幽霊船",
            "artist": "米津玄師",
            "id": 22654573
        },
        {
            "name": "洗脑日记",
            "artist": "一碗热汤p",
            "id": 1823076298
        },
        {
            "name": "踊",
            "artist": "Ado",
            "id": 1840383399
        },
        {
            "name": "うっせぇわ",
            "artist": "Ado",
            "id": 1489254523
        },
        {
            "name": "胡桃嗷",
            "artist": "哦呼w",
            "id": 1828537315
        },
        {
            "name": "春を告げる",
            "artist": "yama",
            "id": 1486106274
        },
        {
            "name": "让风告诉你",
            "artist": "花玲",
            "id": 1818031620
        },
        {
            "name": "拼凑的断音",
            "artist": "喵☆酱",
            "id": 1498302477
        },
        {
            "name": "おしゃかしゃま",
            "artist": "まふまふ",
            "id": 531040612
        },
        {
            "name": "ロストアンブレラ",
            "artist": "稲葉曇",
            "id": 1417885192
        },
        {
            "name": "ぽっかんカラー",
            "artist": "きくお",
            "id": 460911
        },
        {
            "name": "イヤガール",
            "artist": "かいりきベア",
            "id": 1316375344
        },
        {
            "name": "KING",
            "artist": "kanaria",
            "id": 1804888684
        },
        {
            "name": "Psycho",
            "artist": "Mia Rodriguez",
            "id": 1426315553
        },
        {
            "name": "tired",
            "artist": "vietra",
            "id": 1383691441
        },
        {
            "name": "食虫植物【semi】（翻自 理芽）",
            "artist": "Semi",
            "id": 1469560353
        },
        {
            "name": "What Is Logical Meme",
            "artist": "SloFevero",
            "id": 1476629242
        },
        {
            "name": "Wonderland",
            "artist": "Caravan Palace",
            "id": 1470086971
        },
        {
            "name": "アルカリ成人",
            "artist": "ただのCo",
            "id": 399354853
        },
        {
            "name": "故にユーエンミー",
            "artist": "ただのCo",
            "id": 399354856
        },
        {
            "name": "FLAT",
            "artist": "女王蜂",
            "id": 554245435
        },
        {
            "name": "さよなら僕のタピオカ",
            "artist": "96猫",
            "id": 28403159
        },
        {
            "name": "ポジティ部vsネガティ部",
            "artist": "WONDERFUL★OPPORTUNITY!",
            "id": 1373860961
        },
        {
            "name": "hp",
            "artist": "UTAU",
            "id": 33471237
        },
        {
            "name": "Mamma Mia",
            "artist": "Hugel",
            "id": 1359232604
        },
        {
            "name": "bad guy",
            "artist": "Billie Eilish",
            "id": 1355147933
        },
        {
            "name": "Yes & No",
            "artist": "XYLØ",
            "id": 1370901308
        },
        {
            "name": "Forget",
            "artist": "Pogo",
            "id": 35804572
        },
        {
            "name": "Bumblebees Are Out",
            "artist": "Jack Stauber's Micropop",
            "id": 1375291565
        },
        {
            "name": "ツギハギスタッカート",
            "artist": "とあ",
            "id": 30148963
        },
        {
            "name": "Welcome Home (Electro Swing Cover)",
            "artist": "OR3O",
            "id": 1474382047
        },
        {
            "name": "Doki Doki Forever!",
            "artist": "Android233",
            "id": 1300111645
        },
        {
            "name": "Help Me",
            "artist": "OR3O",
            "id": 1426052588
        },
        {
            "name": "All Eyes on Me",
            "artist": "OR3O",
            "id": 1381937487
        },
        {
            "name": "every day",
            "artist": "bo en",
            "id": 27707742
        },
        {
            "name": "Flos（翻自 R Sound Design）",
            "artist": "悠",
            "id": 864379991
        },
        {
            "name": "People",
            "artist": "Gorillaz",
            "id": 22497300
        },
        {
            "name": "シャボン",
            "artist": "蜂屋ななし",
            "id": 1418072955
        },
        {
            "name": "蜘蛛糸モノポリー",
            "artist": "sasakure.UK",
            "id": 26440351
        },
        {
            "name": "KING（翻自 GUMI）",
            "artist": "许祈",
            "id": 1491639730
        },
        {
            "name": "Gimme×Gimme",
            "artist": "P*Light",
            "id": 1402830753
        },
        {
            "name": "空中分解",
            "artist": "鏡音レン",
            "id": 573577085
        },
        {
            "name": "p.h.",
            "artist": "SEVENTHLINKS",
            "id": 1449599572
        },
        {
            "name": "Rabbit",
            "artist": "john",
            "id": 1453342315
        },
        {
            "name": "ONE OFF MIND",
            "artist": "いすぼくろ",
            "id": 526464314
        },
        {
            "name": "キャラルラ",
            "artist": "john",
            "id": 1456486940
        },
        {
            "name": "Satisfaction",
            "artist": "Benny Benassi",
            "id": 1094776
        },
        {
            "name": "Photo ID",
            "artist": "Remi Wolf",
            "id": 1457708912
        },
        {
            "name": "HELLO",
            "artist": "Kazuma",
            "id": 458658501
        },
        {
            "name": "Lies",
            "artist": "LIL XAN",
            "id": 864639132
        },
        {
            "name": "No Place (feat. Dennis Skytt)",
            "artist": "RudeLies",
            "id": 1354527788
        },
        {
            "name": "脳内革命ガール2016 Ver.",
            "artist": "MARETU",
            "id": 407485174
        },
        {
            "name": "トゥール",
            "artist": "MARETU",
            "id": 1408587102
        },
        {
            "name": "ダーリン",
            "artist": "MARETU",
            "id": 1408586353
        },
        {
            "name": "マエガミスト",
            "artist": "MARETU",
            "id": 1408587105
        },
        {
            "name": "ゴキブリの味",
            "artist": "MARETU",
            "id": 1408587104
        },
        {
            "name": "マジカルドクター",
            "artist": "MARETU",
            "id": 1408570397
        },
        {
            "name": "うみなおし",
            "artist": "MARETU",
            "id": 1408587103
        },
        {
            "name": "ホワイトハッピー",
            "artist": "MARETU",
            "id": 1408586356
        },
        {
            "name": "君以外害（翻自 泣き虫）",
            "artist": "なまけ噜",
            "id": 1444245347
        },
        {
            "name": "shhh (edit)",
            "artist": "mi$ery",
            "id": 448144155
        },
        {
            "name": "High Enough",
            "artist": "K.Flay",
            "id": 463183502
        },
        {
            "name": "Everything Black",
            "artist": "Unlike Pluto",
            "id": 464373274
        },
        {
            "name": "HANABI",
            "artist": "いきものがかり",
            "id": 719079
        },
        {
            "name": "Сказка",
            "artist": "IC3PEAK",
            "id": 1311052265
        },
        {
            "name": "buttercup",
            "artist": "Jack Stauber",
            "id": 1353428173
        },
        {
            "name": "孤独の宗教（翻自 初音ミク）",
            "artist": "软盘OwT",
            "id": 1461252120
        },
        {
            "name": "You",
            "artist": "Approaching Nirvana",
            "id": 3932159
        },
        {
            "name": "海底",
            "artist": "一支榴莲",
            "id": 1426649237
        },
        {
            "name": "HIP -Japanese ver.-",
            "artist": "Mamamoo",
            "id": 1421990254
        },
        {
            "name": "悪いことはしちゃいけないよ",
            "artist": "きくお",
            "id": 22817727
        },
        {
            "name": "天国へ行こう",
            "artist": "きくお",
            "id": 22817716
        },
        {
            "name": "Pork Soda",
            "artist": "Glass Animals",
            "id": 427416517
        },
        {
            "name": "ヲズワルド",
            "artist": "煮ル果実",
            "id": 1396524585
        },
        {
            "name": "Lotus",
            "artist": "Osvaldorio",
            "id": 1327822114
        },
        {
            "name": "归去来兮",
            "artist": "花粥",
            "id": 1357999894
        },
        {
            "name": "Nobody Likes Me (Think I'll Go Eat Worms)",
            "artist": "Sean O'Boyle",
            "id": 426315112
        },
        {
            "name": "Grind Me Down (Jawster Remix)",
            "artist": "Jawster",
            "id": 493646263
        },
        {
            "name": "だるまさんがころんだ",
            "artist": "犬丸芝居小屋",
            "id": 440464037
        },
        {
            "name": "MEGALOVANIA ~ 狂妄之人（UNDERTALE对战Sans BGM）",
            "artist": "Kyle Xian",
            "id": 1310301163
        },
        {
            "name": "quiet room -self cover",
            "artist": "神山羊",
            "id": 532777186
        },
        {
            "name": "あわよくばきみの眷属になりたいな（翻自 鏡音リン） ",
            "artist": "许祈",
            "id": 1408437241
        },
        {
            "name": "いかないで",
            "artist": "そらる",
            "id": 34723243
        },
        {
            "name": "hot milk",
            "artist": "Snail's House",
            "id": 438803052
        },
        {
            "name": "粘着系男子の15年ネチネチ",
            "artist": "家の里でマンボウが死んでるP",
            "id": 437039
        },
        {
            "name": "パケットヒーロー",
            "artist": "MARETU",
            "id": 407485169
        },
        {
            "name": "Bad Apple!!",
            "artist": "のみこ",
            "id": 22645196
        },
        {
            "name": "SAD! & XO Tour Life (COVER)",
            "artist": "Kid Travis",
            "id": 863515869
        },
        {
            "name": "Happy Halloween",
            "artist": "Junky",
            "id": 1335681508
        },
        {
            "name": "命に嫌われている。",
            "artist": "+α/あるふぁきゅん。",
            "id": 1300452032
        },
        {
            "name": "ビターチョコデコレーション",
            "artist": "syudou",
            "id": 1369404131
        },
        {
            "name": "乙女解剖（翻自 初音ミク） ",
            "artist": "冰山",
            "id": 1344718660
        },
        {
            "name": "阿吽のビーツ（翻自 flower）",
            "artist": "Sawako碎花",
            "id": 541762644
        },
        {
            "name": "とある一家の御茶会議",
            "artist": "くるりんご",
            "id": 33856838
        },
        {
            "name": "うみたがり",
            "artist": "MARETU",
            "id": 407485172
        },
        {
            "name": "太陽系デスコ",
            "artist": "ナユタン星人",
            "id": 459717345
        },
        {
            "name": "GOEMON",
            "artist": "Suck a Stew Dry",
            "id": 413077430
        },
        {
            "name": "しかばねの踊り",
            "artist": "きくお",
            "id": 29185031
        },
        {
            "name": "0Peppermint",
            "artist": "Jack Stauber's Micropop",
            "id": 1375291563
        },
        {
            "name": "ハンマーソングと痛みの塔",
            "artist": "BUMP OF CHICKEN",
            "id": 694013
        },
        {
            "name": "Yellow",
            "artist": "电鸟个灯泡",
            "id": 1397293557
        },
        {
            "name": "しう",
            "artist": "MARETU",
            "id": 1408586358
        }
    ]
}