{
    "playlist_info": {
        "name": "为你封麦只唱你爱",
        "trackcount": 168,
        "playcount": 1717392,
        "creator": "C渐冷",
        "createDate": "2021-01-15",
        "heat": 1918.0
    },
    "songs": [
        {
            "name": "只是回忆加了分 （0.8x）",
            "artist": "给猫讲故事",
            "id": 2031796212
        },
        {
            "name": "如果时光可以倒流 （Live）",
            "artist": "美 梦 领 取 屋",
            "id": 2039295463
        },
        {
            "name": "我希望__________",
            "artist": "HOPERUI",
            "id": 1969841968
        },
        {
            "name": "KLEIN BLUE",
            "artist": "Nine Band",
            "id": 1964744004
        },
        {
            "name": "窗外暴雨再狂澜 淋不湿屋内的你 (slowed)",
            "artist": "给猫讲故事",
            "id": 1994057212
        },
        {
            "name": "我想_________",
            "artist": "HOPERUI",
            "id": 1969823070
        },
        {
            "name": "我 想 慢 点 长 大（live）",
            "artist": "给猫讲故事",
            "id": 1993525055
        },
        {
            "name": "爱情转移",
            "artist": "陈奕迅",
            "id": 65536
        },
        {
            "name": "委屈吗 示爱的越界者",
            "artist": "林遇安",
            "id": 1944811618
        },
        {
            "name": "Wonderful U (Demo Version)",
            "artist": "AGA",
            "id": 406475394
        },
        {
            "name": "达尔文",
            "artist": "林俊杰",
            "id": 2019573476
        },
        {
            "name": "带我走",
            "artist": "杨丞琳",
            "id": 26082345
        },
        {
            "name": "我为你高举爱旗 你别当逃兵",
            "artist": "权",
            "id": 1951474864
        },
        {
            "name": "黑白照",
            "artist": "顾",
            "id": 1916200223
        },
        {
            "name": "走不出来",
            "artist": "周星星",
            "id": 2053420961
        },
        {
            "name": "mmashup:138z",
            "artist": "刘楚",
            "id": 2042594225
        },
        {
            "name": "我还是没改变",
            "artist": "大壮",
            "id": 1386685831
        },
        {
            "name": "普通人生",
            "artist": "海洋Bo",
            "id": 2041799838
        },
        {
            "name": "小胡同",
            "artist": "郑润泽",
            "id": 1926623288
        },
        {
            "name": "就让这大雨全都落下",
            "artist": "郑润泽",
            "id": 2024035483
        },
        {
            "name": "Heaven",
            "artist": "田木子",
            "id": 1968584689
        },
        {
            "name": "憶中人.",
            "artist": "纷争",
            "id": 1988286010
        },
        {
            "name": "遐想",
            "artist": "郑润泽",
            "id": 2018733994
        },
        {
            "name": "为何相爱战战兢兢",
            "artist": "诀别冰岛",
            "id": 2012939899
        },
        {
            "name": "捡起破碎的我",
            "artist": "7oi",
            "id": 2012766644
        },
        {
            "name": "我回头看是阴霾",
            "artist": "冰冷的心",
            "id": 2003413749
        },
        {
            "name": "孤单心事",
            "artist": "苏亦洋",
            "id": 1973864157
        },
        {
            "name": "得之坦然失之淡然",
            "artist": "诀别诗",
            "id": 2011166893
        },
        {
            "name": "船票",
            "artist": "MyT1aN",
            "id": 480341703
        },
        {
            "name": "后来我俯瞰大地 看遍了爱和失去",
            "artist": "冰冷的心",
            "id": 2005499054
        },
        {
            "name": "小小世界 开心至上",
            "artist": "冰冷的心",
            "id": 2002778435
        },
        {
            "name": "我真的爱你",
            "artist": "YUN小林",
            "id": 1978260558
        },
        {
            "name": "暗恋过 结局呢",
            "artist": "水瓶战士",
            "id": 2008697467
        },
        {
            "name": "好像那是我们都在",
            "artist": "美蛋",
            "id": 2004529768
        },
        {
            "name": "因为你 我相信 爱存在",
            "artist": "國民小蓝",
            "id": 2007806454
        },
        {
            "name": "暗恋航空",
            "artist": "官恩娜",
            "id": 26260469
        },
        {
            "name": "续集",
            "artist": "顾",
            "id": 1915191103
        },
        {
            "name": "100天",
            "artist": "Astkec",
            "id": 2007323282
        },
        {
            "name": "心比冰岛冷",
            "artist": "苏小秋",
            "id": 1996351693
        },
        {
            "name": "太陽的後裔",
            "artist": "安德",
            "id": 1858529864
        },
        {
            "name": "爱的回归线",
            "artist": "陈韵若",
            "id": 25639007
        },
        {
            "name": "弥爱",
            "artist": "妳的涵",
            "id": 2003557581
        },
        {
            "name": "最好的安排",
            "artist": "笨猪boy",
            "id": 1996632642
        },
        {
            "name": "坏女孩（baby语录）",
            "artist": "误",
            "id": 1991832942
        },
        {
            "name": "如果可以我想和你回到那天相遇（抖音版）",
            "artist": "稀",
            "id": 1969143415
        },
        {
            "name": "浪漫血液（0.8x）",
            "artist": "心动",
            "id": 1994851569
        },
        {
            "name": "我知道",
            "artist": "只鱼",
            "id": 1916925096
        },
        {
            "name": "暴雨",
            "artist": "董唧唧",
            "id": 1992698886
        },
        {
            "name": "爱的名词",
            "artist": "难过鲨鱼",
            "id": 2000774523
        },
        {
            "name": "不值得你喜欢",
            "artist": "王子明",
            "id": 1872024726
        },
        {
            "name": "再等冬天（emo慢版）",
            "artist": "圈圈菌",
            "id": 1958119516
        },
        {
            "name": "窗外已放晴 我的爱怎么停",
            "artist": "Astkec",
            "id": 1991801101
        },
        {
            "name": "我看了56次日落",
            "artist": "邵甲天",
            "id": 1930608504
        },
        {
            "name": "晴",
            "artist": "汪苏泷",
            "id": 28606605
        },
        {
            "name": "心比冰岛冷",
            "artist": "Haloo",
            "id": 1995244704
        },
        {
            "name": "困侍",
            "artist": "沈修穆",
            "id": 2000374325
        },
        {
            "name": "执念不是雨说停就停",
            "artist": "HeyGod",
            "id": 1974221156
        },
        {
            "name": "我知道",
            "artist": "阿虾",
            "id": 1952066165
        },
        {
            "name": "รักเท่าไหร่ก็ไม่เอา",
            "artist": "Ten Nararak",
            "id": 412785876
        },
        {
            "name": "If You_One Of These Night",
            "artist": "VLHS",
            "id": 1952330086
        },
        {
            "name": "那年 (初版)",
            "artist": "任然",
            "id": 555756424
        },
        {
            "name": "匿名的好友0.8",
            "artist": "后厂痴情组",
            "id": 1982658883
        },
        {
            "name": "1/4日记（Prod.汪澍烨）",
            "artist": "瘪",
            "id": 1494981917
        },
        {
            "name": "我只能离开",
            "artist": "颜人中",
            "id": 1398283847
        },
        {
            "name": "喜欢你",
            "artist": "G.E.M.邓紫棋",
            "id": 28949444
        },
        {
            "name": "陪你度过漫长岁月",
            "artist": "张钰琪",
            "id": 1806071453
        },
        {
            "name": "我的美丽feat.海洋Bo",
            "artist": "海洋Bo",
            "id": 1979417838
        },
        {
            "name": "我在等 · 2022",
            "artist": "苏星婕",
            "id": 1985656866
        },
        {
            "name": "你想要的",
            "artist": "颜人中",
            "id": 1434309927
        },
        {
            "name": "爱的岁月",
            "artist": "Time",
            "id": 1971784753
        },
        {
            "name": "唯一",
            "artist": "告五人",
            "id": 1807799505
        },
        {
            "name": "MoreanP-不要用爱绑架我（v7777777 remix）",
            "artist": "v7777777",
            "id": 1980324422
        },
        {
            "name": "稻城亚丁＋我知道你（MS×0.9）",
            "artist": "池一",
            "id": 1971651762
        },
        {
            "name": "楼顶上的小斑鸠(0.8x)",
            "artist": "呢喃",
            "id": 1959152626
        },
        {
            "name": "把回忆拼好给你（0.8速）",
            "artist": "果味纯氧",
            "id": 1931410909
        },
        {
            "name": "雪地里相爱",
            "artist": "超超（周永超）",
            "id": 1978260557
        },
        {
            "name": "我属于你的注定",
            "artist": "贺子轩",
            "id": 1915336641
        },
        {
            "name": "暗恋航空（remix 0.8x）",
            "artist": "乐",
            "id": 1946444164
        },
        {
            "name": "拉勾 永远别和我说分开的话",
            "artist": "玫瑰",
            "id": 1957770816
        },
        {
            "name": "最",
            "artist": "9iay",
            "id": 1956038048
        },
        {
            "name": "够钟",
            "artist": "阿梨粤",
            "id": 1931647519
        },
        {
            "name": "下次见",
            "artist": "蔡健雅",
            "id": 208893
        },
        {
            "name": "你",
            "artist": "Wwen^",
            "id": 1977171169
        },
        {
            "name": "最佳损友",
            "artist": "陈奕迅",
            "id": 65800
        },
        {
            "name": "一样的月光（×0.8）",
            "artist": "朴永纯",
            "id": 1948007389
        },
        {
            "name": "孤雏",
            "artist": "AGA",
            "id": 421486605
        },
        {
            "name": "NUNA",
            "artist": "队长",
            "id": 1971912772
        },
        {
            "name": "你的婚礼",
            "artist": "神漫.Music",
            "id": 1960370277
        },
        {
            "name": "新鲜感(0.8x)",
            "artist": "呢喃",
            "id": 1959373304
        },
        {
            "name": "她离开我的时候《周迅版》",
            "artist": "驹之心",
            "id": 1959485001
        },
        {
            "name": "还是分开（0.8x）",
            "artist": "文",
            "id": 1949423188
        },
        {
            "name": "予你(75%)",
            "artist": "雾无眠",
            "id": 1927963821
        },
        {
            "name": "别忘了我爱你",
            "artist": "赖蕊",
            "id": 1810144446
        },
        {
            "name": "雨爱（0.8x）",
            "artist": "海予浪漫诗",
            "id": 1961174794
        },
        {
            "name": "忘不掉的你（0.8x）",
            "artist": "WongKarKwoo",
            "id": 1955286780
        },
        {
            "name": "命运（0.8x）",
            "artist": "文",
            "id": 1947780316
        },
        {
            "name": "那年(初版)",
            "artist": "任然",
            "id": 33556489
        },
        {
            "name": "特别的人（降调版）",
            "artist": "电音老傅",
            "id": 1406174734
        },
        {
            "name": "篡改",
            "artist": "颜人中",
            "id": 1923203217
        },
        {
            "name": "流浪",
            "artist": "江辰",
            "id": 1941265858
        },
        {
            "name": "Leave Me Alone （0.8X）",
            "artist": "Wangzihui",
            "id": 1917342027
        },
        {
            "name": "互相隐瞒",
            "artist": "Eleven",
            "id": 1931286622
        },
        {
            "name": "来不及（Live）",
            "artist": "刘瑞琦",
            "id": 1407424616
        },
        {
            "name": "爱情杀人事件",
            "artist": "前男友",
            "id": 1919226883
        },
        {
            "name": "My love",
            "artist": "颜人中",
            "id": 1493976789
        },
        {
            "name": "爱要怎么说出口 (Live)",
            "artist": "林俊杰",
            "id": 450222687
        },
        {
            "name": "Letting Go",
            "artist": "蔡健雅",
            "id": 208891
        },
        {
            "name": "给我一个理由忘记",
            "artist": "黄丽玲",
            "id": 205342
        },
        {
            "name": "一样的月光",
            "artist": "徐佳莹",
            "id": 306665
        },
        {
            "name": "舍得",
            "artist": "王唯旖",
            "id": 448144321
        },
        {
            "name": "雀跃",
            "artist": "任然",
            "id": 489302317
        },
        {
            "name": "念念不忘必有回响7.0",
            "artist": "斌",
            "id": 1942588602
        },
        {
            "name": "念念不忘必有回响4.0",
            "artist": "斌",
            "id": 1940449610
        },
        {
            "name": "释怀V2（叫什么航 remix）",
            "artist": "叫什么航",
            "id": 1940803515
        },
        {
            "name": "记忆怎么删 你个老六",
            "artist": "神漫.Music",
            "id": 1938824199
        },
        {
            "name": "不将就",
            "artist": "李荣浩",
            "id": 31654343
        },
        {
            "name": "戒不掉（原声版）",
            "artist": "欧阳耀莹",
            "id": 1299889486
        },
        {
            "name": "不见",
            "artist": "丁芙妮",
            "id": 1482674779
        },
        {
            "name": "可能",
            "artist": "队长",
            "id": 1844448537
        },
        {
            "name": "我们的爱",
            "artist": "F.I.R.",
            "id": 354593
        },
        {
            "name": "幸福了 然后呢",
            "artist": "黄丽玲",
            "id": 25657348
        },
        {
            "name": "再次见到你（翻自 金娜英/Mad Clown）",
            "artist": "闫嘉辉",
            "id": 455710835
        },
        {
            "name": "我看过",
            "artist": "周星星",
            "id": 1459935719
        },
        {
            "name": "EYES, NOSE, LIPS (TAEYANG 2017 WORLD TOUR <WHITE NIGHT> IN JAPAN)",
            "artist": "TAEYANG",
            "id": 534064158
        },
        {
            "name": "交换余生（翻自 JJ Lin）",
            "artist": "Natsu团长",
            "id": 1820129657
        },
        {
            "name": "雪下的时候",
            "artist": "乔佳旭",
            "id": 1417143120
        },
        {
            "name": "习惯失恋",
            "artist": "容祖儿",
            "id": 288075
        },
        {
            "name": "裹着心的光",
            "artist": "林俊杰",
            "id": 1851344107
        },
        {
            "name": "新地球",
            "artist": "林俊杰",
            "id": 29774171
        },
        {
            "name": "学不会",
            "artist": "林俊杰",
            "id": 108134
        },
        {
            "name": "如果呢（女声版）",
            "artist": "yihuik苡慧",
            "id": 1860614598
        },
        {
            "name": "You Are Beautiful",
            "artist": "刘沁",
            "id": 481535277
        },
        {
            "name": "黑夜问白天",
            "artist": "林俊杰",
            "id": 525278976
        },
        {
            "name": "我怀念的 (Live)",
            "artist": "林俊杰",
            "id": 440207933
        },
        {
            "name": "A Kind of Sorrow",
            "artist": "Sam Tsui",
            "id": 1416438318
        },
        {
            "name": "哪里都是你",
            "artist": "队长",
            "id": 488249475
        },
        {
            "name": "予你",
            "artist": "队长",
            "id": 1895330088
        },
        {
            "name": "不为谁而作的歌",
            "artist": "林俊杰",
            "id": 1468115100
        },
        {
            "name": "落空",
            "artist": "印子月",
            "id": 548885986
        },
        {
            "name": "飞蛾与花火",
            "artist": "Felicia蔡菲凡",
            "id": 1488329606
        },
        {
            "name": "不为谁而作的歌(Live)",
            "artist": "林俊杰",
            "id": 399353368
        },
        {
            "name": "IF YOU (KR Ver._BIGBANG WORLD TOUR 2015~2016 [MADE] IN JAPAN)",
            "artist": "BIGBANG",
            "id": 410629770
        },
        {
            "name": "喜欢你 (Live)",
            "artist": "G.E.M.邓紫棋",
            "id": 28427753
        },
        {
            "name": "Because of You",
            "artist": "Kelly Clarkson",
            "id": 16232697
        },
        {
            "name": "观潮",
            "artist": "苏世超",
            "id": 573690973
        },
        {
            "name": "不存在的情人",
            "artist": "林俊杰",
            "id": 108152
        },
        {
            "name": "不为谁而作的歌",
            "artist": "林俊杰",
            "id": 486194136
        },
        {
            "name": "爱最闪耀",
            "artist": "田如一",
            "id": 1296379056
        },
        {
            "name": "红玫瑰",
            "artist": "陈奕迅",
            "id": 65533
        },
        {
            "name": "爱你没错",
            "artist": "雷小宝",
            "id": 1458767558
        },
        {
            "name": "你瞒我瞒",
            "artist": "陈柏宇",
            "id": 25718007
        },
        {
            "name": "我还想她",
            "artist": "林俊杰",
            "id": 108493
        },
        {
            "name": "剪了头发",
            "artist": "赵偈康",
            "id": 1465335755
        },
        {
            "name": "사랑해요只对你说",
            "artist": "林俊杰",
            "id": 108792
        },
        {
            "name": "特别的人",
            "artist": "方大同",
            "id": 28403111
        },
        {
            "name": "手心的蔷薇",
            "artist": "林俊杰",
            "id": 29848657
        },
        {
            "name": "修炼爱情",
            "artist": "林俊杰",
            "id": 25727803
        },
        {
            "name": "Always Online",
            "artist": "林俊杰",
            "id": 108485
        },
        {
            "name": "可惜没如果",
            "artist": "林俊杰",
            "id": 29814898
        },
        {
            "name": "背对背拥抱",
            "artist": "林俊杰",
            "id": 26305547
        },
        {
            "name": "我怕你已走又怕你未至",
            "artist": "队长",
            "id": 1411464897
        },
        {
            "name": "某年某月某天",
            "artist": "颜人中",
            "id": 1454723856
        },
        {
            "name": "当爱来临的时候",
            "artist": "想吃空心菜",
            "id": 1351862405
        },
        {
            "name": "最爱",
            "artist": "周慧敏",
            "id": 329925
        },
        {
            "name": "上心",
            "artist": "长晴",
            "id": 1831810728
        },
        {
            "name": "吴哥窟",
            "artist": "訫",
            "id": 1819546002
        },
        {
            "name": "下雨天（live）",
            "artist": "李锐涵（Rayhan）",
            "id": 1423746121
        },
        {
            "name": "Merry Christmas Mr. Lawrence 副歌（翻自 坂本龍一）",
            "artist": "ViolinSang 蔡卓邑",
            "id": 1456297312
        }
    ]
}