{
    "playlist_info": {
        "name": "少女终末旅行（原声集）",
        "trackcount": 44,
        "playcount": 1572232,
        "creator": "中二的歪鲤",
        "createDate": "2017-04-14",
        "heat": 693.0
    },
    "songs": [
        {
            "name": "動く、動く",
            "artist": "水瀬いのり",
            "id": 520461943
        },
        {
            "name": "More One Night",
            "artist": "久保ユリカ",
            "id": 520461955
        },
        {
            "name": "雨だれの歌",
            "artist": "久保ユリカ",
            "id": 520459951
        },
        {
            "name": "Endless Journey",
            "artist": "水瀬いのり",
            "id": 520461944
        },
        {
            "name": "少女終末旅行 -Main Theme-",
            "artist": "末廣健一郎",
            "id": 524148934
        },
        {
            "name": "あの瓦礫の向こうへ",
            "artist": "末廣健一郎",
            "id": 524149922
        },
        {
            "name": "風ト廃墟ノ散歩道",
            "artist": "末廣健一郎",
            "id": 524148933
        },
        {
            "name": "ケッテンクラート",
            "artist": "末廣健一郎",
            "id": 524149923
        },
        {
            "name": "終末ノ昼下ガリ",
            "artist": "末廣健一郎",
            "id": 524149925
        },
        {
            "name": "時ノ記憶",
            "artist": "末廣健一郎",
            "id": 524148935
        },
        {
            "name": "フタリボッチ",
            "artist": "末廣健一郎",
            "id": 524148936
        },
        {
            "name": "君と過ごす日々",
            "artist": "末廣健一郎",
            "id": 524149924
        },
        {
            "name": "チーズって何?",
            "artist": "末廣健一郎",
            "id": 524148937
        },
        {
            "name": "チトとユーリ",
            "artist": "末廣健一郎",
            "id": 524150908
        },
        {
            "name": "甘いって幸せ",
            "artist": "末廣健一郎",
            "id": 524148938
        },
        {
            "name": "哀しみと迷い",
            "artist": "末廣健一郎",
            "id": 524149926
        },
        {
            "name": "遡ル記憶",
            "artist": "末廣健一郎",
            "id": 524150909
        },
        {
            "name": "優シイ日々",
            "artist": "末廣健一郎",
            "id": 524150910
        },
        {
            "name": "答エヲ探シテ",
            "artist": "末廣健一郎",
            "id": 524152876
        },
        {
            "name": "弾ム心",
            "artist": "末廣健一郎",
            "id": 524149927
        },
        {
            "name": "君ヲ想ウ",
            "artist": "末廣健一郎",
            "id": 524149928
        },
        {
            "name": "心ニ触レテ",
            "artist": "末廣健一郎",
            "id": 524148939
        },
        {
            "name": "僅カナ希望",
            "artist": "末廣健一郎",
            "id": 524150911
        },
        {
            "name": "動く、動く -Piano version-",
            "artist": "毛蟹",
            "id": 524149929
        },
        {
            "name": "静寂ノ旅路",
            "artist": "末廣健一郎",
            "id": 524149931
        },
        {
            "name": "行動ト前進",
            "artist": "末廣健一郎",
            "id": 524148940
        },
        {
            "name": "探索",
            "artist": "末廣健一郎",
            "id": 524149932
        },
        {
            "name": "喪失",
            "artist": "末廣健一郎",
            "id": 524152877
        },
        {
            "name": "理由",
            "artist": "末廣健一郎",
            "id": 524152878
        },
        {
            "name": "瞳ニ映ル景色",
            "artist": "末廣健一郎",
            "id": 524148941
        },
        {
            "name": "生キ残リ",
            "artist": "末廣健一郎",
            "id": 524148942
        },
        {
            "name": "光ヲ求メテ",
            "artist": "末廣健一郎",
            "id": 524152879
        },
        {
            "name": "共感ト自律機械",
            "artist": "末廣健一郎",
            "id": 524150913
        },
        {
            "name": "ヌコ",
            "artist": "末廣健一郎",
            "id": 524148943
        },
        {
            "name": "予兆ト警戒",
            "artist": "末廣健一郎",
            "id": 524152880
        },
        {
            "name": "文明の痕跡",
            "artist": "末廣健一郎",
            "id": 524150914
        },
        {
            "name": "白銀",
            "artist": "末廣健一郎",
            "id": 524152881
        },
        {
            "name": "この素晴らしき終末世界",
            "artist": "末廣健一郎",
            "id": 524148944
        },
        {
            "name": "終ワリノ歌",
            "artist": "末廣健一郎",
            "id": 524150915
        },
        {
            "name": "夜想曲第2番 変ホ長調 op.9-2 -ノクターン-",
            "artist": "Frédéric François Chopin",
            "id": 524148945
        },
        {
            "name": "アイキャッチ1",
            "artist": "末廣健一郎",
            "id": 524149933
        },
        {
            "name": "アイキャッチ2",
            "artist": "末廣健一郎",
            "id": 524150916
        },
        {
            "name": "アイキャッチ3",
            "artist": "末廣健一郎",
            "id": 524150917
        },
        {
            "name": "More One Night -Piano version-",
            "artist": "emon (Tes.)",
            "id": 524150918
        }
    ]
}