{
    "playlist_info": {
        "name": "小众BGM合集｜短片配乐不用愁",
        "trackcount": 63,
        "playcount": 13711,
        "creator": "青停君",
        "createDate": "2018-10-14",
        "heat": 7.0
    },
    "songs": [
        {
            "name": "Hopeful Hearts",
            "artist": "Thomas Greenberg",
            "id": 29207826
        },
        {
            "name": "Verismilitude",
            "artist": "Steve Jablonsky",
            "id": 476751849
        },
        {
            "name": "再出发（Launch Again)",
            "artist": "青停",
            "id": 2003008334
        },
        {
            "name": "Midnight Sun",
            "artist": "OTR",
            "id": 1421440471
        },
        {
            "name": "I, Robot Theme (End Credits)",
            "artist": "Marco Beltrami",
            "id": 412153867
        },
        {
            "name": "Dogs",
            "artist": "HVOB",
            "id": 1409576094
        },
        {
            "name": "ninelie (instrumental)",
            "artist": "澤野弘之",
            "id": 409872508
        },
        {
            "name": "Moon",
            "artist": "Sleeping at Last",
            "id": 27731586
        },
        {
            "name": "Happy Children",
            "artist": "Plastic3",
            "id": 534505619
        },
        {
            "name": "Piano: 遺サレタ場所",
            "artist": "岡部啓一",
            "id": 555756526
        },
        {
            "name": "Mystery of Love (Piano Arrangement)",
            "artist": "Costantino Carrara",
            "id": 1479642334
        },
        {
            "name": "Blast Pit 3",
            "artist": "Joel Nielsen",
            "id": 29277834
        },
        {
            "name": "エミール/絶望",
            "artist": "帆足圭吾",
            "id": 468490601
        },
        {
            "name": "没有泪点 (伴奏)",
            "artist": "葛东琪",
            "id": 1358848620
        },
        {
            "name": "A Smile Goes A Long Way",
            "artist": "Richard Schrieber",
            "id": 471968268
        },
        {
            "name": "Collapsing World",
            "artist": "Lightscape",
            "id": 38018486
        },
        {
            "name": "「再来一杯」-Off Vocal",
            "artist": "DMYoung",
            "id": 528766305
        },
        {
            "name": "Oceanside",
            "artist": "Arc North",
            "id": 429482442
        },
        {
            "name": "The Rider",
            "artist": "Adam Young",
            "id": 419485360
        },
        {
            "name": "Owl",
            "artist": "Windsor Airlift",
            "id": 4425894
        },
        {
            "name": "Beyond Hope",
            "artist": "SoundTeMP",
            "id": 5410030
        },
        {
            "name": "The Magic of Simple",
            "artist": "Thomas Greenberg",
            "id": 29207837
        },
        {
            "name": "Escaping the Sandworm",
            "artist": "Gareth Coker",
            "id": 1426940298
        },
        {
            "name": "See The Road, And Walk",
            "artist": "7AND5",
            "id": 2116495
        },
        {
            "name": "Light of Nibel (feat. Aeralie Brighton)",
            "artist": "Gareth Coker",
            "id": 31010776
        },
        {
            "name": "Restoring the Light, Facing the Dark",
            "artist": "Gareth Coker",
            "id": 31010759
        },
        {
            "name": "Main Theme",
            "artist": "Gareth Coker",
            "id": 1426940268
        },
        {
            "name": "To the Moon - Main Theme",
            "artist": "Kan R. Gao",
            "id": 1645064
        },
        {
            "name": "Ashes of Dreams／Aratanaru-JP Version",
            "artist": "MONACA",
            "id": 4937755
        },
        {
            "name": "Điều Ước Giản Đơn",
            "artist": "An Như",
            "id": 1347860453
        },
        {
            "name": "Run Boy Run (Instrumental)",
            "artist": "Woodkid",
            "id": 30064498
        },
        {
            "name": "Born to Be Big",
            "artist": "Soundroll",
            "id": 573363260
        },
        {
            "name": "Just Breathe",
            "artist": "X-Ray Dog",
            "id": 4437811
        },
        {
            "name": "90 Days Of Summer",
            "artist": "X-Ray Dog",
            "id": 4437796
        },
        {
            "name": "Shackleton",
            "artist": "Adam Young",
            "id": 444267119
        },
        {
            "name": "Striking Similarities",
            "artist": "Steve Jablonsky",
            "id": 476751860
        },
        {
            "name": "Between Worlds",
            "artist": "Roger Subirana",
            "id": 28661549
        },
        {
            "name": "The Scientist",
            "artist": "Royal Philharmonic Orchestra",
            "id": 29089377
        },
        {
            "name": "Sunstone",
            "artist": "The Hit House",
            "id": 422463614
        },
        {
            "name": "Self Portrait",
            "artist": "坂本龍一",
            "id": 22650758
        },
        {
            "name": "Until We Meet Again",
            "artist": "Benjamin Monday",
            "id": 1300720426
        },
        {
            "name": "Solitude",
            "artist": "坂本龍一",
            "id": 498210
        },
        {
            "name": "Reunited",
            "artist": "Toby Fox",
            "id": 39224654
        },
        {
            "name": "冰菊物语(古筝版)",
            "artist": "周桃桃",
            "id": 29097540
        },
        {
            "name": "彩蝶舞夏",
            "artist": "何真真",
            "id": 29097535
        },
        {
            "name": "You",
            "artist": "Approaching Nirvana",
            "id": 3932159
        },
        {
            "name": "初夏雨后",
            "artist": "谢明祥",
            "id": 29097536
        },
        {
            "name": "夏野与暗恋",
            "artist": "闫东炜",
            "id": 421934070
        },
        {
            "name": "China (The Atomic Era)",
            "artist": "Geoff Knorr",
            "id": 441120082
        },
        {
            "name": "Can You Really Call This A Hotel, I Didn't Receive A Mint On My Pillow Or Anything",
            "artist": "Toby Fox",
            "id": 39227613
        },
        {
            "name": "Undertale",
            "artist": "Toby Fox",
            "id": 39227624
        },
        {
            "name": "夢桜",
            "artist": "Jusqu'à Grand-Père",
            "id": 756162
        },
        {
            "name": "Avec Toi Toujours~いつもあなたと一绪に~(Violin Version)",
            "artist": "城之内ミサ",
            "id": 586728
        },
        {
            "name": "Andante Cantabile (From String Quartet No. 1, Op. 11): Andante cantabile in B-Flat Major",
            "artist": "吕思清",
            "id": 122644
        },
        {
            "name": "Divertimento In D, K.334 - Edited By Rolf Bender:3. Menuetto - Trio - Menuetto",
            "artist": "Anne-Sophie Mutter",
            "id": 2123324
        },
        {
            "name": "霧島翔子",
            "artist": "松田彬人",
            "id": 28941691
        },
        {
            "name": "Inspire",
            "artist": "Capo Productions",
            "id": 4010812
        },
        {
            "name": "Romanzo",
            "artist": "Capo Productions",
            "id": 4010783
        },
        {
            "name": "Faith",
            "artist": "Capo Productions",
            "id": 4010820
        },
        {
            "name": "Come Away With Me",
            "artist": "Thomas Greenberg",
            "id": 2061469
        },
        {
            "name": "String Theory",
            "artist": "Thomas Greenberg",
            "id": 29207839
        },
        {
            "name": "Summer's Here",
            "artist": "Thomas Greenberg",
            "id": 29207823
        },
        {
            "name": "Stuff We Did",
            "artist": "Michael Giacchino",
            "id": 1709335
        }
    ]
}