{
    "playlist_info": {
        "name": "小学生上分必备战歌",
        "trackcount": 49,
        "playcount": 954482,
        "creator": "找女票还不如找好听的音乐",
        "createDate": "2016-06-23",
        "heat": 372.0
    },
    "songs": [
        {
            "name": "Bomba (Radio Edit) (Remix Klass)",
            "artist": "Jessy Matador",
            "id": 423227267
        },
        {
            "name": "【王者荣耀rap】你见过被玩坏的系统语音姐姐吗",
            "artist": "布姆人",
            "id": 460501805
        },
        {
            "name": "Happy Tree Friends",
            "artist": "Various Artists",
            "id": 30148444
        },
        {
            "name": "Theme of False Emperor",
            "artist": "澤田朋伯",
            "id": 4973433
        },
        {
            "name": "Schnappi",
            "artist": "Joy Gruttmann",
            "id": 2866921
        },
        {
            "name": "小跳蛙",
            "artist": "青蛙乐队",
            "id": 371362
        },
        {
            "name": "The Hamster Dance",
            "artist": "The Hit Crew",
            "id": 5166725
        },
        {
            "name": "SpongeBob Closing Theme",
            "artist": "Various Artists",
            "id": 29822196
        },
        {
            "name": "哆啦a梦",
            "artist": "山野さと子",
            "id": 27901416
        },
        {
            "name": "奇迹再现",
            "artist": "毛华锋",
            "id": 27901832
        },
        {
            "name": "Nyan Cat",
            "artist": "daniwellP",
            "id": 22660279
        },
        {
            "name": "光能使者",
            "artist": "解晓东",
            "id": 28188450
        },
        {
            "name": "Hello",
            "artist": "OMFG",
            "id": 33211676
        },
        {
            "name": "brave heart",
            "artist": "宮崎歩",
            "id": 22659636
        },
        {
            "name": "Up and Down Dance",
            "artist": "Teletubbies",
            "id": 27808123
        },
        {
            "name": "Dirty Knees",
            "artist": "Teletubbies",
            "id": 27808116
        },
        {
            "name": "Oh, Susannah",
            "artist": "Various Artists",
            "id": 5194662
        },
        {
            "name": "I've Been Working on the Railroad",
            "artist": "Various Artists",
            "id": 5194655
        },
        {
            "name": "Eeyore Needs His Tail / Winner Song",
            "artist": "Winnie the Pooh",
            "id": 1436780
        },
        {
            "name": "Camptown Races",
            "artist": "Various Artists",
            "id": 5194657
        },
        {
            "name": "打电话",
            "artist": "东四五条幼儿园",
            "id": 5240759
        },
        {
            "name": "のんびり晴ればれ(M-40AB/M-41AB/M-60A)",
            "artist": "多田彰文",
            "id": 29043343
        },
        {
            "name": "丢手绢",
            "artist": "中国广播少年合唱团",
            "id": 5240758
        },
        {
            "name": "我的小怪物",
            "artist": "群星",
            "id": 5270564
        },
        {
            "name": "蓝精灵之歌",
            "artist": "新月合唱团",
            "id": 5270563
        },
        {
            "name": "波比换牙",
            "artist": "群星",
            "id": 5270557
        },
        {
            "name": "八只小鹅",
            "artist": "广州蓓蕾艺术中心合唱队",
            "id": 5270556
        },
        {
            "name": "小心な侵入者",
            "artist": "根岸貴幸",
            "id": 28785388
        },
        {
            "name": "言い訳.",
            "artist": "松田彬人",
            "id": 631311
        },
        {
            "name": "Yakety Sax (Theme from The Benny Hill Show)",
            "artist": "Boots Randolph",
            "id": 16697288
        },
        {
            "name": "영민의 상상력",
            "artist": "김지애",
            "id": 29572614
        },
        {
            "name": "At Circus Tent",
            "artist": "大谷幸",
            "id": 492159
        },
        {
            "name": "小小少年",
            "artist": "蒋小涵",
            "id": 252019
        },
        {
            "name": "The Pink Panther Theme",
            "artist": "Henry Mancini",
            "id": 1434488
        },
        {
            "name": "Oare Cât?",
            "artist": "Cleopatra Stratan",
            "id": 2308754
        },
        {
            "name": "运动员进行曲",
            "artist": "中国人民解放军军乐团",
            "id": 395414
        },
        {
            "name": "葫芦金刚",
            "artist": "王迟",
            "id": 5263408
        },
        {
            "name": "地上BGM",
            "artist": "近藤浩治",
            "id": 31719143
        },
        {
            "name": "大头儿子小头爸爸",
            "artist": "群星",
            "id": 28029828
        },
        {
            "name": "猴哥",
            "artist": "张伟进",
            "id": 199766
        },
        {
            "name": "采蘑菇的小姑娘",
            "artist": "杨烁",
            "id": 28308244
        },
        {
            "name": "Jingle Bells",
            "artist": "Kids Choir",
            "id": 22509038
        },
        {
            "name": "귀요미송",
            "artist": "Hari",
            "id": 26418242
        },
        {
            "name": "あっけにとられた时のうた~出演者ヴァージョン",
            "artist": "水谷優子",
            "id": 5004622
        },
        {
            "name": "ふたば幼稚園の歌",
            "artist": "Mew",
            "id": 5006515
        },
        {
            "name": "Field and Scream (1955, Tex Avery)",
            "artist": "Scott Bradley",
            "id": 1992799
        },
        {
            "name": "海尔兄弟",
            "artist": "蒋小涵",
            "id": 252171
        },
        {
            "name": "舒克与贝塔",
            "artist": "金复载",
            "id": 27571930
        },
        {
            "name": "大力水手主题曲",
            "artist": "Various Artists",
            "id": 30352948
        }
    ]
}