{
    "playlist_info": {
        "name": "少年，这是你向往的江湖吗？",
        "trackcount": 42,
        "playcount": 1304472,
        "creator": "隐匿于蓝",
        "createDate": "2017-12-23",
        "heat": 646.0
    },
    "songs": [
        {
            "name": "我，江湖！",
            "artist": "周深",
            "id": 1813568808
        },
        {
            "name": "说书人",
            "artist": "暗杠",
            "id": 1303019637
        },
        {
            "name": "今年勇",
            "artist": "许嵩",
            "id": 448144319
        },
        {
            "name": "明月天涯",
            "artist": "五音Jw",
            "id": 416388799
        },
        {
            "name": "江湖识君",
            "artist": "非才",
            "id": 495245763
        },
        {
            "name": "一字称侠",
            "artist": "音频怪物",
            "id": 1399862682
        },
        {
            "name": "侠客某",
            "artist": "祝贺",
            "id": 29732300
        },
        {
            "name": "关山酒",
            "artist": "小魂",
            "id": 1388334766
        },
        {
            "name": "故事外的人",
            "artist": "慕寒",
            "id": 862515525
        },
        {
            "name": "古龙群侠传",
            "artist": "Aki阿杰",
            "id": 31066274
        },
        {
            "name": "少年城（乐正龙牙 feat. 言和）",
            "artist": "乐正龙牙",
            "id": 571804270
        },
        {
            "name": "长歌送魂",
            "artist": "河图",
            "id": 27571864
        },
        {
            "name": "煨酒忽忆旧关河",
            "artist": "CRITTY",
            "id": 32957016
        },
        {
            "name": "江湖歌",
            "artist": "戴荃",
            "id": 1413156907
        },
        {
            "name": "侠",
            "artist": "不可撤销",
            "id": 29747623
        },
        {
            "name": "长安志",
            "artist": "绯村柯北",
            "id": 566436342
        },
        {
            "name": "少侠",
            "artist": "江鲵",
            "id": 1372001307
        },
        {
            "name": "江湖撰事录",
            "artist": "音阙诗听",
            "id": 1356248404
        },
        {
            "name": "涉川",
            "artist": "不才",
            "id": 482933652
        },
        {
            "name": "白羽行",
            "artist": "魏展眉",
            "id": 457058896
        },
        {
            "name": "江湖又年",
            "artist": "易言",
            "id": 486237435
        },
        {
            "name": "青衫薄",
            "artist": "KBShinya",
            "id": 1322877419
        },
        {
            "name": "吾辈逍遥",
            "artist": "阿睿凌霓剑裳",
            "id": 415090322
        },
        {
            "name": "清风未老",
            "artist": "Winky诗",
            "id": 541480120
        },
        {
            "name": "日暮归途",
            "artist": "HITA",
            "id": 505451374
        },
        {
            "name": "剑胆",
            "artist": "小魂",
            "id": 31378807
        },
        {
            "name": "剑歌",
            "artist": "落小寒",
            "id": 516610101
        },
        {
            "name": "剑之道（《梦间集》推广曲）",
            "artist": "排骨教主",
            "id": 509558251
        },
        {
            "name": "诛仙剑",
            "artist": "痞克四",
            "id": 370560
        },
        {
            "name": "拂世之剑",
            "artist": "音频怪物",
            "id": 30064893
        },
        {
            "name": "剑雪归藏",
            "artist": "小曲儿",
            "id": 29771068
        },
        {
            "name": "剑破浮生",
            "artist": "潇梦临",
            "id": 447270272
        },
        {
            "name": "拂世之剑",
            "artist": "小魂",
            "id": 31378692
        },
        {
            "name": "轩辕剑赋",
            "artist": "双笙（陈元汐）",
            "id": 458639179
        },
        {
            "name": "琴曲剑语",
            "artist": "小魂",
            "id": 430787410
        },
        {
            "name": "挑灯看剑",
            "artist": "音阙诗听",
            "id": 467351937
        },
        {
            "name": "问剑江湖",
            "artist": "双笙（陈元汐）",
            "id": 459412983
        },
        {
            "name": "君心剑意(藏剑)",
            "artist": "池年",
            "id": 35617506
        },
        {
            "name": "以世寂剑",
            "artist": "小魂",
            "id": 33715038
        },
        {
            "name": "【剑网3】剑可入鞘(藏剑)",
            "artist": "吾恩",
            "id": 33004384
        },
        {
            "name": "剑行江湖 - 剑侠情缘手游同人",
            "artist": "玄觞",
            "id": 459310278
        },
        {
            "name": "性空山",
            "artist": "陈粒",
            "id": 30051774
        }
    ]
}