{
    "playlist_info": {
        "name": "福克斯fox-中国风说唱天花板【持续更新】",
        "trackcount": 144,
        "playcount": 2144094,
        "creator": "网易云音乐榜单",
        "createDate": "2019-07-05",
        "heat": 1473.0
    },
    "songs": [
        {
            "name": "Slip past lives(part1 1)",
            "artist": "24KinG",
            "id": 2055734670
        },
        {
            "name": "5am (水瓶座)",
            "artist": "24KinG",
            "id": 2020707603
        },
        {
            "name": "Boyfriend",
            "artist": "Jamtso",
            "id": 2055023748
        },
        {
            "name": "选择",
            "artist": "FOX胡天渝",
            "id": 2035127061
        },
        {
            "name": "新的宿命 (New Destiny)",
            "artist": "FOX胡天渝",
            "id": 1962542929
        },
        {
            "name": "白",
            "artist": "FOX胡天渝",
            "id": 2012078161
        },
        {
            "name": "自叙",
            "artist": "FOX胡天渝",
            "id": 2012078158
        },
        {
            "name": "背对夕阳",
            "artist": "FOX胡天渝",
            "id": 2007958614
        },
        {
            "name": "小人物(Nobody)",
            "artist": "FOX胡天渝",
            "id": 1914944732
        },
        {
            "name": "Grown Man Love",
            "artist": "ATYANG",
            "id": 2001046520
        },
        {
            "name": "战歌(Fight for Yourself)",
            "artist": "FOX胡天渝",
            "id": 1914933625
        },
        {
            "name": "飞行随笔二(Hip-pop freestyle)",
            "artist": "FOX胡天渝",
            "id": 1972407028
        },
        {
            "name": "新的宿命(LIVE版)",
            "artist": "FOX胡天渝",
            "id": 1968309134
        },
        {
            "name": "英雄(Heritage & Persistence)",
            "artist": "FOX胡天渝",
            "id": 1972407057
        },
        {
            "name": "传世佳作(Go down in history)",
            "artist": "FOX胡天渝",
            "id": 1969844834
        },
        {
            "name": "枭雄(An Ambitious Person)",
            "artist": "FOX胡天渝",
            "id": 1914933624
        },
        {
            "name": "戏子",
            "artist": "老胡Khufu",
            "id": 1890468580
        },
        {
            "name": "春色满园(Spring Scenery Garden)",
            "artist": "FOX胡天渝",
            "id": 1914941146
        },
        {
            "name": "孤独的艺术家",
            "artist": "FOX胡天渝",
            "id": 1899114556
        },
        {
            "name": "颠覆(Brand New Me)",
            "artist": "FOX胡天渝",
            "id": 1914944632
        },
        {
            "name": "爱，无畏(Love Fights Everything)",
            "artist": "FOX胡天渝",
            "id": 1914944657
        },
        {
            "name": "西部本色(The Leader)",
            "artist": "FOX胡天渝",
            "id": 1914941068
        },
        {
            "name": "温故知新(Satire)",
            "artist": "FOX胡天渝",
            "id": 1914941046
        },
        {
            "name": "普通情侣",
            "artist": "FOX胡天渝",
            "id": 1901024276
        },
        {
            "name": "如梦令(Like a Dream)",
            "artist": "FOX胡天渝",
            "id": 1914944714
        },
        {
            "name": "酒过三巡(Cheers)",
            "artist": "FOX胡天渝",
            "id": 1377556924
        },
        {
            "name": "夜游所思",
            "artist": "FOX胡天渝",
            "id": 1416202180
        },
        {
            "name": "归山",
            "artist": "FOX胡天渝",
            "id": 1416193723
        },
        {
            "name": "宿命",
            "artist": "FOX胡天渝",
            "id": 1416193721
        },
        {
            "name": "中华的力量",
            "artist": "李鑫一",
            "id": 1854421499
        },
        {
            "name": "随他",
            "artist": "FOX胡天渝",
            "id": 1416193718
        },
        {
            "name": "入世之道",
            "artist": "FOX胡天渝",
            "id": 1416193722
        },
        {
            "name": "酒鬼",
            "artist": "Hayrul海力",
            "id": 1849627302
        },
        {
            "name": "Say Ya",
            "artist": "李斯丹妮",
            "id": 1840141604
        },
        {
            "name": "Wakanda Forever",
            "artist": "Hey Boy",
            "id": 1834113234
        },
        {
            "name": "人民币",
            "artist": "Hey Boy",
            "id": 1834113253
        },
        {
            "name": "光芒",
            "artist": "Hey Boy",
            "id": 1834117816
        },
        {
            "name": "哪里够",
            "artist": "Hey Boy",
            "id": 1834117817
        },
        {
            "name": "星河",
            "artist": "Hey Boy",
            "id": 1834117790
        },
        {
            "name": "追",
            "artist": "Hey Boy",
            "id": 1834373143
        },
        {
            "name": "22",
            "artist": "Hey Boy",
            "id": 1834117793
        },
        {
            "name": "i",
            "artist": "Hey Boy",
            "id": 1834113256
        },
        {
            "name": "矛盾体",
            "artist": "Hey Boy",
            "id": 1834377629
        },
        {
            "name": "我不是故意不开心的",
            "artist": "Hey Boy",
            "id": 1834113271
        },
        {
            "name": "南京城为我停电了",
            "artist": "Hey Boy",
            "id": 1834117830
        },
        {
            "name": "TOGETHER",
            "artist": "陈泽希",
            "id": 1822522650
        },
        {
            "name": "爱我恨我",
            "artist": "FOX胡天渝",
            "id": 1811920455
        },
        {
            "name": "深夜随笔",
            "artist": "FOX胡天渝",
            "id": 1499878214
        },
        {
            "name": "因果",
            "artist": "FOX胡天渝",
            "id": 1487782909
        },
        {
            "name": "冲浪",
            "artist": "FOX胡天渝",
            "id": 1487788151
        },
        {
            "name": "快乐的悲伤男孩",
            "artist": "FOX胡天渝",
            "id": 1487782941
        },
        {
            "name": "OK,OK",
            "artist": "Vex",
            "id": 1483716801
        },
        {
            "name": "My Life Like A Bass",
            "artist": "叶尔林",
            "id": 1481681013
        },
        {
            "name": "东京游",
            "artist": "FOX胡天渝",
            "id": 1475982334
        },
        {
            "name": "热单制造机",
            "artist": "FOX胡天渝",
            "id": 1473349013
        },
        {
            "name": "一口气全喝光",
            "artist": "FOX胡天渝",
            "id": 1473356029
        },
        {
            "name": "果汁",
            "artist": "FOX胡天渝",
            "id": 1473353100
        },
        {
            "name": "踏浪（Waves）",
            "artist": "FOX胡天渝",
            "id": 1470525529
        },
        {
            "name": "醉江南",
            "artist": "FOX胡天渝",
            "id": 1467721343
        },
        {
            "name": "City Night",
            "artist": "EnjiA (魏恩佳)",
            "id": 1460653394
        },
        {
            "name": "春梦",
            "artist": "FOX胡天渝",
            "id": 1417862900
        },
        {
            "name": "Mona LIsa",
            "artist": "刘炫廷",
            "id": 1417864652
        },
        {
            "name": "月光牌录像带",
            "artist": "Swang多雷",
            "id": 1417864655
        },
        {
            "name": "Way",
            "artist": "叶尔林",
            "id": 1417862907
        },
        {
            "name": "听力考试",
            "artist": "Swang多雷",
            "id": 1417862909
        },
        {
            "name": "生来如此",
            "artist": "FOX胡天渝",
            "id": 1416193715
        },
        {
            "name": "生命的交响",
            "artist": "FOX胡天渝",
            "id": 1410798958
        },
        {
            "name": "活死人2019Cypher",
            "artist": "活死人",
            "id": 1405207289
        },
        {
            "name": "小城市的大人物 (Live)",
            "artist": "FOX胡天渝",
            "id": 1383211743
        },
        {
            "name": "庆功酒(Jungle Juice)",
            "artist": "FOX胡天渝",
            "id": 562118482
        },
        {
            "name": "Follow Me (Live)",
            "artist": "FOX胡天渝",
            "id": 1377519495
        },
        {
            "name": "飞行随笔(Airplane Freestyle)",
            "artist": "FOX胡天渝",
            "id": 1320100120
        },
        {
            "name": "棕旨",
            "artist": "Ice Paper",
            "id": 1321929928
        },
        {
            "name": "Woken Day",
            "artist": "活死人",
            "id": 1387629743
        },
        {
            "name": "侠 (Live)",
            "artist": "FOX胡天渝",
            "id": 1384569209
        },
        {
            "name": "活死人2018Cypher",
            "artist": "活死人",
            "id": 1303079913
        },
        {
            "name": "江山美人",
            "artist": "FOX胡天渝",
            "id": 1383937363
        },
        {
            "name": "我和我的祖国",
            "artist": "FOX胡天渝",
            "id": 1399712957
        },
        {
            "name": "Rapstar",
            "artist": "活死人",
            "id": 1399397761
        },
        {
            "name": "惨绿少年",
            "artist": "Swang多雷",
            "id": 1395577272
        },
        {
            "name": "HorseKing Cypher 2019",
            "artist": "马王HorseKing",
            "id": 1393447118
        },
        {
            "name": "欺",
            "artist": "施鑫文月",
            "id": 1389806911
        },
        {
            "name": "王炸",
            "artist": "Hayrul海力",
            "id": 1387337471
        },
        {
            "name": "We Are Young (Live)",
            "artist": "G.E.M.邓紫棋",
            "id": 1387615548
        },
        {
            "name": "TIME (Live)",
            "artist": "欧阳靖",
            "id": 1387615527
        },
        {
            "name": "我 花 机器人（序章）",
            "artist": "小精灵",
            "id": 1385203781
        },
        {
            "name": "兄弟们上！ (Live)",
            "artist": "盛宇D-SHINE",
            "id": 1380312729
        },
        {
            "name": "文武双全",
            "artist": "DIFF张毅",
            "id": 1378642564
        },
        {
            "name": "第一轮 现实VS梦想",
            "artist": "黄旭",
            "id": 1381764098
        },
        {
            "name": "Bla Bla Bla (Remix版)",
            "artist": "于佐依ZOE",
            "id": 1334649771
        },
        {
            "name": "明争暗斗",
            "artist": "Ice Paper",
            "id": 1349279287
        },
        {
            "name": "一挑五•啸江湖 (Live)",
            "artist": "盛宇D-SHINE",
            "id": 1380316543
        },
        {
            "name": "Go hard (Live)",
            "artist": "盛宇D-SHINE",
            "id": 1380316545
        },
        {
            "name": "谢你不屑",
            "artist": "FOX胡天渝",
            "id": 1383050992
        },
        {
            "name": "异乡人Remix",
            "artist": "单海锋",
            "id": 1382385609
        },
        {
            "name": "第三轮 潮流VS跟风",
            "artist": "SeanT肖恩恩",
            "id": 1381764130
        },
        {
            "name": "福克斯 阿卡贝拉 (live)",
            "artist": "FOX胡天渝",
            "id": 1373168687
        },
        {
            "name": "将军府(2019Cypher Of YNC.)",
            "artist": "Swang多雷",
            "id": 1374086418
        },
        {
            "name": "异乡人 remix",
            "artist": "活死人",
            "id": 1335257558
        },
        {
            "name": "万里挑一(Yin-Yang)",
            "artist": "FOX胡天渝",
            "id": 1320097108
        },
        {
            "name": "春暖花开（活死人版凛冬将至）",
            "artist": "活死人",
            "id": 1326212787
        },
        {
            "name": "爱不完",
            "artist": "咸蛋",
            "id": 509149129
        },
        {
            "name": "Bla Bla Bla",
            "artist": "于佐依ZOE",
            "id": 1334647893
        },
        {
            "name": "夕阳西下",
            "artist": "FOX胡天渝",
            "id": 1315616232
        },
        {
            "name": "你所谓的渣（Prod. 酷癌KooEye)",
            "artist": "李毅杰PISSY",
            "id": 1324510796
        },
        {
            "name": "逍遥游",
            "artist": "Hayrul海力",
            "id": 1359507281
        },
        {
            "name": "世界末日Remix",
            "artist": "BigYear大年",
            "id": 485967984
        },
        {
            "name": "战斗",
            "artist": "Kira",
            "id": 556135526
        },
        {
            "name": "撒娇(Prod.by 10K)",
            "artist": "FOX胡天渝",
            "id": 537627444
        },
        {
            "name": "鼎(Culture)",
            "artist": "FOX胡天渝",
            "id": 562119528
        },
        {
            "name": "丝绸",
            "artist": "Hayrul海力",
            "id": 1338938846
        },
        {
            "name": "I’m not a killer",
            "artist": "法老",
            "id": 1334296108
        },
        {
            "name": "浮生如梦",
            "artist": "FOX胡天渝",
            "id": 489481330
        },
        {
            "name": "请不要抓住我",
            "artist": "Yhon于恩",
            "id": 1370788220
        },
        {
            "name": "上天入地",
            "artist": "活死人",
            "id": 1326219439
        },
        {
            "name": "谢谢你(Thank U)",
            "artist": "FOX胡天渝",
            "id": 1320100122
        },
        {
            "name": "爱(LOVE.)",
            "artist": "FOX胡天渝",
            "id": 865048685
        },
        {
            "name": "战斗Pt.2(Why We Fight)",
            "artist": "FOX胡天渝",
            "id": 562124296
        },
        {
            "name": "戴斯特你(Destiny)",
            "artist": "紧急出口EXIT",
            "id": 1351940189
        },
        {
            "name": "一路",
            "artist": "Young Chill Z",
            "id": 552837003
        },
        {
            "name": "插曲(Skit.)",
            "artist": "FOX胡天渝",
            "id": 1320100121
        },
        {
            "name": "异乡人(Stranger)",
            "artist": "FOX胡天渝",
            "id": 1320101126
        },
        {
            "name": "决定(My Decision)",
            "artist": "FOX胡天渝",
            "id": 864647890
        },
        {
            "name": "江湖梦（Prod. by AIRBUS130&$CC731）",
            "artist": "Karen杨思雨",
            "id": 556557464
        },
        {
            "name": "家",
            "artist": "FOX胡天渝",
            "id": 498761139
        },
        {
            "name": "Don‘t Cry（WOMAN DON'T CRY remix）",
            "artist": "活死人",
            "id": 1326220438
        },
        {
            "name": "福克斯 - Respect & Haters(Remix)（潘梦泽 / 福克斯 remix）",
            "artist": "bzboy",
            "id": 536324195
        },
        {
            "name": "自卑，渺小；自信，伟大(ME.)",
            "artist": "FOX胡天渝",
            "id": 1320100123
        },
        {
            "name": "全园恶人THE CIRCUS",
            "artist": "天府事变CDREV",
            "id": 1321613145
        },
        {
            "name": "给我瑞斯派(E.X.I.T.!)",
            "artist": "紧急出口EXIT",
            "id": 1361287405
        },
        {
            "name": "创可贴(Hey girl)",
            "artist": "紧急出口EXIT",
            "id": 1365195348
        },
        {
            "name": "万千少女の希望",
            "artist": "小精灵",
            "id": 1348566967
        },
        {
            "name": "执(Follow)",
            "artist": "FOX胡天渝",
            "id": 1320101127
        },
        {
            "name": "你(Father)",
            "artist": "FOX胡天渝",
            "id": 865048687
        },
        {
            "name": "E.G.B.A",
            "artist": "咸蛋",
            "id": 502709916
        },
        {
            "name": "For my city(Prod by 米狗）",
            "artist": "Hayrul海力",
            "id": 863492907
        },
        {
            "name": "HorseKing Cypher 2019（伴奏）",
            "artist": "马王HorseKing",
            "id": 1393446905
        },
        {
            "name": "Why We Fight",
            "artist": "Kira",
            "id": 1365675661
        },
        {
            "name": "庆功酒 (Live)",
            "artist": "FOX胡天渝",
            "id": 1374646821
        },
        {
            "name": "啸江湖（Live版）",
            "artist": "嘻哈融合体",
            "id": 1294910875
        },
        {
            "name": "家（Live版）",
            "artist": "嘻哈融合体",
            "id": 1294910874
        },
        {
            "name": "E.G.B.A",
            "artist": "咸蛋",
            "id": 498886100
        },
        {
            "name": "take it slow(prod.by WarRonZ)",
            "artist": "aTou7:30 阿透",
            "id": 537981806
        },
        {
            "name": "小城市的大人物(Small City,Big Shot)",
            "artist": "FOX胡天渝",
            "id": 1365451363
        }
    ]
}