{
    "playlist_info": {
        "name": "福茂唱片 | 这是一份待认领的青春",
        "trackcount": 100,
        "playcount": 1351235,
        "creator": "网易云音乐",
        "createDate": "2022-03-21",
        "heat": 2902.0
    },
    "songs": [
        {
            "name": "遗失的美好",
            "artist": "张韶涵",
            "id": 327235
        },
        {
            "name": "如果的事",
            "artist": "范玮琪",
            "id": 229372
        },
        {
            "name": "寓言",
            "artist": "张韶涵",
            "id": 327208
        },
        {
            "name": "欧若拉",
            "artist": "张韶涵",
            "id": 327157
        },
        {
            "name": "最初的梦想",
            "artist": "范玮琪",
            "id": 229232
        },
        {
            "name": "一个像夏天一个像秋天",
            "artist": "范玮琪",
            "id": 229215
        },
        {
            "name": "最重要的决定",
            "artist": "范玮琪",
            "id": 229161
        },
        {
            "name": "是非题",
            "artist": "范玮琪",
            "id": 229217
        },
        {
            "name": "还是会",
            "artist": "韦礼安",
            "id": 159947
        },
        {
            "name": "慢慢等",
            "artist": "韦礼安",
            "id": 160060
        },
        {
            "name": "女孩",
            "artist": "韦礼安",
            "id": 32358362
        },
        {
            "name": "有没有",
            "artist": "韦礼安",
            "id": 160023
        },
        {
            "name": "我不会喜欢你",
            "artist": "陈柏霖",
            "id": 392524
        },
        {
            "name": "白天不懂夜的黑",
            "artist": "那英",
            "id": 280266
        },
        {
            "name": "蓝眼睛",
            "artist": "苏打绿",
            "id": 375282
        },
        {
            "name": "梦里花",
            "artist": "张韶涵",
            "id": 327090
        },
        {
            "name": "下一个天亮",
            "artist": "郭静",
            "id": 233882
        },
        {
            "name": "在树上唱歌",
            "artist": "郭静",
            "id": 233864
        },
        {
            "name": "心墙",
            "artist": "郭静",
            "id": 233866
        },
        {
            "name": "不药而愈",
            "artist": "郭静",
            "id": 233892
        },
        {
            "name": "每一天都不同",
            "artist": "郭静",
            "id": 233854
        },
        {
            "name": "春泥",
            "artist": "庾澄庆",
            "id": 176648
        },
        {
            "name": "情非得已",
            "artist": "庾澄庆",
            "id": 176605
        },
        {
            "name": "热情的沙漠",
            "artist": "庾澄庆",
            "id": 176706
        },
        {
            "name": "让我一次爱个够",
            "artist": "庾澄庆",
            "id": 177575
        },
        {
            "name": "我要我们在一起",
            "artist": "范晓萱",
            "id": 230299
        },
        {
            "name": "雪人",
            "artist": "范晓萱",
            "id": 230522
        },
        {
            "name": "蓝旗袍",
            "artist": "范晓萱",
            "id": 230404
        },
        {
            "name": "拥抱你的微笑",
            "artist": "郭静",
            "id": 391716
        },
        {
            "name": "氧气(O1 缺氧版)",
            "artist": "范晓萱",
            "id": 230402
        },
        {
            "name": "约定",
            "artist": "周蕙",
            "id": 327933
        },
        {
            "name": "风铃",
            "artist": "周蕙",
            "id": 327934
        },
        {
            "name": "吉普赛情人",
            "artist": "周传雄",
            "id": 200563
        },
        {
            "name": "哈萨雅琪",
            "artist": "周传雄",
            "id": 200537
        },
        {
            "name": "天后",
            "artist": "陈势安",
            "id": 72394
        },
        {
            "name": "方向",
            "artist": "陈妍希",
            "id": 26370510
        },
        {
            "name": "叔公的小城故事",
            "artist": "陈妍希",
            "id": 26370504
        },
        {
            "name": "Clueless Boy",
            "artist": "陈妍希",
            "id": 26370505
        },
        {
            "name": "相爱的人都等在这地方",
            "artist": "黄雅莉",
            "id": 239670
        },
        {
            "name": "想你笑",
            "artist": "黄雅莉",
            "id": 239648
        },
        {
            "name": "前任女友",
            "artist": "黄雅莉",
            "id": 239658
        },
        {
            "name": "仨人",
            "artist": "范玮琪",
            "id": 229277
        },
        {
            "name": "我可以忍受",
            "artist": "徐洁儿",
            "id": 308596
        },
        {
            "name": "再痛也没关系 (国语)",
            "artist": "陈势安",
            "id": 391484
        },
        {
            "name": "一比一",
            "artist": "范玮琪",
            "id": 229365
        },
        {
            "name": "别再来梦里",
            "artist": "谢沛恩",
            "id": 26513452
        },
        {
            "name": "漂流木 (独唱版) - 完整版",
            "artist": "谢沛恩",
            "id": 574495129
        },
        {
            "name": "无畏的明天",
            "artist": "毕书尽",
            "id": 1860856590
        },
        {
            "name": "我比从前想你了",
            "artist": "毕书尽",
            "id": 1368711449
        },
        {
            "name": "对望 (国语)",
            "artist": "林志颖",
            "id": 4874119
        },
        {
            "name": "转身之后",
            "artist": "毕书尽",
            "id": 63037
        },
        {
            "name": "现在开始",
            "artist": "王宏恩",
            "id": 392520
        },
        {
            "name": "大海爱蓝天 (国语)",
            "artist": "彭于晏",
            "id": 4875240
        },
        {
            "name": "Love Come Undone",
            "artist": "Julia Wu",
            "id": 1403071915
        },
        {
            "name": "咖啡在等一个人",
            "artist": "周慧敏",
            "id": 28923206
        },
        {
            "name": "单身美好",
            "artist": "郭静",
            "id": 25638102
        },
        {
            "name": "聊天",
            "artist": "郭静",
            "id": 233852
        },
        {
            "name": "亲密爱人",
            "artist": "庾澄庆",
            "id": 176749
        },
        {
            "name": "心要让你听见",
            "artist": "邰正宵",
            "id": 151606
        },
        {
            "name": "千纸鹤",
            "artist": "邰正宵",
            "id": 151738
        },
        {
            "name": "找一个字代替",
            "artist": "邰正宵",
            "id": 151765
        },
        {
            "name": "一千零一夜",
            "artist": "邰正宵",
            "id": 151618
        },
        {
            "name": "我恋爱了",
            "artist": "张韶涵",
            "id": 326984
        },
        {
            "name": "头号甜心",
            "artist": "张韶涵",
            "id": 326996
        },
        {
            "name": "Journey",
            "artist": "张韶涵",
            "id": 327239
        },
        {
            "name": "普通朋友的朋友",
            "artist": "蔡昌宪",
            "id": 392521
        },
        {
            "name": "到不了",
            "artist": "范玮琪",
            "id": 229546
        },
        {
            "name": "可不可以不勇敢",
            "artist": "范玮琪",
            "id": 229469
        },
        {
            "name": "我爱洗澡",
            "artist": "范晓萱",
            "id": 230466
        },
        {
            "name": "Darling",
            "artist": "范晓萱",
            "id": 230385
        },
        {
            "name": "眼泪",
            "artist": "范晓萱",
            "id": 230587
        },
        {
            "name": "你的甜蜜",
            "artist": "范晓萱",
            "id": 230589
        },
        {
            "name": "哭了",
            "artist": "范晓萱",
            "id": 230393
        },
        {
            "name": "命中注定",
            "artist": "庾澄庆",
            "id": 176608
        },
        {
            "name": "静静的",
            "artist": "庾澄庆",
            "id": 176674
        },
        {
            "name": "缺口",
            "artist": "庾澄庆",
            "id": 28923211
        },
        {
            "name": "那些花儿",
            "artist": "范玮琪",
            "id": 229460
        },
        {
            "name": "最亲爱的你",
            "artist": "范玮琪",
            "id": 229137
        },
        {
            "name": "我们的纪念日",
            "artist": "范玮琪",
            "id": 229219
        },
        {
            "name": "玻璃鞋",
            "artist": "蔡家蓁",
            "id": 1377515398
        },
        {
            "name": "翅膀 (国语)",
            "artist": "林依晨",
            "id": 392517
        },
        {
            "name": "在你身边",
            "artist": "韦礼安",
            "id": 28009953
        },
        {
            "name": "回不去的时光",
            "artist": "庾澄庆",
            "id": 25776121
        },
        {
            "name": "只有月亮全看见",
            "artist": "李国毅",
            "id": 25776120
        },
        {
            "name": "伤日快乐",
            "artist": "张韶涵",
            "id": 399954126
        },
        {
            "name": "错误的相遇 (国语)",
            "artist": "徐洁儿",
            "id": 4875164
        },
        {
            "name": "有我在",
            "artist": "胡宇崴",
            "id": 392992
        },
        {
            "name": "说再见",
            "artist": "杨丞琳",
            "id": 4877635
        },
        {
            "name": "有你真好 (国语)",
            "artist": "杨丞琳",
            "id": 4877636
        },
        {
            "name": "Hero",
            "artist": "超级未来大乐队",
            "id": 28936609
        },
        {
            "name": "再见面的时候",
            "artist": "黄雅莉",
            "id": 391734
        },
        {
            "name": "何日君再来",
            "artist": "郭静",
            "id": 25776117
        },
        {
            "name": "启程 (国语)",
            "artist": "范玮琪",
            "id": 4877625
        },
        {
            "name": "我在哪里",
            "artist": "吴汶芳",
            "id": 28009957
        },
        {
            "name": "空荡",
            "artist": "杨祐宁",
            "id": 28009954
        },
        {
            "name": "有温柔",
            "artist": "郭静",
            "id": 399953131
        },
        {
            "name": "花海",
            "artist": "徐洁儿",
            "id": 4877030
        },
        {
            "name": "今年的冬天很冷",
            "artist": "沈志炜",
            "id": 4877033
        },
        {
            "name": "那时候",
            "artist": "林隆璇",
            "id": 4874463
        },
        {
            "name": "别问我",
            "artist": "韦礼安",
            "id": 392986
        }
    ]
}