{
    "playlist_info": {
        "name": "秦时明月古风纯音 声声断肠",
        "trackcount": 33,
        "playcount": 662456,
        "creator": "白木原Shirokiizz",
        "createDate": "2015-09-03",
        "heat": 231.0
    },
    "songs": [
        {
            "name": "秦时明月-飞雪玉花",
            "artist": "魏小涵",
            "id": 29812078
        },
        {
            "name": "飞雪玉花",
            "artist": "魏小涵",
            "id": 392383
        },
        {
            "name": "秦时明月-疏石兰兮（竹笛独奏SOLO版1）",
            "artist": "魏小涵",
            "id": 29812116
        },
        {
            "name": "秦时明月-遥梦幽兰（横箫+管弦版）",
            "artist": "魏小涵",
            "id": 29812120
        },
        {
            "name": "秦时明月-遥梦幽兰（管弦版）",
            "artist": "魏小涵",
            "id": 29812115
        },
        {
            "name": "秦时明月-国色天香",
            "artist": "魏小涵",
            "id": 29812086
        },
        {
            "name": "燕鸣骊歌(幻音宝盒版)",
            "artist": "魏小涵",
            "id": 4873201
        },
        {
            "name": "燕鸣骊歌",
            "artist": "魏小涵",
            "id": 4873200
        },
        {
            "name": "虚空梦魇",
            "artist": "魏小涵",
            "id": 4873199
        },
        {
            "name": "月光(变奏版)",
            "artist": "魏小涵",
            "id": 4873202
        },
        {
            "name": "明镜菩提",
            "artist": "月之门",
            "id": 25731002
        },
        {
            "name": "月光",
            "artist": "胡彦斌",
            "id": 4873065
        },
        {
            "name": "孤萧寒月",
            "artist": "魏小涵",
            "id": 4873192
        },
        {
            "name": "一舞倾城",
            "artist": "魏小涵",
            "id": 392385
        },
        {
            "name": "灯火阑珊",
            "artist": "魏小涵",
            "id": 392381
        },
        {
            "name": "秦时明月-乾坤鸣动（版本1-有埙版）",
            "artist": "魏小涵",
            "id": 29812092
        },
        {
            "name": "秦时明月-遥梦幽兰（竹笛+管弦版）",
            "artist": "魏小涵",
            "id": 29812118
        },
        {
            "name": "秦时明月-韩宫旧梦▪落英（韩宫旧梦三部曲）",
            "artist": "魏小涵",
            "id": 29812117
        },
        {
            "name": "尘埃落定",
            "artist": "魏小涵",
            "id": 29812173
        },
        {
            "name": "悠远宁静",
            "artist": "魏小涵",
            "id": 29572099
        },
        {
            "name": "秦时明月-侠路相逢",
            "artist": "魏小涵",
            "id": 29812170
        },
        {
            "name": "秦时明月-谁主浮沉（完整版）",
            "artist": "魏小涵",
            "id": 29593218
        },
        {
            "name": "清夜琴兴",
            "artist": "魏小涵",
            "id": 392387
        },
        {
            "name": "小圣贤庄背景音乐(伴奏)",
            "artist": "群星",
            "id": 29744674
        },
        {
            "name": "乱世尘湮",
            "artist": "魏小涵",
            "id": 392386
        },
        {
            "name": "秦时明月-侠路相逢",
            "artist": "魏小涵",
            "id": 29812187
        },
        {
            "name": "琴韵莲心",
            "artist": "魏小涵",
            "id": 392382
        },
        {
            "name": "长空孤月",
            "artist": "魏小涵",
            "id": 28577546
        },
        {
            "name": "易水两岸",
            "artist": "魏小涵",
            "id": 392380
        },
        {
            "name": "幻音宝盒",
            "artist": "魏小涵",
            "id": 392388
        },
        {
            "name": "国色天香",
            "artist": "魏小涵",
            "id": 392384
        },
        {
            "name": "秦时明月-疏石兰兮（竹笛+钢琴版）",
            "artist": "魏小涵",
            "id": 29812119
        },
        {
            "name": "秦时明月-云散月现（月光幸福版）",
            "artist": "魏小涵",
            "id": 29812093
        }
    ]
}