{
    "playlist_info": {
        "name": "秦时明月背景音乐BGM(全集尽收)",
        "trackcount": 219,
        "playcount": 851909,
        "creator": "笙歌一生叹离愁",
        "createDate": "2018-11-21",
        "heat": 506.0
    },
    "songs": [
        {
            "name": "月光",
            "artist": "胡彦斌",
            "id": 92952
        },
        {
            "name": "月光(变奏版)",
            "artist": "魏小涵",
            "id": 4873202
        },
        {
            "name": "月赋情长",
            "artist": "Walker",
            "id": 405242498
        },
        {
            "name": "焚情",
            "artist": "张信哲",
            "id": 30089042
        },
        {
            "name": "情动",
            "artist": "水晶蝶",
            "id": 31245904
        },
        {
            "name": "宿命——《秦时明月》卫庄、盖聂同人",
            "artist": "果乐子、千火翎",
            "id": 435996062
        },
        {
            "name": "画风",
            "artist": "后弦",
            "id": 417833754
        },
        {
            "name": "追月",
            "artist": "胡彦斌",
            "id": 28191535
        },
        {
            "name": "彩虹",
            "artist": "乔楚熙",
            "id": 4873072
        },
        {
            "name": "易水两岸",
            "artist": "魏小涵",
            "id": 392380
        },
        {
            "name": "幻音宝盒",
            "artist": "魏小涵",
            "id": 392388
        },
        {
            "name": "漂流",
            "artist": "张恒远",
            "id": 29444185
        },
        {
            "name": "秦时明月-韩宫旧梦▪乱（韩宫旧梦三部曲-含配音）",
            "artist": "魏小涵",
            "id": 545942289
        },
        {
            "name": "秦时明月-韩宫旧梦▪乱（韩宫旧梦三部曲）",
            "artist": "魏小涵",
            "id": 545942203
        },
        {
            "name": "秦时明月-韩宫旧梦▪落英+宫（韩宫旧梦三部曲-含配音）",
            "artist": "魏小涵",
            "id": 545933957
        },
        {
            "name": "秦时明月-韩宫旧梦▪宫（韩宫旧梦三部曲）",
            "artist": "魏小涵",
            "id": 545938615
        },
        {
            "name": "小圣贤庄背景音乐(伴奏)",
            "artist": "群星",
            "id": 29744674
        },
        {
            "name": "天行九歌-心之逆鳞_theonestudio [缩减版]",
            "artist": "魏小涵",
            "id": 471056612
        },
        {
            "name": "心之逆鳞（剧情缩减版）",
            "artist": "魏小涵",
            "id": 474113928
        },
        {
            "name": "心之逆鳞（片头缩减版）",
            "artist": "魏小涵",
            "id": 476064894
        },
        {
            "name": "柔情密意（韩非与嬴政）",
            "artist": "魏小涵",
            "id": 547281157
        },
        {
            "name": "秋水伊人（韩非与嬴政）",
            "artist": "魏小涵",
            "id": 547282061
        },
        {
            "name": "魂牵梦萦",
            "artist": "魏小涵",
            "id": 532428301
        },
        {
            "name": "焰灵迷舞",
            "artist": "魏小涵",
            "id": 559395178
        },
        {
            "name": "秋水伊人",
            "artist": "魏小涵",
            "id": 474121009
        },
        {
            "name": "运筹决胜",
            "artist": "魏小涵",
            "id": 474128156
        },
        {
            "name": "大谋不谋",
            "artist": "魏小涵",
            "id": 474121347
        },
        {
            "name": "不世之略",
            "artist": "魏小涵",
            "id": 474120445
        },
        {
            "name": "通幽洞冥",
            "artist": "魏小涵",
            "id": 474113876
        },
        {
            "name": "柔情密意（卫庄与红莲）",
            "artist": "魏小涵",
            "id": 532411827
        },
        {
            "name": "秦时明月-阴阳八卦_theonestudio",
            "artist": "魏小涵",
            "id": 471036561
        },
        {
            "name": "秦时明月-罗生堂下_theonestudio",
            "artist": "魏小涵",
            "id": 471036482
        },
        {
            "name": "秦时明月-谁主沉浮_theonestudio",
            "artist": "魏小涵",
            "id": 472264000
        },
        {
            "name": "秦时明月-游戏主题歌_theonestudio",
            "artist": "魏小涵",
            "id": 471034040
        },
        {
            "name": "群雄并起",
            "artist": "魏小涵",
            "id": 441617945
        },
        {
            "name": "悸动",
            "artist": "魏小涵",
            "id": 441617947
        },
        {
            "name": "罗生堂下",
            "artist": "魏小涵",
            "id": 441618953
        },
        {
            "name": "冠切云兮",
            "artist": "魏小涵",
            "id": 441618951
        },
        {
            "name": "帝子降兮",
            "artist": "魏小涵",
            "id": 441617949
        },
        {
            "name": "阴阳八卦",
            "artist": "魏小涵",
            "id": 441617946
        },
        {
            "name": "心之逆鳞（片头+剧情 缩减版）",
            "artist": "魏小涵",
            "id": 408280658
        },
        {
            "name": "宿运之轮",
            "artist": "魏小涵",
            "id": 408280659
        },
        {
            "name": "凤鸣朝阳",
            "artist": "魏小涵",
            "id": 408280660
        },
        {
            "name": "空山鸟语",
            "artist": "魏小涵",
            "id": 408280661
        },
        {
            "name": "火凤涅槃",
            "artist": "魏小涵",
            "id": 408280662
        },
        {
            "name": "游心寓目",
            "artist": "魏小涵",
            "id": 408280663
        },
        {
            "name": "群雄并起",
            "artist": "魏小涵",
            "id": 33705489
        },
        {
            "name": "神秘海",
            "artist": "十三",
            "id": 31245902
        },
        {
            "name": "我们都以为",
            "artist": "忧",
            "id": 31245899
        },
        {
            "name": "Midnight Breakout",
            "artist": "刺客",
            "id": 31245900
        },
        {
            "name": "要记得我",
            "artist": "刺客",
            "id": 31245903
        },
        {
            "name": "月亮王子",
            "artist": "螺丝钉",
            "id": 31245898
        },
        {
            "name": "南飞雁",
            "artist": "曹秦",
            "id": 31245897
        },
        {
            "name": "使命",
            "artist": "忧",
            "id": 31245896
        },
        {
            "name": "Eyes Say",
            "artist": "Rim",
            "id": 31245895
        },
        {
            "name": "情动",
            "artist": "水晶蝶",
            "id": 4873075
        },
        {
            "name": "秦时明月  (伴奏)",
            "artist": "刘中省",
            "id": 30474583
        },
        {
            "name": "长殊途",
            "artist": "江城原创乐团",
            "id": 31378363
        },
        {
            "name": "秦时明月·问月",
            "artist": "冬子",
            "id": 31234563
        },
        {
            "name": "蹉跎 ·赤练",
            "artist": "群星",
            "id": 29771254
        },
        {
            "name": "紫迷魅",
            "artist": "沙莎",
            "id": 27908075
        },
        {
            "name": "罗生堂下",
            "artist": "群星",
            "id": 29023754
        },
        {
            "name": "秦时明月-风云再起（预告片音乐）",
            "artist": "魏小涵",
            "id": 29812074
        },
        {
            "name": "秦时明月-乱世尘湮",
            "artist": "魏小涵",
            "id": 29812075
        },
        {
            "name": "秦时明月-纵横天下（预告片音乐）",
            "artist": "魏小涵",
            "id": 29812076
        },
        {
            "name": "秦时明月-一舞倾城",
            "artist": "魏小涵",
            "id": 29812077
        },
        {
            "name": "秦时明月-飞雪玉花",
            "artist": "魏小涵",
            "id": 29812078
        },
        {
            "name": "秦时明月-易水两岸",
            "artist": "魏小涵",
            "id": 29812079
        },
        {
            "name": "秦时明月-灯火阑珊",
            "artist": "魏小涵",
            "id": 29812081
        },
        {
            "name": "秦时明月-强敌当前（完整版）",
            "artist": "魏小涵",
            "id": 29812084
        },
        {
            "name": "秦时明月-冲锋陷阵",
            "artist": "魏小涵",
            "id": 29812085
        },
        {
            "name": "秦时明月-弄巧成拙（天明搞笑音乐）",
            "artist": "魏小涵",
            "id": 29812080
        },
        {
            "name": "秦时明月-国色天香",
            "artist": "魏小涵",
            "id": 29812086
        },
        {
            "name": "秦时明月-清夜琴兴",
            "artist": "魏小涵",
            "id": 29812089
        },
        {
            "name": "秦时明月-琴韵莲心",
            "artist": "魏小涵",
            "id": 29812091
        },
        {
            "name": "秦时明月-傲世天歌（过场音乐）",
            "artist": "魏小涵",
            "id": 29812088
        },
        {
            "name": "秦时明月-万里长城（第四部万里长城主题配乐）",
            "artist": "魏小涵",
            "id": 29812113
        },
        {
            "name": "秦时明月-乾坤鸣动（版本1-有埙版）",
            "artist": "魏小涵",
            "id": 29812092
        },
        {
            "name": "秦时明月-攻无不克（月光战斗版）",
            "artist": "魏小涵",
            "id": 29812094
        },
        {
            "name": "秦时明月-阴阳无极（版本1-完整埙）",
            "artist": "魏小涵",
            "id": 29812096
        },
        {
            "name": "秦时明月-云散月现（月光幸福版）",
            "artist": "魏小涵",
            "id": 29812093
        },
        {
            "name": "秦时明月-疏石兰兮（竹笛+管弦版）",
            "artist": "魏小涵",
            "id": 29812097
        },
        {
            "name": "秦时明月-遥梦幽兰（管弦版）",
            "artist": "魏小涵",
            "id": 29812115
        },
        {
            "name": "秦时明月-琴棋书画（天明搞笑音乐）",
            "artist": "魏小涵",
            "id": 29812099
        },
        {
            "name": "秦时明月-鬼鬼祟祟（天明搞笑音乐）",
            "artist": "魏小涵",
            "id": 29812102
        },
        {
            "name": "秦时明月-悠哉游哉（天明搞笑音乐）",
            "artist": "魏小涵",
            "id": 29812105
        },
        {
            "name": "秦时明月-疲于奔命（天明搞笑音乐）",
            "artist": "魏小涵",
            "id": 29812107
        },
        {
            "name": "秦时明月-心怀不轨（天明搞笑音乐）",
            "artist": "魏小涵",
            "id": 29812108
        },
        {
            "name": "秦时明月-溜之大吉（天明搞笑音乐）",
            "artist": "魏小涵",
            "id": 29812112
        },
        {
            "name": "秦时明月-蠢蠢欲动（天明搞笑音乐）",
            "artist": "魏小涵",
            "id": 29812111
        },
        {
            "name": "秦时明月-逃之夭夭（天明搞笑音乐）",
            "artist": "魏小涵",
            "id": 29812114
        },
        {
            "name": "秦时明月-谁主浮沉（完整版）",
            "artist": "魏小涵",
            "id": 29593218
        },
        {
            "name": "秦时明月-遥梦幽兰（竹笛+管弦版）",
            "artist": "魏小涵",
            "id": 29812118
        },
        {
            "name": "秦时明月-遥梦幽兰（横箫+管弦版）",
            "artist": "魏小涵",
            "id": 29812120
        },
        {
            "name": "秦时明月-疏石兰兮（竹笛独奏SOLO版1）",
            "artist": "魏小涵",
            "id": 29812116
        },
        {
            "name": "秦时明月-疏石兰兮（竹笛+钢琴版）",
            "artist": "魏小涵",
            "id": 29812119
        },
        {
            "name": "秦时明月-韩宫旧梦▪落英（韩宫旧梦三部曲）",
            "artist": "魏小涵",
            "id": 29812117
        },
        {
            "name": "悠远宁静",
            "artist": "魏小涵",
            "id": 29572099
        },
        {
            "name": "乱红(云鹤追)",
            "artist": "群星",
            "id": 30474764
        },
        {
            "name": "易水萧萧",
            "artist": "冰絮",
            "id": 30474766
        },
        {
            "name": "月中天",
            "artist": "群星",
            "id": 30474767
        },
        {
            "name": "葬红颜",
            "artist": "群星",
            "id": 30474768
        },
        {
            "name": "墨香",
            "artist": "群星",
            "id": 30474765
        },
        {
            "name": "秦时明月-侠路相逢",
            "artist": "魏小涵",
            "id": 29812170
        },
        {
            "name": "尘埃落定",
            "artist": "魏小涵",
            "id": 29812173
        },
        {
            "name": "虚空梦魇",
            "artist": "魏小涵",
            "id": 29812172
        },
        {
            "name": "孤箫寒月",
            "artist": "魏小涵",
            "id": 29812178
        },
        {
            "name": "暗夜惊魂",
            "artist": "魏小涵",
            "id": 29812179
        },
        {
            "name": "白雪乐曲",
            "artist": "魏小涵",
            "id": 29812180
        },
        {
            "name": "龙争虎斗",
            "artist": "魏小涵",
            "id": 29812174
        },
        {
            "name": "西楚霸王（龙争虎斗Ⅱ）",
            "artist": "魏小涵",
            "id": 29812176
        },
        {
            "name": "蟒虎之森",
            "artist": "魏小涵",
            "id": 29812175
        },
        {
            "name": "侠路相逢",
            "artist": "魏小涵",
            "id": 29812177
        },
        {
            "name": "群雄鏖战",
            "artist": "魏小涵",
            "id": 29812181
        },
        {
            "name": "幻音宝盒",
            "artist": "魏小涵",
            "id": 29812183
        },
        {
            "name": "燕鸣骊歌（幻音宝盒版）",
            "artist": "魏小涵",
            "id": 29812184
        },
        {
            "name": "燕鸣骊歌",
            "artist": "魏小涵",
            "id": 29812182
        },
        {
            "name": "秦时明月-侠路相逢",
            "artist": "魏小涵",
            "id": 29812186
        },
        {
            "name": "秦时明月-侠路相逢",
            "artist": "魏小涵",
            "id": 29812185
        },
        {
            "name": "秦时明月-侠路相逢",
            "artist": "魏小涵",
            "id": 29812187
        },
        {
            "name": "秦时明月·问月",
            "artist": "觞睿幽NL樱千冬竹",
            "id": 29732155
        },
        {
            "name": "乱世尘湮",
            "artist": "魏小涵",
            "id": 392386
        },
        {
            "name": "空山鸟语",
            "artist": "群星",
            "id": 29979577
        },
        {
            "name": "遥远的重逢",
            "artist": "阿兰",
            "id": 28653020
        },
        {
            "name": "我们都以为",
            "artist": "忧",
            "id": 4873070
        },
        {
            "name": "孤萧寒月",
            "artist": "魏小涵",
            "id": 4873192
        },
        {
            "name": "山雨",
            "artist": "群星",
            "id": 27901837
        },
        {
            "name": "寸心可鉴",
            "artist": "虫子",
            "id": 223410
        },
        {
            "name": "遥梦幽兰",
            "artist": "秦时明月",
            "id": 27907822
        },
        {
            "name": "忆君故",
            "artist": "秦时明月",
            "id": 27907823
        },
        {
            "name": "清夜琴兴",
            "artist": "魏小涵",
            "id": 392387
        },
        {
            "name": "韩宫旧梦",
            "artist": "秦时明月",
            "id": 27907819
        },
        {
            "name": "长空孤月",
            "artist": "魏小涵",
            "id": 28577546
        },
        {
            "name": "明月涯",
            "artist": "秦时明月",
            "id": 27907820
        },
        {
            "name": "阴阳无极",
            "artist": "秦时明月",
            "id": 27907824
        },
        {
            "name": "疏石兰兮(竹笛独奏版)",
            "artist": "秦时明月",
            "id": 27907821
        },
        {
            "name": "灯火阑珊",
            "artist": "魏小涵",
            "id": 392381
        },
        {
            "name": "琴韵莲心",
            "artist": "魏小涵",
            "id": 392382
        },
        {
            "name": "墨香",
            "artist": "秦时明月",
            "id": 28560095
        },
        {
            "name": "一舞倾城",
            "artist": "魏小涵",
            "id": 392385
        },
        {
            "name": "要记得我",
            "artist": "刺客",
            "id": 4873074
        },
        {
            "name": "月亮王子",
            "artist": "螺丝钉",
            "id": 4873069
        },
        {
            "name": "Midnight Breakout",
            "artist": "刺客",
            "id": 4873071
        },
        {
            "name": "狭路相逢",
            "artist": "魏小涵",
            "id": 4873198
        },
        {
            "name": "国色天香",
            "artist": "魏小涵",
            "id": 392384
        },
        {
            "name": "群雄鏖战",
            "artist": "魏小涵",
            "id": 4873196
        },
        {
            "name": "飞雪玉花",
            "artist": "魏小涵",
            "id": 392383
        },
        {
            "name": "神秘海",
            "artist": "拾叁",
            "id": 4873073
        },
        {
            "name": "蟒虎之森",
            "artist": "魏小涵",
            "id": 4873195
        },
        {
            "name": "尘埃落定",
            "artist": "魏小涵",
            "id": 4873191
        },
        {
            "name": "龙争虎斗",
            "artist": "魏小涵",
            "id": 4873194
        },
        {
            "name": "虚空梦魇",
            "artist": "魏小涵",
            "id": 4873199
        },
        {
            "name": "白雪乐曲",
            "artist": "魏小涵",
            "id": 4873190
        },
        {
            "name": "使命",
            "artist": "忧",
            "id": 4873067
        },
        {
            "name": "月光",
            "artist": "胡彦斌",
            "id": 4873065
        },
        {
            "name": "月光",
            "artist": "胡彦斌",
            "id": 31245894
        },
        {
            "name": "Eyes Say",
            "artist": "林埈永",
            "id": 4873066
        },
        {
            "name": "彩虹",
            "artist": "乔楚熙",
            "id": 31245901
        },
        {
            "name": "西楚霸王(龙争虎斗II)",
            "artist": "魏小涵",
            "id": 4873197
        },
        {
            "name": "暗夜惊魂",
            "artist": "魏小涵",
            "id": 4873189
        },
        {
            "name": "燕鸣骊歌",
            "artist": "魏小涵",
            "id": 4873200
        },
        {
            "name": "楚天(秦时明月)",
            "artist": "鸦靡",
            "id": 27928081
        },
        {
            "name": "燕鸣骊歌(幻音宝盒版)",
            "artist": "魏小涵",
            "id": 4873201
        },
        {
            "name": "南飞雁",
            "artist": "曹秦",
            "id": 4873068
        },
        {
            "name": "幻音宝盒",
            "artist": "魏小涵",
            "id": 4873193
        },
        {
            "name": "秦时明月之龙腾万里开场",
            "artist": "阿鲲",
            "id": 29463489
        },
        {
            "name": "最后的决战",
            "artist": "阿鲲",
            "id": 29463542
        },
        {
            "name": "小黎的战斗",
            "artist": "阿鲲",
            "id": 29463540
        },
        {
            "name": "盖聂的承诺",
            "artist": "阿鲲",
            "id": 29463538
        },
        {
            "name": "楼兰的末日",
            "artist": "阿鲲",
            "id": 29463532
        },
        {
            "name": "天明,少羽和小黎的行动",
            "artist": "阿鲲",
            "id": 29463536
        },
        {
            "name": "大祭司的讲话龙魂的启动",
            "artist": "阿鲲",
            "id": 29463523
        },
        {
            "name": "启动兵魔神",
            "artist": "阿鲲",
            "id": 29463535
        },
        {
            "name": "小貅貅变身",
            "artist": "阿鲲",
            "id": 29463541
        },
        {
            "name": "盖聂与卫庄的决斗",
            "artist": "阿鲲",
            "id": 29463539
        },
        {
            "name": "天明的特殊武器",
            "artist": "阿鲲",
            "id": 29463537
        },
        {
            "name": "魔化卫庄V.S.盖聂 飞沙走石",
            "artist": "阿鲲",
            "id": 29463534
        },
        {
            "name": "女神像上的决斗",
            "artist": "阿鲲",
            "id": 29463498
        },
        {
            "name": "团队主题-行进沙漠",
            "artist": "阿鲲",
            "id": 29463517
        },
        {
            "name": "小貅貅的绝招",
            "artist": "阿鲲",
            "id": 29463518
        },
        {
            "name": "被囚禁",
            "artist": "阿鲲",
            "id": 29463521
        },
        {
            "name": "龙魂的主题",
            "artist": "阿鲲",
            "id": 29463524
        },
        {
            "name": "屋顶上的天明",
            "artist": "阿鲲",
            "id": 29463490
        },
        {
            "name": "少司命, 大司命, 公输仇出场",
            "artist": "阿鲲",
            "id": 29463491
        },
        {
            "name": "卫庄的魔化",
            "artist": "阿鲲",
            "id": 29463533
        },
        {
            "name": "楼兰恢复生机 楼兰重陷危机",
            "artist": "阿鲲",
            "id": 29463525
        },
        {
            "name": "天明出场",
            "artist": "阿鲲",
            "id": 29463501
        },
        {
            "name": "阴阳家的读心术",
            "artist": "阿鲲",
            "id": 29463496
        },
        {
            "name": "进入兵魔神",
            "artist": "阿鲲",
            "id": 29463531
        },
        {
            "name": "楼兰的主题",
            "artist": "阿鲲",
            "id": 29463492
        },
        {
            "name": "盖聂V.S.赤练",
            "artist": "阿鲲",
            "id": 29463493
        },
        {
            "name": "天明的本领",
            "artist": "阿鲲",
            "id": 29463494
        },
        {
            "name": "沙漠中的鱼",
            "artist": "阿鲲",
            "id": 29463495
        },
        {
            "name": "以一挡五的侠义精神 (盖聂)",
            "artist": "阿鲲",
            "id": 29463497
        },
        {
            "name": "边塞小城",
            "artist": "阿鲲",
            "id": 29463499
        },
        {
            "name": "水果将军",
            "artist": "阿鲲",
            "id": 29463500
        },
        {
            "name": "小貅貅被施咒",
            "artist": "阿鲲",
            "id": 29463530
        },
        {
            "name": "天明少羽的争执",
            "artist": "阿鲲",
            "id": 29463502
        },
        {
            "name": "卫庄出场",
            "artist": "阿鲲",
            "id": 29463503
        },
        {
            "name": "被困",
            "artist": "阿鲲",
            "id": 29463505
        },
        {
            "name": "帝国沙船出现",
            "artist": "阿鲲",
            "id": 29463506
        },
        {
            "name": "对抗水果将军",
            "artist": "阿鲲",
            "id": 29463507
        },
        {
            "name": "解救小黎解救天明",
            "artist": "阿鲲",
            "id": 29463508
        },
        {
            "name": "沙怪的出现与将军的转变",
            "artist": "阿鲲",
            "id": 29463510
        },
        {
            "name": "楼兰的痕迹",
            "artist": "阿鲲",
            "id": 29463509
        },
        {
            "name": "渊虹出鞘",
            "artist": "阿鲲",
            "id": 29463504
        },
        {
            "name": "沙漠中的船",
            "artist": "阿鲲",
            "id": 29463511
        },
        {
            "name": "沙漠中的眺望",
            "artist": "阿鲲",
            "id": 29463512
        },
        {
            "name": "沙蛇",
            "artist": "阿鲲",
            "id": 29463513
        },
        {
            "name": "少羽的打斗",
            "artist": "阿鲲",
            "id": 29463514
        },
        {
            "name": "天明等于诱饵",
            "artist": "阿鲲",
            "id": 29463515
        },
        {
            "name": "天明号飞车",
            "artist": "阿鲲",
            "id": 29463516
        },
        {
            "name": "水下的世界",
            "artist": "阿鲲",
            "id": 29463529
        },
        {
            "name": "进入沙漠之前",
            "artist": "阿鲲",
            "id": 29463520
        },
        {
            "name": "蚩尤的故事",
            "artist": "阿鲲",
            "id": 29463522
        },
        {
            "name": "美丽的楼兰",
            "artist": "阿鲲",
            "id": 29463526
        },
        {
            "name": "女神像上的逃脱",
            "artist": "阿鲲",
            "id": 29463527
        },
        {
            "name": "上古的传说 陨落的星辰",
            "artist": "阿鲲",
            "id": 29463528
        },
        {
            "name": "捉住它!小貅貅",
            "artist": "阿鲲",
            "id": 29463519
        }
    ]
}