{
    "playlist_info": {
        "name": "第五人格遛鬼bgm",
        "trackcount": 95,
        "playcount": 842136,
        "creator": "咬一口南瓜派",
        "createDate": "2019-12-28",
        "heat": 658.0
    },
    "songs": [
        {
            "name": "SexyBack (slowdown)",
            "artist": "sssssuxin",
            "id": 1927491783
        },
        {
            "name": "Maga-Such a Whore（low speed）（Ksii remix）",
            "artist": "sn1b4",
            "id": 1947735932
        },
        {
            "name": "Live Another Day",
            "artist": "Kordhell",
            "id": 1873200293
        },
        {
            "name": "Sahara",
            "artist": "Hensonn",
            "id": 1893483243
        },
        {
            "name": "Beggin'",
            "artist": "Måneskin",
            "id": 523003357
        },
        {
            "name": "Belly Dancer",
            "artist": "Imanbek",
            "id": 1920673770
        },
        {
            "name": "Night Club-Show It 2 Me（slowed）（Ksii remix）",
            "artist": "sn1b4",
            "id": 1949354403
        },
        {
            "name": "Dogs (Original Version)",
            "artist": "HVOB",
            "id": 25773443
        },
        {
            "name": "Я буду ебать (feat. IHI)",
            "artist": "MOREART",
            "id": 1496199618
        },
        {
            "name": "ПЭПСИ",
            "artist": "ДЕТИ RAVE",
            "id": 1366879413
        },
        {
            "name": "Feder - Lordly (Instrumental Mix) Slowed",
            "artist": "AD_概",
            "id": 1869139230
        },
        {
            "name": "武  士 の 魂.[Mashup]",
            "artist": "烛鷷大魔王",
            "id": 419373889
        },
        {
            "name": "Seasons (Futuristik & Whogaux Remix)",
            "artist": "Cadmium",
            "id": 1313044099
        },
        {
            "name": "Sugar Daddy",
            "artist": "Qveen Herby",
            "id": 1446219107
        },
        {
            "name": "Partition",
            "artist": "Beyoncé",
            "id": 28111067
        },
        {
            "name": "Grind Me Down (Jawster Remix)",
            "artist": "Jawster",
            "id": 493646263
        },
        {
            "name": "Drunk Groove",
            "artist": "MARUV",
            "id": 1312714167
        },
        {
            "name": "16 Shots",
            "artist": "Stefflon Don",
            "id": 447281871
        },
        {
            "name": "Deadwood No Choir",
            "artist": "Really Slow Motion",
            "id": 399555375
        },
        {
            "name": "This Is It",
            "artist": "Oh The Larceny",
            "id": 1342157440
        },
        {
            "name": "Sueta",
            "artist": "ALEXEMELYA",
            "id": 1423030096
        },
        {
            "name": "SexyBack (Tolga Aslan Remix)",
            "artist": "Tolga Aslan",
            "id": 1450417093
        },
        {
            "name": "DJ Mangoo-K-391,Alan Walker,Tungevaag - Play（Wang-7i Remix）",
            "artist": "KVINY",
            "id": 1388793611
        },
        {
            "name": "Ignis",
            "artist": "Rompasso",
            "id": 1323967761
        },
        {
            "name": "Take Your Man",
            "artist": "Mahogany Lox",
            "id": 1404651686
        },
        {
            "name": "Fearless Pt. II",
            "artist": "Tule",
            "id": 529391087
        },
        {
            "name": "Warriors",
            "artist": "Asketa & Natan Chaim",
            "id": 1391722160
        },
        {
            "name": "耶斯莫拉 (伴奏)",
            "artist": "张晨曦",
            "id": 1491729802
        },
        {
            "name": "E.T.",
            "artist": "Katy Perry",
            "id": 2871185
        },
        {
            "name": "Raise Hell",
            "artist": "DOROTHY",
            "id": 34516569
        },
        {
            "name": "Ke Cap Gap Ba Gia",
            "artist": "DJMuchY",
            "id": 1474621868
        },
        {
            "name": "Notorious",
            "artist": "Maga",
            "id": 1480438168
        },
        {
            "name": "Sumo 相扑",
            "artist": "Lona.X",
            "id": 1375758808
        },
        {
            "name": "Poker Face",
            "artist": "Lady Gaga",
            "id": 21038748
        },
        {
            "name": "Sold Out",
            "artist": "Hawk Nelson",
            "id": 31010566
        },
        {
            "name": "Pure Sunlight",
            "artist": "Mr FijiWiji",
            "id": 448147454
        },
        {
            "name": "Come Back For You (Morgan Page Remix)",
            "artist": "Morgan Page",
            "id": 531040135
        },
        {
            "name": "【三畿道】POP/STARS（翻自 K/DA） ",
            "artist": "三畿道",
            "id": 1324953717
        },
        {
            "name": "Turn All the Lights On",
            "artist": "T-Pain",
            "id": 21792987
        },
        {
            "name": "Talk Dirty vs Im Worth It (Deville Sax Tone Play Seque)",
            "artist": "Jason Derulo",
            "id": 35513027
        },
        {
            "name": "Lollipop",
            "artist": "Lil Wayne",
            "id": 27206226
        },
        {
            "name": "F. Physical-La Banda VIP Mix（Morello Malt remix）",
            "artist": "Morello Malt",
            "id": 1444008910
        },
        {
            "name": "Fearless",
            "artist": "Tule",
            "id": 509728140
        },
        {
            "name": "Taki Taki",
            "artist": "DJ Snake",
            "id": 1313308133
        },
        {
            "name": "Slavic Names (feat. Xek)",
            "artist": "DJ Blyatman",
            "id": 1383902312
        },
        {
            "name": "Disco Inferno",
            "artist": "50 Cent",
            "id": 16158404
        },
        {
            "name": "Candy Shop (BigJerr Trap Remix)",
            "artist": "BigJerr",
            "id": 1379719396
        },
        {
            "name": "Champagne",
            "artist": "Adoo",
            "id": 470211564
        },
        {
            "name": "We Will Rock You",
            "artist": "Queen",
            "id": 1869271
        },
        {
            "name": "King",
            "artist": "Zayde Wølf",
            "id": 1348448196
        },
        {
            "name": "RISE",
            "artist": "The Glitch Mob",
            "id": 1313107065
        },
        {
            "name": "Vagrant",
            "artist": "Feint",
            "id": 34613621
        },
        {
            "name": "Early Morning Dreams (Kled Mone Remix)",
            "artist": "Kadebostany",
            "id": 1352897394
        },
        {
            "name": "Timmy Trumpet-7th element X Mountain King - 李佳澔 bootleg remix（李佳澔 remix）",
            "artist": "李佳澔",
            "id": 1387105429
        },
        {
            "name": "lalala (prod. y2k)",
            "artist": "bbno$",
            "id": 1370228117
        },
        {
            "name": "Phoenix（涅槃）—英雄联盟2019全球总决赛主题曲（翻自 Cailin Russo）",
            "artist": "-Lil Marron-",
            "id": 1403150208
        },
        {
            "name": "Hypnotic",
            "artist": "Zella Day",
            "id": 29561525
        },
        {
            "name": "P.I.M.P",
            "artist": "TangTian",
            "id": 1432632388
        },
        {
            "name": "River",
            "artist": "Bishop Briggs",
            "id": 402070513
        },
        {
            "name": "Legends Never Die",
            "artist": "Against the Current",
            "id": 506196018
        },
        {
            "name": "In The End",
            "artist": "Linkin Park",
            "id": 4153632
        },
        {
            "name": "Ma direction",
            "artist": "Sexion d'Assaut",
            "id": 27959259
        },
        {
            "name": "Lock Me Up",
            "artist": "The Cab",
            "id": 28464997
        },
        {
            "name": "Toxic",
            "artist": "Britney Spears",
            "id": 20515939
        },
        {
            "name": "Style (Prod Cosmo)",
            "artist": "Stefflon Don",
            "id": 33991174
        },
        {
            "name": "BUSTER",
            "artist": "$atori Zoom",
            "id": 1415805511
        },
        {
            "name": "Pump It Up (Pit Bailay Mix)",
            "artist": "Glamrock Brothers",
            "id": 27714206
        },
        {
            "name": "Gladiator",
            "artist": "Zayde Wølf",
            "id": 534539245
        },
        {
            "name": "Centuries",
            "artist": "Fall Out Boy",
            "id": 29307038
        },
        {
            "name": "时代在召唤(Dodie Mashup)",
            "artist": "dodie",
            "id": 432464943
        },
        {
            "name": "Hit and Run",
            "artist": "Lolo",
            "id": 28987151
        },
        {
            "name": "Yellow",
            "artist": "电鸟个灯泡",
            "id": 1397293557
        },
        {
            "name": "マインドブランド",
            "artist": "足首",
            "id": 438462344
        },
        {
            "name": "Fresh Off The Grill",
            "artist": "Dan Farber",
            "id": 37091383
        },
        {
            "name": "DDU-DU DDU-DU",
            "artist": "BLACKPINK",
            "id": 1325896374
        },
        {
            "name": "Crusade",
            "artist": "ZABO",
            "id": 1347214184
        },
        {
            "name": "Kill This Love -JP Ver.-",
            "artist": "BLACKPINK",
            "id": 1397226690
        },
        {
            "name": "Robert M & Dirty Rush-Super Bomb (WJ Bootleg)（WJ remix）",
            "artist": "WJ",
            "id": 1440871051
        },
        {
            "name": "No Cap",
            "artist": "Bugra Atmaca",
            "id": 1336866360
        },
        {
            "name": "カサネテク",
            "artist": "中村千尋",
            "id": 474739593
        },
        {
            "name": "LOSER",
            "artist": "电鸟个灯泡",
            "id": 1324466790
        },
        {
            "name": "I'm a Freak",
            "artist": "Enrique Iglesias",
            "id": 28287422
        },
        {
            "name": "PYRO",
            "artist": "Chester Young",
            "id": 1320544645
        },
        {
            "name": "Man on a Mission",
            "artist": "Oh The Larceny",
            "id": 465920383
        },
        {
            "name": "Natural",
            "artist": "Spice Mangos",
            "id": 1387559786
        },
        {
            "name": "Move Your Body (Alan Walker Remix)",
            "artist": "Alan Walker",
            "id": 436487129
        },
        {
            "name": "Cradles",
            "artist": "Sub Urban",
            "id": 1338490248
        },
        {
            "name": "Jason.c-COCO (Jason.c Extended Mix)（Jason.c Remix）",
            "artist": "Jason.c",
            "id": 1314794977
        },
        {
            "name": "大课间跑步音乐",
            "artist": "群星",
            "id": 33737083
        },
        {
            "name": "Hello",
            "artist": "OMFG",
            "id": 33211676
        },
        {
            "name": "No Roots",
            "artist": "Alice Merton",
            "id": 444324644
        },
        {
            "name": "Tribute (Dj Fernando Lopez Radio Edit)",
            "artist": "Lorenzo Ballerini Dj",
            "id": 399366190
        },
        {
            "name": "Revolution",
            "artist": "The Score",
            "id": 455500439
        },
        {
            "name": "Take It Off",
            "artist": "Kesha",
            "id": 2918956
        },
        {
            "name": "One More Night (Yeah Baby Give Me One More Night)",
            "artist": "Radio Edit",
            "id": 1414236672
        }
    ]
}