{
    "playlist_info": {
        "name": "王菲那些冷门又好听的歌",
        "trackcount": 35,
        "playcount": 827748,
        "creator": "Nineeth",
        "createDate": "2013-10-02",
        "heat": 232.0
    },
    "songs": [
        {
            "name": "纯情",
            "artist": "王菲",
            "id": 300413
        },
        {
            "name": "无奈那天",
            "artist": "王菲",
            "id": 300752
        },
        {
            "name": "哔一声之后",
            "artist": "王菲",
            "id": 299656
        },
        {
            "name": "推翻",
            "artist": "王菲",
            "id": 299658
        },
        {
            "name": "迷魂记",
            "artist": "王菲",
            "id": 299519
        },
        {
            "name": "不眠飞行",
            "artist": "王菲",
            "id": 299521
        },
        {
            "name": "出路",
            "artist": "王菲",
            "id": 300380
        },
        {
            "name": "无常",
            "artist": "王菲",
            "id": 300146
        },
        {
            "name": "誓言",
            "artist": "王菲",
            "id": 300401
        },
        {
            "name": "色盲",
            "artist": "王菲",
            "id": 299520
        },
        {
            "name": "偿还",
            "artist": "王菲",
            "id": 299946
        },
        {
            "name": "色诫",
            "artist": "王菲",
            "id": 299907
        },
        {
            "name": "有缘的话",
            "artist": "王菲",
            "id": 298927
        },
        {
            "name": "感情生活",
            "artist": "王菲",
            "id": 299901
        },
        {
            "name": "守时",
            "artist": "王菲",
            "id": 300032
        },
        {
            "name": "不得了",
            "artist": "王菲",
            "id": 300104
        },
        {
            "name": "我信",
            "artist": "王菲",
            "id": 300141
        },
        {
            "name": "玩具",
            "artist": "王菲",
            "id": 300140
        },
        {
            "name": "回忆是红色天空",
            "artist": "王菲",
            "id": 300460
        },
        {
            "name": "敷衍",
            "artist": "王菲",
            "id": 300139
        },
        {
            "name": "扫兴",
            "artist": "王菲",
            "id": 300160
        },
        {
            "name": "浮躁",
            "artist": "王菲",
            "id": 300148
        },
        {
            "name": "想像",
            "artist": "王菲",
            "id": 300150
        },
        {
            "name": "过眼云烟",
            "artist": "王菲",
            "id": 299654
        },
        {
            "name": "暧昧",
            "artist": "王菲",
            "id": 300197
        },
        {
            "name": "誓言",
            "artist": "王菲",
            "id": 300360
        },
        {
            "name": "影子",
            "artist": "王菲",
            "id": 300342
        },
        {
            "name": "眷恋",
            "artist": "王菲",
            "id": 300350
        },
        {
            "name": "不变",
            "artist": "王菲",
            "id": 300353
        },
        {
            "name": "天不变地变",
            "artist": "王菲",
            "id": 300395
        },
        {
            "name": "背影",
            "artist": "王菲",
            "id": 300392
        },
        {
            "name": "胡思乱想",
            "artist": "王菲",
            "id": 300398
        },
        {
            "name": "如风",
            "artist": "王菲",
            "id": 300554
        },
        {
            "name": "若你真爱我",
            "artist": "王菲",
            "id": 300566
        },
        {
            "name": "动心",
            "artist": "王菲",
            "id": 300569
        }
    ]
}