{
    "playlist_info": {
        "name": "点燃你的活力，征服一切，超燃音乐歌单",
        "trackcount": 28,
        "playcount": 1195,
        "creator": "风儿吹2021",
        "createDate": "2023-05-23",
        "heat": 32.0
    },
    "songs": [
        {
            "name": "Pacific Rim (feat. Tom Morello)",
            "artist": "Ramin Djawadi",
            "id": 26625301
        },
        {
            "name": "What Makes You Beautiful",
            "artist": "One Direction",
            "id": 17753288
        },
        {
            "name": "Wolves",
            "artist": "Selena Gomez",
            "id": 515269424
        },
        {
            "name": "Firework",
            "artist": "Katy Perry",
            "id": 2871217
        },
        {
            "name": "Straight A's",
            "artist": "Connor Price",
            "id": 1979382551
        },
        {
            "name": "Viva La Vida",
            "artist": "Coldplay",
            "id": 3986017
        },
        {
            "name": "Star Sky - Instrumental",
            "artist": "Two Steps From Hell",
            "id": 31654479
        },
        {
            "name": "PYRO",
            "artist": "Chester Young",
            "id": 1320544645
        },
        {
            "name": "Star Unkind (Lanfranchi & Farina Remix)",
            "artist": "2Someone",
            "id": 512640295
        },
        {
            "name": "Neon Rainbow",
            "artist": "Rameses B",
            "id": 409931573
        },
        {
            "name": "Black Magic",
            "artist": "Jonasu",
            "id": 1805317558
        },
        {
            "name": "I'll Do It",
            "artist": "Heidi Montag",
            "id": 18228464
        },
        {
            "name": "BABYDOLL (Speed)",
            "artist": "Ari Abdul",
            "id": 1932769322
        },
        {
            "name": "California Gurls",
            "artist": "Katy Perry",
            "id": 24197361
        },
        {
            "name": "All For Love",
            "artist": "Tungevaag & Raaban",
            "id": 545947135
        },
        {
            "name": "Catch My Breath",
            "artist": "Kelly Clarkson",
            "id": 25657526
        },
        {
            "name": "Immortals",
            "artist": "Fall Out Boy",
            "id": 30064351
        },
        {
            "name": "Apex",
            "artist": "Far Out",
            "id": 1333144056
        },
        {
            "name": "He's a Pirate",
            "artist": "Klaus Badelt",
            "id": 1620506
        },
        {
            "name": "Sold Out",
            "artist": "Hawk Nelson",
            "id": 31010566
        },
        {
            "name": "Numb",
            "artist": "Linkin Park",
            "id": 16686526
        },
        {
            "name": "旅立ちの序曲 ～OVERTURE:FAIRY TAIL メインテーマ～",
            "artist": "高梨康治",
            "id": 22642247
        },
        {
            "name": "Just Like Fire (From the Original Motion Picture \"Alice Through The Looking Glass\")",
            "artist": "P!nk",
            "id": 409931224
        },
        {
            "name": "Walk Thru Fire",
            "artist": "Vicetone",
            "id": 1297498908
        },
        {
            "name": "Love Me Like You Do",
            "artist": "Ellie Goulding",
            "id": 36308236
        },
        {
            "name": "Thunderstruck",
            "artist": "AC/DC",
            "id": 3879510
        },
        {
            "name": "Eye of the Tiger",
            "artist": "Survivor",
            "id": 21699108
        },
        {
            "name": "Wake (Studio)",
            "artist": "Hillsong Young & Free",
            "id": 33051312
        }
    ]
}