{
    "playlist_info": {
        "name": "爱是七手八脚，一头扎进。",
        "trackcount": 71,
        "playcount": 13,
        "creator": "地下逝水_2000",
        "createDate": "2023-06-20",
        "heat": 1.0
    },
    "songs": [
        {
            "name": "小偷日记",
            "artist": "飞行冠军",
            "id": 1882115474
        },
        {
            "name": "我要开花",
            "artist": "二手玫瑰",
            "id": 1328892588
        },
        {
            "name": "允许部分艺术家先富起来",
            "artist": "二手玫瑰",
            "id": 353700
        },
        {
            "name": "耗子",
            "artist": "散人",
            "id": 1890718092
        },
        {
            "name": "喜夜",
            "artist": "悲剧药方",
            "id": 1825175011
        },
        {
            "name": "迷恋",
            "artist": "梅卡德尔",
            "id": 28819359
        },
        {
            "name": "大风吹",
            "artist": "草东没有派对",
            "id": 411314657
        },
        {
            "name": "公开的口信",
            "artist": "疯医",
            "id": 1888416982
        },
        {
            "name": "魂断记",
            "artist": "卧轨的火车（Railway Suicide Train)",
            "id": 434659011
        },
        {
            "name": "恐怖的房子",
            "artist": "超级市场",
            "id": 348028
        },
        {
            "name": "我从这里路过",
            "artist": "散人",
            "id": 1941677877
        },
        {
            "name": "死在热带",
            "artist": "明天的盐",
            "id": 1975239142
        },
        {
            "name": "河流",
            "artist": "蛙池",
            "id": 1437251162
        },
        {
            "name": "怪胎",
            "artist": "回春丹",
            "id": 862240361
        },
        {
            "name": "烂泥",
            "artist": "草东没有派对",
            "id": 411314656
        },
        {
            "name": "爱的实验",
            "artist": "黎忘年",
            "id": 1397266842
        },
        {
            "name": "跳东湖",
            "artist": "虎啸春",
            "id": 1393609698
        },
        {
            "name": "正义",
            "artist": "回春丹",
            "id": 1369044100
        },
        {
            "name": "花桥",
            "artist": "回春丹",
            "id": 1888390788
        },
        {
            "name": "救赎",
            "artist": "愤怒青年",
            "id": 1860937419
        },
        {
            "name": "乐色车",
            "artist": "回春丹",
            "id": 1369044097
        },
        {
            "name": "都一样",
            "artist": "地下婴儿",
            "id": 5278187
        },
        {
            "name": "房间",
            "artist": "梅卡德尔",
            "id": 28819363
        },
        {
            "name": "十二樓",
            "artist": "贰伍吸菸所 Smoking Area 25",
            "id": 1465285108
        },
        {
            "name": "定国湖",
            "artist": "疯医",
            "id": 1829726307
        },
        {
            "name": "春天音乐",
            "artist": "丢莱卡WastedLaika",
            "id": 1836139178
        },
        {
            "name": "真爱四则",
            "artist": "脏手指 Oh! Dirty Fingers",
            "id": 1837817431
        },
        {
            "name": "梦特别娇",
            "artist": "回春丹",
            "id": 1888390720
        },
        {
            "name": "我要你的命",
            "artist": "黑色收音机派对",
            "id": 1409201828
        },
        {
            "name": "噢！今夜",
            "artist": "脏手指 Oh! Dirty Fingers",
            "id": 1837818273
        },
        {
            "name": "寻找多莉",
            "artist": "梅卡德尔",
            "id": 28819356
        },
        {
            "name": "回声之丘",
            "artist": "疯医",
            "id": 1829726311
        },
        {
            "name": "滥情三部曲",
            "artist": "脏手指 Oh! Dirty Fingers",
            "id": 1373708382
        },
        {
            "name": "真爱挽歌 (True Love Story)",
            "artist": "卧轨的火车（Railway Suicide Train)",
            "id": 1954980768
        },
        {
            "name": "柠檬白兰地",
            "artist": "卧轨的火车（Railway Suicide Train)",
            "id": 434550135
        },
        {
            "name": "让我给你买包烟",
            "artist": "脏手指 Oh! Dirty Fingers",
            "id": 1373706768
        },
        {
            "name": "兴奋到死的东西",
            "artist": "回春丹",
            "id": 1369034687
        },
        {
            "name": "我无法停止幻想",
            "artist": "梅卡德尔",
            "id": 28625176
        },
        {
            "name": "德令哈夫人 (Lady from the Golden World)",
            "artist": "卧轨的火车（Railway Suicide Train)",
            "id": 1954980767
        },
        {
            "name": "这不是雨能解决的问题",
            "artist": "疯医",
            "id": 1829726722
        },
        {
            "name": "有一天我死了，你还会恨我么（Live）",
            "artist": "疯医",
            "id": 1445562406
        },
        {
            "name": "你还喜欢我吗？你说啊！",
            "artist": "脏手指 Oh! Dirty Fingers",
            "id": 523250195
        },
        {
            "name": "你怎么能够轻易地相信",
            "artist": "跳山羊",
            "id": 1391891118
        },
        {
            "name": "愿我们在黑暗的另一边相见",
            "artist": "疯医",
            "id": 1829726308
        },
        {
            "name": "美好的事可不可以發生在我身上",
            "artist": "康士坦的变化球",
            "id": 1304685375
        },
        {
            "name": "对不起我做不到答应了你的事",
            "artist": "康士坦的变化球",
            "id": 1499917736
        },
        {
            "name": "爱是",
            "artist": "Schoolgirl byebye",
            "id": 1479507542
        },
        {
            "name": "愿爱无忧 (Live)",
            "artist": "痛仰乐队",
            "id": 1479199254
        },
        {
            "name": "1.4 X人重蹈覆辙调",
            "artist": "周二下午谁没来",
            "id": 31544742
        },
        {
            "name": "艾蜜莉",
            "artist": "回春丹",
            "id": 1429237296
        },
        {
            "name": "黑乌鸦和少女",
            "artist": "裘德",
            "id": 1410707394
        },
        {
            "name": "性空山",
            "artist": "陈粒",
            "id": 30051774
        },
        {
            "name": "历历万乡",
            "artist": "陈粒",
            "id": 30431375
        },
        {
            "name": "闹海",
            "artist": "哪吒乐队",
            "id": 368913
        },
        {
            "name": "伊芙娜",
            "artist": "送春归",
            "id": 1931646862
        },
        {
            "name": "寻欢 (Absurd Comedy)",
            "artist": "送春归",
            "id": 2027943218
        },
        {
            "name": "贾宏声 坚持住 (同期录音)",
            "artist": "大悲",
            "id": 31062185
        },
        {
            "name": "我也喜欢你的女朋友",
            "artist": "脏手指 Oh! Dirty Fingers",
            "id": 521493347
        },
        {
            "name": "晚婚",
            "artist": "江蕙",
            "id": 249332
        },
        {
            "name": "结婚记",
            "artist": "水仙斗活佛",
            "id": 437387265
        },
        {
            "name": "黑羊",
            "artist": "败犬乐队",
            "id": 1467972274
        },
        {
            "name": "朋克万岁",
            "artist": "69",
            "id": 25950588
        },
        {
            "name": "赞美诗",
            "artist": "贊詩",
            "id": 1928429852
        },
        {
            "name": "粒子们",
            "artist": "于贞",
            "id": 1457329446
        },
        {
            "name": "春风",
            "artist": "海朋森",
            "id": 1455988858
        },
        {
            "name": "没有人能够比我们更接近对方",
            "artist": "声音玩具",
            "id": 1468592465
        },
        {
            "name": "在我二十岁的时候，我回到了爸爸的小村庄，那是我的乌托邦",
            "artist": "悲伤玩具",
            "id": 1381161677
        },
        {
            "name": "爱是昂贵的",
            "artist": "声音玩具",
            "id": 1840927022
        },
        {
            "name": "玩具",
            "artist": "岛屿心情",
            "id": 41659256
        },
        {
            "name": "缸",
            "artist": "草东没有派对",
            "id": 2046562196
        },
        {
            "name": "8+8=8",
            "artist": "岛屿心情",
            "id": 353414
        }
    ]
}