{
    "playlist_info": {
        "name": "爱在圣诞季 | 在影视剧中感受圣诞氛围",
        "trackcount": 119,
        "playcount": 41973,
        "creator": "云音乐官方歌单",
        "createDate": "2022-12-19",
        "heat": 219.0
    },
    "songs": [
        {
            "name": "Sometimes",
            "artist": "Gabrielle",
            "id": 5051119
        },
        {
            "name": "All You Need Is Love",
            "artist": "Lynden David Hall",
            "id": 5051118
        },
        {
            "name": "All I Want For Christmas Is You",
            "artist": "Olivia Olsen",
            "id": 5051116
        },
        {
            "name": "Take Me as I Am",
            "artist": "Wyclef Jean",
            "id": 5051115
        },
        {
            "name": "White Christmas",
            "artist": "Otis Redding",
            "id": 5051114
        },
        {
            "name": "Both Sides Now",
            "artist": "Joni Mitchell",
            "id": 5051113
        },
        {
            "name": "I'll See It Through",
            "artist": "Texas",
            "id": 5051112
        },
        {
            "name": "Wherever You Will Go",
            "artist": "The Calling",
            "id": 5051111
        },
        {
            "name": "Sweetest Goodbye",
            "artist": "Maroon 5",
            "id": 5051110
        },
        {
            "name": "Songbird",
            "artist": "Eva Cassidy",
            "id": 5051109
        },
        {
            "name": "Turn Me On",
            "artist": "Norah Jones",
            "id": 5051108
        },
        {
            "name": "God Only Knows",
            "artist": "The Beach Boys",
            "id": 5051117
        },
        {
            "name": "Christmas Is All Around",
            "artist": "Billy Mack",
            "id": 5051107
        },
        {
            "name": "Here With Me",
            "artist": "Dido",
            "id": 5051106
        },
        {
            "name": "The Trouble With Love Is",
            "artist": "Kelly Clarkson",
            "id": 5051105
        },
        {
            "name": "Too Lost in You",
            "artist": "Sugababes",
            "id": 5051104
        },
        {
            "name": "Jump (For My Love)",
            "artist": "Girls Aloud",
            "id": 5051103
        },
        {
            "name": "We Wish You A Merry Christmas / End Title (Original Soundtrack Version)",
            "artist": "John Williams",
            "id": 1480814
        },
        {
            "name": "Carol Of The Bells",
            "artist": "John Williams",
            "id": 1480764
        },
        {
            "name": "Star Of Bethlehem",
            "artist": "John Williams",
            "id": 1480759
        },
        {
            "name": "O Holy Night",
            "artist": "Adolphe Adam",
            "id": 1480754
        },
        {
            "name": "Somewhere In My Memory",
            "artist": "John Williams",
            "id": 1480683
        },
        {
            "name": "Rub And Scrub",
            "artist": "Tobago and d'Lime",
            "id": 518066479
        },
        {
            "name": "Jumping The Line",
            "artist": "Tobago and d'Lime",
            "id": 518066497
        },
        {
            "name": "Love Thy Neighbour",
            "artist": "Tobago and d'Lime",
            "id": 518066487
        },
        {
            "name": "When I Fall In Love",
            "artist": "Céline Dion",
            "id": 5058197
        },
        {
            "name": "Make Someone Happy",
            "artist": "Jimmy Durante",
            "id": 5058196
        },
        {
            "name": "Stand By Your Man",
            "artist": "Tammy Wynette",
            "id": 5058194
        },
        {
            "name": "A Wink and a Smile",
            "artist": "Harry Connick, Jr.",
            "id": 5058193
        },
        {
            "name": "Back In the Saddle Again",
            "artist": "Gene Autry",
            "id": 5058191
        },
        {
            "name": "In the Wee Small Hours of the Morning",
            "artist": "Carly Simon",
            "id": 5058190
        },
        {
            "name": "Makin' Whoopie",
            "artist": "Dr. John",
            "id": 5058189
        },
        {
            "name": "Stardust",
            "artist": "Nat King Cole",
            "id": 5058188
        },
        {
            "name": "A Kiss to Build a Dream On",
            "artist": "Louis Armstrong",
            "id": 5058187
        },
        {
            "name": "As Time Goes By",
            "artist": "Jimmy Durante",
            "id": 5058186
        },
        {
            "name": "Bye Bye Blackbird",
            "artist": "Joe Cocker",
            "id": 5058192
        },
        {
            "name": "No Other Love (1950 Version)",
            "artist": "Jo Stafford",
            "id": 36947834
        },
        {
            "name": "Smoke Rings",
            "artist": "Mary Ford",
            "id": 36947829
        },
        {
            "name": "Easy Living",
            "artist": "Teddy Wilson & His Orchestra",
            "id": 36947821
        },
        {
            "name": "You Belong To Me",
            "artist": "The Rovers",
            "id": 36947838
        },
        {
            "name": "My Foolish Heart",
            "artist": "Margaret Whiting",
            "id": 22619812
        },
        {
            "name": "One Mint Julep (Single Version)",
            "artist": "The Clovers",
            "id": 36947818
        },
        {
            "name": "Kiss Of Fire (Single Version)",
            "artist": "Georgia Gibbs",
            "id": 36947825
        },
        {
            "name": "Better Days",
            "artist": "Eddie Vedder",
            "id": 5040054
        },
        {
            "name": "Wave",
            "artist": "João Gilberto",
            "id": 5040051
        },
        {
            "name": "Samba Da Bencao",
            "artist": "Bebel Gilberto",
            "id": 5040050
        },
        {
            "name": "'S Wonderful",
            "artist": "João Gilberto",
            "id": 5040053
        },
        {
            "name": "Harvest Moon",
            "artist": "Neil Young",
            "id": 5040049
        },
        {
            "name": "The Long Road",
            "artist": "Eddie Vedder",
            "id": 5040048
        },
        {
            "name": "Heart Of Gold",
            "artist": "Neil Young",
            "id": 5040046
        },
        {
            "name": "Flight Attendant",
            "artist": "Josh Rouse",
            "id": 5040042
        },
        {
            "name": "Don't Feel Like Christmas",
            "artist": "Dallas & Doll",
            "id": 1805775325
        },
        {
            "name": "What Are You Doing New Year's Eve?",
            "artist": "Ella Fitzgerald",
            "id": 25453807
        },
        {
            "name": "Have Yourself A Merry Little Christmas",
            "artist": "Cat Power",
            "id": 28126876
        },
        {
            "name": "Home Alone, Too",
            "artist": "The Staves",
            "id": 1330640880
        },
        {
            "name": "I Wanna Take You out in Your Holiday Sweater",
            "artist": "Pas/Cal",
            "id": 558893438
        },
        {
            "name": "Quinzhee",
            "artist": "The Voluntary Butler Scheme",
            "id": 28471571
        },
        {
            "name": "Holly Jolly Christmas",
            "artist": "David Archuleta",
            "id": 1322228555
        },
        {
            "name": "A Very Very Very Merry Christmas",
            "artist": "Times Square Crooners & Swingers",
            "id": 1298549288
        },
        {
            "name": "Sukiyaki (Ue o muite arukō)",
            "artist": "坂本九",
            "id": 524466857
        },
        {
            "name": "The Christmas Song (Merry Christmas To You) (Remastered 1999)",
            "artist": "Nat King Cole",
            "id": 1491172813
        },
        {
            "name": "Come on! Let's Boogey to the Elf Dance!",
            "artist": "Sufjan Stevens",
            "id": 19079979
        },
        {
            "name": "Deck The Halls",
            "artist": "Nat King Cole",
            "id": 1493005987
        },
        {
            "name": "Fairytale of New York",
            "artist": "The Pogues",
            "id": 26695013
        },
        {
            "name": "Manhattan",
            "artist": "Cat Power",
            "id": 17100517
        },
        {
            "name": "Christmas Wrapping",
            "artist": "The Waitresses",
            "id": 27052229
        },
        {
            "name": "Sleigh Ride (2007 Digital Remaster)",
            "artist": "Amy Grant",
            "id": 1399065142
        },
        {
            "name": "Santa's Jolly Holiday",
            "artist": "Steve Martin",
            "id": 1409369676
        },
        {
            "name": "River",
            "artist": "Joni Mitchell",
            "id": 29779515
        },
        {
            "name": "Run Rudolph Run",
            "artist": "Chuck Berry",
            "id": 528512412
        },
        {
            "name": "Philomena",
            "artist": "The Decemberists",
            "id": 29769574
        },
        {
            "name": "Underneath the Tree",
            "artist": "Kelly Clarkson",
            "id": 27876478
        },
        {
            "name": "Move On",
            "artist": "George Michael",
            "id": 1401523572
        },
        {
            "name": "Wake Me up Before You Go-Go",
            "artist": "Wham!",
            "id": 1401523571
        },
        {
            "name": "One More Try (Remastered)",
            "artist": "George Michael",
            "id": 1401523569
        },
        {
            "name": "Heal the Pain (Remastered)",
            "artist": "George Michael",
            "id": 1401523568
        },
        {
            "name": "Praying for Time (Remastered)",
            "artist": "George Michael",
            "id": 1401523567
        },
        {
            "name": "Waiting for That Day (Remastered)",
            "artist": "George Michael",
            "id": 1401522565
        },
        {
            "name": "Last Christmas",
            "artist": "Wham!",
            "id": 1401522562
        },
        {
            "name": "Faith (Remastered)",
            "artist": "George Michael",
            "id": 1401522564
        },
        {
            "name": "Dreamsome (Album Version)",
            "artist": "Shelby Lynne",
            "id": 5053389
        },
        {
            "name": "Ring, Ring, Ring",
            "artist": "Aaron Soul",
            "id": 5053393
        },
        {
            "name": "Stop, Look, Listen (To Your Heart)",
            "artist": "Marvin Gaye",
            "id": 5053388
        },
        {
            "name": "Someone Like You",
            "artist": "Dina Carroll",
            "id": 5053385
        },
        {
            "name": "Love",
            "artist": "Rosey",
            "id": 5053387
        },
        {
            "name": "I'm Every Woman (Album Version)",
            "artist": "Chaka Khan",
            "id": 5053382
        },
        {
            "name": "Not Of This Earth",
            "artist": "Robbie Williams",
            "id": 5053386
        },
        {
            "name": "Have You Met Miss Jones?",
            "artist": "Robbie Williams",
            "id": 5053381
        },
        {
            "name": "Killin' Kind",
            "artist": "Shelby Lynne",
            "id": 5053384
        },
        {
            "name": "Respect",
            "artist": "Aretha Franklin",
            "id": 5053379
        },
        {
            "name": "Kiss That Girl",
            "artist": "Sheryl Crow",
            "id": 5053383
        },
        {
            "name": "Out Of Reach (From \"Bridget Jones's Diary\")",
            "artist": "Gabrielle",
            "id": 5053378
        },
        {
            "name": "How Long Will I Love You",
            "artist": "Ellie Goulding",
            "id": 27810037
        },
        {
            "name": "When I Fall In Love",
            "artist": "Brohanu",
            "id": 27810035
        },
        {
            "name": "All The Things She Said",
            "artist": "t.A.T.u.",
            "id": 27810034
        },
        {
            "name": "Push The Button",
            "artist": "Sugababes",
            "id": 27810033
        },
        {
            "name": "Mr. Brightside",
            "artist": "The Killers",
            "id": 27810032
        },
        {
            "name": "Il Mondo",
            "artist": "Jimmy Fontana",
            "id": 27810030
        },
        {
            "name": "Into My Arms",
            "artist": "Nick Cave & the Bad Seeds",
            "id": 27810029
        },
        {
            "name": "Gold In Them Hills",
            "artist": "Ron Sexsmith",
            "id": 27810027
        },
        {
            "name": "Friday I'm In Love",
            "artist": "The Cure",
            "id": 27810025
        },
        {
            "name": "Mid Air",
            "artist": "Paul Buchanan",
            "id": 27810023
        },
        {
            "name": "How Long Will I Love You",
            "artist": "Jon Boden",
            "id": 27810022
        },
        {
            "name": "The Luckiest",
            "artist": "Ben Folds",
            "id": 27810021
        },
        {
            "name": "Wherever Would I Be?",
            "artist": "Dusty Springfield",
            "id": 17344071
        },
        {
            "name": "Have Yourself a Merry Little Christmas (Remastered)",
            "artist": "Ella Fitzgerald",
            "id": 1398414635
        },
        {
            "name": "Winter Wonderland",
            "artist": "The Glenn Miller Orchestra",
            "id": 567521198
        },
        {
            "name": "Never A Day",
            "artist": "Wood",
            "id": 5053006
        },
        {
            "name": "The Distance",
            "artist": "Evan & Jaron",
            "id": 5053010
        },
        {
            "name": "Moonlight Kiss",
            "artist": "Bap Kennedy",
            "id": 5053007
        },
        {
            "name": "This Year",
            "artist": "Chantal Kreviazuk",
            "id": 5053015
        },
        {
            "name": "Like Lovers Do",
            "artist": "Heather Nova",
            "id": 5053011
        },
        {
            "name": "Northern Sky",
            "artist": "Nick Drake",
            "id": 5053013
        },
        {
            "name": "Cool Yule",
            "artist": "Louis Armstrong",
            "id": 5053014
        },
        {
            "name": "83",
            "artist": "John Mayer",
            "id": 5053017
        },
        {
            "name": "When You Know",
            "artist": "Shawn Colvin",
            "id": 5053012
        },
        {
            "name": "Invisible (from the Netflix Film Klaus)",
            "artist": "Zara Larsson",
            "id": 1401523765
        },
        {
            "name": "Everybody Loves Christmas",
            "artist": "Chord Overstreet",
            "id": 1995350990
        },
        {
            "name": "Jingle Bell Rock (from the Netflix Film \"Falling For Christmas\")",
            "artist": "Lindsay Lohan",
            "id": 1995350989
        }
    ]
}