{
    "playlist_info": {
        "name": "爵士钢琴大师•即兴演奏精选集",
        "trackcount": 90,
        "playcount": 573067,
        "creator": "Melody_Groove",
        "createDate": "2017-09-08",
        "heat": 269.0
    },
    "songs": [
        {
            "name": "Cantaloupe Island",
            "artist": "Herbie Hancock",
            "id": 18208052
        },
        {
            "name": "My Ideal",
            "artist": "Art Tatum",
            "id": 1027373
        },
        {
            "name": "My Foolish Heart",
            "artist": "Bill Evans",
            "id": 1080042
        },
        {
            "name": "When Sunny Gets Blue",
            "artist": "McCoy Tyner",
            "id": 21102835
        },
        {
            "name": "Georgia On My Mind",
            "artist": "Oscar Peterson",
            "id": 21383873
        },
        {
            "name": "Goodbye / Flamingo",
            "artist": "Phineas Newborn, Jr.",
            "id": 21357874
        },
        {
            "name": "Blue Pearl",
            "artist": "Bud Powell",
            "id": 483574366
        },
        {
            "name": "Where Can I Go Without You",
            "artist": "Keith Jarrett",
            "id": 1616671
        },
        {
            "name": "Matrix",
            "artist": "Chick Corea",
            "id": 22486247
        },
        {
            "name": "The Crisis",
            "artist": "Ennio Morricone",
            "id": 5027083
        },
        {
            "name": "Autumn Leaves",
            "artist": "Duke Ellington",
            "id": 27475257
        },
        {
            "name": "Ol' Man River (Showboat) [2004 Remaster]",
            "artist": "Count Basie",
            "id": 22480377
        },
        {
            "name": "Ain't Misbehavin' (1989 Remastered)",
            "artist": "Fats Waller",
            "id": 17821137
        },
        {
            "name": "Mule Walk Stomp",
            "artist": "James P. Johnson",
            "id": 26721602
        },
        {
            "name": "The **** Mexy",
            "artist": "Benny Green",
            "id": 16613638
        },
        {
            "name": "Blues the Most",
            "artist": "Hampton Hawes",
            "id": 494611013
        },
        {
            "name": "Save It Pretty Mama/If It's True",
            "artist": "Earl Hines",
            "id": 17555485
        },
        {
            "name": "Eronel",
            "artist": "Thelonius Monk",
            "id": 446805258
        },
        {
            "name": "Delarna",
            "artist": "Tommy Flanagan",
            "id": 3594026
        },
        {
            "name": "Take Me There",
            "artist": "Bob James",
            "id": 1089411
        },
        {
            "name": "Happy Birthday",
            "artist": "Joe Zawinul",
            "id": 1530066
        },
        {
            "name": "Ana Maria",
            "artist": "Kenny Kirkland",
            "id": 2905762
        },
        {
            "name": "Peacherine Rag",
            "artist": "Dick Hyman",
            "id": 26907783
        },
        {
            "name": "Get Out Of Town",
            "artist": "Teddy Wilson",
            "id": 21806136
        },
        {
            "name": "All Alone",
            "artist": "Red Garland",
            "id": 21527116
        },
        {
            "name": "The Christmas Waltz",
            "artist": "George Shearing",
            "id": 1398911
        },
        {
            "name": "Yeah",
            "artist": "Horace Silver",
            "id": 18203960
        },
        {
            "name": "She's Here (LP Version)",
            "artist": "Les McCann",
            "id": 20933178
        },
        {
            "name": "Three To Get Ready",
            "artist": "Dave Brubeck",
            "id": 498471595
        },
        {
            "name": "Take the 'A' Train",
            "artist": "Billy Strayhorn",
            "id": 1115097
        },
        {
            "name": "Farewell To Paris",
            "artist": "Erroll Garner",
            "id": 483574567
        },
        {
            "name": "Poinciana (Album Version)",
            "artist": "Ahmad Jamal",
            "id": 16332412
        },
        {
            "name": "Mahade Carnaval",
            "artist": "Ramsey Lewis",
            "id": 1881802
        },
        {
            "name": "Deep In A Dream",
            "artist": "Sonny Clark",
            "id": 19067191
        },
        {
            "name": "Shine On (Album Version)",
            "artist": "George Duke",
            "id": 17989539
        },
        {
            "name": "Black Sheep",
            "artist": "Jan Hammer",
            "id": 2792409
        },
        {
            "name": "After The Rain",
            "artist": "Alfred Lion",
            "id": 22261002
        },
        {
            "name": "Lake-Song",
            "artist": "Dave Grusin",
            "id": 1252131
        },
        {
            "name": "Willow Weep For Me",
            "artist": "Wynton Kelly",
            "id": 472766234
        },
        {
            "name": "Teiko",
            "artist": "Lyle Mays",
            "id": 20992032
        },
        {
            "name": "100 Hearts",
            "artist": "Michel Petrucciani",
            "id": 22474241
        },
        {
            "name": "This Can't Be Love",
            "artist": "Paul Bley",
            "id": 17936124
        },
        {
            "name": "Choral of Voice (Elesion)",
            "artist": "Cecil Taylor",
            "id": 1162235
        },
        {
            "name": "Variants on a Theme of John Lewis (Django): Variant I",
            "artist": "John Lewis",
            "id": 1527100
        },
        {
            "name": "Judgement (Remastered)",
            "artist": "Andrew Hill",
            "id": 1007852
        },
        {
            "name": "Don't Let Me Be Lonely Tonight",
            "artist": "David Benoit",
            "id": 17283248
        },
        {
            "name": "To Love Again",
            "artist": "Alan Pasqua",
            "id": 5208216
        },
        {
            "name": "Boll Weevil Blues",
            "artist": "Eubie Blake",
            "id": 5175401
        },
        {
            "name": "Listen Here",
            "artist": "Eddie Palmieri",
            "id": 17604746
        },
        {
            "name": "Jangled Nerves",
            "artist": "Fletcher Henderson",
            "id": 485286656
        },
        {
            "name": "Bali Hai",
            "artist": "Randy Waldman",
            "id": 18432568
        },
        {
            "name": "Don't Blame Me",
            "artist": "Hank Jones",
            "id": 2708008
        },
        {
            "name": "Something To Live For",
            "artist": "Bill Mays",
            "id": 472894309
        },
        {
            "name": "I Wish I Knew How It Would Feel to Be Free",
            "artist": "Billy Taylor",
            "id": 1122656
        },
        {
            "name": "Happiness Is",
            "artist": "Vince Guaraldi Trio",
            "id": 2074299
        },
        {
            "name": "You Belong to Me",
            "artist": "Mose Allison",
            "id": 1732781
        },
        {
            "name": "Rainsville",
            "artist": "Don Grolnick",
            "id": 17307035
        },
        {
            "name": "Rocking the Blues (Improvisation)",
            "artist": "Albert Ammons",
            "id": 485325397
        },
        {
            "name": "Laura",
            "artist": "Branford Marsalis",
            "id": 1333744
        },
        {
            "name": "Better Days",
            "artist": "Alan Broadbent",
            "id": 2166854
        },
        {
            "name": "Ran",
            "artist": "John Medeski",
            "id": 26155494
        },
        {
            "name": "Old Folks",
            "artist": "Jim Beard",
            "id": 27726143
        },
        {
            "name": "My Romance (Album Version)",
            "artist": "Brad Mehldau",
            "id": 16610984
        },
        {
            "name": "The Flow",
            "artist": "Metro",
            "id": 21240179
        },
        {
            "name": "Hippies On A Corner [Album Version]",
            "artist": "Joe Sample",
            "id": 18675239
        },
        {
            "name": "Judy",
            "artist": "Lennie Tristano",
            "id": 420997912
        },
        {
            "name": "Love Roots",
            "artist": "Mary Lou Williams",
            "id": 21207641
        },
        {
            "name": "Serenity",
            "artist": "Kenny Drew",
            "id": 1627556
        },
        {
            "name": "Gypsy Skys",
            "artist": "Max Middleton",
            "id": 2730778
        },
        {
            "name": "Burnt Out",
            "artist": "Milt Buckner",
            "id": 427312562
        },
        {
            "name": "Mystery of Love",
            "artist": "Randy Weston",
            "id": 3322151
        },
        {
            "name": "L-O-V-E (Multilingual Version/2006 Digital Remaster)",
            "artist": "Nat King Cole",
            "id": 1788777
        },
        {
            "name": "Swan Lake - Ballet in four acts Op. 20, Act II, 13. Dances of the Swans:IV. Dance of the Cygnets (Allegro moderato)",
            "artist": "André Previn",
            "id": 22241834
        },
        {
            "name": "San",
            "artist": "Mal Waldron",
            "id": 31735908
        },
        {
            "name": "Old Bridge Town",
            "artist": "Ricky Ford",
            "id": 491926174
        },
        {
            "name": "Dive In The Pool",
            "artist": "Barry Harris",
            "id": 5053733
        },
        {
            "name": "Tennessee Waltz",
            "artist": "Steve Kuhn",
            "id": 1959805
        },
        {
            "name": "Claudio",
            "artist": "Danílo Perez",
            "id": 17166037
        },
        {
            "name": "Hazy Eve",
            "artist": "Jaki Byard",
            "id": 1536204
        },
        {
            "name": "Tico Tico",
            "artist": "Mike Longo",
            "id": 28332091
        },
        {
            "name": "Spring Is Here",
            "artist": "Kenny Barron",
            "id": 18931421
        },
        {
            "name": "You're The One",
            "artist": "Brian Culbertson",
            "id": 16628095
        },
        {
            "name": "Feeling You, Feeling Me Too!",
            "artist": "Gene Harris",
            "id": 24919746
        },
        {
            "name": "Forget Me Nots (Remastered)",
            "artist": "Patrice Rushen",
            "id": 3243293
        },
        {
            "name": "Copenhagen Revisited",
            "artist": "Joe Bonner",
            "id": 1573987
        },
        {
            "name": "Anna (El Negro Zumbón)",
            "artist": "Perez Prado y Su Orquesta",
            "id": 26755752
        },
        {
            "name": "Ugetsu",
            "artist": "Cedar Walton",
            "id": 1172883
        },
        {
            "name": "Walkin' Shoes",
            "artist": "Bobby Enriquez",
            "id": 1129760
        },
        {
            "name": "Someone to Watch over Me",
            "artist": "Bobby Timmons",
            "id": 2211522
        },
        {
            "name": "Root",
            "artist": "Abdullah Ibrahim",
            "id": 28264965
        }
    ]
}