{
    "playlist_info": {
        "name": "爱摇滚乐，快乐的坚持信仰",
        "trackcount": 30,
        "playcount": 298585,
        "creator": "辉辉FKZ",
        "createDate": "2023-05-30",
        "heat": 10119.0
    },
    "songs": [
        {
            "name": "红",
            "artist": "告五人",
            "id": 1368756097
        },
        {
            "name": "星空里的你",
            "artist": "棱镜乐队",
            "id": 1336990677
        },
        {
            "name": "再见杰克",
            "artist": "痛仰乐队",
            "id": 381821
        },
        {
            "name": "晚安,北京",
            "artist": "鲍家街43号",
            "id": 344377
        },
        {
            "name": "无地自容",
            "artist": "黑豹乐队",
            "id": 357279
        },
        {
            "name": "火车驶向云外，梦安魂于九霄 (Live)",
            "artist": "刺猬",
            "id": 1370871521
        },
        {
            "name": "After Party",
            "artist": "新裤子",
            "id": 387485
        },
        {
            "name": "玛卡瑞纳",
            "artist": "海龟先生",
            "id": 25731313
        },
        {
            "name": "没有你的旅途 没有意义",
            "artist": "新裤子",
            "id": 409031377
        },
        {
            "name": "尚活·尽享此刻 Still Alive·Enjoy This Moment",
            "artist": "刺猬",
            "id": 1928436693
        },
        {
            "name": "正义",
            "artist": "回春丹",
            "id": 1329630571
        },
        {
            "name": "没有理想的人不伤心",
            "artist": "新裤子",
            "id": 28009051
        },
        {
            "name": "秦皇岛",
            "artist": "万能青年旅店",
            "id": 386835
        },
        {
            "name": "西湖",
            "artist": "痛仰乐队",
            "id": 381849
        },
        {
            "name": "男孩别哭",
            "artist": "海龟先生",
            "id": 25731320
        },
        {
            "name": "克林",
            "artist": "棱镜乐队",
            "id": 549320309
        },
        {
            "name": "优美的低于生活",
            "artist": "声音碎片乐队",
            "id": 375694
        },
        {
            "name": "晚安",
            "artist": "丢火车",
            "id": 542691142
        },
        {
            "name": "曾经的你",
            "artist": "许巍",
            "id": 167975
        },
        {
            "name": "人生浪费指南",
            "artist": "夏日入侵企画",
            "id": 497572729
        },
        {
            "name": "清河",
            "artist": "白皮书乐队",
            "id": 1473369225
        },
        {
            "name": "夏夜晚风",
            "artist": "LAYTON WU",
            "id": 1480095069
        },
        {
            "name": "我是一只鱼",
            "artist": "落日飞车",
            "id": 1411718813
        },
        {
            "name": "你都忘了你有多美",
            "artist": "新裤子",
            "id": 1316330903
        },
        {
            "name": "盛开",
            "artist": "痛仰乐队",
            "id": 381747
        },
        {
            "name": "烂泥",
            "artist": "草东没有派对",
            "id": 411314656
        },
        {
            "name": "爱上这样的疯狂",
            "artist": "旅行团乐队",
            "id": 2047065263
        },
        {
            "name": "幾乎是幻想",
            "artist": "康姆士COM'Z",
            "id": 1350149185
        },
        {
            "name": "山海",
            "artist": "草东没有派对",
            "id": 411314659
        },
        {
            "name": "我还年轻 我还年轻",
            "artist": "张叶蕾",
            "id": 1296893537
        }
    ]
}