{
    "playlist_info": {
        "name": "硬核好曲 剃刀党专用",
        "trackcount": 155,
        "playcount": 2777601,
        "creator": "鼎子牛逼得狠",
        "createDate": "2017-12-08",
        "heat": 1368.0
    },
    "songs": [
        {
            "name": "Viele (Orginal mix )",
            "artist": "Ghani",
            "id": 2045194409
        },
        {
            "name": "Octopus jiang (Orginal mix )",
            "artist": "Ghani",
            "id": 2021279106
        },
        {
            "name": "DARK RAVE",
            "artist": "l19u1d",
            "id": 2025337662
        },
        {
            "name": "IN THE CLUB",
            "artist": "Mishashi Sensei",
            "id": 1888560458
        },
        {
            "name": "STAB(锐刺）",
            "artist": "ROYYNN",
            "id": 2027884248
        },
        {
            "name": "What You Want",
            "artist": "Ilkay Sencan",
            "id": 1335350266
        },
        {
            "name": "Close Eyes (Slowed + Reverb)",
            "artist": "DVRST",
            "id": 1861101583
        },
        {
            "name": "Xanadu",
            "artist": "Ummet Ozcan",
            "id": 1971291768
        },
        {
            "name": "Move Your Body (RAIZHELL Remix)",
            "artist": "Öwnboss",
            "id": 1969098089
        },
        {
            "name": "Ping (MP)",
            "artist": "VodKa",
            "id": 1872000017
        },
        {
            "name": "Nightmare (Brainbug)",
            "artist": "CHRSTPHR",
            "id": 1952414478
        },
        {
            "name": "LIV",
            "artist": "KEAN DYSSO",
            "id": 1449387413
        },
        {
            "name": "Drive Forever",
            "artist": "T3nzu",
            "id": 1869031258
        },
        {
            "name": "LuciFer（Yang）",
            "artist": "Psaxxx",
            "id": 1936116561
        },
        {
            "name": "Today",
            "artist": "Foyon",
            "id": 1842561393
        },
        {
            "name": "Liberty Walk",
            "artist": "OsMan",
            "id": 1834356697
        },
        {
            "name": "911",
            "artist": "Pnan",
            "id": 1852234148
        },
        {
            "name": "SomeOne-2Someone（Rao remix）",
            "artist": "Rao",
            "id": 1892532969
        },
        {
            "name": "ATTITUDE",
            "artist": "ZHANG JUN（张俊）",
            "id": 1842195259
        },
        {
            "name": "Go to Work",
            "artist": "Can Demir",
            "id": 1464841099
        },
        {
            "name": "Italia e voi（Orginal Mix）",
            "artist": "HSHK",
            "id": 1493816591
        },
        {
            "name": "Drop That Skirt (Radio Mix)",
            "artist": "Croatia Squad",
            "id": 566295511
        },
        {
            "name": "Spartanos (Original Mix)",
            "artist": "SOZZA",
            "id": 1322040777
        },
        {
            "name": "Midnight (Radio Edit)",
            "artist": "Where It's ATT",
            "id": 1491113470
        },
        {
            "name": "Drunk Groove",
            "artist": "Марув",
            "id": 1369701289
        },
        {
            "name": "Lifestyle",
            "artist": "MAGES",
            "id": 1420745339
        },
        {
            "name": "Lake Arrowhead (Radio Mix)",
            "artist": "Nora En Pure",
            "id": 477742336
        },
        {
            "name": "ALan-Octopus（DruGTRaffickerS remix）",
            "artist": "DruGTRaffickerS",
            "id": 1423297895
        },
        {
            "name": "Roll 'n Rock",
            "artist": "Bali Bandits",
            "id": 1395041190
        },
        {
            "name": "Anatomy (Original Mix)",
            "artist": "Nextro",
            "id": 1813177542
        },
        {
            "name": "Chase",
            "artist": "VodKa",
            "id": 1836124865
        },
        {
            "name": "Color (İlkan Günüç & Osman Altun Remix)",
            "artist": "Ogün Dalka",
            "id": 1414765912
        },
        {
            "name": "Sueta",
            "artist": "ALEXEMELYA",
            "id": 1423030096
        },
        {
            "name": "Drown (feat. Clinton Kane) (Alle Farben Remix)",
            "artist": "Martin Garrix",
            "id": 1444426834
        },
        {
            "name": "LK X LoLo",
            "artist": "DJMuchY",
            "id": 1823908914
        },
        {
            "name": "Move 1t",
            "artist": "KAARRYXXX",
            "id": 1825297241
        },
        {
            "name": "Migos-Bad and Boujee（7unknown remix）",
            "artist": "7unknown",
            "id": 1451539893
        },
        {
            "name": "AEZR-P.I.M.P（Maga remix）",
            "artist": "Maga",
            "id": 1451669556
        },
        {
            "name": "WHAT",
            "artist": "Rnbstylerz",
            "id": 1448260853
        },
        {
            "name": "Morsmordre",
            "artist": "Crazy Donkey",
            "id": 1441860073
        },
        {
            "name": "Animality",
            "artist": "Maga",
            "id": 1415645455
        },
        {
            "name": "Plain jene",
            "artist": "Roberto Kan",
            "id": 1404880364
        },
        {
            "name": "Piece Of Your Heart (Alok Remix)",
            "artist": "Meduza",
            "id": 1370162678
        },
        {
            "name": "Power (Original Mix)",
            "artist": "Epiik",
            "id": 1348816112
        },
        {
            "name": "Real Fire",
            "artist": "Mystical Complex",
            "id": 1376815543
        },
        {
            "name": "Eurythmics-Sweet Dreams (Relanium&DeenWestFt.TPaul Sax Remi)（GRABOTE / Uzller / GYN777 remix）",
            "artist": "GRABOTE",
            "id": 1439177800
        },
        {
            "name": "Nothing New",
            "artist": "Dropgun",
            "id": 519367069
        },
        {
            "name": "F. Physical-La Banda（Matt Hanna Bootleg）（Morello Malt remix）",
            "artist": "Morello Malt",
            "id": 1444095167
        },
        {
            "name": "Weyrleader",
            "artist": "Maga AQ",
            "id": 1396196557
        },
        {
            "name": "Ummet Ozcan-Sweet Dreams ( Remix )（DruGTRaffickerS remix）",
            "artist": "DruGTRaffickerS",
            "id": 1386593207
        },
        {
            "name": "Knight (Nurshat Asymov Remix)",
            "artist": "Nurshat Asymov",
            "id": 1416761424
        },
        {
            "name": "Rolling",
            "artist": "Wildcap",
            "id": 1327427643
        },
        {
            "name": "Touch It (Maga Remix)",
            "artist": "Maga",
            "id": 1406273234
        },
        {
            "name": "Inex (Extended Mix)",
            "artist": "KVPV",
            "id": 1336871641
        },
        {
            "name": "Are You With Me",
            "artist": "Lost Frequencies",
            "id": 29806043
        },
        {
            "name": "RSAC-NBA（NUANHAO / MINGYANG remix）",
            "artist": "NUANHAO",
            "id": 1385929681
        },
        {
            "name": "Fiery Sky (Original Mix)",
            "artist": "Eal7 NS",
            "id": 1339763623
        },
        {
            "name": "B2u",
            "artist": "Jarico",
            "id": 1336866178
        },
        {
            "name": "Chloe",
            "artist": "KVPV",
            "id": 1336856711
        },
        {
            "name": "Will Be Fine (Club Mix)",
            "artist": "KVPV",
            "id": 1336864631
        },
        {
            "name": "Believe AMG(Radio Edit)",
            "artist": "Storm_Official",
            "id": 1380483885
        },
        {
            "name": "TroyBoi DoYou Exlls ( Remix GHouse )",
            "artist": "еяхат музыка",
            "id": 1314458568
        },
        {
            "name": "暴富的感觉 (DJ版)",
            "artist": "肖Music",
            "id": 1387417791
        },
        {
            "name": "La corde-Street Fever",
            "artist": "DruGTRaffickerS",
            "id": 1327078374
        },
        {
            "name": "福将",
            "artist": "张三李四",
            "id": 1376426039
        },
        {
            "name": "XXXTENTACION-Moonlight (Remix) (Bass Boosted)（XXXTENTACION remix）",
            "artist": "DruGTRaffickerS",
            "id": 1328910929
        },
        {
            "name": "Blockin (Raveboiz Edit)",
            "artist": "KYANU",
            "id": 1297799895
        },
        {
            "name": "SPRING BREAK IN MEXICO",
            "artist": "Hedegaard",
            "id": 1356657763
        },
        {
            "name": "Night Invasion",
            "artist": "DMC Maxx Flash",
            "id": 1336866361
        },
        {
            "name": "The Grits-My Life Be Like - Tokyo Drift (Remix)（DruGTRaffickerS remix）",
            "artist": "DruGTRaffickerS",
            "id": 1356248942
        },
        {
            "name": "Ensemble",
            "artist": "Vicetone",
            "id": 28593175
        },
        {
            "name": "All My Love (feat. Conor Maynard) [Sagan Remix]",
            "artist": "Cash Cash",
            "id": 499384441
        },
        {
            "name": "Everybody (Andy Cane Remix)",
            "artist": "GRABOTE",
            "id": 1321995341
        },
        {
            "name": "Back To Basics (Extended Mix)",
            "artist": "KVPV",
            "id": 1348598758
        },
        {
            "name": "Carlos Moyra - To The Crowd (Original Mix)",
            "artist": "GRABOTE",
            "id": 1340192635
        },
        {
            "name": "Am I Wrong (Win & Woo Remix)",
            "artist": "Win & Woo",
            "id": 35331935
        },
        {
            "name": "Black Suit",
            "artist": "KVPV",
            "id": 1336871640
        },
        {
            "name": "p***y Pop",
            "artist": "GRABOTE",
            "id": 1321476315
        },
        {
            "name": "My Adidas （EA7-Remix）",
            "artist": "еяхат музыка",
            "id": 546302374
        },
        {
            "name": "Closer",
            "artist": "Breathe Carolina",
            "id": 472141627
        },
        {
            "name": "Super Mario ( мавлан Remix )",
            "artist": "мавлан музыка",
            "id": 1309211193
        },
        {
            "name": "Lordly (feat. Alex Aiono) [MDZN Remix]",
            "artist": "Alex Aiono",
            "id": 442562232
        },
        {
            "name": "Throw Yo Body",
            "artist": "Trst.",
            "id": 493551152
        },
        {
            "name": "Rezz-Lost Mixing female（DruGTRaffickerS remix）",
            "artist": "DruGTRaffickerS",
            "id": 1333940962
        },
        {
            "name": "Andalusia (MKJ Remix)",
            "artist": "Antoine Chambe",
            "id": 401249195
        },
        {
            "name": "Shiva (Radio Edit)",
            "artist": "MD DJ",
            "id": 558148812
        },
        {
            "name": "Erhu",
            "artist": "DJ Dark",
            "id": 1341503728
        },
        {
            "name": "Cantina (Taito Remix)",
            "artist": "Gemeni",
            "id": 862731506
        },
        {
            "name": "Mans Not Hot (Deep)",
            "artist": "GRABOTE",
            "id": 1325125720
        },
        {
            "name": "Mym (Original Mix)",
            "artist": "Tofalko",
            "id": 553764951
        },
        {
            "name": "Waking up the Neighbors",
            "artist": "Croatia Squad",
            "id": 443292138
        },
        {
            "name": "Counting Down To Christmas",
            "artist": "Campsite Dream",
            "id": 442991820
        },
        {
            "name": "Catch Fire (Sun Sun Sun) (EDX's Miami Sunset Remix)",
            "artist": "Spada",
            "id": 33367859
        },
        {
            "name": "Sweet Sensation",
            "artist": "Mose N",
            "id": 1331996746
        },
        {
            "name": "We Don't Need No Sleep",
            "artist": "Croatia Squad",
            "id": 435552610
        },
        {
            "name": "Belem",
            "artist": "Dirty Rush & Gregor Es",
            "id": 534539202
        },
        {
            "name": "Touch The Sky",
            "artist": "Cedric Gervais",
            "id": 552145020
        },
        {
            "name": "Panda (Kiko Franco & Kubski Remix)",
            "artist": "Kiko Franco",
            "id": 448316067
        },
        {
            "name": "Dependent",
            "artist": "еяхат музыка",
            "id": 543927569
        },
        {
            "name": "SUS (Original Mix)",
            "artist": "NIGHTOWLS",
            "id": 409031589
        },
        {
            "name": "Ni**a Who",
            "artist": "The Beatangers",
            "id": 28975820
        },
        {
            "name": "Keep On (Original Mix)",
            "artist": "Tom Reason",
            "id": 417250186
        },
        {
            "name": "Carioca (Kiko Franco & Paradise City Remix)",
            "artist": "Joe Kinni",
            "id": 466325499
        },
        {
            "name": "Unstoppable",
            "artist": "SAM F",
            "id": 421148741
        },
        {
            "name": "Your Body (Clean)",
            "artist": "Cat Dealers",
            "id": 406737882
        },
        {
            "name": "Brass",
            "artist": "Dirty Rush & Gregor Es",
            "id": 500412055
        },
        {
            "name": "Feel (Radio Edit)",
            "artist": "Mahmut Orhan",
            "id": 412785125
        },
        {
            "name": "Gangsta Walk",
            "artist": "Illusionize",
            "id": 451981574
        },
        {
            "name": "Booty (Extended Mix)",
            "artist": "Tom Reason",
            "id": 458496375
        },
        {
            "name": "Snakes",
            "artist": "Sikdope",
            "id": 409931583
        },
        {
            "name": "Wildest Dreams (Extended Mix)",
            "artist": "Vijay & Sofia Zlatko",
            "id": 403136279
        },
        {
            "name": "Catchfire (Sun Sun Sun) (EDX’s Miami Sunset Remix)",
            "artist": "Spada",
            "id": 39443927
        },
        {
            "name": "Thinking About You",
            "artist": "Fullife",
            "id": 437290571
        },
        {
            "name": "Love You Lately",
            "artist": "Ariana & the Rose",
            "id": 458013580
        },
        {
            "name": "Birthday Suit",
            "artist": "Dan Talevski",
            "id": 485410433
        },
        {
            "name": "FIGHT",
            "artist": "Zagor",
            "id": 405377879
        },
        {
            "name": "Final Song (OutaMatic Remix)",
            "artist": "OutaMatic",
            "id": 427614378
        },
        {
            "name": "Something New",
            "artist": "Faul",
            "id": 29713703
        },
        {
            "name": "Waikiki(Original Mix)",
            "artist": "Deep Chills",
            "id": 33223214
        },
        {
            "name": "Around The Fire (Mokoa Remix)",
            "artist": "Mokoa",
            "id": 36019413
        },
        {
            "name": "Champagne Ocean",
            "artist": "Ehrling",
            "id": 436147067
        },
        {
            "name": "Summertime Sadness (Behmer Bootleg)",
            "artist": "Behmer",
            "id": 414979759
        },
        {
            "name": "Yumé",
            "artist": "Daitshi",
            "id": 467164552
        },
        {
            "name": "Apologize (OutaMatic Remix)",
            "artist": "OutaMatic",
            "id": 409647285
        },
        {
            "name": "Swagger (Original Radio Edit)",
            "artist": "Bombs Away",
            "id": 3982885
        },
        {
            "name": "Hold On (feat. Cheat Codes) [Radio Edit]",
            "artist": "Moguai",
            "id": 34749984
        },
        {
            "name": "Booty (Original Mix)",
            "artist": "Hyzan",
            "id": 458496599
        },
        {
            "name": "Wa Wa (Radio Edit)",
            "artist": "Sam Collins",
            "id": 458238658
        },
        {
            "name": "Dynamite",
            "artist": "Slow Motion! Hot Light",
            "id": 459733269
        },
        {
            "name": "My Tempo",
            "artist": "Ryan Blyth",
            "id": 460099672
        },
        {
            "name": "Falling (BROHUG Remix)",
            "artist": "Alesso",
            "id": 462997816
        },
        {
            "name": "Fuego",
            "artist": "Alok",
            "id": 456381024
        },
        {
            "name": "Booka Shake(Original Mix)",
            "artist": "Thomas Jack",
            "id": 33544190
        },
        {
            "name": "Kryptonite (Dr. Fresch x Tendra Remix)",
            "artist": "Big Boi",
            "id": 452814467
        },
        {
            "name": "Everybody's House (Original Mix)",
            "artist": "Andruss",
            "id": 458711387
        },
        {
            "name": "The Spectre",
            "artist": "Alan Walker",
            "id": 506092035
        },
        {
            "name": "Booyah",
            "artist": "Showtek",
            "id": 27882657
        },
        {
            "name": "Turnin'",
            "artist": "Young Rising Sons",
            "id": 28859948
        },
        {
            "name": "We Rise",
            "artist": "San Holo",
            "id": 31284010
        },
        {
            "name": "Waiting For Love",
            "artist": "Avicii",
            "id": 31356499
        },
        {
            "name": "Dark Horse",
            "artist": "Katy Perry",
            "id": 27731239
        },
        {
            "name": "Limitless (feat. Sophie Rose)",
            "artist": "SAM F",
            "id": 469272857
        },
        {
            "name": "Rainbow's Dream",
            "artist": "LeeAlive",
            "id": 502845123
        },
        {
            "name": "Summertime Sadness (Basic Tape Remix)",
            "artist": "Basic Tape",
            "id": 31830698
        },
        {
            "name": "Solo Dance",
            "artist": "Martin Jensen",
            "id": 490637275
        },
        {
            "name": "Like I Would (Tom Budin Remix)",
            "artist": "Tom Budin",
            "id": 409647737
        },
        {
            "name": "East of Eden",
            "artist": "Zella Day",
            "id": 29009655
        },
        {
            "name": "HandClap",
            "artist": "Fitz and The Tantrums",
            "id": 407839677
        },
        {
            "name": "See It Again",
            "artist": "Loud Luxury",
            "id": 447076645
        },
        {
            "name": "Devil's Tears",
            "artist": "Vicion",
            "id": 33544176
        },
        {
            "name": "Something To Say",
            "artist": "Loud Luxury",
            "id": 456381014
        },
        {
            "name": "This Girl",
            "artist": "Kungs",
            "id": 404276447
        },
        {
            "name": "Work",
            "artist": "Young Scooter",
            "id": 26288168
        },
        {
            "name": "****in' Problems (Jawster Remix)",
            "artist": "Jawster",
            "id": 35807063
        },
        {
            "name": "Glamorous",
            "artist": "Fergie",
            "id": 19836152
        }
    ]
}