{
    "playlist_info": {
        "name": "独处伴侣｜飘到地球尽头",
        "trackcount": 20,
        "playcount": 1331225,
        "creator": "赋魅",
        "createDate": "2018-03-14",
        "heat": 688.0
    },
    "songs": [
        {
            "name": "Sparks",
            "artist": "Tom Adams",
            "id": 479938888
        },
        {
            "name": "Space Song",
            "artist": "Beach House",
            "id": 33075107
        },
        {
            "name": "Apocalypse",
            "artist": "Cigarettes After Sex",
            "id": 467164485
        },
        {
            "name": "Come Close Now",
            "artist": "Christa Wells",
            "id": 27630180
        },
        {
            "name": "We're Good People but Why Don't We Show It?",
            "artist": "Holly Throsby",
            "id": 18250864
        },
        {
            "name": "Wine Glass",
            "artist": "Leddra Chapman",
            "id": 16532461
        },
        {
            "name": "Twelve o Clock",
            "artist": "Arms and Legs",
            "id": 989418
        },
        {
            "name": "Places We Won't Walk",
            "artist": "Bruno Major",
            "id": 482395086
        },
        {
            "name": "Enigk",
            "artist": "Emme Packer",
            "id": 2532686
        },
        {
            "name": "fish in the pool",
            "artist": "ヘクとパスカル",
            "id": 31861287
        },
        {
            "name": "Just My Luck",
            "artist": "Dawes",
            "id": 26162047
        },
        {
            "name": "Pretty Thoughts",
            "artist": "Galimatias",
            "id": 28099216
        },
        {
            "name": "Each Time You Fall in Love",
            "artist": "Cigarettes After Sex",
            "id": 480768666
        },
        {
            "name": "Never Be That Tough",
            "artist": "Simone White",
            "id": 19163309
        },
        {
            "name": "Vapour",
            "artist": "Vancouver Sleep Clinic",
            "id": 27922128
        },
        {
            "name": "Reverie",
            "artist": "Isaac Gracie",
            "id": 463183367
        },
        {
            "name": "I Am the Changer",
            "artist": "Cotton Jones Basket Ride",
            "id": 1170299
        },
        {
            "name": "Dynamite (Acoustic)",
            "artist": "Sigrid",
            "id": 475207014
        },
        {
            "name": "Sunsetz",
            "artist": "Cigarettes After Sex",
            "id": 480768667
        },
        {
            "name": "Wait",
            "artist": "M83",
            "id": 16957726
        }
    ]
}