{
    "playlist_info": {
        "name": "甜甜的恋爱歌单～每一首歌都超甜♡",
        "trackcount": 299,
        "playcount": 82,
        "creator": "小颖盼盼",
        "createDate": "2023-04-27",
        "heat": 1.0
    },
    "songs": [
        {
            "name": "乌梅子酱",
            "artist": "李荣浩",
            "id": 1997438791
        },
        {
            "name": "危险派对",
            "artist": "王以太",
            "id": 1877996649
        },
        {
            "name": "专属味道",
            "artist": "汪苏泷",
            "id": 165375
        },
        {
            "name": "风吹一夏",
            "artist": "DP龙猪",
            "id": 1851258433
        },
        {
            "name": "小城夏天",
            "artist": "LBI利比",
            "id": 1934251776
        },
        {
            "name": "沉沦与遐想",
            "artist": "C.HØPE",
            "id": 1492584510
        },
        {
            "name": "假面舞会",
            "artist": "很美味",
            "id": 1875941511
        },
        {
            "name": "小鹿乱撞",
            "artist": "永彬Ryan.B",
            "id": 864100958
        },
        {
            "name": "恋爱频率",
            "artist": "Sasablue",
            "id": 1928419759
        },
        {
            "name": "爱你",
            "artist": "王心凌",
            "id": 1474411443
        },
        {
            "name": "宠坏",
            "artist": "李俊佑",
            "id": 1352544631
        },
        {
            "name": "无情画",
            "artist": "王唯旖",
            "id": 1311347661
        },
        {
            "name": "星落凝成糖",
            "artist": "萨顶顶",
            "id": 2020525092
        },
        {
            "name": "双花儿",
            "artist": "双笙（陈元汐）",
            "id": 2022863702
        },
        {
            "name": "ชอบเธออะ",
            "artist": "Bell玲惠",
            "id": 1968032170
        },
        {
            "name": "目及皆是你",
            "artist": "小蓝背心",
            "id": 1847975477
        },
        {
            "name": "今晚谈恋爱",
            "artist": "小包Zerinn",
            "id": 1975756322
        },
        {
            "name": "爱立刻有",
            "artist": "Bell玲惠",
            "id": 1965671755
        },
        {
            "name": "恋爱告急",
            "artist": "鞠婧祎",
            "id": 1401226842
        },
        {
            "name": "蜜雪冰城（色匠 Remix）",
            "artist": "色匠",
            "id": 1852968427
        },
        {
            "name": "甜",
            "artist": "李迦南Doc",
            "id": 465183718
        },
        {
            "name": "0.2s",
            "artist": "鞠婧祎",
            "id": 1921230284
        },
        {
            "name": "小甜蜜",
            "artist": "张阳阳",
            "id": 1496020025
        },
        {
            "name": "浪漫爱",
            "artist": "江语晨",
            "id": 247947
        },
        {
            "name": "Yêu Thì Yêu Không Yêu Thì Yêu",
            "artist": "AMEE",
            "id": 1457496579
        },
        {
            "name": "연애의 시작",
            "artist": "杨郑承",
            "id": 5336489
        },
        {
            "name": "苦茶 ",
            "artist": "yihuik苡慧",
            "id": 1874972712
        },
        {
            "name": "우리만나요 (샤이니의 월드데이트 삽입곡)",
            "artist": "家庭手工业",
            "id": 34179015
        },
        {
            "name": "POSE",
            "artist": "KINO",
            "id": 1970779448
        },
        {
            "name": "好像都一样",
            "artist": "虞书欣",
            "id": 1985106136
        },
        {
            "name": "Luv Song",
            "artist": "Superluckyqi",
            "id": 1439148284
        },
        {
            "name": "小清新",
            "artist": "朱主爱",
            "id": 516358523
        },
        {
            "name": "好好宠爱",
            "artist": "房东的猫",
            "id": 1981843817
        },
        {
            "name": "甜妹",
            "artist": "抽口Choco",
            "id": 1978994167
        },
        {
            "name": "环游夏天",
            "artist": "张星特",
            "id": 1862285003
        },
        {
            "name": "海岸引力",
            "artist": "翟潇闻",
            "id": 1950352083
        },
        {
            "name": "就是爱你",
            "artist": "陶喆",
            "id": 150430
        },
        {
            "name": "失眠飞行",
            "artist": "接个吻，开一枪",
            "id": 1365898499
        },
        {
            "name": "Hug me (抱我)",
            "artist": "蔡徐坤",
            "id": 1965890511
        },
        {
            "name": "云朵亲吻月亮",
            "artist": "郑润泽",
            "id": 1970876240
        },
        {
            "name": "For You",
            "artist": "王鹤棣",
            "id": 864100675
        },
        {
            "name": "贴贴",
            "artist": "胥睿",
            "id": 1903509018
        },
        {
            "name": "想到你",
            "artist": "朴宰范",
            "id": 1939898238
        },
        {
            "name": "有点甜",
            "artist": "汪苏泷",
            "id": 165340
        },
        {
            "name": "给你呀（又名：for ya）",
            "artist": "蒋小呢",
            "id": 1497588709
        },
        {
            "name": "布鲁吐司",
            "artist": "Bell玲惠",
            "id": 1977142633
        },
        {
            "name": "忍不住想你",
            "artist": "孟子坤",
            "id": 1965940165
        },
        {
            "name": "与你共赴",
            "artist": "很美味",
            "id": 1920051173
        },
        {
            "name": "天知道",
            "artist": "AY楊佬叁",
            "id": 1919512240
        },
        {
            "name": "热爱105°C的你",
            "artist": "阿肆",
            "id": 1840459406
        },
        {
            "name": "爱在下一秒",
            "artist": "LBI利比",
            "id": 1966811063
        },
        {
            "name": "四季予你",
            "artist": "程响",
            "id": 1807537867
        },
        {
            "name": "邂逅一夏",
            "artist": "余佳运",
            "id": 1976787301
        },
        {
            "name": "난 니가 좋아",
            "artist": "진호",
            "id": 30621273
        },
        {
            "name": "니맘내맘",
            "artist": "Stella Jang",
            "id": 1309814424
        },
        {
            "name": "사랑이 내 안에 들어와",
            "artist": "SEhyun世贤",
            "id": 1930556699
        },
        {
            "name": "周周",
            "artist": "CJ 周密",
            "id": 1965648349
        },
        {
            "name": "麦浪",
            "artist": "yihuik苡慧",
            "id": 1930790961
        },
        {
            "name": "赶快跟我谈恋爱",
            "artist": "CJ 周密",
            "id": 1983301500
        },
        {
            "name": "亲亲抱抱举高高",
            "artist": "coco这个李文",
            "id": 1334270338
        },
        {
            "name": "合拍",
            "artist": "许嵩",
            "id": 2016442586
        },
        {
            "name": "My girl",
            "artist": "Gonaki",
            "id": 1937736041
        },
        {
            "name": "梁山伯与茱丽叶",
            "artist": "卓文萱",
            "id": 327736
        },
        {
            "name": "需要保密的情话",
            "artist": "安全着陆",
            "id": 454954048
        },
        {
            "name": "每一句都很甜",
            "artist": "薄荷er",
            "id": 1302621712
        },
        {
            "name": "双周爱情故事",
            "artist": "CJ 周密",
            "id": 1965889913
        },
        {
            "name": "爱你",
            "artist": "王贰浪",
            "id": 558290126
        },
        {
            "name": "小宇",
            "artist": "桃德李Todd Li",
            "id": 476659144
        },
        {
            "name": "想我吗",
            "artist": "Loong-G龍吉",
            "id": 1341100042
        },
        {
            "name": "我想",
            "artist": "余佳运",
            "id": 407435011
        },
        {
            "name": "初恋",
            "artist": "回春丹",
            "id": 1873049720
        },
        {
            "name": "有幸",
            "artist": "顾亦",
            "id": 1395040376
        },
        {
            "name": "渐暖",
            "artist": "时代少年团",
            "id": 1919430638
        },
        {
            "name": "心引力",
            "artist": "王俊凯",
            "id": 1400596300
        },
        {
            "name": "小确幸",
            "artist": "小潘潘（潘柚彤）",
            "id": 1322228868
        },
        {
            "name": "爱啦啦",
            "artist": "海楠",
            "id": 245625
        },
        {
            "name": "爱呀爱呀",
            "artist": "Nene郑乃馨",
            "id": 1971330273
        },
        {
            "name": "十分喜欢",
            "artist": "摩登兄弟刘宇宁",
            "id": 1381049131
        },
        {
            "name": "想去海边",
            "artist": "夏日入侵企画",
            "id": 1413863166
        },
        {
            "name": "世纪恋人",
            "artist": "谷江山",
            "id": 1956502561
        },
        {
            "name": "我多喜欢你，你会知道",
            "artist": "王俊琪",
            "id": 509518010
        },
        {
            "name": "想要把全宇宙最特别的爱都给你",
            "artist": "高姗",
            "id": 1336856865
        },
        {
            "name": "썸 탈꺼야 (some)（Cover 脸红的思春期）",
            "artist": "朵蜜天女JOY",
            "id": 549865623
        },
        {
            "name": "直球",
            "artist": "yihuik苡慧",
            "id": 1963176984
        },
        {
            "name": "那一刻心动",
            "artist": "任子墨",
            "id": 1836033745
        },
        {
            "name": "好きだから。",
            "artist": "『ユイカ』",
            "id": 1856722728
        },
        {
            "name": "那一刻心动",
            "artist": "大柯",
            "id": 1862010211
        },
        {
            "name": "春秋冬夏",
            "artist": "赵芷彤",
            "id": 1833192417
        },
        {
            "name": "提拉米苏",
            "artist": "新乐尘符",
            "id": 1393616255
        },
        {
            "name": "小时光",
            "artist": "胡期皓",
            "id": 1824408437
        },
        {
            "name": "宠爱吖",
            "artist": "白小白",
            "id": 528478158
        },
        {
            "name": "浪漫爱",
            "artist": "刘瑞琦",
            "id": 1475737616
        },
        {
            "name": "甜蜜蜜",
            "artist": "薛凯琪",
            "id": 306880
        },
        {
            "name": "我喜欢",
            "artist": "Double ZZZ",
            "id": 1940941539
        },
        {
            "name": "属于你",
            "artist": "很美味",
            "id": 1400258377
        },
        {
            "name": "偏爱",
            "artist": "Lil Ghost小鬼",
            "id": 1397674264
        },
        {
            "name": "桃桃心动",
            "artist": "赵芷彤",
            "id": 1870352849
        },
        {
            "name": "见爱响铃",
            "artist": "是二智呀",
            "id": 1958654138
        },
        {
            "name": "危险派对 (韩文版)",
            "artist": "小九Zoe",
            "id": 1982606946
        },
        {
            "name": "想要和你谈恋爱",
            "artist": "欧阳尚尚",
            "id": 1311091117
        },
        {
            "name": "好想要牵你的手",
            "artist": "一口甜",
            "id": 1350278886
        },
        {
            "name": "对的时间遇见对的你",
            "artist": "李浩然",
            "id": 1470450171
        },
        {
            "name": "突然想到你",
            "artist": "胥睿",
            "id": 1901624103
        },
        {
            "name": "爱丫爱丫",
            "artist": "1个球",
            "id": 1930213637
        },
        {
            "name": "让浪漫使你陷落",
            "artist": "Gifty",
            "id": 1909397027
        },
        {
            "name": "니 맘에 들어갈래",
            "artist": "HENRY刘宪华",
            "id": 437856844
        },
        {
            "name": "未来式情歌",
            "artist": "蜡笔小心",
            "id": 1452635223
        },
        {
            "name": "喝了一口星光酒（我只想爱爱爱爱你一万年）",
            "artist": "木小雅",
            "id": 1906234942
        },
        {
            "name": "给你一瓶魔法药水",
            "artist": "告五人",
            "id": 1959667345
        },
        {
            "name": "小流星",
            "artist": "汪苏泷",
            "id": 569214141
        },
        {
            "name": "情人节",
            "artist": "Forest龙楠林",
            "id": 1897678158
        },
        {
            "name": "谈恋爱（翻自 王七七）",
            "artist": "梦魇",
            "id": 1467894471
        },
        {
            "name": "夏日相遇冬日的婚礼",
            "artist": "C.HØPE",
            "id": 1906095818
        },
        {
            "name": "非你莫属",
            "artist": "张洢豪",
            "id": 1379148912
        },
        {
            "name": "最美情侣",
            "artist": "白小白",
            "id": 469699266
        },
        {
            "name": "慢慢喜欢你",
            "artist": "莫文蔚",
            "id": 541687281
        },
        {
            "name": "就是爱你（Cover 陶喆）",
            "artist": "夏磊",
            "id": 864314001
        },
        {
            "name": "好想快点见到你",
            "artist": "方锴豪",
            "id": 1436453886
        },
        {
            "name": "狐狸的童话",
            "artist": "Santa_SA",
            "id": 1815105886
        },
        {
            "name": "โต๊ะริม (Melt)",
            "artist": "DoubleBam",
            "id": 1957484204
        },
        {
            "name": "想要你知道（Cover 许亚童）",
            "artist": "阿颖不说话",
            "id": 510837526
        },
        {
            "name": "与你有关的四季",
            "artist": "马也_Crabbit",
            "id": 1833162728
        },
        {
            "name": "穿越彩虹与心动相拥",
            "artist": "小好14",
            "id": 1898921640
        },
        {
            "name": "直觉",
            "artist": "李学仕",
            "id": 1335580481
        },
        {
            "name": "心动",
            "artist": "Aioz",
            "id": 1466921545
        },
        {
            "name": "与你",
            "artist": "胖虎（董欣怡）",
            "id": 1908080785
        },
        {
            "name": "好想你",
            "artist": "朱主爱",
            "id": 399353833
        },
        {
            "name": "圈住你",
            "artist": "巧乐兹",
            "id": 1388357890
        },
        {
            "name": "爱的魔法",
            "artist": "阮豆",
            "id": 497400537
        },
        {
            "name": "最甜情歌",
            "artist": "阮豆",
            "id": 1414078520
        },
        {
            "name": "一切关于你",
            "artist": "Grace",
            "id": 1299550660
        },
        {
            "name": "陪伴每一个四季",
            "artist": "知晏",
            "id": 1954696280
        },
        {
            "name": "住在你的心脏",
            "artist": "黄鲲",
            "id": 1398284275
        },
        {
            "name": "You(=I)（Cover 脸红的思春期）",
            "artist": "朵蜜天女JOY",
            "id": 449254451
        },
        {
            "name": "★kiss me baby☆（吻我，宝）",
            "artist": "Victor☆",
            "id": 1835009703
        },
        {
            "name": "My Cookie Can",
            "artist": "Ayi",
            "id": 1841521017
        },
        {
            "name": "ฉลามชอบงับคุณ",
            "artist": "bonnadol",
            "id": 1967982375
        },
        {
            "name": "YOU YOU YOU",
            "artist": "Earth Patravee",
            "id": 33991755
        },
        {
            "name": "花,太阳,彩虹,你",
            "artist": "Mai",
            "id": 1826189041
        },
        {
            "name": "你懂得（完整版）",
            "artist": "李家鑫",
            "id": 1423695212
        },
        {
            "name": "就是爱你",
            "artist": "yihuik苡慧",
            "id": 1878315329
        },
        {
            "name": "想牵你的手",
            "artist": "熊同学",
            "id": 1839963355
        },
        {
            "name": "允许坠入爱河",
            "artist": "饼饼",
            "id": 1816624912
        },
        {
            "name": "她尝起来像糖果",
            "artist": "Aioz",
            "id": 1481933972
        },
        {
            "name": "脸红接收处",
            "artist": "PIggy",
            "id": 1813590062
        },
        {
            "name": "今天星期几？好想吻你呀！",
            "artist": "DouDou",
            "id": 1463774979
        },
        {
            "name": "完美降落",
            "artist": "胡期皓",
            "id": 1832088781
        },
        {
            "name": "心动节奏",
            "artist": "Ayi",
            "id": 1804880018
        },
        {
            "name": "分你一半",
            "artist": "叶恨水",
            "id": 1818082272
        },
        {
            "name": "甜而不腻（串烧）",
            "artist": "鱼骨妹",
            "id": 1400625580
        },
        {
            "name": "恋爱告急",
            "artist": "郑丹妮",
            "id": 1899745164
        },
        {
            "name": "神魂颠倒",
            "artist": "邓典",
            "id": 1896102097
        },
        {
            "name": "遇见",
            "artist": "孙燕姿",
            "id": 287035
        },
        {
            "name": "情诗",
            "artist": "小蓝背心",
            "id": 1946802436
        },
        {
            "name": "爱就一个字",
            "artist": "Alaric的窗台",
            "id": 1830686080
        },
        {
            "name": "南半球与北海道",
            "artist": "范倪Liu",
            "id": 1888215863
        },
        {
            "name": "想见你想见你想见你",
            "artist": "八三夭",
            "id": 1403215687
        },
        {
            "name": "티라미수 케익",
            "artist": "We Are the Night",
            "id": 35447760
        },
        {
            "name": "사랑인가봐",
            "artist": "SEhyun世贤",
            "id": 1927924929
        },
        {
            "name": "좋아요",
            "artist": "Who r u?",
            "id": 552122129
        },
        {
            "name": "사랑하고 있어요",
            "artist": "蓝色大衣",
            "id": 34880180
        },
        {
            "name": "솜과 사탕",
            "artist": "Hello Gayoung",
            "id": 32785396
        },
        {
            "name": "달콤한 여름밤",
            "artist": "TheAde",
            "id": 491699948
        },
        {
            "name": "좋아, 고마워",
            "artist": "郭泰勋",
            "id": 487375666
        },
        {
            "name": "PUZZLE",
            "artist": "昭宥",
            "id": 1806585818
        },
        {
            "name": "专属色",
            "artist": "刘兆宇",
            "id": 1950925541
        },
        {
            "name": "甜不辣",
            "artist": "陈阳",
            "id": 1377005412
        },
        {
            "name": "画皮",
            "artist": "纸砚Zyan",
            "id": 1420075778
        },
        {
            "name": "想说",
            "artist": "颜人中",
            "id": 1461142410
        },
        {
            "name": "我的果汁分你一半",
            "artist": "李金源",
            "id": 1422212205
        },
        {
            "name": "未来式情歌",
            "artist": "零6",
            "id": 1434429128
        },
        {
            "name": "万有引力",
            "artist": "F*yy",
            "id": 1425626819
        },
        {
            "name": "桃花笑 (超甜女生版)",
            "artist": "原来是萝卜丫",
            "id": 1453055100
        },
        {
            "name": "世间美好与你环环相扣",
            "artist": "柏松",
            "id": 1363948882
        },
        {
            "name": "想想念念",
            "artist": "锦零",
            "id": 1383053049
        },
        {
            "name": "7 %",
            "artist": "XMASwu(吴骜)",
            "id": 1423241987
        },
        {
            "name": "금요일에 만나요",
            "artist": "IU",
            "id": 28126835
        },
        {
            "name": "사랑에 빠진 걸까요",
            "artist": "VROMANCE",
            "id": 467953855
        },
        {
            "name": "มันคือความรัก",
            "artist": "Krit Krisanavarin",
            "id": 4461811
        },
        {
            "name": "需要浪漫",
            "artist": "饺子",
            "id": 1963081241
        },
        {
            "name": "最甜情歌（温柔改编版）",
            "artist": "iiiMinel",
            "id": 1414590976
        },
        {
            "name": "想和你在一起",
            "artist": "一口甜",
            "id": 1422226199
        },
        {
            "name": "做你的猫",
            "artist": "小可乐",
            "id": 1401727881
        },
        {
            "name": "心动节奏",
            "artist": "贺子玲",
            "id": 1498126506
        },
        {
            "name": "一点点喜欢",
            "artist": "糖蜜",
            "id": 1369859912
        },
        {
            "name": "恶魔的爱",
            "artist": "李宏毅",
            "id": 462688623
        },
        {
            "name": "牛奶面包",
            "artist": "有点搞怪的童子",
            "id": 1380356371
        },
        {
            "name": "毫无限制的爱",
            "artist": "AJ赖煜哲",
            "id": 1942707709
        },
        {
            "name": "目及皆是你 (心跳版)",
            "artist": "小蓝背心",
            "id": 1860578400
        },
        {
            "name": "心跳的证明",
            "artist": "不是花火呀",
            "id": 1486264538
        },
        {
            "name": "发现爱",
            "artist": "林俊杰",
            "id": 108576
        },
        {
            "name": "是心动啊（超甜合唱版）（翻自 High） ",
            "artist": "简星来",
            "id": 1418230099
        },
        {
            "name": "专属浪漫",
            "artist": "T.J",
            "id": 1935277316
        },
        {
            "name": "조으다 완전 조으다（翻自 Hari） ",
            "artist": "很美味",
            "id": 1302173544
        },
        {
            "name": "当遇见你",
            "artist": "萨顶顶",
            "id": 1432084977
        },
        {
            "name": "果汁分你一半（翻自 花儿乐队） ",
            "artist": "一只怪兽叭",
            "id": 1413748243
        },
        {
            "name": "心电感应",
            "artist": "叶炫清",
            "id": 1418836499
        },
        {
            "name": "输入法打可爱按第五",
            "artist": "陈令韬",
            "id": 1885100923
        },
        {
            "name": "爱就一个字",
            "artist": "王赫野",
            "id": 1828026086
        },
        {
            "name": "画一个星星一个你",
            "artist": "小星星Aurora",
            "id": 1351253781
        },
        {
            "name": "靠近一点",
            "artist": "BigYear大年",
            "id": 1434065517
        },
        {
            "name": "恋爱脑",
            "artist": "Bo Peep",
            "id": 2019604272
        },
        {
            "name": "꽁냥꽁냥",
            "artist": "소혜",
            "id": 34057200
        },
        {
            "name": "#첫사랑",
            "artist": "脸红的思春期",
            "id": 528272395
        },
        {
            "name": "Call Me Maybe《女神降临》（翻自 SAya）",
            "artist": "薇凉Moi",
            "id": 1804425635
        },
        {
            "name": "给你宇宙（翻自 脸红的思春期）",
            "artist": "InusI",
            "id": 453718143
        },
        {
            "name": "รัก รัก รัก",
            "artist": "Prem Warut",
            "id": 1838971208
        },
        {
            "name": "爱丫爱丫",
            "artist": "By2",
            "id": 406737348
        },
        {
            "name": "乖乖",
            "artist": "栗先达",
            "id": 1351277052
        },
        {
            "name": "足够",
            "artist": "周星星",
            "id": 557667045
        },
        {
            "name": "这，就是爱",
            "artist": "张杰",
            "id": 191060
        },
        {
            "name": "小酒窝",
            "artist": "林俊杰",
            "id": 108468
        },
        {
            "name": "当遇见你",
            "artist": "摩登兄弟刘宇宁",
            "id": 1426285166
        },
        {
            "name": "两人份美好",
            "artist": "李俊毅",
            "id": 1357963386
        },
        {
            "name": "倾城时光",
            "artist": "金瀚",
            "id": 1325897163
        },
        {
            "name": "恋爱练习题",
            "artist": "虞书欣",
            "id": 1345707939
        },
        {
            "name": "这是爱",
            "artist": "左其铂",
            "id": 498286735
        },
        {
            "name": "下一秒",
            "artist": "张碧晨",
            "id": 425298905
        },
        {
            "name": "遇见你的时候所有星星都落到我头上",
            "artist": "高姗",
            "id": 30089063
        },
        {
            "name": "甜到爆表",
            "artist": "晓华",
            "id": 536096105
        },
        {
            "name": "小星星",
            "artist": "汪苏泷",
            "id": 165379
        },
        {
            "name": "买条街",
            "artist": "$唐老师",
            "id": 573843002
        },
        {
            "name": "圈住你",
            "artist": "一口甜",
            "id": 1372552573
        },
        {
            "name": "特别的人",
            "artist": "方大同",
            "id": 28403111
        },
        {
            "name": "天造地设",
            "artist": "胖胖胖",
            "id": 514053886
        },
        {
            "name": "目不转睛",
            "artist": "王以太",
            "id": 546279760
        },
        {
            "name": "星球坠落 (Live)",
            "artist": "艾热 AIR",
            "id": 1296583188
        },
        {
            "name": "慢慢靠近你",
            "artist": "艾达AYDA",
            "id": 1891941152
        },
        {
            "name": "小可爱与小领带",
            "artist": "G.G张思源",
            "id": 544000206
        },
        {
            "name": "甜而不腻",
            "artist": "葛东琪",
            "id": 1368349338
        },
        {
            "name": "มันคือความรัก",
            "artist": "Lula",
            "id": 30251892
        },
        {
            "name": "最甜情歌",
            "artist": "红人馆",
            "id": 1408220694
        },
        {
            "name": "试试看 (抖音版) (翻自 SISTAR) ",
            "artist": "用户 1300324957",
            "id": 1400227307
        },
        {
            "name": "零几年听的情歌",
            "artist": "AY楊佬叁",
            "id": 1415829224
        },
        {
            "name": "棉花糖",
            "artist": "至上励合",
            "id": 394748
        },
        {
            "name": "大城小爱",
            "artist": "李浩然",
            "id": 1425940911
        },
        {
            "name": "汪苏泷-万有引力(枪声版)",
            "artist": "Rzhe",
            "id": 1447493630
        },
        {
            "name": "사랑이 내 안에 들어와（Fall In Love）",
            "artist": "sevenone",
            "id": 1931064053
        },
        {
            "name": "จังหวะหัวใจ",
            "artist": "Bie Sukrit",
            "id": 1108960
        },
        {
            "name": "只对你有感觉",
            "artist": "要不要买菜",
            "id": 1454732243
        },
        {
            "name": "봄 사랑 벚꽃 말고",
            "artist": "High4",
            "id": 28391219
        },
        {
            "name": "喜欢你",
            "artist": "井胧",
            "id": 1407599274
        },
        {
            "name": "心动贩卖机",
            "artist": "PIggy",
            "id": 1433413470
        },
        {
            "name": "爱你不是两三天",
            "artist": "焦迈奇",
            "id": 1404884182
        },
        {
            "name": "喜欢你",
            "artist": "徐佳莹",
            "id": 26211156
        },
        {
            "name": "想要你",
            "artist": "不靠谱组合",
            "id": 1329122118
        },
        {
            "name": "Slow Down",
            "artist": "麦吉_Maggie",
            "id": 1396073502
        },
        {
            "name": "summertime（Arrange ver.）",
            "artist": "麦吉_Maggie",
            "id": 1399335349
        },
        {
            "name": "一起走的幸福",
            "artist": "段奥娟",
            "id": 1377129955
        },
        {
            "name": "最甜情歌 (女生版) ",
            "artist": "一玟",
            "id": 1409329655
        },
        {
            "name": "环游星空",
            "artist": "Gifty",
            "id": 1341188360
        },
        {
            "name": "粉色苏打",
            "artist": "安全着陆",
            "id": 1309833126
        },
        {
            "name": "仲夏夜之梦",
            "artist": "VaVa毛衍七",
            "id": 1881729304
        },
        {
            "name": "Lover Boy 88 (翻自 Phum Viphurit&Higher Brothers) ",
            "artist": "姜鹏Calm",
            "id": 1343311848
        },
        {
            "name": "신비로운 걸 (神秘的girl)（翻自 VROMANCE (브로맨스)）（翻自 VROMANCE (브로맨스)）",
            "artist": "Mochoc",
            "id": 1806095578
        },
        {
            "name": "사랑스러워",
            "artist": "金钟国",
            "id": 22843115
        },
        {
            "name": "除了春天 爱情和樱花",
            "artist": "卤蛋老师",
            "id": 1387157948
        },
        {
            "name": "如果的事",
            "artist": "Superluckyqi",
            "id": 1363078221
        },
        {
            "name": "두근두근",
            "artist": "金请夏",
            "id": 465920482
        },
        {
            "name": "你是我想要的恋爱",
            "artist": "大柯",
            "id": 1376694790
        },
        {
            "name": "浪漫宇宙的核心",
            "artist": "徐秉龙",
            "id": 1397489326
        },
        {
            "name": "I Love You 3000 II",
            "artist": "88rising",
            "id": 1396162013
        },
        {
            "name": "好 喜 欢 你 啊 （prod.别网恋）",
            "artist": "STEVEN",
            "id": 864811897
        },
        {
            "name": "有可能的夜晚",
            "artist": "曾轶可",
            "id": 26217171
        },
        {
            "name": "就这样和你在一起",
            "artist": "蝴蝶效应(B.E.)",
            "id": 1326773330
        },
        {
            "name": "超喜欢你",
            "artist": "沈以诚",
            "id": 1380262830
        },
        {
            "name": "失眠飞行",
            "artist": "刘宇",
            "id": 1377385730
        },
        {
            "name": "跟我在一起",
            "artist": "很美味",
            "id": 1311346560
        },
        {
            "name": "山楂树之恋",
            "artist": "程佳佳",
            "id": 1381755293
        },
        {
            "name": "听说我喜欢你",
            "artist": "老番茄",
            "id": 1960749853
        },
        {
            "name": "宝贝",
            "artist": "接个吻，开一枪",
            "id": 1301042215
        },
        {
            "name": "Kiss Me",
            "artist": "Mike Angelo",
            "id": 35497866
        },
        {
            "name": "귀요미송2",
            "artist": "Hari",
            "id": 29732806
        },
        {
            "name": "情人",
            "artist": "蔡徐坤",
            "id": 1450574147
        },
        {
            "name": "你是对的人",
            "artist": "戚薇",
            "id": 28832054
        },
        {
            "name": "未来式情歌",
            "artist": "iiiMinel",
            "id": 1487066186
        },
        {
            "name": "是爱情呀",
            "artist": "Gifty",
            "id": 1903317251
        },
        {
            "name": "热恋情节",
            "artist": "吴子健REmi",
            "id": 1973046704
        },
        {
            "name": "恋爱考验",
            "artist": "丛琳潼elf",
            "id": 1997521178
        },
        {
            "name": "一千零一次我爱你",
            "artist": "李浩然",
            "id": 1440443944
        },
        {
            "name": "귀요미송",
            "artist": "Hari",
            "id": 26418242
        },
        {
            "name": "是心动啊",
            "artist": "一口甜",
            "id": 1390520625
        },
        {
            "name": "My Sunshine",
            "artist": "张杰",
            "id": 34179910
        },
        {
            "name": "喜欢你",
            "artist": "yihuik苡慧",
            "id": 2021178004
        },
        {
            "name": "熬夜上瘾",
            "artist": "刘亦心（可乐就是力量）",
            "id": 1417082727
        },
        {
            "name": "爱爱爱",
            "artist": "方大同",
            "id": 5240523
        },
        {
            "name": "就是爱你(正式版)",
            "artist": "李浩然",
            "id": 1422461683
        },
        {
            "name": "万有引力",
            "artist": "汪苏泷",
            "id": 165339
        },
        {
            "name": "Fall In Love",
            "artist": "摩登兄弟刘宇宁",
            "id": 1956236378
        },
        {
            "name": "Blueming",
            "artist": "IU",
            "id": 1404511131
        },
        {
            "name": "靠近",
            "artist": "罗震环",
            "id": 25639009
        },
        {
            "name": "兜兜转转",
            "artist": "小蓝背心",
            "id": 1939685458
        },
        {
            "name": "想想念念",
            "artist": "皮卡丘多多",
            "id": 1432544572
        },
        {
            "name": "在你的身边",
            "artist": "盛哲",
            "id": 475479888
        },
        {
            "name": "你是对的人",
            "artist": "皮卡丘多多",
            "id": 1428467339
        },
        {
            "name": "全部都是你",
            "artist": "DP龙猪",
            "id": 465920905
        },
        {
            "name": "只对你有感觉",
            "artist": "林俊杰",
            "id": 108248
        },
        {
            "name": "一笑倾城",
            "artist": "汪苏泷",
            "id": 426852063
        },
        {
            "name": "牛奶面包",
            "artist": "杨紫",
            "id": 1375514229
        }
    ]
}