{
    "playlist_info": {
        "name": "电视剧《苍兰诀》主题曲",
        "trackcount": 77,
        "playcount": 5670733,
        "creator": "名曰月亮",
        "createDate": "2022-02-09",
        "heat": 11230.0
    },
    "songs": [
        {
            "name": "诀爱·尽 (LIVE版)",
            "artist": "盛宇D-SHINE",
            "id": 2054298885
        },
        {
            "name": "彼岸 (苍兰诀吟唱版)",
            "artist": "陈恬Stella",
            "id": 1979743387
        },
        {
            "name": "寻一个你《苍兰诀》温情主题曲OST",
            "artist": "Ethan",
            "id": 1983444003
        },
        {
            "name": "余情—《苍兰诀》主题曲",
            "artist": "染lafier",
            "id": 1979064922
        },
        {
            "name": "诀爱",
            "artist": "Ayu语淇",
            "id": 1999713863
        },
        {
            "name": "诀爱《苍兰诀》燃情主题曲OST",
            "artist": "Ethan",
            "id": 2018181997
        },
        {
            "name": "余情（电视剧《苍兰诀》主题曲）",
            "artist": "五归",
            "id": 1971407570
        },
        {
            "name": "诀爱",
            "artist": "偉偉Viev",
            "id": 2000698192
        },
        {
            "name": "詹雯婷 - 诀爱 (IZZI Remix)",
            "artist": "IZZI",
            "id": 1997201057
        },
        {
            "name": "寻一个你 (《苍兰诀》电视剧温情主题曲)",
            "artist": "亡海Aries",
            "id": 2015408256
        },
        {
            "name": "诀爱",
            "artist": "墨应玮",
            "id": 2007338200
        },
        {
            "name": "寻一个你 (cover：刘宇宁)",
            "artist": "点子",
            "id": 1970838396
        },
        {
            "name": "想和你（《苍兰诀》电视剧推广曲）Cover:王鹤棣/虞书欣",
            "artist": "温晴",
            "id": 1973776614
        },
        {
            "name": "寻一个你（电视剧《苍兰诀》主题曲）",
            "artist": "深井冰的随波逐流~",
            "id": 1979753675
        },
        {
            "name": "诀爱「苍兰诀片头曲」",
            "artist": "珺锦Queena",
            "id": 2003880554
        },
        {
            "name": "余情（《苍兰诀》片尾曲）",
            "artist": "硕猗",
            "id": 1981569592
        },
        {
            "name": "寻一个你（《苍兰诀》插曲）",
            "artist": "奔跑的元子",
            "id": 1985507580
        },
        {
            "name": "苍兰诀ost（月族祭祀吟唱纯享版）（日光茶 remix）",
            "artist": "日光茶",
            "id": 2001908936
        },
        {
            "name": "诀爱",
            "artist": "唐裕权",
            "id": 1998956987
        },
        {
            "name": "诀爱",
            "artist": "AWESOME翻唱团",
            "id": 1997587572
        },
        {
            "name": "余情（cover：周深）",
            "artist": "烦恼都滚蛋",
            "id": 1981215018
        },
        {
            "name": "诀爱",
            "artist": "米叔啊",
            "id": 1997456572
        },
        {
            "name": "寻一个你（女深情版《苍兰诀》主题曲）",
            "artist": "一口鱿鱼须",
            "id": 1978498635
        },
        {
            "name": "詹雯婷 -诀爱（FarAty Bootleg）",
            "artist": "FarAty",
            "id": 1987734598
        },
        {
            "name": "想和你（《苍兰诀》推广曲）",
            "artist": "余一",
            "id": 1978501030
        },
        {
            "name": "寻一个你《苍兰诀》片尾曲",
            "artist": "李泽宇",
            "id": 1973679751
        },
        {
            "name": "余情（周罙版）",
            "artist": "文案废人",
            "id": 1971708205
        },
        {
            "name": "诀爱+杀破狼",
            "artist": "凯乐Kailer",
            "id": 2000469878
        },
        {
            "name": "杀破狼【苍兰诀填词版】",
            "artist": "Sakiya大怪兽",
            "id": 1978511746
        },
        {
            "name": "寻一个你（戏腔改编版）",
            "artist": "唐宋",
            "id": 1977675882
        },
        {
            "name": "诀爱（电视剧《苍兰诀》主题曲）",
            "artist": "Mr.浩",
            "id": 2011169155
        },
        {
            "name": "寻一个你（苍兰诀）",
            "artist": "屿白",
            "id": 1987995430
        },
        {
            "name": "寻一个你-cover刘宇宁",
            "artist": "捡破烂的",
            "id": 1980780972
        },
        {
            "name": "摩登兄弟刘宇宁-寻一个你 （FarAty）Bootleg",
            "artist": "FarAty",
            "id": 1992301183
        },
        {
            "name": "寻一个你（电视剧《苍兰诀》温情主题曲）",
            "artist": "TTTTTeehom",
            "id": 1974698351
        },
        {
            "name": "想和你（cover：虞书欣/王鹤棣）",
            "artist": "张瑜佳",
            "id": 1976388697
        },
        {
            "name": "寻一个你（电视剧《苍兰诀》主题曲）",
            "artist": "落颜rain",
            "id": 1976443843
        },
        {
            "name": "想和你（片段）（《苍兰诀》推广曲）（cover虞书欣/王鹤棣）",
            "artist": "时酒",
            "id": 1975397706
        },
        {
            "name": "《假如苍兰诀be了》 ——影视剧《苍兰诀》be向原创同人群像",
            "artist": "秦鹤煜不吃鱼",
            "id": 1988112251
        },
        {
            "name": "不负——《苍兰诀》同人",
            "artist": "戎六",
            "id": 2002635579
        },
        {
            "name": "山月几许【苍兰诀同人曲】",
            "artist": "瀚什么林",
            "id": 1981872905
        },
        {
            "name": "海天一色（苍兰诀/东方青苍小兰花原创同人曲）",
            "artist": "潇然聆风",
            "id": 1983061915
        },
        {
            "name": "心外人间（《苍兰诀》同人古风原创曲）",
            "artist": "玄露",
            "id": 1983857766
        },
        {
            "name": "花月书-（《苍兰诀》东方青苍×小兰花原创cp曲）",
            "artist": "林苏苏",
            "id": 1983195563
        },
        {
            "name": "东方强的追爱之旅",
            "artist": "五归",
            "id": 1980814577
        },
        {
            "name": "一念长恒——记电视剧《苍兰诀》长珩",
            "artist": "故还",
            "id": 1982996165
        },
        {
            "name": "犹怜草木青——【苍兰诀】同人曲",
            "artist": "Amor莲绛",
            "id": 1978304697
        },
        {
            "name": "苍兰 ——《苍兰诀》原创同人",
            "artist": "听说是涵十六",
            "id": 1976121035
        },
        {
            "name": "本座的人，你们也敢动 ——《苍兰诀》原创同人曲",
            "artist": "夏织梦",
            "id": 1975817332
        },
        {
            "name": "东方强的养花秘籍 ——《苍兰诀》原创同人曲",
            "artist": "六欲",
            "id": 1974496706
        },
        {
            "name": "苍兰诀同人曲-不负",
            "artist": "不停",
            "id": 1998367506
        },
        {
            "name": "沧海星澜",
            "artist": "张志画",
            "id": 1978317209
        },
        {
            "name": "容昊的千层套路",
            "artist": "五归",
            "id": 1979791339
        },
        {
            "name": "【古筝版】｜《寻一个你》",
            "artist": "柒柒古筝",
            "id": 1979134155
        },
        {
            "name": "彼岸 (苍兰诀吟唱版) (和声伴奏)",
            "artist": "陈恬Stella",
            "id": 1979743382
        },
        {
            "name": "月族祭祀吟唱-竖琴《苍兰诀》",
            "artist": "AILINHarp",
            "id": 1979345090
        },
        {
            "name": "余情《苍兰诀》电视剧主题曲",
            "artist": "婷婷吖",
            "id": 1973588666
        },
        {
            "name": "寻一个你（电视剧《苍兰诀》主题曲）（女生翻唱）",
            "artist": "化十",
            "id": 1971136555
        },
        {
            "name": "寻一个你 《苍兰诀》片段",
            "artist": "渝羡",
            "id": 1973720473
        },
        {
            "name": "寻一个你（《苍兰诀》电视剧温情主题曲 翻自 摩登兄弟刘宇宁）",
            "artist": "是磊不是垒",
            "id": 1972240444
        },
        {
            "name": "余情（电视剧《苍兰诀》主题曲）（Cover：周深）",
            "artist": "化十",
            "id": 1971817579
        },
        {
            "name": "余情（ cover：周深）",
            "artist": "点子",
            "id": 1971798666
        },
        {
            "name": "寻一个你（电视剧《苍兰诀》主题曲）",
            "artist": "鞠yuanyuan",
            "id": 1972244763
        },
        {
            "name": "寻一个你（cover:摩登兄弟刘宇宁）",
            "artist": "小C不吃辣",
            "id": 1971735081
        },
        {
            "name": "《余情》 (《苍兰诀》苍兰主题曲)",
            "artist": "獨立小橋風滿秀",
            "id": 1971086275
        },
        {
            "name": "寻一个你(钢琴曲)",
            "artist": "白衣i",
            "id": 1971450675
        },
        {
            "name": "余情（钢琴臻享版）",
            "artist": "林昀焱",
            "id": 1975794602
        },
        {
            "name": "寻一个你（钢琴臻享版）",
            "artist": "高志光",
            "id": 1975193155
        },
        {
            "name": "想和你（钢琴臻享版）",
            "artist": "高志光",
            "id": 1975193074
        },
        {
            "name": "绽放（电视剧《苍兰诀》第35集同心锁插曲）",
            "artist": "小李ing",
            "id": 1977183842
        },
        {
            "name": "苍兰诀主题曲「即兴钢琴」",
            "artist": "隔壁大王",
            "id": 1974759942
        },
        {
            "name": "《苍兰诀》之《小兰花》主题轻快钢琴版",
            "artist": "音乐饺子",
            "id": 1973146926
        },
        {
            "name": "《苍兰诀》之《感动》钢琴版",
            "artist": "音乐饺子",
            "id": 1973293976
        },
        {
            "name": "余情（钢琴曲）",
            "artist": "萱泓",
            "id": 1977884139
        },
        {
            "name": "想和你（钢琴曲）",
            "artist": "萱泓",
            "id": 1977886532
        },
        {
            "name": "寻一个你 琵琶",
            "artist": "玥玥要吃肉",
            "id": 1980358636
        },
        {
            "name": "余情-竹笛（电视剧《苍兰诀》主题曲）",
            "artist": "笛卡尔不懂竹笛",
            "id": 1972627423
        }
    ]
}