{
    "playlist_info": {
        "name": "电子人声｜美妙融合 奇幻平衡",
        "trackcount": 82,
        "playcount": 505,
        "creator": "happyiam",
        "createDate": "2023-04-02",
        "heat": 5.0
    },
    "songs": [
        {
            "name": "Feel Your Ghost",
            "artist": "Tiësto",
            "id": 2048781849
        },
        {
            "name": "TRUSTFALL",
            "artist": "P!nk",
            "id": 2016808972
        },
        {
            "name": "Falling",
            "artist": "Third Party",
            "id": 1351963618
        },
        {
            "name": "Prayer",
            "artist": "Blinders",
            "id": 2046226658
        },
        {
            "name": "By Your Side",
            "artist": "Robbie Seed",
            "id": 1933525672
        },
        {
            "name": "So Special",
            "artist": "Citizen Queen",
            "id": 2022564430
        },
        {
            "name": "Missing You",
            "artist": "Gareth Emery",
            "id": 2018438690
        },
        {
            "name": "Joy",
            "artist": "Third Party",
            "id": 1946239720
        },
        {
            "name": "Eeeaaaooo",
            "artist": "Xguiz",
            "id": 1474606559
        },
        {
            "name": "Coconuts",
            "artist": "Kim Petras",
            "id": 1900157278
        },
        {
            "name": "Hypnotize",
            "artist": "Fairlane",
            "id": 1842680520
        },
        {
            "name": "Parallel",
            "artist": "Metrik",
            "id": 1454854714
        },
        {
            "name": "Dopamine (feat. Eyelar)",
            "artist": "Purple Disco Machine",
            "id": 1866870184
        },
        {
            "name": "Color",
            "artist": "Grant",
            "id": 1361531333
        },
        {
            "name": "Ignite",
            "artist": "Jay Eskar",
            "id": 1483864695
        },
        {
            "name": "ONLY",
            "artist": "ZHU",
            "id": 1448428905
        },
        {
            "name": "All On Me",
            "artist": "TCHAMI",
            "id": 1489001466
        },
        {
            "name": "Vagrant",
            "artist": "Feint",
            "id": 34613621
        },
        {
            "name": "Starlight",
            "artist": "Kaval",
            "id": 1410779246
        },
        {
            "name": "Blame It On The Kids",
            "artist": "AViVA",
            "id": 1386887797
        },
        {
            "name": "Starlight",
            "artist": "B3LLA",
            "id": 1407341182
        },
        {
            "name": "Dead of Night",
            "artist": "if found",
            "id": 1496928098
        },
        {
            "name": "Starlight Delight (feat. Moon Jelly)",
            "artist": "AIKA",
            "id": 1940303073
        },
        {
            "name": "Color Me Blue",
            "artist": "Sineself",
            "id": 1980080563
        },
        {
            "name": "Timelines (feat. Noki)",
            "artist": "Ace Buchannon",
            "id": 1442031364
        },
        {
            "name": "Electric Lady (feat. XO ELIZA)",
            "artist": "Barely Alive",
            "id": 1862461946
        },
        {
            "name": "Slave To The Rave",
            "artist": "DJ Isaac",
            "id": 1957429380
        },
        {
            "name": "Control (Original Mix)",
            "artist": "Technikore",
            "id": 1806761251
        },
        {
            "name": "Words",
            "artist": "Feint",
            "id": 437292621
        },
        {
            "name": "Time Bomb",
            "artist": "Boyinaband",
            "id": 5067882
        },
        {
            "name": "Rise Up",
            "artist": "Serzo",
            "id": 1810421212
        },
        {
            "name": "Back to Me",
            "artist": "Vanotek",
            "id": 521954930
        },
        {
            "name": "High Days ",
            "artist": "Hoved",
            "id": 1338495341
        },
        {
            "name": "iPad",
            "artist": "The Chainsmokers",
            "id": 1926450518
        },
        {
            "name": "Change Your Mind",
            "artist": "Interupt",
            "id": 1818344122
        },
        {
            "name": "The Night",
            "artist": "Scooter",
            "id": 554649171
        },
        {
            "name": "Ti Sento",
            "artist": "Scooter",
            "id": 554645790
        },
        {
            "name": "Which Light Switch Is Which?",
            "artist": "Scooter",
            "id": 1836933734
        },
        {
            "name": "Groundhog Day",
            "artist": "Scooter",
            "id": 1838638892
        },
        {
            "name": "No Matter What",
            "artist": "N3wport",
            "id": 1914878237
        },
        {
            "name": "Man Enough",
            "artist": "Joe Stone",
            "id": 1330145381
        },
        {
            "name": "Horizons (Original Mix)",
            "artist": "Feint",
            "id": 4081272
        },
        {
            "name": "Dancing On Dangerous",
            "artist": "Imanbek",
            "id": 1831955986
        },
        {
            "name": "Big Girls Don't Cry",
            "artist": "Klaas",
            "id": 1444318106
        },
        {
            "name": "Flashback",
            "artist": "Calvin Harris",
            "id": 1475610713
        },
        {
            "name": "Not My Baby",
            "artist": "INNA",
            "id": 1434309751
        },
        {
            "name": "First Love",
            "artist": "Lost Kings",
            "id": 511678876
        },
        {
            "name": "Decoy World VIP",
            "artist": "INTERCOM",
            "id": 528273782
        },
        {
            "name": "Temptation (feat. Poppy Baskcomb)",
            "artist": "Jess Bays",
            "id": 1922644042
        },
        {
            "name": "Dance With Me (Edit)",
            "artist": "KUU",
            "id": 1935334343
        },
        {
            "name": "Disappear",
            "artist": "Nigel Good",
            "id": 35497641
        },
        {
            "name": "So Far Away",
            "artist": "Martin Garrix",
            "id": 521416693
        },
        {
            "name": "Demons (Extended Mix)",
            "artist": "Vessbroz",
            "id": 1810402547
        },
        {
            "name": "Drama Free",
            "artist": "deadmau5",
            "id": 1315440992
        },
        {
            "name": "No Crime",
            "artist": "Asketa & Natan Chaim",
            "id": 1422612356
        },
        {
            "name": "Ghost Town (Tritonal Remix)",
            "artist": "Adam Lambert",
            "id": 32238346
        },
        {
            "name": "Silhouette",
            "artist": "Bad Computer",
            "id": 571312676
        },
        {
            "name": "SWIMMING POOLS",
            "artist": "Troye Sivan",
            "id": 37988124
        },
        {
            "name": "Survival",
            "artist": "Luke Bond",
            "id": 1436385075
        },
        {
            "name": "Skeleton (feat. Nevve)",
            "artist": "Tails",
            "id": 1318511471
        },
        {
            "name": "Hope",
            "artist": "The Chainsmokers",
            "id": 1333199956
        },
        {
            "name": "Was It You (Original Mix)",
            "artist": "Au5",
            "id": 1820796501
        },
        {
            "name": "Stardust",
            "artist": "Infowler",
            "id": 1859586082
        },
        {
            "name": "Bit a Bad Boy (Remastered)",
            "artist": "Scooter",
            "id": 554728692
        },
        {
            "name": "Take Me Down",
            "artist": "KUURO",
            "id": 862317711
        },
        {
            "name": "If Tomorrow Never Comes",
            "artist": "Ran-D",
            "id": 1897067549
        },
        {
            "name": "Way To You",
            "artist": "Gareth Emery",
            "id": 1430240225
        },
        {
            "name": "halfpastnine",
            "artist": "Oscar Anton",
            "id": 1463295424
        },
        {
            "name": "Sweet Dreams & Dynamite",
            "artist": "SeeB",
            "id": 1896100382
        },
        {
            "name": "Stay Up (feat. Andie Nora)",
            "artist": "Wallaby",
            "id": 1449539620
        },
        {
            "name": "East of Eden",
            "artist": "Zella Day",
            "id": 29009655
        },
        {
            "name": "HEARTBREAK ANNIVERSARY",
            "artist": "Giveon",
            "id": 1424400870
        },
        {
            "name": "Tattoo",
            "artist": "Calmani & Grey",
            "id": 458239005
        },
        {
            "name": "Contra",
            "artist": "Pixel Terror",
            "id": 1306535313
        },
        {
            "name": "Enigma",
            "artist": "Pixel Terror",
            "id": 1419433423
        },
        {
            "name": "Miles to Go",
            "artist": "Kaskade",
            "id": 1822645002
        },
        {
            "name": "Don't Look Down",
            "artist": "Martin Garrix",
            "id": 31010675
        },
        {
            "name": "Don't You Worry Child",
            "artist": "Swedish House Mafia",
            "id": 27918303
        },
        {
            "name": "Raccoon City",
            "artist": "Aether",
            "id": 35440252
        },
        {
            "name": "Losin' Myself",
            "artist": "Savi",
            "id": 502706995
        },
        {
            "name": "Take Me Away",
            "artist": "Awakend",
            "id": 1440410022
        },
        {
            "name": "Shadows",
            "artist": "Aero Chord",
            "id": 544000236
        }
    ]
}