{
    "playlist_info": {
        "name": "皇后皮箱◇盘尼西林◇落日飞车",
        "trackcount": 92,
        "playcount": 435454,
        "creator": "对啊我是",
        "createDate": "2017-08-16",
        "heat": 203.0
    },
    "songs": [
        {
            "name": "Little Balcony",
            "artist": "落日飞车",
            "id": 1963423017
        },
        {
            "name": "景美",
            "artist": "宋柏纬",
            "id": 1942630861
        },
        {
            "name": "金牛座的牢骚",
            "artist": "落日飞车",
            "id": 1942741543
        },
        {
            "name": "Let There Be Light Again",
            "artist": "落日飞车",
            "id": 1876175286
        },
        {
            "name": "Coffee's On Me",
            "artist": "落日飞车",
            "id": 1870822592
        },
        {
            "name": "冷空气",
            "artist": "汉堡黄",
            "id": 1872975622
        },
        {
            "name": "Overlove",
            "artist": "落日飞车",
            "id": 1490961125
        },
        {
            "name": "Passerby (feat. Michael Seyer)",
            "artist": "落日飞车",
            "id": 1490961133
        },
        {
            "name": "Teahouse",
            "artist": "落日飞车",
            "id": 1490960522
        },
        {
            "name": "Under the Skin",
            "artist": "落日飞车",
            "id": 1489877237
        },
        {
            "name": "Candlelight (feat. OHHYUK)",
            "artist": "落日飞车",
            "id": 1483521142
        },
        {
            "name": "我是一只鱼",
            "artist": "落日飞车",
            "id": 1411718813
        },
        {
            "name": "缅因路的月亮",
            "artist": "盘尼西林",
            "id": 1387559339
        },
        {
            "name": "瞬息间是夜晚",
            "artist": "盘尼西林",
            "id": 1385863147
        },
        {
            "name": "快！快！",
            "artist": "盘尼西林",
            "id": 1388801005
        },
        {
            "name": "群星闪耀时",
            "artist": "盘尼西林",
            "id": 1392154485
        },
        {
            "name": "夏夜迷语",
            "artist": "盘尼西林",
            "id": 561307882
        },
        {
            "name": "I Know You Know I Love You (Audiotree Live Version)",
            "artist": "落日飞车",
            "id": 1321740482
        },
        {
            "name": "Don't Leave Me Behind",
            "artist": "Gym and Swim",
            "id": 1365389664
        },
        {
            "name": "苏菲娅索",
            "artist": "盘尼西林",
            "id": 28315773
        },
        {
            "name": "Cool of Lullaby",
            "artist": "落日飞车",
            "id": 538610010
        },
        {
            "name": "Cool of Lullaby",
            "artist": "落日飞车",
            "id": 538610027
        },
        {
            "name": "Libidream",
            "artist": "落日飞车",
            "id": 538610032
        },
        {
            "name": "10-Year-Taipei (Matured '17)",
            "artist": "落日飞车",
            "id": 538610033
        },
        {
            "name": "Angel Disco Love",
            "artist": "落日飞车",
            "id": 538610028
        },
        {
            "name": "Greedy",
            "artist": "落日飞车",
            "id": 538610026
        },
        {
            "name": "Almost Mature '87",
            "artist": "落日飞车",
            "id": 538610025
        },
        {
            "name": "Oriental",
            "artist": "落日飞车",
            "id": 538610030
        },
        {
            "name": "Summum Bonum",
            "artist": "落日飞车",
            "id": 538610031
        },
        {
            "name": "Slow",
            "artist": "落日飞车",
            "id": 538610029
        },
        {
            "name": "夢中夢",
            "artist": "皇后皮箱",
            "id": 1316562827
        },
        {
            "name": "風水輪流轉",
            "artist": "皇后皮箱",
            "id": 1317145126
        },
        {
            "name": "夢中的女孩",
            "artist": "皇后皮箱",
            "id": 1317145125
        },
        {
            "name": "桂花",
            "artist": "皇后皮箱",
            "id": 1317145124
        },
        {
            "name": "紫罗兰星斑",
            "artist": "盘尼西林",
            "id": 469065479
        },
        {
            "name": "神仙賦",
            "artist": "皇后皮箱",
            "id": 1316375908
        },
        {
            "name": "怎麼了",
            "artist": "皇后皮箱",
            "id": 1317145123
        },
        {
            "name": "午夜戀曲",
            "artist": "皇后皮箱",
            "id": 1316563860
        },
        {
            "name": "九霄雲外",
            "artist": "皇后皮箱",
            "id": 1316375907
        },
        {
            "name": "海浪",
            "artist": "皇后皮箱",
            "id": 1316563859
        },
        {
            "name": "塵埃",
            "artist": "皇后皮箱",
            "id": 1316563861
        },
        {
            "name": "运河边的老栎树",
            "artist": "盘尼西林",
            "id": 472137695
        },
        {
            "name": "来自城市的幻想",
            "artist": "盘尼西林",
            "id": 472141614
        },
        {
            "name": "拨云见日",
            "artist": "盘尼西林",
            "id": 472137691
        },
        {
            "name": "Villa",
            "artist": "落日飞车",
            "id": 1362128009
        },
        {
            "name": "Vanilla",
            "artist": "落日飞车",
            "id": 1362128139
        },
        {
            "name": "Welcome to",
            "artist": "落日飞车",
            "id": 1362128006
        },
        {
            "name": "Oh Oh Mine",
            "artist": "皇后皮箱",
            "id": 5233867
        },
        {
            "name": "Killer. B",
            "artist": "皇后皮箱",
            "id": 29592147
        },
        {
            "name": "Maybe It's The Way It Will Be",
            "artist": "皇后皮箱",
            "id": 29592144
        },
        {
            "name": "29",
            "artist": "皇后皮箱",
            "id": 29592149
        },
        {
            "name": "Summertime",
            "artist": "皇后皮箱",
            "id": 29592150
        },
        {
            "name": "Hold Me Tight",
            "artist": "皇后皮箱",
            "id": 29592151
        },
        {
            "name": "Bang!",
            "artist": "皇后皮箱",
            "id": 29592142
        },
        {
            "name": "Dreamer",
            "artist": "皇后皮箱",
            "id": 29592152
        },
        {
            "name": "It's Alright",
            "artist": "皇后皮箱",
            "id": 29592143
        },
        {
            "name": "Hard To Believe",
            "artist": "皇后皮箱",
            "id": 29592145
        },
        {
            "name": "Like I Said",
            "artist": "皇后皮箱",
            "id": 29592148
        },
        {
            "name": "人间惆怅客",
            "artist": "皇后皮箱",
            "id": 29592146
        },
        {
            "name": "Maybe It's the Way It Will Be",
            "artist": "皇后皮箱",
            "id": 39224797
        },
        {
            "name": "OH OH Mine",
            "artist": "皇后皮箱",
            "id": 5249026
        },
        {
            "name": "不会忘记你",
            "artist": "皇后皮箱",
            "id": 5249065
        },
        {
            "name": "Like I Said",
            "artist": "皇后皮箱",
            "id": 39224803
        },
        {
            "name": "不會忘記你",
            "artist": "皇后皮箱",
            "id": 39227767
        },
        {
            "name": "Let's Go Outside",
            "artist": "皇后皮箱",
            "id": 39227768
        },
        {
            "name": "再谈记忆",
            "artist": "盘尼西林",
            "id": 472137696
        },
        {
            "name": "雨夜曼彻斯特",
            "artist": "盘尼西林",
            "id": 472141618
        },
        {
            "name": "紫罗兰星斑",
            "artist": "盘尼西林",
            "id": 472141615
        },
        {
            "name": "苏菲娅索",
            "artist": "盘尼西林",
            "id": 472141617
        },
        {
            "name": "美丽如你",
            "artist": "盘尼西林",
            "id": 472137692
        },
        {
            "name": "与世界温暖相拥",
            "artist": "盘尼西林",
            "id": 472141619
        },
        {
            "name": "运河边的老栎树",
            "artist": "盘尼西林",
            "id": 447926571
        },
        {
            "name": "来自城市的幻想",
            "artist": "盘尼西林",
            "id": 467952947
        },
        {
            "name": "睡美人",
            "artist": "盘尼西林",
            "id": 472137693
        },
        {
            "name": "童话国王",
            "artist": "盘尼西林",
            "id": 472141616
        },
        {
            "name": "90年代",
            "artist": "盘尼西林",
            "id": 472137694
        },
        {
            "name": "最后的英格兰太阳",
            "artist": "盘尼西林",
            "id": 411907209
        },
        {
            "name": "My Jinji",
            "artist": "落日飞车",
            "id": 438462713
        },
        {
            "name": "Burgundy Red",
            "artist": "落日飞车",
            "id": 438462712
        },
        {
            "name": "New Drug",
            "artist": "落日飞车",
            "id": 438462714
        },
        {
            "name": "Little Monkey Rides on the Little Donkey",
            "artist": "落日飞车",
            "id": 344156
        },
        {
            "name": "I Know You Know I Love You",
            "artist": "落日飞车",
            "id": 344157
        },
        {
            "name": "Queen",
            "artist": "落日飞车",
            "id": 344161
        },
        {
            "name": "My Monday Throne",
            "artist": "落日飞车",
            "id": 344163
        },
        {
            "name": "Bomb of Love",
            "artist": "落日飞车",
            "id": 344150
        },
        {
            "name": "A little Piece of Sadness",
            "artist": "落日飞车",
            "id": 344154
        },
        {
            "name": "Punk",
            "artist": "落日飞车",
            "id": 344153
        },
        {
            "name": "No Man's Land",
            "artist": "落日飞车",
            "id": 344151
        },
        {
            "name": "Hogi Hogi La La Jo",
            "artist": "落日飞车",
            "id": 344152
        },
        {
            "name": "Blues",
            "artist": "落日飞车",
            "id": 344158
        },
        {
            "name": "Pinky Pinky",
            "artist": "落日飞车",
            "id": 344155
        },
        {
            "name": "No Man's Land (reprise)",
            "artist": "落日飞车",
            "id": 344159
        }
    ]
}