{
    "playlist_info": {
        "name": "纯净轻音｜人间温柔 聆听岁月静好",
        "trackcount": 66,
        "playcount": 21364,
        "creator": "小韧要努力",
        "createDate": "2023-05-16",
        "heat": 490.0
    },
    "songs": [
        {
            "name": "mure",
            "artist": "hideyuki hashimoto",
            "id": 507585639
        },
        {
            "name": "朝露",
            "artist": "北島美奈",
            "id": 427419091
        },
        {
            "name": "nop",
            "artist": "陈越龙",
            "id": 1427725543
        },
        {
            "name": "Adieu",
            "artist": "5mg",
            "id": 550153
        },
        {
            "name": "Firefly",
            "artist": "Peter Jeremias",
            "id": 36953777
        },
        {
            "name": "Day VII",
            "artist": "Ólafur Arnalds",
            "id": 36308043
        },
        {
            "name": "Prelude",
            "artist": "小瀬村晶",
            "id": 416554198
        },
        {
            "name": "Heart",
            "artist": "Ma Ru",
            "id": 5321940
        },
        {
            "name": "海の形",
            "artist": "昙轩",
            "id": 535056564
        },
        {
            "name": "Smile Again",
            "artist": "妹尾武",
            "id": 26212417
        },
        {
            "name": "Mystery of Love",
            "artist": "Luke Pickman",
            "id": 1457681678
        },
        {
            "name": "圣诞的白色幕布",
            "artist": "JINBAO",
            "id": 1409040927
        },
        {
            "name": "Joy (solo piano)",
            "artist": "小瀬村晶",
            "id": 458238836
        },
        {
            "name": "Gymnopedie No.2",
            "artist": "Pascal Rogé",
            "id": 32680241
        },
        {
            "name": "晴れが来る",
            "artist": "春野杉卉",
            "id": 1413374282
        },
        {
            "name": "のんびりした風",
            "artist": "春野杉卉",
            "id": 1381179698
        },
        {
            "name": "I sometimes think that all of this is too good to be true",
            "artist": "Xeuphoria",
            "id": 463268728
        },
        {
            "name": "Lullaby",
            "artist": "Enzalla",
            "id": 1939751157
        },
        {
            "name": "手紙~Interlude~",
            "artist": "α·Pav",
            "id": 139202
        },
        {
            "name": "umi",
            "artist": "hideyuki hashimoto",
            "id": 28679440
        },
        {
            "name": "Sign",
            "artist": "小瀬村晶",
            "id": 399232
        },
        {
            "name": "歩いても 歩いても",
            "artist": "ゴンチチ",
            "id": 757761
        },
        {
            "name": "沼の底の家",
            "artist": "久石譲",
            "id": 443850
        },
        {
            "name": "Inércia",
            "artist": "Andrei Machado",
            "id": 28273859
        },
        {
            "name": "Reminiscence",
            "artist": "Johannes Bornlöf",
            "id": 1300743530
        },
        {
            "name": "Disappear in Light",
            "artist": "Equal Stones",
            "id": 29406314
        },
        {
            "name": "Euphoria",
            "artist": "Smyang Piano",
            "id": 1484312167
        },
        {
            "name": "忙しい生活「人山人海」",
            "artist": "时空储蓄罐",
            "id": 1877526024
        },
        {
            "name": "Track in Time (Piano Version)",
            "artist": "Dennis Kuo",
            "id": 1811909303
        },
        {
            "name": "落日归山海，陪伴成告白",
            "artist": "Seto",
            "id": 1379215363
        },
        {
            "name": "it's 6pm but I miss u already.（慢速版）",
            "artist": "bbbluelee",
            "id": 2031152579
        },
        {
            "name": "Are You Lost",
            "artist": "Park Bird",
            "id": 518894020
        },
        {
            "name": "=̴̶̷̤̄",
            "artist": "沙皮",
            "id": 1416430733
        },
        {
            "name": "☾",
            "artist": "沙皮",
            "id": 1348688293
        },
        {
            "name": "初日",
            "artist": "陈越龙",
            "id": 1474956928
        },
        {
            "name": "阵雨",
            "artist": "Sophis",
            "id": 1317736524
        },
        {
            "name": "withyou",
            "artist": "LakeCity",
            "id": 1473597305
        },
        {
            "name": "気づき",
            "artist": "伊賀拓郎",
            "id": 488388722
        },
        {
            "name": "日暮里",
            "artist": "JINBAO",
            "id": 1351183637
        },
        {
            "name": "自由が丘",
            "artist": "JINBAO",
            "id": 1351182980
        },
        {
            "name": "海边的梦",
            "artist": "陈越龙",
            "id": 1447721226
        },
        {
            "name": "thank u ♡",
            "artist": "Seto",
            "id": 1373111881
        },
        {
            "name": "得似旧时",
            "artist": "忘乡",
            "id": 1352004027
        },
        {
            "name": "東京タワー",
            "artist": "JINBAO",
            "id": 1351182680
        },
        {
            "name": "月がきれい",
            "artist": "伊賀拓郎",
            "id": 488388726
        },
        {
            "name": "享受这一刻宁静",
            "artist": "Slim Fey",
            "id": 1364586007
        },
        {
            "name": "Moon and You",
            "artist": "Kryust",
            "id": 1452083740
        },
        {
            "name": "toki",
            "artist": "hideyuki hashimoto",
            "id": 28679443
        },
        {
            "name": "Felicity",
            "artist": "Isaac Shepard",
            "id": 19934757
        },
        {
            "name": "gleyma",
            "artist": "Seto",
            "id": 1962591063
        },
        {
            "name": "Memories",
            "artist": "TRA$H",
            "id": 517566417
        },
        {
            "name": "Eternity",
            "artist": "David Foster",
            "id": 1437160854
        },
        {
            "name": "Be By Me",
            "artist": "Robert J. P. Oberg",
            "id": 1924489
        },
        {
            "name": "Cumulus",
            "artist": "K kure",
            "id": 1314223132
        },
        {
            "name": "Like A Star (Piano Version)",
            "artist": "Youngso Kim",
            "id": 1956462195
        },
        {
            "name": "Ref:rain (Instrumental Version)",
            "artist": "吉俣良",
            "id": 557578992
        },
        {
            "name": "The Way Life Goes",
            "artist": "dontrockkbaby",
            "id": 1841834862
        },
        {
            "name": "Used to Be",
            "artist": "Jurrivh",
            "id": 1452504602
        },
        {
            "name": "A New Day",
            "artist": "Peder B. Helland",
            "id": 1393394356
        },
        {
            "name": "Last Summer",
            "artist": "胡伟佳",
            "id": 544004890
        },
        {
            "name": "Drip Drip Drip",
            "artist": "Music therapy",
            "id": 5268323
        },
        {
            "name": "Methusela Tree",
            "artist": "Goldmund",
            "id": 2640842
        },
        {
            "name": "r a i n y n i g h t",
            "artist": "田由甲",
            "id": 1378992061
        },
        {
            "name": "Sunny Mornings",
            "artist": "Peder B. Helland",
            "id": 1456445892
        },
        {
            "name": "The Wind Wings",
            "artist": "Goldmund",
            "id": 5064939
        },
        {
            "name": "Cornfield Chase (Piano-Cello Version)",
            "artist": "Michael Forster",
            "id": 1354653787
        }
    ]
}