{
    "playlist_info": {
        "name": "经典出神舞曲",
        "trackcount": 30,
        "playcount": 275,
        "creator": "云音乐多多",
        "createDate": "2021-03-30",
        "heat": 0.0
    },
    "songs": [
        {
            "name": "Suburban Train",
            "artist": "Tiësto",
            "id": 495476227
        },
        {
            "name": "Flaming June",
            "artist": "BT",
            "id": 35310246
        },
        {
            "name": "For A Lifetime (Original Mix)",
            "artist": "Ascension",
            "id": 552673320
        },
        {
            "name": "My Religion (Original Mix)",
            "artist": "Pulser",
            "id": 551911024
        },
        {
            "name": "Broken (Echomen Mix)",
            "artist": "Lustral",
            "id": 16582494
        },
        {
            "name": "Take Me Away (Into The Night) [Vocal Radio Mix]",
            "artist": "4 Strings",
            "id": 1320220298
        },
        {
            "name": "Protect Your Mind [Vocal Edit]",
            "artist": "DJ Sakin & Friends",
            "id": 5220616
        },
        {
            "name": "Astronauts",
            "artist": "Armin van Buuren",
            "id": 998256
        },
        {
            "name": "Carte Blanche",
            "artist": "Veracocha",
            "id": 27049630
        },
        {
            "name": "Synaesthesia (Alaska Sunset Mix)",
            "artist": "The Thrillseekers",
            "id": 23202775
        },
        {
            "name": "Sincere (Lange Mix)",
            "artist": "Firewall",
            "id": 534968179
        },
        {
            "name": "Strange World (2000 Remake)",
            "artist": "Push",
            "id": 1338803953
        },
        {
            "name": "Resurection",
            "artist": "PPK",
            "id": 568325354
        },
        {
            "name": "Elements (Vocal Radio Mix)",
            "artist": "Neo Cortex",
            "id": 1295779109
        },
        {
            "name": "Another Way (Radio Mix)",
            "artist": "Paul van Dyk",
            "id": 21392030
        },
        {
            "name": "Gamemaster",
            "artist": "Lost Tribe",
            "id": 1835890
        },
        {
            "name": "Cloudwalking (Extended Mix)",
            "artist": "Pulser",
            "id": 553059352
        },
        {
            "name": "Take Your Air (Nu-nrg Air Mix)",
            "artist": "New Energy",
            "id": 1307036957
        },
        {
            "name": "Everytime You Need Me (Damae Vocal Mix)",
            "artist": "Fragma",
            "id": 26633681
        },
        {
            "name": "Elevate",
            "artist": "System F",
            "id": 1974600
        },
        {
            "name": "Endless Wave",
            "artist": "Kamaya Painters",
            "id": 1407340620
        },
        {
            "name": "Awakening (Radio Edit)",
            "artist": "Rank 1",
            "id": 5087795
        },
        {
            "name": "Deadline",
            "artist": "Dutch Force",
            "id": 424262330
        },
        {
            "name": "Shining Star  (Rising Star Mix)",
            "artist": "CJ Stone",
            "id": 26643539
        },
        {
            "name": "Flakes (Original Mix)",
            "artist": "Matti Laamanen",
            "id": 553007977
        },
        {
            "name": "Destination Sunshine (DJ Tiësto Power Mix)",
            "artist": "Balearic Bill",
            "id": 2418328
        },
        {
            "name": "Brilliant",
            "artist": "Nostrum",
            "id": 487125157
        },
        {
            "name": "Clear Blue Water (Ferry Corsten Radio Edit)",
            "artist": "Oceanlab",
            "id": 27514169
        },
        {
            "name": "Troy The Phoenix From The Flame (Push Edit)",
            "artist": "Sinaead O'Connor",
            "id": 27279688
        },
        {
            "name": "Watching the Waves (Ambient Mix)",
            "artist": "Blank & Jones",
            "id": 557735966
        }
    ]
}