{
    "playlist_info": {
        "name": "维瓦尔第 | 巴洛克时期的红发神父",
        "trackcount": 100,
        "playcount": 17015,
        "creator": "云音乐古典星球",
        "createDate": "2023-03-24",
        "heat": 176.0
    },
    "songs": [
        {
            "name": "Le quattro stagioni (The Four Seasons), Violin Concerto in E Major Op. 8, No. 1, RV 269, \"Spring\":I. Allegro",
            "artist": "Itzhak Perlman",
            "id": 1933959683
        },
        {
            "name": "Violin Concerto in G Minor, RV 315, \"L'estate\" (from \"Il cimento dell'armonia e dell'inventione\", Op. 8, No. 2): III. Presto",
            "artist": "郑京和",
            "id": 1343425747
        },
        {
            "name": "The Four Seasons - Violin Concerto in F Minor, Op. 8 No. 4, RV 297 \"Winter\":I. Allegro non molto",
            "artist": "Joshua Bell",
            "id": 1363626338
        },
        {
            "name": "Le quattro stagioni (The Four Seasons), Violin Concerto in F Major Op. 8 No. 3, RV 293, \"Autumn\": III. Allegro",
            "artist": "Orpheus Chamber Orchestra",
            "id": 1354189303
        },
        {
            "name": "Concerto for Strings in G Major, RV 151, \"Alla Rustica\":I. Presto",
            "artist": "Accademia I Filarmonici",
            "id": 465062177
        },
        {
            "name": "Concerto for 2 Mandolins, Strings and Continuo in G:I. Allegro",
            "artist": "The English Concert",
            "id": 27793788
        },
        {
            "name": "Nulla in mundo pax, RV 630:1. Nulla in mundo pax",
            "artist": "Emma Kirkby",
            "id": 1468659979
        },
        {
            "name": "Concerto for Strings in G Minor, RV 152:II. Andante molto e sempre pianissimo",
            "artist": "Pavel Lyubomudrov",
            "id": 1951848730
        },
        {
            "name": "Larghetto (after Concerto for 4 Violins and Cello in B Minor, Op. 3, No. 10 / RV 580, arr. for Baroque Ensemble by Wolfgang Katschner)",
            "artist": "Lautten Compagney",
            "id": 1976472193
        },
        {
            "name": "Violin Concerto in D Major, RV 211:III. Allegro",
            "artist": "Nicola Benedetti",
            "id": 1858071561
        },
        {
            "name": "Concerto for Lute, 2 Violins and Continuo in D, RV.93:2. Largo",
            "artist": "I Musici",
            "id": 25061557
        },
        {
            "name": "Gloria in D Major, RV 589:I. Gloria in excelsis Deo",
            "artist": "Academy of Ancient Music",
            "id": 1427275325
        },
        {
            "name": "La Verità in Cimento, RV 739:Dopo i nembi, e le procelle (Arr. for Baroque Ensemble by Wolfgang Katschner)",
            "artist": "Lautten Compagney",
            "id": 1984530471
        },
        {
            "name": "Bassoon Concerto in F Major, RV 485:I. Allegro",
            "artist": "Tamas Benkocs",
            "id": 465203490
        },
        {
            "name": "Laudate pueri Dominum, RV 600:Sit nomen Domini benedictum",
            "artist": "Aradia Ensemble",
            "id": 465203665
        },
        {
            "name": "The Four Seasons, Violin Concerto in F Minor, Op. 8 No. 4, RV 297 \"Winter\":II. Largo",
            "artist": "Orchestre de Chambre de Lausanne",
            "id": 1977103466
        },
        {
            "name": "Flute Concerto in D Major, RV 429: II. Andante",
            "artist": "Emmanuel Pahud/Australian Chamber Orchestra/Richard Tognetti",
            "id": 22256872
        },
        {
            "name": "Violin Concerto in D Major, RV 228:I. Allegro non troppo ma vigoroso",
            "artist": "Marco Fornaciari",
            "id": 465065298
        },
        {
            "name": "Chamber Concerto in D Major, RV 95, \"La pastorella\" (arr. for recorder and orchestra):II. Largo",
            "artist": "Laszlo Kecskemeti",
            "id": 465062949
        },
        {
            "name": "Oboe Concerto in D Minor, Op. 8, No. 9, RV 454:I. Allegro",
            "artist": "Stefan Schilli",
            "id": 464974649
        },
        {
            "name": "Violin Concerto in B-Flat Major, RV 369:III. Allegro",
            "artist": "Julien Chauvin",
            "id": 1965532457
        },
        {
            "name": "Violin Concerto in C Major, RV 184:III. Allegro",
            "artist": "Roberto Baraldi",
            "id": 465062766
        },
        {
            "name": "Vivaldi - Concerto in D Major \"Grosso Mogul\" RV 208: I Allegro",
            "artist": "Viktoria Mullova",
            "id": 1880182613
        },
        {
            "name": "Concerto for Strings in A Minor, RV 161:I. Allegro",
            "artist": "Accademia I Filarmonici",
            "id": 465062162
        },
        {
            "name": "Cello Concerto in B-Flat Major, RV 423: I. Allegro",
            "artist": "Raphael Wallfisch",
            "id": 504317176
        },
        {
            "name": "Concerto for Recorder, Oboe and 2 Violins in C Major, RV 87:III. Allegro assai",
            "artist": "Laszlo Kecskemeti",
            "id": 465129235
        },
        {
            "name": "Concerto In D Major For 2 Violins, Strings & Continuo, RV 511:3. Allegro",
            "artist": "Viktoria Mullova",
            "id": 414003810
        },
        {
            "name": "Concerto for Oboe and Bassoon in G Major, RV 545:I. Andante molto",
            "artist": "Nicholas Kraemer",
            "id": 465033422
        },
        {
            "name": "Flute Concerto in D Major, Op. 10 No. 3, RV 428 \"Il gardellino\":III. Allegro",
            "artist": "Australian Chamber Orchestra",
            "id": 2031401213
        },
        {
            "name": "Concerto in D Major, RV 90, \"Il gardellino\":II. Largo",
            "artist": "Béla Drahos",
            "id": 465045128
        },
        {
            "name": "Le quattro stagioni (The Four Seasons), Violin Concerto in E Major Op. 8, No. 1, RV 269, \"Spring\":III. Allegro (Danza pastorale)",
            "artist": "Itzhak Perlman",
            "id": 1933959684
        },
        {
            "name": "Concerto in B-Flat Major for Cello, Strings and Basso continuo, RV 423: III. Allegro",
            "artist": "Ton Koopman",
            "id": 1698416
        },
        {
            "name": "Sonata No. 4 in A Major, Op. 13, RV 59, \"Il pastor fido\":II. Allegro ma non presto",
            "artist": "Béla Drahos",
            "id": 464945482
        },
        {
            "name": "Cello Concerto in G Minor, RV 416:III. Allegro",
            "artist": "Raphael Wallfisch",
            "id": 464994212
        },
        {
            "name": "Concerto Grosso in G Minor, Op. 3, No. 2, RV 578:I. Adagio e spiccato - Allegro",
            "artist": "Capella Istropolitana",
            "id": 464899724
        },
        {
            "name": "Flute Concerto in F Major, Op. 10/1, RV 433, \"La tempesta di mare\": III. Presto",
            "artist": "Peter Schreier",
            "id": 572840802
        },
        {
            "name": "Concerto In D Major For 2 Violins, Strings & Continuo, RV 511:2. Largo",
            "artist": "Viktoria Mullova",
            "id": 414003809
        },
        {
            "name": "Nisi Dominus, RV 608:Nisi Dominus aedificaverit domum",
            "artist": "Aradia Ensemble",
            "id": 465370313
        },
        {
            "name": "Cello Concerto in D Minor, RV 407: I. Allegro",
            "artist": "Raphael Wallfisch",
            "id": 504317191
        },
        {
            "name": "Concerto for 2 Violins in A Minor, RV 523:I. Allegro molto",
            "artist": "L' Arte dell'Arco",
            "id": 465773337
        },
        {
            "name": "L'estro armonico, Concerto for Two Violins in A Minor, Op. 3 No. 8, RV 522 \"Per eco in lontano\":I. Allegro",
            "artist": "Berliner Philharmoniker",
            "id": 1932573346
        },
        {
            "name": "Le quattro stagioni (The Four Seasons), Violin Concerto in F Major Op. 8 No. 3, RV 293, \"Autumn\": I. Allegro (Ballo e canto de\" Villanelli)",
            "artist": "Sarah Chang",
            "id": 22484437
        },
        {
            "name": "Oboe Concerto in C Major, RV 452:II. Adagio",
            "artist": "Stefan Schilli",
            "id": 464974662
        },
        {
            "name": "Giustino, RV 717: Sinfonia, 1. Allegro",
            "artist": "Alan Curtis",
            "id": 1355825467
        },
        {
            "name": "Concerto for 4 Violins in D Major, Op. 3, No. 1, RV 549:I. Allegro",
            "artist": "Capella Istropolitana",
            "id": 464899721
        },
        {
            "name": "Flute Concerto in G Minor, Op. 10 No. 2, RV 439, \"La notte\": V. Il sonno (Largo) - Claudio Scimone",
            "artist": "Jean-Pierre Rampal",
            "id": 28705012
        },
        {
            "name": "Griselda, RV 718:Sinfonia. Allegro",
            "artist": "Jean-christophe Spinosi",
            "id": 1327448792
        },
        {
            "name": "Mandolin Concerto In C Major RV 425:1. Allegro",
            "artist": "Avi Avital",
            "id": 473193502
        },
        {
            "name": "Concerto For 2 Mandolins, Strings And Continuo In G, RV 532:1. Allegro",
            "artist": "The English Concert",
            "id": 1487131201
        },
        {
            "name": "Flute Concerto in F major Op.10 No.1 RV433, 'La tempesta di mare' : II Largo",
            "artist": "Claudio Scimone",
            "id": 417915404
        },
        {
            "name": "Concerto in B-Flat Major for Cello, Strings and Basso continuo, RV 423: I. Allegro",
            "artist": "Ton Koopman",
            "id": 1698408
        },
        {
            "name": "Stabat Mater, RV 621:Stabat Mater dolorosa",
            "artist": "Marion Newman",
            "id": 465203674
        },
        {
            "name": "Concerto for 2 Cellos, Strings and Continuo in G minor, RV 531:3. Allegro",
            "artist": "Christopher Hogwood",
            "id": 470563156
        },
        {
            "name": "Bassoon Concerto in C Major, RV 474:I. Allegro",
            "artist": "Tamas Benkocs",
            "id": 465159874
        },
        {
            "name": "Magnificat in G Minor, RV 610:VIII. Sicut locutus est",
            "artist": "Academy of Ancient Music",
            "id": 1427275360
        },
        {
            "name": "Sonata No. 6 in G Minor, Op. 13, RV 58, \"Il pastor fido\":III. Largo",
            "artist": "Béla Drahos",
            "id": 464945493
        },
        {
            "name": "Violin Concerto in D Major, RV 230:I. Allegro",
            "artist": "János Rolla",
            "id": 413952466
        },
        {
            "name": "Bassoon Concerto in C Major, RV 473:I. Allegro",
            "artist": "Tamas Benkocs",
            "id": 465385543
        },
        {
            "name": "Vivaldi - Concerto in D Major \"Grosso Mogul\" RV 208: II Recitativo: Grave",
            "artist": "Viktoria Mullova",
            "id": 1880182614
        },
        {
            "name": "Salve Regina in F Major, RV 617:Et Jesum benedictum",
            "artist": "Aradia Ensemble",
            "id": 465370311
        },
        {
            "name": "Nisi Dominus, RV 608:Cum dederit dilectis suis",
            "artist": "Lynne McMurtry",
            "id": 465370316
        },
        {
            "name": "Violin Concerto in B-Flat Major, RV 369:I. Allegro ma poco",
            "artist": "Julien Chauvin",
            "id": 1965531595
        },
        {
            "name": "Oboe Concerto in D Minor, Op. 8, No. 9, RV 454:II. Largo",
            "artist": "Stefan Schilli",
            "id": 464974650
        },
        {
            "name": "Cello Concerto in G Minor, RV 416:II. Largo",
            "artist": "Raphael Wallfisch",
            "id": 464994211
        },
        {
            "name": "Griselda, RV 718:Ho il cor già Lacero (Griselda)",
            "artist": "Jean-christophe Spinosi",
            "id": 1327448794
        },
        {
            "name": "Chamber Concerto in D Major, RV 95, \"La pastorella\" (arr. for recorder and orchestra):I. Allegro",
            "artist": "Laszlo Kecskemeti",
            "id": 465062948
        },
        {
            "name": "Bassoon Concerto in F Major, RV 485:II. Largo",
            "artist": "Tamas Benkocs",
            "id": 465203491
        },
        {
            "name": "Gloria in D Major, RV 589:II. Et in terra pax hominibus",
            "artist": "Academy of Ancient Music",
            "id": 1427275326
        },
        {
            "name": "Concerto for 2 Mandolins, Strings and Continuo in G:II. Andante",
            "artist": "The English Concert",
            "id": 27793789
        },
        {
            "name": "Violin Concerto in C Major, RV 184:I. Allegro",
            "artist": "Roberto Baraldi",
            "id": 465062764
        },
        {
            "name": "Magnificat in G Minor, RV 610:II. Et exultavit",
            "artist": "Academy of Ancient Music",
            "id": 1427275352
        },
        {
            "name": "Cello Concerto in G Minor, RV 416:I. Allegro",
            "artist": "Raphael Wallfisch",
            "id": 464994210
        },
        {
            "name": "Concerto for 4 Violins in D Major, Op. 3, No. 1, RV 549:II. Largo e spiccato",
            "artist": "Capella Istropolitana",
            "id": 464899722
        },
        {
            "name": "Griselda, RV 718:Agitata da due venti (Costanza)",
            "artist": "Jean-christophe Spinosi",
            "id": 1327449122
        },
        {
            "name": "Vivaldi - Concerto in D Major \"Grosso Mogul\" RV 208: III Allegro",
            "artist": "Viktoria Mullova",
            "id": 1880184747
        },
        {
            "name": "Salve Regina in F Major, RV 617:Ad te clamamus",
            "artist": "Aradia Ensemble",
            "id": 465370309
        },
        {
            "name": "Nisi Dominus, RV 608:Beatus vir",
            "artist": "Lynne McMurtry",
            "id": 465370318
        },
        {
            "name": "Salve Regina in F Major, RV 617:Salve Regina",
            "artist": "Aradia Ensemble",
            "id": 465370308
        },
        {
            "name": "Nisi Dominus, RV 608:Gloria Patri",
            "artist": "Lynne McMurtry",
            "id": 465370319
        },
        {
            "name": "Violin Concerto in B-Flat Major, RV 369:II. Largo",
            "artist": "Julien Chauvin",
            "id": 1965531596
        },
        {
            "name": "Oboe Concerto in D Minor, Op. 8, No. 9, RV 454:III. Allegro",
            "artist": "Stefan Schilli",
            "id": 464974651
        },
        {
            "name": "Griselda, RV 718:Aure placide, e serene",
            "artist": "Gemma Bertagnolli",
            "id": 1327448796
        },
        {
            "name": "Chamber Concerto in D Major, RV 95, \"La pastorella\" (arr. for recorder and orchestra):III. Allegro",
            "artist": "Laszlo Kecskemeti",
            "id": 465062950
        },
        {
            "name": "Bassoon Concerto in F Major, RV 485:III. Allegro",
            "artist": "Tamas Benkocs",
            "id": 465203492
        },
        {
            "name": "Gloria in D Major, RV 589:VIII. Domine Deus, Agnus Dei",
            "artist": "Academy of Ancient Music",
            "id": 1427267649
        },
        {
            "name": "Concerto for Lute, 2 Violins and Continuo in D, RV.93:3. Allegro",
            "artist": "I Musici",
            "id": 25061558
        },
        {
            "name": "Concerto for Strings in G Major, RV 151, \"Alla Rustica\":III. Allegro",
            "artist": "Accademia I Filarmonici",
            "id": 465062179
        },
        {
            "name": "Violin Concerto in C Major, RV 184:II. Andante",
            "artist": "Roberto Baraldi",
            "id": 465062765
        },
        {
            "name": "Violin Concerto in D Major, RV 230:III. Allegro",
            "artist": "János Rolla",
            "id": 413952468
        },
        {
            "name": "Magnificat in G Minor, RV 610:III. Et misericordia",
            "artist": "Academy of Ancient Music",
            "id": 1427267674
        },
        {
            "name": "Concerto for 4 Violins in D Major, Op. 3, No. 1, RV 549:III. Allegro",
            "artist": "Capella Istropolitana",
            "id": 464899723
        },
        {
            "name": "Griselda, RV 718:Sento che l'alma teme (Gualtiero)",
            "artist": "Jean-christophe Spinosi",
            "id": 1327448795
        },
        {
            "name": "Concerto for Lute, 2 Violins and Continuo in D, RV.93:1. (Allegro giusto)",
            "artist": "I Musici",
            "id": 25061556
        },
        {
            "name": "Nisi Dominus, RV 608:Amen",
            "artist": "Lynne McMurtry",
            "id": 465370321
        },
        {
            "name": "Gloria in D Major, RV 589:VI. Domine Deus",
            "artist": "Academy of Ancient Music",
            "id": 1427275330
        },
        {
            "name": "Concerto for 2 Mandolins, Strings and Continuo in G:III. Allegro",
            "artist": "The English Concert",
            "id": 27793790
        },
        {
            "name": "Concerto for Strings in G Major, RV 151, \"Alla Rustica\":II. Adagio",
            "artist": "Accademia I Filarmonici",
            "id": 465062178
        },
        {
            "name": "Violin Concerto in D Major, RV 230:II. Larghetto",
            "artist": "János Rolla",
            "id": 413952467
        },
        {
            "name": "Griselda, RV 718:Vede orgogliosa l'onda (Ottone)",
            "artist": "Jean-christophe Spinosi",
            "id": 1327448793
        },
        {
            "name": "Salve Regina in F Major, RV 617:Eia ergo",
            "artist": "Carla Huhtanen",
            "id": 465370310
        }
    ]
}