{
    "playlist_info": {
        "name": "纯音乐｜放松心情，轻松安静 小众",
        "trackcount": 101,
        "playcount": 82411,
        "creator": "长京Z",
        "createDate": "2020-02-29",
        "heat": 67.0
    },
    "songs": [
        {
            "name": "Summer Memories",
            "artist": "Gavin Luke",
            "id": 1398332007
        },
        {
            "name": "From My Childhood",
            "artist": "Joshua Spacht",
            "id": 1468478850
        },
        {
            "name": "Softly",
            "artist": "Kendra Logozar",
            "id": 1441498700
        },
        {
            "name": "Enouement",
            "artist": "Josh Kramer",
            "id": 1463342884
        },
        {
            "name": "明日～インストルメンタル・ヴァージョン",
            "artist": "渡辺俊幸",
            "id": 537606
        },
        {
            "name": "Voyage",
            "artist": "Hideyuki Hashimoto",
            "id": 1467311188
        },
        {
            "name": "夏日约定",
            "artist": "JINBAO",
            "id": 1944651935
        },
        {
            "name": "Lancashire Road",
            "artist": "Moments",
            "id": 1825124545
        },
        {
            "name": "No Greater Love ∞",
            "artist": "Brock Hewitt",
            "id": 1403722582
        },
        {
            "name": "画云",
            "artist": "柳不贰",
            "id": 1831242001
        },
        {
            "name": "A Careful Tearing",
            "artist": "Levi Patel",
            "id": 470736153
        },
        {
            "name": "此曲献给理想主义者",
            "artist": "致布尔什维克的信",
            "id": 2045166934
        },
        {
            "name": "I Remember",
            "artist": "Gael",
            "id": 1436869464
        },
        {
            "name": "我看过花开又花落",
            "artist": "万古",
            "id": 2025474049
        },
        {
            "name": "樱花盛开的十字路口",
            "artist": "拾光",
            "id": 1824435199
        },
        {
            "name": "穿着白衬衫的男孩",
            "artist": "拾光",
            "id": 1818353444
        },
        {
            "name": "星空下",
            "artist": "拾光",
            "id": 1818353446
        },
        {
            "name": "睡前故事(outro)",
            "artist": "拾光",
            "id": 1818353447
        },
        {
            "name": "追逐繁星的孩子",
            "artist": "拾光",
            "id": 1816835537
        },
        {
            "name": "云朵给晚风的情书",
            "artist": "拾光",
            "id": 2005210771
        },
        {
            "name": "浅蓝天空",
            "artist": "夏小舟",
            "id": 1394175627
        },
        {
            "name": "Touch the starlight",
            "artist": "Funton",
            "id": 1337350239
        },
        {
            "name": "思.念",
            "artist": "JINBAO",
            "id": 1428351192
        },
        {
            "name": "再不去做想做的事你也要开学or上班啦！",
            "artist": "轻墨安源",
            "id": 1385342874
        },
        {
            "name": "《E8r 钢琴曲》What Are Words",
            "artist": "E8r",
            "id": 463909292
        },
        {
            "name": "那些爱我的，我爱的，终将变成星星",
            "artist": "逆时针向",
            "id": 1378222098
        },
        {
            "name": "没有人是一座孤岛",
            "artist": "傅许",
            "id": 1380347302
        },
        {
            "name": "你现在应该和喜欢的人在一起了吧",
            "artist": "田由甲",
            "id": 1366063380
        },
        {
            "name": "葬花",
            "artist": "蓝云木",
            "id": 503519084
        },
        {
            "name": "Stay With Me 纯音乐版（Cover 朴灿烈/Punch）（Cover ）",
            "artist": "鲍红宇",
            "id": 462376630
        },
        {
            "name": "突然好想你",
            "artist": "再见本垒打",
            "id": 29805426
        },
        {
            "name": "你给我一滴眼泪，我就看到了你心中全部的海洋",
            "artist": "Hea2t",
            "id": 1349566979
        },
        {
            "name": "Farewell（Piano Solo）",
            "artist": "十指流玉",
            "id": 491365293
        },
        {
            "name": "小樱",
            "artist": "饭碗的彼岸",
            "id": 406070435
        },
        {
            "name": "那晚 我对着月亮 把初夏的奇迹交给了神明",
            "artist": "Wednesday李梓楠",
            "id": 1353931818
        },
        {
            "name": "販 賣 日 落",
            "artist": "田由甲",
            "id": 1390045138
        },
        {
            "name": "Rainy Dumplings",
            "artist": "饭碗的彼岸",
            "id": 572182643
        },
        {
            "name": "5月11日 雨",
            "artist": "周意悦Sam",
            "id": 560403479
        },
        {
            "name": "裸足の女神",
            "artist": "Music therapy",
            "id": 4910529
        },
        {
            "name": "想带你漫不经心的逛",
            "artist": "陈嘉俊是这个嘉",
            "id": 1362958940
        },
        {
            "name": "正 在 退 出 人 類 遊 戲 ▁ ▂ ▃",
            "artist": "Seto",
            "id": 1376035521
        },
        {
            "name": "rainy road",
            "artist": "CHINESE",
            "id": 560184821
        },
        {
            "name": "ᵕ᷄≀ ̠˘᷅",
            "artist": "WJCTION",
            "id": 1397199516
        },
        {
            "name": "一天一天（小清新钢琴纯音乐）",
            "artist": "桑子",
            "id": 1346576247
        },
        {
            "name": "落日归山海，陪伴成告白",
            "artist": "Seto",
            "id": 1379215363
        },
        {
            "name": "这一秒只想在爱里沉溺（治愈《恋愛の資格》日语念白-溯 (Reverse).feat",
            "artist": "Leon不太冷",
            "id": 1383715787
        },
        {
            "name": "∌",
            "artist": "go missing",
            "id": 1374616292
        },
        {
            "name": "半城夏味（轻3D音效纯乐）",
            "artist": "张斯函",
            "id": 547580245
        },
        {
            "name": "An Old Song",
            "artist": "MoreanP",
            "id": 462177081
        },
        {
            "name": "皇家萌卫",
            "artist": "灵空音乐",
            "id": 412319569
        },
        {
            "name": "Touch the Rain",
            "artist": "Jannik",
            "id": 422428337
        },
        {
            "name": "寂静之空",
            "artist": "傅许",
            "id": 461074907
        },
        {
            "name": "回忆之末",
            "artist": "忘乡",
            "id": 542818195
        },
        {
            "name": "偏见构建成了世界",
            "artist": "秦才淞",
            "id": 1387903382
        },
        {
            "name": "日月星辉之中，你是第四种难得",
            "artist": "沈奕秋",
            "id": 1361694864
        },
        {
            "name": "水调歌头·寄明月",
            "artist": "邱有句",
            "id": 1298219033
        },
        {
            "name": "流逝的时光",
            "artist": "LIKPIA",
            "id": 1400597667
        },
        {
            "name": "雨落晴空",
            "artist": "十指流玉",
            "id": 411259908
        },
        {
            "name": "ᐇ",
            "artist": "Seto",
            "id": 1334363758
        },
        {
            "name": "群星-偏爱（唯美钢琴版）（李好 remix）",
            "artist": "李好",
            "id": 1357848351
        },
        {
            "name": "拥抱在一起安静的夜晚",
            "artist": "Phil",
            "id": 473825757
        },
        {
            "name": "Fwio",
            "artist": "Saiakoup",
            "id": 515384475
        },
        {
            "name": "请在春天里运用你的幻想",
            "artist": "比特丧",
            "id": 1363778576
        },
        {
            "name": "鲸",
            "artist": "Hea2t",
            "id": 1394993941
        },
        {
            "name": "8月23日",
            "artist": "吴宇深",
            "id": 1304719349
        },
        {
            "name": "恍惚交错的记忆",
            "artist": "余日秋山",
            "id": 456310390
        },
        {
            "name": "8月31日",
            "artist": "吴宇深",
            "id": 1306448973
        },
        {
            "name": "我都快忘了你笑起来的时候有多美",
            "artist": "陈嘉俊是这个嘉",
            "id": 1333049915
        },
        {
            "name": "生为冰山，就该淡淡地爱海流、爱风",
            "artist": "迟遲",
            "id": 1335994511
        },
        {
            "name": "如初",
            "artist": "Hea2t",
            "id": 1358275949
        },
        {
            "name": "Gypsophila",
            "artist": "MoreanP",
            "id": 517346741
        },
        {
            "name": "弱酸星系",
            "artist": "灰澈",
            "id": 1431047340
        },
        {
            "name": "星空",
            "artist": "灰澈",
            "id": 497604322
        },
        {
            "name": "星空雪",
            "artist": "灰澈",
            "id": 535031437
        },
        {
            "name": "Melancholy Galaxy",
            "artist": "CMJ",
            "id": 1427515199
        },
        {
            "name": "いのちの記憶",
            "artist": "二階堂和美",
            "id": 28009994
        },
        {
            "name": "風のとおり道",
            "artist": "久石譲",
            "id": 4879345
        },
        {
            "name": "あの夏へ",
            "artist": "久石譲",
            "id": 443794
        },
        {
            "name": "あの日の川",
            "artist": "久石譲",
            "id": 443823
        },
        {
            "name": "那个夏天（纯音乐）",
            "artist": "CMJ",
            "id": 1336575696
        },
        {
            "name": "夕阳下的我们",
            "artist": "CMJ",
            "id": 1354827996
        },
        {
            "name": "红小豆-莫相忘（off vocal）（灰澈 / 红小豆 remix）",
            "artist": "灰澈",
            "id": 1383693485
        },
        {
            "name": "灰色",
            "artist": "灰澈",
            "id": 1395082752
        },
        {
            "name": "River Flows In You",
            "artist": "Martin Ermen",
            "id": 20110049
        },
        {
            "name": "May I see U again-I love you 3000 times（翻自 MT1990） ",
            "artist": "MappleZS",
            "id": 1386495856
        },
        {
            "name": "寄夏予你（off vocal)",
            "artist": "MoreanP",
            "id": 501749278
        },
        {
            "name": "深秋的雨",
            "artist": "N.K.杨凯",
            "id": 1397464399
        },
        {
            "name": "早上的雨",
            "artist": "N.K.杨凯",
            "id": 1409406543
        },
        {
            "name": "Xmoon",
            "artist": "灰澈",
            "id": 1422705646
        },
        {
            "name": "白色",
            "artist": "灰澈",
            "id": 494992638
        },
        {
            "name": "星茶会",
            "artist": "灰澈",
            "id": 492390949
        },
        {
            "name": "森林",
            "artist": "灰澈",
            "id": 495562302
        },
        {
            "name": "烟袋斜街",
            "artist": "接个吻，开一枪",
            "id": 464863017
        },
        {
            "name": "所爱隔山海",
            "artist": "CMJ",
            "id": 1348896822
        },
        {
            "name": "山海不可平",
            "artist": "CMJ",
            "id": 1352045760
        },
        {
            "name": "所念皆星河",
            "artist": "CMJ",
            "id": 1384026889
        },
        {
            "name": "星河不可及",
            "artist": "CMJ",
            "id": 1409136605
        },
        {
            "name": "Star river in your eyes-满目星河",
            "artist": "MappleZS",
            "id": 1376557407
        },
        {
            "name": "山海皆可平",
            "artist": "CMJ",
            "id": 1377053293
        },
        {
            "name": "满目星河",
            "artist": "CMJ",
            "id": 1399869906
        },
        {
            "name": "告白之夜（纯音乐）",
            "artist": "CMJ",
            "id": 1353301300
        }
    ]
}