{
    "playlist_info": {
        "name": "经典台剧原声 | 一曲重回偶像剧之巅",
        "trackcount": 30,
        "playcount": 1520578,
        "creator": "云音乐VIP",
        "createDate": "2020-11-06",
        "heat": 1575.0
    },
    "songs": [
        {
            "name": "我恋爱了",
            "artist": "张韶涵",
            "id": 326984
        },
        {
            "name": "天使爱大象（NETFLIX原创影集「极道千金」片尾曲）",
            "artist": "徐佳莹",
            "id": 1409144677
        },
        {
            "name": "一天",
            "artist": "YELLOW黃宣",
            "id": 1408122638
        },
        {
            "name": "灰色空间",
            "artist": "罗志祥",
            "id": 4875891
        },
        {
            "name": "幸福的瞬间",
            "artist": "许绍洋",
            "id": 4877894
        },
        {
            "name": "黑糖秀主题曲 (feat. 黑涩会美眉)",
            "artist": "棒棒堂",
            "id": 4873800
        },
        {
            "name": "期待爱",
            "artist": "林俊杰",
            "id": 4873450
        },
        {
            "name": "苦茶 (feat. 黑涩会美眉)",
            "artist": "棒棒堂",
            "id": 4873813
        },
        {
            "name": "暧昧",
            "artist": "杨丞琳",
            "id": 27591608
        },
        {
            "name": "你要的爱",
            "artist": "戴佩妮",
            "id": 223994
        },
        {
            "name": "流星雨",
            "artist": "F4",
            "id": 354455
        },
        {
            "name": "小乌龟",
            "artist": "张栋梁",
            "id": 4874558
        },
        {
            "name": "北极星的眼泪",
            "artist": "张栋梁",
            "id": 191722
        },
        {
            "name": "我们都傻",
            "artist": "杨丞琳",
            "id": 25884683
        },
        {
            "name": "我的快乐",
            "artist": "锦绣二重唱",
            "id": 4873343
        },
        {
            "name": "橘子汽水",
            "artist": "南拳妈妈",
            "id": 368780
        },
        {
            "name": "心愿便利贴",
            "artist": "大Q秉洛",
            "id": 4873340
        },
        {
            "name": "孤单北半球",
            "artist": "林依晨",
            "id": 4876080
        },
        {
            "name": "逃",
            "artist": "孙盛希",
            "id": 1407355706
        },
        {
            "name": "恶作剧",
            "artist": "林依晨",
            "id": 255574
        },
        {
            "name": "靠近一点点",
            "artist": "梁心颐",
            "id": 4875079
        },
        {
            "name": "那些年",
            "artist": "胡夏",
            "id": 97357
        },
        {
            "name": "Someday or One Day",
            "artist": "孙盛希",
            "id": 1393739628
        },
        {
            "name": "想见你想见你想见你",
            "artist": "八三夭",
            "id": 1403215687
        },
        {
            "name": "匿名的好友",
            "artist": "杨丞琳",
            "id": 316108
        },
        {
            "name": "爱不单行",
            "artist": "罗志祥",
            "id": 26082851
        },
        {
            "name": "Lydia",
            "artist": "F.I.R.",
            "id": 354588
        },
        {
            "name": "一个人想著一个人",
            "artist": "曾沛慈",
            "id": 25714102
        },
        {
            "name": "雨爱",
            "artist": "杨丞琳",
            "id": 316100
        },
        {
            "name": "爱转角",
            "artist": "罗志祥",
            "id": 110452
        }
    ]
}