{
    "playlist_info": {
        "name": "精致Rap说唱 |以后找个人陪你来唱",
        "trackcount": 161,
        "playcount": 1291197,
        "creator": "麦女士努先森",
        "createDate": "2022-07-31",
        "heat": 3873.0
    },
    "songs": [
        {
            "name": "她不是我的唯一",
            "artist": "安定區Stable zone",
            "id": 2050058466
        },
        {
            "name": "不再需要你",
            "artist": "h3R3",
            "id": 1956525809
        },
        {
            "name": "灵魂伴侣（Soul Mate）",
            "artist": "KIND",
            "id": 1964850254
        },
        {
            "name": "Leave Me Alone（寂寞作伴）",
            "artist": "TC",
            "id": 1806634682
        },
        {
            "name": "下雨天",
            "artist": "HEAT J",
            "id": 1954459534
        },
        {
            "name": "朋友圈",
            "artist": "高宇Slient",
            "id": 1950027446
        },
        {
            "name": "异地恋",
            "artist": "ZAVIS",
            "id": 1948478077
        },
        {
            "name": "闹剧",
            "artist": "LeeyOn李昂",
            "id": 1959434329
        },
        {
            "name": "故犯",
            "artist": "暴躁的兔子",
            "id": 1945262840
        },
        {
            "name": "再见莫妮卡",
            "artist": "刘大拿",
            "id": 1961735531
        },
        {
            "name": "再等冬天(Memories)",
            "artist": "h3R3",
            "id": 1927693793
        },
        {
            "name": "流浪",
            "artist": "江辰",
            "id": 1936399142
        },
        {
            "name": "11",
            "artist": "队长",
            "id": 1907766514
        },
        {
            "name": "十个字",
            "artist": "褚晨茜",
            "id": 1923458630
        },
        {
            "name": "撒盐",
            "artist": "DbabyKaze",
            "id": 1929049876
        },
        {
            "name": "我要你走的，又要你回来",
            "artist": "XMASwu(吴骜)",
            "id": 1906301400
        },
        {
            "name": "爱情杀人事件",
            "artist": "前男友",
            "id": 1919226883
        },
        {
            "name": "有种",
            "artist": "江辰",
            "id": 1909651843
        },
        {
            "name": "文案",
            "artist": "小好14",
            "id": 1923581177
        },
        {
            "name": "丘比特",
            "artist": "mac ova seas",
            "id": 1922629725
        },
        {
            "name": "某个夜里",
            "artist": "JERRYZ",
            "id": 1878315612
        },
        {
            "name": "她不爱的Rapstar",
            "artist": "深水29",
            "id": 1844891808
        },
        {
            "name": "挂断",
            "artist": "冰冷端",
            "id": 1914692581
        },
        {
            "name": "拜拜",
            "artist": "江辰",
            "id": 1925100230
        },
        {
            "name": "Star (反方向的钟)",
            "artist": "XMASwu(吴骜)",
            "id": 1899705498
        },
        {
            "name": "罗生门（Follow）",
            "artist": "梨冻紧",
            "id": 1456890009
        },
        {
            "name": "心碎莫扎特",
            "artist": "暴躁的兔子",
            "id": 1900224553
        },
        {
            "name": "伤心男孩拯救世界",
            "artist": "河南说唱之神",
            "id": 1379728692
        },
        {
            "name": "等",
            "artist": "SOG",
            "id": 1374799420
        },
        {
            "name": "你和夕阳都消失了",
            "artist": "小恶魔",
            "id": 1931966576
        },
        {
            "name": "Waiting",
            "artist": "深水29",
            "id": 1444590301
        },
        {
            "name": "吵闹",
            "artist": "TC",
            "id": 1885663773
        },
        {
            "name": "逃避",
            "artist": "XMASwu(吴骜)",
            "id": 1878596134
        },
        {
            "name": "爱不应该互相伤害",
            "artist": "TOYOKI",
            "id": 1363470527
        },
        {
            "name": "回收站",
            "artist": "庄周",
            "id": 1413201106
        },
        {
            "name": "22秒",
            "artist": "Aioz",
            "id": 1849998058
        },
        {
            "name": "晚风",
            "artist": "7copy",
            "id": 1441758494
        },
        {
            "name": "无感",
            "artist": "江辰",
            "id": 1354504985
        },
        {
            "name": "断线",
            "artist": "Shang",
            "id": 496370620
        },
        {
            "name": "围城",
            "artist": "姜云升",
            "id": 1361832292
        },
        {
            "name": "卸载",
            "artist": "刘思鉴",
            "id": 1818581946
        },
        {
            "name": "故意",
            "artist": "XMASwu(吴骜)",
            "id": 1442651706
        },
        {
            "name": "后顾",
            "artist": "果妹",
            "id": 1488295193
        },
        {
            "name": "可能",
            "artist": "队长",
            "id": 1844448537
        },
        {
            "name": "如果",
            "artist": "SOG",
            "id": 1363702070
        },
        {
            "name": "暴雨",
            "artist": "Haiwee",
            "id": 571832692
        },
        {
            "name": "想说",
            "artist": "Lambert",
            "id": 1483221816
        },
        {
            "name": "思 怜",
            "artist": "荨麻疹",
            "id": 1810431431
        },
        {
            "name": "骤停",
            "artist": "蝴蝶效应(B.E.)",
            "id": 1389571546
        },
        {
            "name": "归暑",
            "artist": "SUIYU",
            "id": 1387600215
        },
        {
            "name": "糜烂",
            "artist": "KANG",
            "id": 1354081533
        },
        {
            "name": "末班车",
            "artist": "黑羊",
            "id": 417595727
        },
        {
            "name": "爱敌不过自由",
            "artist": "KIND",
            "id": 1847822672
        },
        {
            "name": "无法坠入爱河",
            "artist": "未来星B3Rich",
            "id": 1405888465
        },
        {
            "name": "话不多说",
            "artist": "wweimm微米",
            "id": 1421789705
        },
        {
            "name": "那你走吧",
            "artist": "SUIYU",
            "id": 1392752613
        },
        {
            "name": "双向孤独Ⅱ",
            "artist": "吴海啸Tsunami",
            "id": 517137299
        },
        {
            "name": "末梢",
            "artist": "泥鳅Zinco",
            "id": 520107359
        },
        {
            "name": "坏毛病",
            "artist": "PSY.P",
            "id": 1446809122
        },
        {
            "name": "Let Go",
            "artist": "黄礼格",
            "id": 1465310744
        },
        {
            "name": "情人节",
            "artist": "Forest龙楠林",
            "id": 1897678158
        },
        {
            "name": "老鼠人与蝴蝶",
            "artist": "庄周",
            "id": 1448674699
        },
        {
            "name": "情绪点滴",
            "artist": "河北Ye",
            "id": 1483896246
        },
        {
            "name": "躲避",
            "artist": "Fi9江澈",
            "id": 1806340649
        },
        {
            "name": "BINGBIAN病变（原版）",
            "artist": "Cubi",
            "id": 533259686
        },
        {
            "name": "阿司匹林",
            "artist": "王以太",
            "id": 1396141677
        },
        {
            "name": "R.",
            "artist": "李子豪(HtFR)",
            "id": 1310728498
        },
        {
            "name": "没 死 就 别 找 我 了",
            "artist": "SipSu小口酥",
            "id": 1363568696
        },
        {
            "name": "886",
            "artist": "hanji",
            "id": 1434800877
        },
        {
            "name": "安全感",
            "artist": "橙汁",
            "id": 1398567902
        },
        {
            "name": "992",
            "artist": "橙汁",
            "id": 1321090459
        },
        {
            "name": "我 是 垃 圾 嗎",
            "artist": "橙汁",
            "id": 1339420560
        },
        {
            "name": "哪样呢",
            "artist": "果妹",
            "id": 1474157584
        },
        {
            "name": "不断Part2（Prod.FuryI&4_chords）",
            "artist": "Duzzy",
            "id": 1417129088
        },
        {
            "name": "灰",
            "artist": "宋恩泽YKEY",
            "id": 1433839075
        },
        {
            "name": "别太大声",
            "artist": "张雪飞",
            "id": 1388846714
        },
        {
            "name": "來日方長",
            "artist": "张雪飞",
            "id": 1380302185
        },
        {
            "name": "丧 prod by 524（FTF）",
            "artist": "张雪飞",
            "id": 553702717
        },
        {
            "name": "淹没我的爱",
            "artist": "深水29",
            "id": 1470170093
        },
        {
            "name": "我还在期待着与你的再会",
            "artist": "深水29",
            "id": 1448708380
        },
        {
            "name": "在我离开之前",
            "artist": "深水29",
            "id": 1482845417
        },
        {
            "name": "如果你在",
            "artist": "荨麻疹",
            "id": 1852632130
        },
        {
            "name": "发现",
            "artist": "荨麻疹",
            "id": 1436917852
        },
        {
            "name": "太久",
            "artist": "刘思鉴",
            "id": 1314154490
        },
        {
            "name": "一天都不想呆了！",
            "artist": "刘思鉴",
            "id": 1859414071
        },
        {
            "name": "没有理由",
            "artist": "杨胖雨",
            "id": 1404906595
        },
        {
            "name": "网易云",
            "artist": "姜云升",
            "id": 1307591526
        },
        {
            "name": "拼个世界给自己（keeppley 新世代BGM）",
            "artist": "姜云升",
            "id": 1849649776
        },
        {
            "name": "SAVE ME",
            "artist": "暴躁的兔子",
            "id": 1806567921
        },
        {
            "name": "我讨厌你",
            "artist": "Lil Jet",
            "id": 1394069486
        },
        {
            "name": "两个人的沙漠",
            "artist": "Lil Jet",
            "id": 553815236
        },
        {
            "name": "敏感黑夜",
            "artist": "YangYang",
            "id": 1492881023
        },
        {
            "name": "哎呦喂",
            "artist": "YangYang",
            "id": 1486763122
        },
        {
            "name": "关机又关机",
            "artist": "YangYang",
            "id": 1811408619
        },
        {
            "name": "不喜欢下雨天",
            "artist": "PIggy",
            "id": 1371046568
        },
        {
            "name": "谁又不是一个孤独的灵魂呢T T",
            "artist": "PIggy",
            "id": 1428284686
        },
        {
            "name": "普通朋友",
            "artist": "PIggy",
            "id": 1452979629
        },
        {
            "name": "IM NOT OK",
            "artist": "XMASwu(吴骜)",
            "id": 1461165824
        },
        {
            "name": "Sorry But",
            "artist": "XMASwu(吴骜)",
            "id": 1818153740
        },
        {
            "name": "随身汀",
            "artist": "沙一汀EL",
            "id": 1386038739
        },
        {
            "name": "所以你睡了没",
            "artist": "沙一汀EL",
            "id": 1449416890
        },
        {
            "name": "red lips（被我蒙对）",
            "artist": "沙一汀EL",
            "id": 1456659704
        },
        {
            "name": "不做你的朋友",
            "artist": "高旭",
            "id": 1494283005
        },
        {
            "name": "忘不掉的你",
            "artist": "h3R3",
            "id": 1851652156
        },
        {
            "name": "他只是经过",
            "artist": "h3R3",
            "id": 1443838552
        },
        {
            "name": "还是会想你",
            "artist": "林达浪",
            "id": 1827600686
        },
        {
            "name": "楼顶上的小斑鸠",
            "artist": "队长",
            "id": 1844449888
        },
        {
            "name": "太冷(prod.pacific)",
            "artist": "7copy",
            "id": 1819425169
        },
        {
            "name": "花开",
            "artist": "7copy",
            "id": 1429392677
        },
        {
            "name": "Something I Don't Need",
            "artist": "瘦子E.SO",
            "id": 1460673845
        },
        {
            "name": "她没在看我",
            "artist": "瘦子E.SO",
            "id": 1447595404
        },
        {
            "name": "当妮走了",
            "artist": "徐真真",
            "id": 430793721
        },
        {
            "name": "不如不见面Remix Pt.2",
            "artist": "王极",
            "id": 572980533
        },
        {
            "name": "不如不见面",
            "artist": "梁老师Tsong",
            "id": 571472967
        },
        {
            "name": "自白书 僵尸 feat 梁老师T.$ong",
            "artist": "梁老师Tsong",
            "id": 440090070
        },
        {
            "name": "我不需要",
            "artist": "AY楊佬叁",
            "id": 1836438977
        },
        {
            "name": "骗自己PT.2",
            "artist": "AY楊佬叁",
            "id": 451169473
        },
        {
            "name": "再也没有",
            "artist": "永彬Ryan.B",
            "id": 480580003
        },
        {
            "name": "飞",
            "artist": "王恩信Est",
            "id": 1386259535
        },
        {
            "name": "你走以后1.0",
            "artist": "王恩信Est",
            "id": 1363205817
        },
        {
            "name": "無病呻吟",
            "artist": "CITY Z",
            "id": 505128973
        },
        {
            "name": "黑夜",
            "artist": "Yee",
            "id": 1442504279
        },
        {
            "name": "都市寻情记",
            "artist": "Yee",
            "id": 1321391025
        },
        {
            "name": "山",
            "artist": "李棒棒Muti",
            "id": 495294483
        },
        {
            "name": "湖",
            "artist": "李棒棒Muti",
            "id": 1321631043
        },
        {
            "name": "城市日记",
            "artist": "BigYear大年",
            "id": 1460874108
        },
        {
            "name": "她不是",
            "artist": "BigYear大年",
            "id": 1387183835
        },
        {
            "name": "你现在还好吗",
            "artist": "BigYear大年",
            "id": 1347374715
        },
        {
            "name": "丧的要命",
            "artist": "王梦泽",
            "id": 865945742
        },
        {
            "name": "拆线木偶",
            "artist": "SHARK卫彬月",
            "id": 1403359023
        },
        {
            "name": "我们都别承认",
            "artist": "SHARK卫彬月",
            "id": 1401570278
        },
        {
            "name": "唉 (pt.4)",
            "artist": "河南说唱之神",
            "id": 1839449600
        },
        {
            "name": "唉",
            "artist": "河南说唱之神",
            "id": 1462707541
        },
        {
            "name": "我像一个傻瓜（Frowned blueface）",
            "artist": "河北Ye",
            "id": 1394997085
        },
        {
            "name": "午夜心碎俱乐部",
            "artist": "大D(DLyn)",
            "id": 558766471
        },
        {
            "name": "午夜心碎俱乐部2.0",
            "artist": "大D(DLyn)",
            "id": 565794655
        },
        {
            "name": "没钥匙的锁",
            "artist": "KEY.L刘聪",
            "id": 1405135261
        },
        {
            "name": "孤独症DEMO",
            "artist": "功夫胖KungFuPen",
            "id": 485508366
        },
        {
            "name": "Hey KONG",
            "artist": "KEY.L刘聪",
            "id": 1383954630
        },
        {
            "name": "救我-氟西汀",
            "artist": "埃莱克ilike",
            "id": 1360493223
        },
        {
            "name": "最后的短信",
            "artist": "狄迪（D-DAY）",
            "id": 1349051673
        },
        {
            "name": "不 会 是 你 男 友",
            "artist": "廖效浓",
            "id": 413074253
        },
        {
            "name": "“你 今 天 开 心 吗”",
            "artist": "鬼羊Ghost sheep",
            "id": 1404596472
        },
        {
            "name": "等",
            "artist": "宋恩泽YKEY",
            "id": 1359554406
        },
        {
            "name": "-10%",
            "artist": "Duzzy",
            "id": 1454435988
        },
        {
            "name": "独行侠",
            "artist": "宋恩泽YKEY",
            "id": 462769331
        },
        {
            "name": "天空下着小雨",
            "artist": "hanji",
            "id": 1382592787
        },
        {
            "name": "时差",
            "artist": "Young 7",
            "id": 1326345574
        },
        {
            "name": "就这样吧 pt.2",
            "artist": "Young 7",
            "id": 1356322638
        },
        {
            "name": "还没离开",
            "artist": "李佳隆",
            "id": 1465948772
        },
        {
            "name": "回忆垃圾桶",
            "artist": "李佳隆",
            "id": 1351560886
        },
        {
            "name": "世界末日",
            "artist": "孟子坤",
            "id": 1449416554
        },
        {
            "name": "言语",
            "artist": "Shang",
            "id": 1389865597
        },
        {
            "name": "夜色",
            "artist": "董唧唧",
            "id": 1849102231
        },
        {
            "name": "痛快",
            "artist": "Aioz",
            "id": 1426233208
        },
        {
            "name": "没骗你",
            "artist": "江辰",
            "id": 1460681775
        },
        {
            "name": "love9",
            "artist": "江辰",
            "id": 525086802
        },
        {
            "name": "她",
            "artist": "SOG",
            "id": 1354317349
        },
        {
            "name": "一个人",
            "artist": "SOG",
            "id": 1399368108
        },
        {
            "name": "飞机",
            "artist": "恶梦Yk",
            "id": 1416557889
        },
        {
            "name": "Flower",
            "artist": "恶梦Yk",
            "id": 545308792
        }
    ]
}