{
    "playlist_info": {
        "name": "精选|近期超火的歌",
        "trackcount": 207,
        "playcount": 4576840,
        "creator": "美伢酱子",
        "createDate": "2022-06-14",
        "heat": 11912.0
    },
    "songs": [
        {
            "name": "靠近我",
            "artist": "Gr33nart Beats",
            "id": 1878904634
        },
        {
            "name": "与你共赴",
            "artist": "很美味",
            "id": 1920051173
        },
        {
            "name": "带我去找夜生活",
            "artist": "告五人",
            "id": 1410647903
        },
        {
            "name": "被神明写的歌",
            "artist": "我只吃晚饭",
            "id": 2035944768
        },
        {
            "name": "凄美地",
            "artist": "郭顶",
            "id": 436346833
        },
        {
            "name": "遗憾的是",
            "artist": "袁小葳",
            "id": 2059793769
        },
        {
            "name": "孤雏",
            "artist": "高睿",
            "id": 1981557398
        },
        {
            "name": "妳說愛我 真嘟假嘟(⸝⸝ᵒ̴̶̷̥́⌑ᵒ̴̶̷̣̥̀⸝⸝)(Prod.Royalboybtazy)",
            "artist": "正一_ justice",
            "id": 2024896163
        },
        {
            "name": "时空观影券",
            "artist": "Tiko",
            "id": 2049529248
        },
        {
            "name": "如果呢",
            "artist": "郑润泽",
            "id": 1842728629
        },
        {
            "name": "重度抑郁",
            "artist": "滑舌9ine6ix.",
            "id": 1365144392
        },
        {
            "name": "爱很短暂，恨却长",
            "artist": "xxxmiracle",
            "id": 1954992510
        },
        {
            "name": "触碰不到的你",
            "artist": "余佳运",
            "id": 1454670699
        },
        {
            "name": "Get Rhythm",
            "artist": "马赫mood",
            "id": 1464823473
        },
        {
            "name": "笼",
            "artist": "张碧晨",
            "id": 2057534370
        },
        {
            "name": "当代孔乙己",
            "artist": "花町馆长",
            "id": 2031698474
        },
        {
            "name": "雪 Distance",
            "artist": "Capper",
            "id": 2026224214
        },
        {
            "name": "Yes Day",
            "artist": "BOY STORY",
            "id": 2053099369
        },
        {
            "name": "行吟",
            "artist": "胡碧乔",
            "id": 1914071877
        },
        {
            "name": "Self Love",
            "artist": "Metro Boomin",
            "id": 2052349052
        },
        {
            "name": "觉悟 (戏腔版)",
            "artist": "王小帅",
            "id": 2030542462
        },
        {
            "name": "唯一 （温柔完整版）",
            "artist": "藤柒吖",
            "id": 1940404104
        },
        {
            "name": "向云端",
            "artist": "小霞",
            "id": 2049512697
        },
        {
            "name": "溺水的玻璃弹珠",
            "artist": "活死人",
            "id": 1399399850
        },
        {
            "name": "苦茶子",
            "artist": "Starling8",
            "id": 1922888354
        },
        {
            "name": "青火",
            "artist": "黄子弘凡",
            "id": 1456399260
        },
        {
            "name": "若把你",
            "artist": "Kirsty刘瑾睿",
            "id": 865632948
        },
        {
            "name": "橘子汽水",
            "artist": "张星特",
            "id": 1983284857
        },
        {
            "name": "Kate Bush-Running Up That Hill",
            "artist": "LINGZEA",
            "id": 2047985543
        },
        {
            "name": "想想就烦",
            "artist": "Mikey-18",
            "id": 2045117743
        },
        {
            "name": "恶作剧 (Live版)",
            "artist": "颜人中",
            "id": 2060036848
        },
        {
            "name": "过路的晚风 (Live版)",
            "artist": "海来阿木",
            "id": 2059814177
        },
        {
            "name": "让风告诉你",
            "artist": "林宝馨",
            "id": 2053099516
        },
        {
            "name": "迷途车票",
            "artist": "Ove",
            "id": 1937086934
        },
        {
            "name": "翠花",
            "artist": "DP龙猪",
            "id": 2046829307
        },
        {
            "name": "玻璃",
            "artist": "自由散漫乐团",
            "id": 478987241
        },
        {
            "name": "普通人生",
            "artist": "海洋Bo",
            "id": 2041799838
        },
        {
            "name": "Hush",
            "artist": "Shin Giwon Piano",
            "id": 1461709438
        },
        {
            "name": "Infinity",
            "artist": "Kaushal Shekhawat",
            "id": 1999208395
        },
        {
            "name": "爱人错过",
            "artist": "告五人",
            "id": 1368754688
        },
        {
            "name": "明室",
            "artist": "洪佩瑜",
            "id": 1989130619
        },
        {
            "name": "IP man (feat.Dax)",
            "artist": "法老",
            "id": 1336864426
        },
        {
            "name": "我们的歌",
            "artist": "刘大拿",
            "id": 2025533834
        },
        {
            "name": "EGGSTREME DUCK PHONK",
            "artist": "sma$her",
            "id": 2037295519
        },
        {
            "name": "我记得",
            "artist": "赵雷",
            "id": 1974443814
        },
        {
            "name": "只有风知道",
            "artist": "霓虹花园",
            "id": 2059853905
        },
        {
            "name": "罗生门（Follow）",
            "artist": "梨冻紧",
            "id": 1456890009
        },
        {
            "name": "挚友",
            "artist": "黄丽玲",
            "id": 1932627926
        },
        {
            "name": "Ballin’",
            "artist": "Mustard",
            "id": 1374617484
        },
        {
            "name": "开往早晨的午夜",
            "artist": "张碧晨",
            "id": 449577636
        },
        {
            "name": "再等冬天(Memories)",
            "artist": "h3R3",
            "id": 1927693793
        },
        {
            "name": "就让这大雨全都落下 (Live版)",
            "artist": "汪苏泷",
            "id": 2043125519
        },
        {
            "name": "诀爱·尽 (LIVE版)",
            "artist": "盛宇D-SHINE",
            "id": 2054298885
        },
        {
            "name": "把回忆拼好给你",
            "artist": "王贰浪",
            "id": 1403318151
        },
        {
            "name": "Dehors",
            "artist": "JORDANN",
            "id": 1815725297
        },
        {
            "name": "P.Y.T",
            "artist": "马思唯",
            "id": 2059246226
        },
        {
            "name": "我想我会",
            "artist": "尹露浠",
            "id": 2056203126
        },
        {
            "name": "达尔文",
            "artist": "林俊杰",
            "id": 2019573476
        },
        {
            "name": "风驶过的声音是",
            "artist": "海洋Bo",
            "id": 2041974276
        },
        {
            "name": "BABYDOLL (Speed)",
            "artist": "Ari Abdul",
            "id": 1932769322
        },
        {
            "name": "悬溺",
            "artist": "葛东琪",
            "id": 1397345903
        },
        {
            "name": "Letting Go (Live版)",
            "artist": "吉克隽逸",
            "id": 2048584480
        },
        {
            "name": "夏夜最后的烟火",
            "artist": "颜人中",
            "id": 1482867143
        },
        {
            "name": "精卫",
            "artist": "30年前，50年后",
            "id": 1951069525
        },
        {
            "name": "If We Ever Broke Up",
            "artist": "Mae Stephens",
            "id": 2021338418
        },
        {
            "name": "在你的身边",
            "artist": "盛哲",
            "id": 475479888
        },
        {
            "name": "初恋",
            "artist": "回春丹",
            "id": 1873049720
        },
        {
            "name": "就让这大雨全都落下",
            "artist": "郑润泽",
            "id": 2024035483
        },
        {
            "name": "我想念 (Live版)",
            "artist": "汪苏泷",
            "id": 2059814165
        },
        {
            "name": "孤勇者",
            "artist": "陈奕迅",
            "id": 1901371647
        },
        {
            "name": "没有什么不同",
            "artist": "曲婉婷",
            "id": 2044458041
        },
        {
            "name": "可能",
            "artist": "程响",
            "id": 1950343972
        },
        {
            "name": "天天",
            "artist": "余佳运",
            "id": 1440148562
        },
        {
            "name": "是你 (Live版)",
            "artist": "王赫野",
            "id": 2050391293
        },
        {
            "name": "Wake (Live)",
            "artist": "Hillsong Young & Free",
            "id": 1873321491
        },
        {
            "name": "凄美地（0.8x）",
            "artist": "心动",
            "id": 2009075200
        },
        {
            "name": "ddddddddd",
            "artist": "123",
            "id": 452592183
        },
        {
            "name": "循迹",
            "artist": "王子健",
            "id": 2018432856
        },
        {
            "name": "你是我此生唯一所愿",
            "artist": "张碧晨",
            "id": 2056207543
        },
        {
            "name": "想去海边",
            "artist": "夏日入侵企画",
            "id": 1413863166
        },
        {
            "name": "暖一杯茶",
            "artist": "邵帅",
            "id": 1371780785
        },
        {
            "name": "不问",
            "artist": "王鑫",
            "id": 2046851439
        },
        {
            "name": "予你",
            "artist": "队长",
            "id": 1895330088
        },
        {
            "name": "不说",
            "artist": "周公",
            "id": 1436117704
        },
        {
            "name": "谁家",
            "artist": "池鱼",
            "id": 2024225492
        },
        {
            "name": "武家坡2021",
            "artist": "龍猛寺寬度",
            "id": 1891431677
        },
        {
            "name": "赤伶",
            "artist": "李玉刚",
            "id": 1454730043
        },
        {
            "name": "哪里都是你",
            "artist": "队长",
            "id": 488249475
        },
        {
            "name": "爱情转移",
            "artist": "陈奕迅",
            "id": 65536
        },
        {
            "name": "歌曲：是妈妈是女儿",
            "artist": "黄绮珊",
            "id": 2016388265
        },
        {
            "name": "小城夏天",
            "artist": "LBI利比",
            "id": 1934251776
        },
        {
            "name": "就让这大雨全都落下",
            "artist": "容祖儿",
            "id": 1984475097
        },
        {
            "name": "是你",
            "artist": "梦然",
            "id": 1966162185
        },
        {
            "name": "我的美丽feat.海洋Bo",
            "artist": "海洋Bo",
            "id": 1979417838
        },
        {
            "name": "命运",
            "artist": "家家",
            "id": 27591236
        },
        {
            "name": "健将 PLUS MAX Nate 60 Pro 15G 24000万AI十四摄 阿姆斯特朗回旋性能加强 至尊荣耀青春 (破解版)",
            "artist": "小精灵",
            "id": 2059207928
        },
        {
            "name": "忘不掉的你",
            "artist": "h3R3",
            "id": 1851652156
        },
        {
            "name": "当你的天空突然下起了大雨",
            "artist": "CashMoon",
            "id": 2057999966
        },
        {
            "name": "孤雏",
            "artist": "AGA",
            "id": 421486605
        },
        {
            "name": "我知道 0.8x",
            "artist": "Blackly.",
            "id": 2019351846
        },
        {
            "name": "遐想",
            "artist": "郑润泽",
            "id": 2018733994
        },
        {
            "name": "春泥",
            "artist": "1个球",
            "id": 1927231651
        },
        {
            "name": "达尔文",
            "artist": "蔡健雅",
            "id": 208933
        },
        {
            "name": "我有喜欢的人了",
            "artist": "赵露思",
            "id": 2056208412
        },
        {
            "name": "晚风",
            "artist": "7copy",
            "id": 1441758494
        },
        {
            "name": "小胡同",
            "artist": "郑润泽",
            "id": 1926623288
        },
        {
            "name": "最后一页",
            "artist": "江语晨",
            "id": 247936
        },
        {
            "name": "Letting Go",
            "artist": "蔡健雅",
            "id": 208891
        },
        {
            "name": "慢歌1",
            "artist": "陈绮贞",
            "id": 209496
        },
        {
            "name": "拉过勾的",
            "artist": "无才",
            "id": 2022874626
        },
        {
            "name": "golden hour",
            "artist": "JVKE",
            "id": 1958557540
        },
        {
            "name": "外人",
            "artist": "萧秉治",
            "id": 2058957078
        },
        {
            "name": "11",
            "artist": "队长",
            "id": 1907766514
        },
        {
            "name": "如果可以·2023",
            "artist": "yihuik苡慧",
            "id": 2029895485
        },
        {
            "name": "多远都要在一起",
            "artist": "G.E.M.邓紫棋",
            "id": 30612793
        },
        {
            "name": "致你",
            "artist": "yihuik苡慧",
            "id": 1867217766
        },
        {
            "name": "Slow Down",
            "artist": "Madnap",
            "id": 1356658022
        },
        {
            "name": "悬溺（0.8x）",
            "artist": "陈住气",
            "id": 1990180060
        },
        {
            "name": "你是不是也想和我一起走走",
            "artist": "尹露浠",
            "id": 2056204117
        },
        {
            "name": "唯一",
            "artist": "告五人",
            "id": 1807799505
        },
        {
            "name": "带我走",
            "artist": "杨丞琳",
            "id": 523008515
        },
        {
            "name": "可不可以（0.8x）",
            "artist": "海予浪漫诗",
            "id": 1955029675
        },
        {
            "name": "算了",
            "artist": "Vinida (万妮达)",
            "id": 2052409208
        },
        {
            "name": "致爱 Your Song",
            "artist": "鹿晗",
            "id": 34852348
        },
        {
            "name": "如果可以",
            "artist": "韦礼安",
            "id": 1890530891
        },
        {
            "name": "晚风心里吹",
            "artist": "阿梨粤",
            "id": 1929370102
        },
        {
            "name": "天天",
            "artist": "陶喆",
            "id": 150633
        },
        {
            "name": "慢冷 (Live版)",
            "artist": "张碧晨",
            "id": 2043126974
        },
        {
            "name": "记·念",
            "artist": "雷雨心",
            "id": 36229053
        },
        {
            "name": "人鱼的眼泪（0.8X",
            "artist": "判",
            "id": 2005028044
        },
        {
            "name": "Reverse",
            "artist": "ljz329",
            "id": 2058735448
        },
        {
            "name": "アイドル",
            "artist": "YOASOBI",
            "id": 2034742057
        },
        {
            "name": "If We Ever Broke Up",
            "artist": "Mae Stephens",
            "id": 2021343439
        },
        {
            "name": "我的情歌",
            "artist": "CashMoon",
            "id": 2051311533
        },
        {
            "name": "再见莫妮卡",
            "artist": "彭席彦",
            "id": 1824045033
        },
        {
            "name": "天若有情（女声版）",
            "artist": "高杰杰杰杰",
            "id": 1931994283
        },
        {
            "name": "渡不了轮回",
            "artist": "尹昔眠",
            "id": 2040600206
        },
        {
            "name": "One Last Time (feat. Corey Gray)",
            "artist": "Ebony Day",
            "id": 1435661824
        },
        {
            "name": "Letting Go",
            "artist": "刘大拿",
            "id": 1923184888
        },
        {
            "name": "Be Your Light",
            "artist": "马伯骞",
            "id": 2056208512
        },
        {
            "name": "GigaChad Theme (Phonk House Version)",
            "artist": "g3ox_em",
            "id": 1974460387
        },
        {
            "name": "最后一页（完整版）",
            "artist": "洛尘鞅_",
            "id": 445154140
        },
        {
            "name": "与我无关",
            "artist": "阿冗",
            "id": 1413585838
        },
        {
            "name": "耳 喃",
            "artist": "PIggy",
            "id": 1803936748
        },
        {
            "name": "给你呀（又名：for ya）",
            "artist": "蒋小呢",
            "id": 1497588709
        },
        {
            "name": "健将plus (LIVE版)",
            "artist": "小精灵",
            "id": 2058166012
        },
        {
            "name": "PLAY",
            "artist": "IRXD7",
            "id": 2031245400
        },
        {
            "name": "听悲伤的情歌（原版）",
            "artist": "Jessie熙熙",
            "id": 2052070994
        },
        {
            "name": "MOM",
            "artist": "蜡笔小心",
            "id": 1387581250
        },
        {
            "name": "Midnight City",
            "artist": "M83",
            "id": 16957723
        },
        {
            "name": "水星记",
            "artist": "郭顶",
            "id": 441491828
        },
        {
            "name": "还是会想你",
            "artist": "林达浪",
            "id": 1827600686
        },
        {
            "name": "Teeth",
            "artist": "5 Seconds of Summer",
            "id": 1386002493
        },
        {
            "name": "喜欢你",
            "artist": "G.E.M.邓紫棋",
            "id": 28949444
        },
        {
            "name": "我的歌声里",
            "artist": "曲婉婷",
            "id": 2044458035
        },
        {
            "name": "小河淌水1952",
            "artist": "法老",
            "id": 1965928052
        },
        {
            "name": "Daylight",
            "artist": "Seredris",
            "id": 1372188635
        },
        {
            "name": "The Best Of Me",
            "artist": "Dion Timmer",
            "id": 1329938686
        },
        {
            "name": "最好的安排",
            "artist": "曲婉婷",
            "id": 1905004937
        },
        {
            "name": "起风了",
            "artist": "买辣椒也用券",
            "id": 1330348068
        },
        {
            "name": "Baby, Don't Cry (人鱼的眼泪)",
            "artist": "EXO",
            "id": 26428032
        },
        {
            "name": "By your side",
            "artist": "刘凤瑶",
            "id": 2058747184
        },
        {
            "name": "宝贝在干嘛",
            "artist": "Kui Kui",
            "id": 2051614921
        },
        {
            "name": "我们的明天",
            "artist": "鹿晗",
            "id": 29771231
        },
        {
            "name": "下个路口见（Slowed）",
            "artist": "7NpcTt",
            "id": 1935484288
        },
        {
            "name": "如许",
            "artist": "周深",
            "id": 2059804848
        },
        {
            "name": "人鱼的眼泪（0.8x）",
            "artist": "海予浪漫诗",
            "id": 1959303514
        },
        {
            "name": "三拜红尘凉 (Live版)",
            "artist": "张碧晨",
            "id": 2059814167
        },
        {
            "name": "Shadow Of The Sun",
            "artist": "王OK",
            "id": 1968791360
        },
        {
            "name": "STAY",
            "artist": "The Kid LAROI",
            "id": 1859245776
        },
        {
            "name": "你要的全拿走 (Live版)",
            "artist": "于文文",
            "id": 2045089372
        },
        {
            "name": "BANKAI",
            "artist": "Aega",
            "id": 1942042826
        },
        {
            "name": "六年五班 (LIVE版)",
            "artist": "TangoZ",
            "id": 2058165953
        },
        {
            "name": "卜卦",
            "artist": "她与他们皆失",
            "id": 2046622431
        },
        {
            "name": "雨过天不晴 (女版)",
            "artist": "池鱼",
            "id": 2045431100
        },
        {
            "name": "形容",
            "artist": "沈以诚",
            "id": 1336856864
        },
        {
            "name": "Cupid",
            "artist": "FIFTY FIFTY",
            "id": 2025227742
        },
        {
            "name": "Talk Dirty",
            "artist": "Jason Derulo",
            "id": 1320329379
        },
        {
            "name": "达尔文 II 进化版",
            "artist": "蔡健雅",
            "id": 208950
        },
        {
            "name": "You & Me",
            "artist": "Fingazz",
            "id": 491695208
        },
        {
            "name": "告白（紧紧相依的心如何say goodbye）",
            "artist": "Zy",
            "id": 2041531532
        },
        {
            "name": "ไม่ได้ก็ไม่เอา Whatever （Speed Up Version)",
            "artist": "PiXXiE",
            "id": 2045124188
        },
        {
            "name": "世间美好与你环环相扣",
            "artist": "柏松",
            "id": 1363948882
        },
        {
            "name": "落泪",
            "artist": "康熙",
            "id": 2021434589
        },
        {
            "name": "不怪她",
            "artist": "HARIKIRI",
            "id": 1462875618
        },
        {
            "name": "我爱你,你知不知道",
            "artist": "13z",
            "id": 2045101792
        },
        {
            "name": "真夜中のドア/Stay With Me (シングルver.)",
            "artist": "松原みき",
            "id": 1317285056
        },
        {
            "name": "一样的月光",
            "artist": "徐佳莹",
            "id": 306665
        },
        {
            "name": "Before",
            "artist": "李学仕",
            "id": 1875254487
        },
        {
            "name": "moon and back",
            "artist": "JVKE",
            "id": 1984537504
        },
        {
            "name": "如果呢（女声版）",
            "artist": "yihuik苡慧",
            "id": 1860614598
        },
        {
            "name": "下个路口再见吧",
            "artist": "不是花火呀",
            "id": 2056901270
        },
        {
            "name": "mmashup:138z",
            "artist": "刘楚",
            "id": 2042594225
        },
        {
            "name": "收敛",
            "artist": "不够",
            "id": 1435449062
        },
        {
            "name": "恋爱幻想中",
            "artist": "Mikey-18",
            "id": 2051890435
        },
        {
            "name": "电梯战神",
            "artist": "宝石Gem",
            "id": 2048786994
        },
        {
            "name": "Do It（Orginal Max）",
            "artist": "DJ阿诺",
            "id": 1892343290
        },
        {
            "name": "沉沦与遐想",
            "artist": "C.HØPE",
            "id": 1492584510
        },
        {
            "name": "药水歌",
            "artist": "药水哥",
            "id": 1472945318
        },
        {
            "name": "算了吧",
            "artist": "Aioz",
            "id": 1908049566
        },
        {
            "name": "Every Time We Touch",
            "artist": "Dream Tunes",
            "id": 1966889776
        },
        {
            "name": "DARK RAVE",
            "artist": "l19u1d",
            "id": 2025337662
        },
        {
            "name": "天外来物",
            "artist": "薛之谦",
            "id": 1463165983
        },
        {
            "name": "雨爱",
            "artist": "不是花火呀",
            "id": 1467444619
        },
        {
            "name": "Scopin",
            "artist": "Kordhell",
            "id": 1930107573
        },
        {
            "name": "妈妈的二十岁",
            "artist": "海洋Bo",
            "id": 2045946501
        },
        {
            "name": "麒麟",
            "artist": "早安",
            "id": 1974459985
        }
    ]
}