{
    "playlist_info": {
        "name": "粉色黄昏|与你相拥在温柔梦境",
        "trackcount": 43,
        "playcount": 1611454,
        "creator": "Spectual",
        "createDate": "2020-05-05",
        "heat": 1396.0
    },
    "songs": [
        {
            "name": "Seaside Serenade",
            "artist": "Feyde",
            "id": 1375708215
        },
        {
            "name": "Not Enough",
            "artist": "FUR",
            "id": 527520157
        },
        {
            "name": "Jupiter",
            "artist": "Flower Face",
            "id": 489997938
        },
        {
            "name": "Myth",
            "artist": "Beach House",
            "id": 16649839
        },
        {
            "name": "Falling In Love",
            "artist": "Cigarettes After Sex",
            "id": 1394281963
        },
        {
            "name": "ghost",
            "artist": "Megumi Acorda",
            "id": 1297494185
        },
        {
            "name": "Midnight Snack",
            "artist": "Homeshake",
            "id": 1305821848
        },
        {
            "name": "It's You",
            "artist": "Triathalon",
            "id": 565017497
        },
        {
            "name": "Healing",
            "artist": "Adib Sin",
            "id": 1302091527
        },
        {
            "name": "Maybe",
            "artist": "Lucys",
            "id": 523248455
        },
        {
            "name": "Dissolve (acoustic)",
            "artist": "Absofacto",
            "id": 1351582257
        },
        {
            "name": "Like I Used To",
            "artist": "MyKey",
            "id": 509531164
        },
        {
            "name": "Trouble I'm In",
            "artist": "Twinbed",
            "id": 29797698
        },
        {
            "name": "ineedyou.",
            "artist": "vietra",
            "id": 486999077
        },
        {
            "name": "Turn in the River",
            "artist": "The Burning Leaves",
            "id": 4362893
        },
        {
            "name": "Sweet Words",
            "artist": "HYDN",
            "id": 1329076813
        },
        {
            "name": "lemonade",
            "artist": "HONEY ♨️",
            "id": 480427012
        },
        {
            "name": "Plastic Panorama",
            "artist": "Postiljonen",
            "id": 26612933
        },
        {
            "name": "Forward And Reverse",
            "artist": "Bang Gang",
            "id": 26974085
        },
        {
            "name": "Mystery of Love",
            "artist": "Sufjan Stevens",
            "id": 516358164
        },
        {
            "name": "Moon River",
            "artist": "Audrey Hepburn",
            "id": 2177197
        },
        {
            "name": "colorblind",
            "artist": "Mokita",
            "id": 1401899720
        },
        {
            "name": "Hold On",
            "artist": "Chord Overstreet",
            "id": 457766169
        },
        {
            "name": "Fiction",
            "artist": "Adib Sin",
            "id": 1337981999
        },
        {
            "name": "Long Lost Penpal",
            "artist": "Hello Saferide",
            "id": 4102682
        },
        {
            "name": "Peter Pan",
            "artist": "kidult.",
            "id": 1381615652
        },
        {
            "name": "Don’t Delete The Kisses",
            "artist": "Wolf Alice",
            "id": 504425470
        },
        {
            "name": "we fell in love in october",
            "artist": "girl in red",
            "id": 1323404671
        },
        {
            "name": "Never Change",
            "artist": "Chase Coy",
            "id": 1141813
        },
        {
            "name": "Young & Foolish",
            "artist": "Until June",
            "id": 3783306
        },
        {
            "name": "There Is Love",
            "artist": "Chasen",
            "id": 20564066
        },
        {
            "name": "Everything I Need",
            "artist": "Skylar Grey",
            "id": 1331322055
        },
        {
            "name": "City Of Stars (From \"La La Land\" Soundtrack)",
            "artist": "Ryan Gosling",
            "id": 441612583
        },
        {
            "name": "Lucky One",
            "artist": "mich",
            "id": 530986903
        },
        {
            "name": "date with the stars",
            "artist": "emka",
            "id": 1294924817
        },
        {
            "name": "Limbs of Faith",
            "artist": "Beauvois",
            "id": 476987164
        },
        {
            "name": "Lovers",
            "artist": "Timecop1983",
            "id": 428095141
        },
        {
            "name": "Feel Something",
            "artist": "Clairo",
            "id": 1381704363
        },
        {
            "name": "Open Your Eyes",
            "artist": "School of Seven Bells",
            "id": 421807962
        },
        {
            "name": "Maybe",
            "artist": "Tim Schaufert",
            "id": 1363686226
        },
        {
            "name": "Strong Hearts",
            "artist": "Priest",
            "id": 31838827
        },
        {
            "name": "The Best Thing",
            "artist": "Electric Youth",
            "id": 29304742
        },
        {
            "name": "Anchor",
            "artist": "David Keane",
            "id": 432698786
        }
    ]
}