{
    "playlist_info": {
        "name": "许巍©️版权回归 | 无尽光芒",
        "trackcount": 294,
        "playcount": 57382,
        "creator": "云村旅行者UFO",
        "createDate": "2022-06-30",
        "heat": 157.0
    },
    "songs": [
        {
            "name": "只有爱",
            "artist": "许巍",
            "id": 1336790000
        },
        {
            "name": "你的深情",
            "artist": "许巍",
            "id": 1336790001
        },
        {
            "name": "为了告别的聚会",
            "artist": "许巍",
            "id": 1336790002
        },
        {
            "name": "远航",
            "artist": "许巍",
            "id": 1336790003
        },
        {
            "name": "无尽光芒",
            "artist": "许巍",
            "id": 1336790004
        },
        {
            "name": "春海",
            "artist": "许巍",
            "id": 1336790005
        },
        {
            "name": "心中的歌谣",
            "artist": "许巍",
            "id": 1336790006
        },
        {
            "name": "在这里",
            "artist": "许巍",
            "id": 1336790007
        },
        {
            "name": "我不猜",
            "artist": "许巍",
            "id": 1336790008
        },
        {
            "name": "夕阳中的城市",
            "artist": "许巍",
            "id": 1336790009
        },
        {
            "name": "空谷幽兰（现场版）",
            "artist": "许巍",
            "id": 1960396521
        },
        {
            "name": "出离（现场版）",
            "artist": "许巍",
            "id": 1960397400
        },
        {
            "name": "在别处（现场版）",
            "artist": "许巍",
            "id": 1960396518
        },
        {
            "name": "爱情（现场版）",
            "artist": "许巍",
            "id": 1960397410
        },
        {
            "name": "像风一样自由（现场版）",
            "artist": "许巍",
            "id": 1960396513
        },
        {
            "name": "温暖（现场版）",
            "artist": "许巍",
            "id": 1960396592
        },
        {
            "name": "救赎之旅（现场版）",
            "artist": "许巍",
            "id": 1960403633
        },
        {
            "name": "世外桃源（现场版）",
            "artist": "许巍",
            "id": 1960396593
        },
        {
            "name": "四季（现场版）",
            "artist": "许巍",
            "id": 1960415706
        },
        {
            "name": "故事（现场版）",
            "artist": "许巍",
            "id": 1960396594
        },
        {
            "name": "喜悦（现场版）",
            "artist": "许巍",
            "id": 1960396582
        },
        {
            "name": "曾经的你（现场版）",
            "artist": "许巍",
            "id": 1960404075
        },
        {
            "name": "那一年（现场版）",
            "artist": "许巍",
            "id": 1960405875
        },
        {
            "name": "故乡（现场版）",
            "artist": "许巍",
            "id": 1960405879
        },
        {
            "name": "星空（现场版）",
            "artist": "许巍",
            "id": 1960404046
        },
        {
            "name": "光明之门（现场版）",
            "artist": "许巍",
            "id": 1960405887
        },
        {
            "name": "逍遥行（现场版）",
            "artist": "许巍",
            "id": 1960404285
        },
        {
            "name": "礼物（现场版）",
            "artist": "许巍",
            "id": 1960404336
        },
        {
            "name": "旅行（现场版）",
            "artist": "许巍",
            "id": 1960404286
        },
        {
            "name": "此时此刻（现场版）",
            "artist": "许巍",
            "id": 1960404329
        },
        {
            "name": "蓝莲花（现场版）",
            "artist": "许巍",
            "id": 1960404337
        },
        {
            "name": "心愿（现场版）",
            "artist": "许巍",
            "id": 1960412589
        },
        {
            "name": "晴朗（现场版）",
            "artist": "许巍",
            "id": 1960412584
        },
        {
            "name": "时光（现场版）",
            "artist": "许巍",
            "id": 1960424233
        },
        {
            "name": "完美生活（现场版）",
            "artist": "许巍",
            "id": 1960424246
        },
        {
            "name": "喝茶去（现场版）",
            "artist": "许巍",
            "id": 1960425106
        },
        {
            "name": "漫步（现场版）",
            "artist": "许巍",
            "id": 1960425091
        },
        {
            "name": "晨星",
            "artist": "许巍",
            "id": 167675
        },
        {
            "name": "Opening&空谷幽兰(Live)",
            "artist": "许巍",
            "id": 29378160
        },
        {
            "name": "出离(Live)",
            "artist": "许巍",
            "id": 29378162
        },
        {
            "name": "在别处 (Live)",
            "artist": "许巍",
            "id": 29378181
        },
        {
            "name": "爱情(Live)",
            "artist": "许巍",
            "id": 29378161
        },
        {
            "name": "像风一样自由(Live)",
            "artist": "许巍",
            "id": 29378177
        },
        {
            "name": "温暖(Live)",
            "artist": "许巍",
            "id": 29378175
        },
        {
            "name": "救赎之旅&鼓solo (Live)",
            "artist": "许巍",
            "id": 29378170
        },
        {
            "name": "世外桃源(Live)",
            "artist": "许巍",
            "id": 29378174
        },
        {
            "name": "喝茶去(Live)",
            "artist": "许巍",
            "id": 29378168
        },
        {
            "name": "故事(Live)",
            "artist": "许巍",
            "id": 29378165
        },
        {
            "name": "喜悦(Live)",
            "artist": "许巍",
            "id": 29378176
        },
        {
            "name": "曾经的你(Live)",
            "artist": "许巍",
            "id": 29378163
        },
        {
            "name": "那一年(Live)",
            "artist": "许巍",
            "id": 29378173
        },
        {
            "name": "故乡(Live)",
            "artist": "许巍",
            "id": 29378166
        },
        {
            "name": "星空(Live)",
            "artist": "许巍",
            "id": 29378180
        },
        {
            "name": "光明之门(Live)",
            "artist": "许巍",
            "id": 29378167
        },
        {
            "name": "逍遥行(Live)",
            "artist": "许巍",
            "id": 29378178
        },
        {
            "name": "礼物&乐队介绍(Live)",
            "artist": "许巍",
            "id": 29378171
        },
        {
            "name": "旅行(Live)",
            "artist": "许巍",
            "id": 29378172
        },
        {
            "name": "此时此刻(Live)",
            "artist": "许巍",
            "id": 29378164
        },
        {
            "name": "蓝莲花(Live)",
            "artist": "许巍",
            "id": 29378169
        },
        {
            "name": "心愿(Live)",
            "artist": "许巍",
            "id": 29378179
        },
        {
            "name": "空谷幽兰",
            "artist": "许巍",
            "id": 1960403710
        },
        {
            "name": "时光",
            "artist": "许巍",
            "id": 1960397588
        },
        {
            "name": "在别处",
            "artist": "许巍",
            "id": 1960403711
        },
        {
            "name": "完美生活",
            "artist": "许巍",
            "id": 1960397600
        },
        {
            "name": "爱情",
            "artist": "许巍",
            "id": 1960397602
        },
        {
            "name": "像风一样自由",
            "artist": "许巍",
            "id": 1960405637
        },
        {
            "name": "我们",
            "artist": "许巍",
            "id": 1960403750
        },
        {
            "name": "救赎之旅",
            "artist": "许巍",
            "id": 1960405690
        },
        {
            "name": "漫步",
            "artist": "许巍",
            "id": 1960405642
        },
        {
            "name": "世外桃源",
            "artist": "许巍",
            "id": 1960405654
        },
        {
            "name": "喝茶去",
            "artist": "许巍",
            "id": 1960403841
        },
        {
            "name": "爱",
            "artist": "许巍",
            "id": 1960405731
        },
        {
            "name": "灵岩",
            "artist": "许巍",
            "id": 1960403828
        },
        {
            "name": "喜悦",
            "artist": "许巍",
            "id": 1960405727
        },
        {
            "name": "曾经的你",
            "artist": "许巍",
            "id": 1960403857
        },
        {
            "name": "那一年",
            "artist": "许巍",
            "id": 1960405802
        },
        {
            "name": "故乡",
            "artist": "许巍",
            "id": 1960403945
        },
        {
            "name": "光明之门",
            "artist": "许巍",
            "id": 1960405819
        },
        {
            "name": "逍遥行",
            "artist": "许巍",
            "id": 1960405796
        },
        {
            "name": "礼物",
            "artist": "许巍",
            "id": 1960416823
        },
        {
            "name": "旅行",
            "artist": "许巍",
            "id": 1960416761
        },
        {
            "name": "此时此刻",
            "artist": "许巍",
            "id": 1960415980
        },
        {
            "name": "蓝莲花",
            "artist": "许巍",
            "id": 1960415949
        },
        {
            "name": "心愿",
            "artist": "许巍",
            "id": 1960416793
        },
        {
            "name": "出离",
            "artist": "许巍",
            "id": 1960416774
        },
        {
            "name": "我的秋天",
            "artist": "许巍",
            "id": 168158
        },
        {
            "name": "在别处",
            "artist": "许巍",
            "id": 168160
        },
        {
            "name": "我思念的城市",
            "artist": "许巍",
            "id": 168161
        },
        {
            "name": "树",
            "artist": "许巍",
            "id": 168162
        },
        {
            "name": "永恒",
            "artist": "许巍",
            "id": 168163
        },
        {
            "name": "青鸟II",
            "artist": "许巍",
            "id": 168164
        },
        {
            "name": "水妖",
            "artist": "许巍",
            "id": 168165
        },
        {
            "name": "路的尽头",
            "artist": "许巍",
            "id": 168166
        },
        {
            "name": "悄无声息",
            "artist": "许巍",
            "id": 168167
        },
        {
            "name": "遥远",
            "artist": "许巍",
            "id": 168169
        },
        {
            "name": "今夜",
            "artist": "许巍",
            "id": 168138
        },
        {
            "name": "简单",
            "artist": "许巍",
            "id": 168140
        },
        {
            "name": "故乡",
            "artist": "许巍",
            "id": 168141
        },
        {
            "name": "九月",
            "artist": "许巍",
            "id": 168142
        },
        {
            "name": "方向",
            "artist": "许巍",
            "id": 168143
        },
        {
            "name": "浮躁",
            "artist": "许巍",
            "id": 168145
        },
        {
            "name": "温暖",
            "artist": "许巍",
            "id": 168147
        },
        {
            "name": "闪亮的瞬间",
            "artist": "许巍",
            "id": 168149
        },
        {
            "name": "情人",
            "artist": "许巍",
            "id": 168151
        },
        {
            "name": "那一年",
            "artist": "许巍",
            "id": 168153
        },
        {
            "name": "故乡",
            "artist": "许巍",
            "id": 168107
        },
        {
            "name": "我的秋天(Live)",
            "artist": "许巍",
            "id": 168109
        },
        {
            "name": "今夜",
            "artist": "许巍",
            "id": 168111
        },
        {
            "name": "今夜(伴奏)",
            "artist": "许巍",
            "id": 168113
        },
        {
            "name": "青鸟Ⅰ",
            "artist": "许巍",
            "id": 168115
        },
        {
            "name": "青鸟Ⅱ(伴奏)",
            "artist": "许巍",
            "id": 168117
        },
        {
            "name": "闪亮的瞬间",
            "artist": "许巍",
            "id": 168119
        },
        {
            "name": "执着(Live)",
            "artist": "许巍",
            "id": 168121
        },
        {
            "name": "两天",
            "artist": "许巍",
            "id": 168123
        },
        {
            "name": "水妖",
            "artist": "许巍",
            "id": 168125
        },
        {
            "name": "青鸟Ⅱ",
            "artist": "许巍",
            "id": 168127
        },
        {
            "name": "路的尽头",
            "artist": "许巍",
            "id": 168129
        },
        {
            "name": "我的秋天(伴奏)",
            "artist": "许巍",
            "id": 168131
        },
        {
            "name": "闪亮的瞬间(伴奏)",
            "artist": "许巍",
            "id": 168133
        },
        {
            "name": "故乡",
            "artist": "许巍",
            "id": 406737209
        },
        {
            "name": "执着",
            "artist": "许巍",
            "id": 406730278
        },
        {
            "name": "闪亮的瞬间",
            "artist": "许巍",
            "id": 406737210
        },
        {
            "name": "九月",
            "artist": "许巍",
            "id": 406730279
        },
        {
            "name": "温暖",
            "artist": "许巍",
            "id": 406737211
        },
        {
            "name": "那一年",
            "artist": "许巍",
            "id": 406730280
        },
        {
            "name": "野花",
            "artist": "田震",
            "id": 406730281
        },
        {
            "name": "执着",
            "artist": "田震",
            "id": 406737212
        },
        {
            "name": "怕黑的女人",
            "artist": "田震",
            "id": 406730282
        },
        {
            "name": "干杯 朋友",
            "artist": "田震",
            "id": 406737213
        },
        {
            "name": "顺其自然",
            "artist": "田震",
            "id": 406730283
        },
        {
            "name": "好大一棵树",
            "artist": "田震",
            "id": 406737214
        },
        {
            "name": "天鹅之旅",
            "artist": "许巍",
            "id": 168085
        },
        {
            "name": "完美生活",
            "artist": "许巍",
            "id": 168087
        },
        {
            "name": "时光",
            "artist": "许巍",
            "id": 168089
        },
        {
            "name": "蓝莲花",
            "artist": "许巍",
            "id": 168091
        },
        {
            "name": "一天",
            "artist": "许巍",
            "id": 168093
        },
        {
            "name": "礼物",
            "artist": "许巍",
            "id": 168095
        },
        {
            "name": "漫步",
            "artist": "许巍",
            "id": 168097
        },
        {
            "name": "星空",
            "artist": "许巍",
            "id": 168100
        },
        {
            "name": "夏日的风",
            "artist": "许巍",
            "id": 168102
        },
        {
            "name": "平淡",
            "artist": "许巍",
            "id": 168103
        },
        {
            "name": "执着",
            "artist": "许巍",
            "id": 168038
        },
        {
            "name": "在别处",
            "artist": "许巍",
            "id": 168015
        },
        {
            "name": "九月(Demo)",
            "artist": "许巍",
            "id": 168075
        },
        {
            "name": "浮躁(Demo)",
            "artist": "许巍",
            "id": 168077
        },
        {
            "name": "树",
            "artist": "许巍",
            "id": 168020
        },
        {
            "name": "一江水(Demo)",
            "artist": "许巍",
            "id": 168078
        },
        {
            "name": "执着(Live)",
            "artist": "许巍",
            "id": 168080
        },
        {
            "name": "永恒",
            "artist": "许巍",
            "id": 168023
        },
        {
            "name": "青鸟Ⅱ",
            "artist": "许巍",
            "id": 168027
        },
        {
            "name": "水妖",
            "artist": "许巍",
            "id": 168029
        },
        {
            "name": "路的尽头",
            "artist": "许巍",
            "id": 168030
        },
        {
            "name": "悄无声息",
            "artist": "许巍",
            "id": 168032
        },
        {
            "name": "遥远",
            "artist": "许巍",
            "id": 168035
        },
        {
            "name": "青鸟Ⅰ",
            "artist": "许巍",
            "id": 168041
        },
        {
            "name": "两天",
            "artist": "许巍",
            "id": 168044
        },
        {
            "name": "今夜",
            "artist": "许巍",
            "id": 168047
        },
        {
            "name": "简单",
            "artist": "许巍",
            "id": 168050
        },
        {
            "name": "故乡",
            "artist": "许巍",
            "id": 168053
        },
        {
            "name": "九月",
            "artist": "许巍",
            "id": 168056
        },
        {
            "name": "方向",
            "artist": "许巍",
            "id": 168059
        },
        {
            "name": "浮躁",
            "artist": "许巍",
            "id": 168062
        },
        {
            "name": "温暖",
            "artist": "许巍",
            "id": 168065
        },
        {
            "name": "闪亮的瞬间",
            "artist": "许巍",
            "id": 168068
        },
        {
            "name": "情人",
            "artist": "许巍",
            "id": 168071
        },
        {
            "name": "那一年",
            "artist": "许巍",
            "id": 168073
        },
        {
            "name": "纯真",
            "artist": "许巍",
            "id": 167967
        },
        {
            "name": "旅行",
            "artist": "许巍",
            "id": 167971
        },
        {
            "name": "曾经的你",
            "artist": "许巍",
            "id": 167975
        },
        {
            "name": "喝茶去",
            "artist": "许巍",
            "id": 167979
        },
        {
            "name": "坐看云起",
            "artist": "许巍",
            "id": 167984
        },
        {
            "name": "秋海",
            "artist": "许巍",
            "id": 167988
        },
        {
            "name": "温暖的季节",
            "artist": "许巍",
            "id": 167992
        },
        {
            "name": "每一刻都是崭新的",
            "artist": "许巍",
            "id": 167996
        },
        {
            "name": "永远自由的心",
            "artist": "许巍",
            "id": 167999
        },
        {
            "name": "小鱼的理想",
            "artist": "许巍",
            "id": 168003
        },
        {
            "name": "悠远的天空",
            "artist": "许巍",
            "id": 168006
        },
        {
            "name": "纯真(Live)",
            "artist": "许巍",
            "id": 167907
        },
        {
            "name": "蓝莲花(Live)",
            "artist": "许巍",
            "id": 167908
        },
        {
            "name": "讲话一(Live)",
            "artist": "许巍",
            "id": 167911
        },
        {
            "name": "那一年(Live)",
            "artist": "许巍",
            "id": 167913
        },
        {
            "name": "简单(Live)",
            "artist": "许巍",
            "id": 167915
        },
        {
            "name": "我思念的城市(Live)",
            "artist": "许巍",
            "id": 167919
        },
        {
            "name": "两天(Live)",
            "artist": "许巍",
            "id": 167922
        },
        {
            "name": "讲话二(Live)",
            "artist": "许巍",
            "id": 167917
        },
        {
            "name": "故乡(Live)",
            "artist": "许巍",
            "id": 167925
        },
        {
            "name": "今夜(Live)",
            "artist": "许巍",
            "id": 167928
        },
        {
            "name": "温暖(Live)",
            "artist": "许巍",
            "id": 167930
        },
        {
            "name": "星空(Live)",
            "artist": "许巍",
            "id": 167932
        },
        {
            "name": "水妖(Live)",
            "artist": "许巍",
            "id": 167934
        },
        {
            "name": "我的秋天(Live)",
            "artist": "许巍",
            "id": 167935
        },
        {
            "name": "讲话三(Live)",
            "artist": "许巍",
            "id": 167936
        },
        {
            "name": "执着(Live)",
            "artist": "田震",
            "id": 167938
        },
        {
            "name": "田震讲话(Live)",
            "artist": "许巍",
            "id": 167939
        },
        {
            "name": "漫步(Live)",
            "artist": "许巍",
            "id": 167940
        },
        {
            "name": "时光(Live)",
            "artist": "许巍",
            "id": 167943
        },
        {
            "name": "讲话四(Live)",
            "artist": "许巍",
            "id": 167945
        },
        {
            "name": "在别处(Live)",
            "artist": "许巍",
            "id": 167948
        },
        {
            "name": "树(Live)",
            "artist": "许巍",
            "id": 167950
        },
        {
            "name": "礼物(Live)",
            "artist": "许巍",
            "id": 167953
        },
        {
            "name": "完美生活(Live)",
            "artist": "许巍",
            "id": 167955
        },
        {
            "name": "旅行(Live)",
            "artist": "许巍",
            "id": 167957
        },
        {
            "name": "晴朗",
            "artist": "许巍",
            "id": 167871
        },
        {
            "name": "彩虹",
            "artist": "许巍",
            "id": 167874
        },
        {
            "name": "你",
            "artist": "许巍",
            "id": 167877
        },
        {
            "name": "像风一样自由",
            "artist": "许巍",
            "id": 167880
        },
        {
            "name": "那里",
            "artist": "许巍",
            "id": 167883
        },
        {
            "name": "丁香",
            "artist": "许巍",
            "id": 167886
        },
        {
            "name": "纯粹",
            "artist": "许巍",
            "id": 167889
        },
        {
            "name": "自由自在",
            "artist": "许巍",
            "id": 167892
        },
        {
            "name": "幻觉",
            "artist": "许巍",
            "id": 167895
        },
        {
            "name": "执着",
            "artist": "许巍",
            "id": 167897
        },
        {
            "name": "青鸟",
            "artist": "许巍",
            "id": 167899
        },
        {
            "name": "两天",
            "artist": "许巍",
            "id": 167901
        },
        {
            "name": "纯真",
            "artist": "许巍",
            "id": 167800
        },
        {
            "name": "旅行",
            "artist": "许巍",
            "id": 167802
        },
        {
            "name": "曾经的你",
            "artist": "许巍",
            "id": 167804
        },
        {
            "name": "喝茶去",
            "artist": "许巍",
            "id": 167807
        },
        {
            "name": "坐看云起",
            "artist": "许巍",
            "id": 167810
        },
        {
            "name": "秋海",
            "artist": "许巍",
            "id": 167813
        },
        {
            "name": "温暖的季节",
            "artist": "许巍",
            "id": 167817
        },
        {
            "name": "每一刻都是崭新的",
            "artist": "许巍",
            "id": 167820
        },
        {
            "name": "永远自由的心",
            "artist": "许巍",
            "id": 167823
        },
        {
            "name": "小鱼的理想",
            "artist": "许巍",
            "id": 167825
        },
        {
            "name": "悠远的天空",
            "artist": "许巍",
            "id": 167828
        },
        {
            "name": "天鹅之旅",
            "artist": "许巍",
            "id": 167830
        },
        {
            "name": "完美生活",
            "artist": "许巍",
            "id": 167832
        },
        {
            "name": "时光",
            "artist": "许巍",
            "id": 167834
        },
        {
            "name": "蓝莲花",
            "artist": "许巍",
            "id": 167837
        },
        {
            "name": "一天",
            "artist": "许巍",
            "id": 167839
        },
        {
            "name": "礼物",
            "artist": "许巍",
            "id": 167842
        },
        {
            "name": "漫步",
            "artist": "许巍",
            "id": 167845
        },
        {
            "name": "星空",
            "artist": "许巍",
            "id": 167848
        },
        {
            "name": "夏日的风",
            "artist": "许巍",
            "id": 167851
        },
        {
            "name": "平淡",
            "artist": "许巍",
            "id": 167854
        },
        {
            "name": "爱",
            "artist": "许巍",
            "id": 167737
        },
        {
            "name": "彩云之巅",
            "artist": "许巍",
            "id": 167740
        },
        {
            "name": "故事",
            "artist": "许巍",
            "id": 167743
        },
        {
            "name": "我们",
            "artist": "许巍",
            "id": 167747
        },
        {
            "name": "家",
            "artist": "许巍",
            "id": 167751
        },
        {
            "name": "美丽的女人",
            "artist": "许巍",
            "id": 167754
        },
        {
            "name": "幸福",
            "artist": "许巍",
            "id": 167757
        },
        {
            "name": "天使",
            "artist": "许巍",
            "id": 167760
        },
        {
            "name": "道路",
            "artist": "许巍",
            "id": 167763
        },
        {
            "name": "难忘的一天",
            "artist": "许巍",
            "id": 167766
        },
        {
            "name": "四季",
            "artist": "许巍",
            "id": 167770
        },
        {
            "name": "少年",
            "artist": "许巍",
            "id": 167774
        },
        {
            "name": "风行 (乐队版)",
            "artist": "许巍",
            "id": 167777
        },
        {
            "name": "爱",
            "artist": "许巍",
            "id": 167684
        },
        {
            "name": "纯真",
            "artist": "许巍",
            "id": 167687
        },
        {
            "name": "蓝莲花",
            "artist": "许巍",
            "id": 167690
        },
        {
            "name": "礼物",
            "artist": "许巍",
            "id": 167694
        },
        {
            "name": "旅行",
            "artist": "许巍",
            "id": 167697
        },
        {
            "name": "漫步",
            "artist": "许巍",
            "id": 167700
        },
        {
            "name": "每一刻都是崭新的",
            "artist": "许巍",
            "id": 167702
        },
        {
            "name": "难忘的一天",
            "artist": "许巍",
            "id": 167707
        },
        {
            "name": "时光",
            "artist": "许巍",
            "id": 167711
        },
        {
            "name": "四季",
            "artist": "许巍",
            "id": 167714
        },
        {
            "name": "天鹅之旅",
            "artist": "许巍",
            "id": 167716
        },
        {
            "name": "完美生活",
            "artist": "许巍",
            "id": 167718
        },
        {
            "name": "幸福",
            "artist": "许巍",
            "id": 167721
        },
        {
            "name": "悠远的天空",
            "artist": "许巍",
            "id": 167724
        },
        {
            "name": "曾经的你",
            "artist": "许巍",
            "id": 167728
        },
        {
            "name": "Intro",
            "artist": "许巍",
            "id": 167633
        },
        {
            "name": "小鱼的理想",
            "artist": "许巍",
            "id": 167635
        },
        {
            "name": "蓝莲花",
            "artist": "许巍",
            "id": 167637
        },
        {
            "name": "每一刻都是崭新的",
            "artist": "许巍",
            "id": 167641
        },
        {
            "name": "少年",
            "artist": "许巍",
            "id": 167644
        },
        {
            "name": "时光",
            "artist": "许巍",
            "id": 167649
        },
        {
            "name": "旅行",
            "artist": "许巍",
            "id": 167654
        },
        {
            "name": "Outro",
            "artist": "许巍",
            "id": 167658
        },
        {
            "name": "一天",
            "artist": "许巍",
            "id": 167662
        },
        {
            "name": "此时此刻",
            "artist": "许巍",
            "id": 25657379
        },
        {
            "name": "爱情",
            "artist": "许巍",
            "id": 25657378
        },
        {
            "name": "逍遥行",
            "artist": "许巍",
            "id": 25657376
        },
        {
            "name": "灵岩",
            "artist": "许巍",
            "id": 25657377
        },
        {
            "name": "空谷幽兰",
            "artist": "许巍",
            "id": 25657380
        },
        {
            "name": "出离",
            "artist": "许巍",
            "id": 25657381
        },
        {
            "name": "喜悦",
            "artist": "许巍",
            "id": 25657383
        },
        {
            "name": "心愿",
            "artist": "许巍",
            "id": 25657382
        },
        {
            "name": "救赎之旅",
            "artist": "许巍",
            "id": 25657385
        },
        {
            "name": "世外桃源",
            "artist": "许巍",
            "id": 25657384
        },
        {
            "name": "第三极",
            "artist": "许巍",
            "id": 31010481
        },
        {
            "name": "灿烂",
            "artist": "许巍",
            "id": 33469187
        },
        {
            "name": "南无观世音菩萨",
            "artist": "许巍",
            "id": 167864
        },
        {
            "name": "南无观世音菩萨 (钢琴版)",
            "artist": "许巍",
            "id": 566443349
        },
        {
            "name": "南无观世音菩萨 (弦乐版)",
            "artist": "许巍",
            "id": 566442356
        },
        {
            "name": "无人知晓",
            "artist": "许巍",
            "id": 549664628
        },
        {
            "name": "无人知晓 (吉他演奏版)",
            "artist": "李延亮",
            "id": 549664629
        },
        {
            "name": "以后见",
            "artist": "许巍",
            "id": 549664630
        },
        {
            "name": "以后见 (爵士版)",
            "artist": "许巍",
            "id": 549664631
        },
        {
            "name": "我的爱",
            "artist": "许巍",
            "id": 1303026566
        },
        {
            "name": "陕西欢迎你",
            "artist": "白宇帆",
            "id": 1895703528
        },
        {
            "name": "陕西欢迎你 (伴奏)",
            "artist": "白宇帆",
            "id": 1895703529
        }
    ]
}