{
    "playlist_info": {
        "name": "记忆加强阿尔法音乐『提升专注度』",
        "trackcount": 448,
        "playcount": 301714,
        "creator": "西容与",
        "createDate": "2019-10-17",
        "heat": 223.0
    },
    "songs": [
        {
            "name": "Offline",
            "artist": "Jannik",
            "id": 440357778
        },
        {
            "name": "蝶舞练习曲（butterfly‘s dance）",
            "artist": "MT1990",
            "id": 1993710403
        },
        {
            "name": "岑",
            "artist": "LINKJ",
            "id": 1883724827
        },
        {
            "name": "Groovyroom Type Beat \"Slow Mo\" 伴奏",
            "artist": "SOULFRESH BEATS",
            "id": 1391450010
        },
        {
            "name": "open",
            "artist": "yutaka hirasaka",
            "id": 29535895
        },
        {
            "name": "eau",
            "artist": "yutaka hirasaka",
            "id": 29535887
        },
        {
            "name": "...Time,Person,And The Sea In That Summer",
            "artist": "α·Pav",
            "id": 25646388
        },
        {
            "name": "I Must Forgot Something But Can't Remember It Anymore",
            "artist": "α·Pav",
            "id": 25646384
        },
        {
            "name": "Lost Tears,Lost Smile",
            "artist": "α·Pav",
            "id": 25646385
        },
        {
            "name": "Once We Were Young",
            "artist": "α·Pav",
            "id": 25646387
        },
        {
            "name": "That Day,We Saw The Sunset Near The Sea",
            "artist": "α·Pav",
            "id": 25646383
        },
        {
            "name": "But We Still Remember...",
            "artist": "α·Pav",
            "id": 25646390
        },
        {
            "name": "You Will Be There",
            "artist": "α·Pav",
            "id": 25646391
        },
        {
            "name": "...And The Illusion In Endless Summer",
            "artist": "α·Pav",
            "id": 25646382
        },
        {
            "name": "Spring Peeper, Wood Frog",
            "artist": "Dan Gibson",
            "id": 1221194
        },
        {
            "name": "Dreamstorm",
            "artist": "Dan Gibson",
            "id": 28979158
        },
        {
            "name": "Whispers of Rain",
            "artist": "Dan Gibson",
            "id": 1220993
        },
        {
            "name": "Sea Breeze",
            "artist": "Dan Gibson",
            "id": 557155854
        },
        {
            "name": "Across the Circular Horizon",
            "artist": "Dan Gibson",
            "id": 5023491
        },
        {
            "name": "Wishful Thinking",
            "artist": "Dan Gibson",
            "id": 412785535
        },
        {
            "name": "Among the Giant Trees of the Wild Pacific Coast",
            "artist": "Dan Gibson",
            "id": 5023706
        },
        {
            "name": "By the Grace of the Sea",
            "artist": "Dan Gibson",
            "id": 5022609
        },
        {
            "name": "Claire de Lune",
            "artist": "Dan Gibson",
            "id": 1220509
        },
        {
            "name": "No Place I's Rather Be",
            "artist": "Dan Gibson",
            "id": 1217192
        },
        {
            "name": "Afterglow",
            "artist": "Dan Gibson",
            "id": 412785522
        },
        {
            "name": "Wind Beneath My Wings",
            "artist": "Dan Gibson",
            "id": 5022518
        },
        {
            "name": "Equilibrium",
            "artist": "Dan Gibson",
            "id": 1218127
        },
        {
            "name": "You Are so Beautiful",
            "artist": "Dan Gibson",
            "id": 5022522
        },
        {
            "name": "Thunderstorm in the Wilderness",
            "artist": "Dan Gibson",
            "id": 5023506
        },
        {
            "name": "Cedar Rapids",
            "artist": "Dan Gibson",
            "id": 1217205
        },
        {
            "name": "Piano Sonata No. 11, K 331 /Andante Grazioso [Looped with Nature Sounds]",
            "artist": "Dan Gibson",
            "id": 1218793
        },
        {
            "name": "Returning Home",
            "artist": "Dan Gibson",
            "id": 1217242
        },
        {
            "name": "A More Perfect View",
            "artist": "Dan Gibson",
            "id": 5022605
        },
        {
            "name": "The Natural World",
            "artist": "Dan Gibson",
            "id": 1220480
        },
        {
            "name": "Autumn Splendor",
            "artist": "Dan Gibson",
            "id": 1220798
        },
        {
            "name": "The Sound of Silence",
            "artist": "Dan Gibson",
            "id": 5022573
        },
        {
            "name": "Hymn to the Old Growth",
            "artist": "Dan Gibson",
            "id": 29192249
        },
        {
            "name": "Dreamsurf",
            "artist": "Dan Gibson",
            "id": 28979157
        },
        {
            "name": "Nesting",
            "artist": "Dan Gibson",
            "id": 5023440
        },
        {
            "name": "Amazing Love",
            "artist": "Dan Gibson",
            "id": 1217295
        },
        {
            "name": "Building Up",
            "artist": "Dan Gibson",
            "id": 1220471
        },
        {
            "name": "La Lune",
            "artist": "α·Pav",
            "id": 1301364981
        },
        {
            "name": "Blue",
            "artist": "Rob Simonsen",
            "id": 28481790
        },
        {
            "name": "观灯",
            "artist": "忘乡",
            "id": 460173322
        },
        {
            "name": "Studybreak",
            "artist": "Joe Bae",
            "id": 526116028
        },
        {
            "name": "雨空",
            "artist": "α·Pav",
            "id": 139206
        },
        {
            "name": "Princess",
            "artist": "α·Pav",
            "id": 357023
        },
        {
            "name": "桜",
            "artist": "α·Pav",
            "id": 139268
        },
        {
            "name": "φ²",
            "artist": "α·Pav",
            "id": 498371701
        },
        {
            "name": "From Here To Somewhere",
            "artist": "α·Pav",
            "id": 25646389
        },
        {
            "name": "手紙~Interlude~",
            "artist": "α·Pav",
            "id": 139202
        },
        {
            "name": "花言葉",
            "artist": "α·Pav",
            "id": 139286
        },
        {
            "name": "雨と電車",
            "artist": "α·Pav",
            "id": 139296
        },
        {
            "name": "蝶恋花",
            "artist": "α·Pav",
            "id": 1424272546
        },
        {
            "name": "Summer Rain",
            "artist": "α·Pav",
            "id": 139284
        },
        {
            "name": "春～旅人～",
            "artist": "α·Pav",
            "id": 139174
        },
        {
            "name": "Capsule",
            "artist": "理一",
            "id": 1321441450
        },
        {
            "name": "「神無月」",
            "artist": "α·Pav",
            "id": 33516022
        },
        {
            "name": "Home",
            "artist": "α·Pav",
            "id": 516773553
        },
        {
            "name": "始まりの春",
            "artist": "α·Pav",
            "id": 139247
        },
        {
            "name": "雨空 - after -",
            "artist": "α·Pav",
            "id": 1363971832
        },
        {
            "name": "Winter Tone",
            "artist": "α·Pav",
            "id": 26487960
        },
        {
            "name": "秋への时雨",
            "artist": "α·Pav",
            "id": 139251
        },
        {
            "name": "「桜吹雪」",
            "artist": "α·Pav",
            "id": 33516020
        },
        {
            "name": "The Last Shelter",
            "artist": "α·Pav",
            "id": 1301366888
        },
        {
            "name": "Ending Song",
            "artist": "α·Pav",
            "id": 1400424183
        },
        {
            "name": "I Need Nothing But Loneliness",
            "artist": "α·Pav",
            "id": 29836542
        },
        {
            "name": "冬～月雫～",
            "artist": "α·Pav",
            "id": 139180
        },
        {
            "name": "Lost Memories",
            "artist": "α·Pav",
            "id": 1377519902
        },
        {
            "name": "「半夏生」",
            "artist": "α·Pav",
            "id": 33516021
        },
        {
            "name": "...Then We Start A New Voyage",
            "artist": "α·Pav",
            "id": 25646386
        },
        {
            "name": "落日归山海，陪伴成告白",
            "artist": "Seto",
            "id": 1379215363
        },
        {
            "name": "Nature's Pulse",
            "artist": "Various Artists",
            "id": 5214973
        },
        {
            "name": "Dream Sleep",
            "artist": "Various Artists",
            "id": 5214977
        },
        {
            "name": "Whispers Across The Water",
            "artist": "Various Artists",
            "id": 5214975
        },
        {
            "name": "Forgotten Moments",
            "artist": "Various Artists",
            "id": 5214976
        },
        {
            "name": "Sleepscape",
            "artist": "Various Artists",
            "id": 5214978
        },
        {
            "name": "Tenderness",
            "artist": "Various Artists",
            "id": 5214979
        },
        {
            "name": "Comforting Illusions",
            "artist": "Various Artists",
            "id": 5214980
        },
        {
            "name": "舞随光动",
            "artist": "群星",
            "id": 5264597
        },
        {
            "name": "深蓝梦",
            "artist": "群星",
            "id": 5264598
        },
        {
            "name": "心灵感悟",
            "artist": "群星",
            "id": 5264599
        },
        {
            "name": "细水长流",
            "artist": "群星",
            "id": 5264600
        },
        {
            "name": "花絮轻撒",
            "artist": "群星",
            "id": 5264601
        },
        {
            "name": "月影摇曳",
            "artist": "群星",
            "id": 5264603
        },
        {
            "name": "逐梦",
            "artist": "群星",
            "id": 5264604
        },
        {
            "name": "萦绕天使",
            "artist": "群星",
            "id": 5264605
        },
        {
            "name": "夜宴",
            "artist": "群星",
            "id": 5264606
        },
        {
            "name": "水蓝的梦",
            "artist": "Della",
            "id": 717223
        },
        {
            "name": "小春气息",
            "artist": "Della",
            "id": 717226
        },
        {
            "name": "闻到薰衣草香时",
            "artist": "Della",
            "id": 717237
        },
        {
            "name": "水纹",
            "artist": "Della",
            "id": 717242
        },
        {
            "name": "回想",
            "artist": "Della",
            "id": 717247
        },
        {
            "name": "春风微风",
            "artist": "Della",
            "id": 717251
        },
        {
            "name": "水彩的素描",
            "artist": "Della",
            "id": 717186
        },
        {
            "name": "穿过森林",
            "artist": "Della",
            "id": 717190
        },
        {
            "name": "春之光",
            "artist": "Della",
            "id": 717194
        },
        {
            "name": "晨渐",
            "artist": "Della",
            "id": 717198
        },
        {
            "name": "夏之印象",
            "artist": "Della",
            "id": 717203
        },
        {
            "name": "亚洲婚颂",
            "artist": "Della",
            "id": 717207
        },
        {
            "name": "飞舞之叶",
            "artist": "Della",
            "id": 717211
        },
        {
            "name": "大海开阔、闪闪发光",
            "artist": "Della",
            "id": 717170
        },
        {
            "name": "退潮后的海滨",
            "artist": "Della",
            "id": 717160
        },
        {
            "name": "大河的远方",
            "artist": "Della",
            "id": 717168
        },
        {
            "name": "邀你入梦",
            "artist": "Della",
            "id": 717162
        },
        {
            "name": "心思的波浪",
            "artist": "Della",
            "id": 717164
        },
        {
            "name": "旋转的潮流",
            "artist": "Della",
            "id": 717166
        },
        {
            "name": "晚风吹拂",
            "artist": "Della",
            "id": 717150
        },
        {
            "name": "潮来潮去",
            "artist": "Della",
            "id": 717152
        },
        {
            "name": "梦里听海",
            "artist": "Della",
            "id": 717154
        },
        {
            "name": "枕着溪水入眠",
            "artist": "Della",
            "id": 717148
        },
        {
            "name": "Cello Concerto in D",
            "artist": "Dr. Jeffrey Thompson",
            "id": 17269860
        },
        {
            "name": "New Beginnings",
            "artist": "Roger St. Denis",
            "id": 1934074
        },
        {
            "name": "Ease and Release",
            "artist": "Roger St. Denis",
            "id": 1934077
        },
        {
            "name": "Senses Come Alive",
            "artist": "Roger St. Denis",
            "id": 1934079
        },
        {
            "name": "Carried On a Breeze",
            "artist": "Roger St. Denis",
            "id": 1934081
        },
        {
            "name": "Perfect Tranquility",
            "artist": "Roger St. Denis",
            "id": 1934083
        },
        {
            "name": "Indulgence",
            "artist": "Roger St. Denis",
            "id": 1934085
        },
        {
            "name": "Quiet Reverie",
            "artist": "Roger St. Denis",
            "id": 1934087
        },
        {
            "name": "Gentle Caress",
            "artist": "Roger St. Denis",
            "id": 1934089
        },
        {
            "name": "Equilibrium",
            "artist": "Roger St. Denis",
            "id": 1934091
        },
        {
            "name": "Vitality",
            "artist": "Roger St. Denis",
            "id": 1934093
        },
        {
            "name": "The Spirit Awakens",
            "artist": "Roger St. Denis",
            "id": 1934095
        },
        {
            "name": "Lingering Effects",
            "artist": "Roger St. Denis",
            "id": 1934097
        },
        {
            "name": "Akash",
            "artist": "Frank Steiner Jr.",
            "id": 17709093
        },
        {
            "name": "古奈纯钢琴版",
            "artist": "MT1990",
            "id": 866059719
        },
        {
            "name": "φ¹",
            "artist": "α·Pav",
            "id": 412175153
        },
        {
            "name": "ρ",
            "artist": "α·Pav",
            "id": 498373298
        },
        {
            "name": "υ",
            "artist": "α·Pav",
            "id": 498372619
        },
        {
            "name": "θ",
            "artist": "α·Pav",
            "id": 498371654
        },
        {
            "name": "ι",
            "artist": "α·Pav",
            "id": 498371679
        },
        {
            "name": "ν",
            "artist": "α·Pav",
            "id": 498373340
        },
        {
            "name": "ο",
            "artist": "α·Pav",
            "id": 498373270
        },
        {
            "name": "水の妖精",
            "artist": "神山純一",
            "id": 445522
        },
        {
            "name": "Clair De Lune",
            "artist": "Claude Debussy",
            "id": 30953026
        },
        {
            "name": "月光",
            "artist": "Claude Debussy",
            "id": 25729602
        },
        {
            "name": "Suite bergamasque, L.75 - 3. Clair de lune",
            "artist": "Pascal Rogé",
            "id": 27682855
        },
        {
            "name": "Cherry Wood Paddle",
            "artist": "Dan Gibson",
            "id": 1217186
        },
        {
            "name": "天空之城 (纯音乐)",
            "artist": "凌敏智",
            "id": 443292374
        },
        {
            "name": "Spirit Wind",
            "artist": "Dan Gibson",
            "id": 1220803
        },
        {
            "name": "Pastorale",
            "artist": "Steven Halpern",
            "id": 1952786
        },
        {
            "name": "Pachelbel's Canon",
            "artist": "Steven Halpern",
            "id": 1952789
        },
        {
            "name": "In the Flow",
            "artist": "Steven Halpern",
            "id": 1952792
        },
        {
            "name": "Oasis",
            "artist": "Steven Halpern",
            "id": 1952795
        },
        {
            "name": "Arabesque",
            "artist": "Steven Halpern",
            "id": 1952798
        },
        {
            "name": "Comfort Zone",
            "artist": "Steven Halpern",
            "id": 1952801
        },
        {
            "name": "Alpha Zone",
            "artist": "Steven Halpern",
            "id": 1952803
        },
        {
            "name": "The Learning Zone I",
            "artist": "Steven Halpern",
            "id": 1952805
        },
        {
            "name": "The Learning Zone II",
            "artist": "Steven Halpern",
            "id": 1952806
        },
        {
            "name": "Dawn",
            "artist": "Steven Halpern",
            "id": 1952808
        },
        {
            "name": "Waterfall",
            "artist": "Steven Halpern",
            "id": 1952810
        },
        {
            "name": "Eventide",
            "artist": "Steven Halpern",
            "id": 1952812
        },
        {
            "name": "Birds, Forest Reverb",
            "artist": "The Nature Sounds Society Japan",
            "id": 853683
        },
        {
            "name": "Concerto for 2 Violins, Strings, and Continuo in D minor, BWV 1043:1. Vivace",
            "artist": "Arthur Grumiaux",
            "id": 25821518
        },
        {
            "name": "Clavierbüchlein for Anna Magdalena Bach, Book 2, BWV Anh. 113-132: Minuet in G Major, BWV Anh 114",
            "artist": "Janos Sebestyen",
            "id": 27471615
        },
        {
            "name": "D大调小步舞曲",
            "artist": "Johann Sebastian Bach",
            "id": 5276804
        },
        {
            "name": "Concert No. 1 in G Major: 6. Menuet En Trio",
            "artist": "Josef Ulsamer",
            "id": 25726985
        },
        {
            "name": "Concert No. 1 in G Major: 5. Gigue (Legerement)",
            "artist": "Josef Ulsamer",
            "id": 25726980
        },
        {
            "name": "Concert No. 1 in G Major: 2. Allemande (Legerement)",
            "artist": "Josef Ulsamer",
            "id": 25726987
        },
        {
            "name": "Concert No. 1 in G Major: 1. Prélude (Gravement)",
            "artist": "Josef Ulsamer",
            "id": 25726973
        },
        {
            "name": "Concert No. 1 in G Major: 4. Gavotte (Notes égales et coulées)",
            "artist": "Josef Ulsamer",
            "id": 25726975
        },
        {
            "name": "Sonata No. 2, Op. 3:II. Allegro",
            "artist": "Arcangelo Corelli",
            "id": 28122997
        },
        {
            "name": "Sonata No. 4, Op. 2:I. Preludio",
            "artist": "Arcangelo Corelli",
            "id": 28122988
        },
        {
            "name": "Sonata No. 3, Op. 4:IV. Tempo di Gavotta",
            "artist": "Arcangelo Corelli",
            "id": 28122987
        },
        {
            "name": "Sonata No. 8, Op. 3:II. Allegro",
            "artist": "Arcangelo Corelli",
            "id": 28122981
        },
        {
            "name": "Piano Concerto No.12 in A, K.414:1. Allegro",
            "artist": "Rudolf Serkin",
            "id": 26965599
        },
        {
            "name": "Concerto Grosso in G Minor, Op. 6-8 ''Christmas Concerto'':II. Allegro",
            "artist": "Günter Kehr",
            "id": 27256827
        },
        {
            "name": "Sonata No. 8, Op. 3:I. Largo",
            "artist": "Arcangelo Corelli",
            "id": 28122980
        },
        {
            "name": "Sinfonia in C Major, RV 116: I. Allegro molto",
            "artist": "Helicon",
            "id": 5211607
        },
        {
            "name": "Trio Sonata in G Minor, Op. 1 No. 1, RV 73: IV. Capriccio",
            "artist": "Helicon",
            "id": 5211613
        },
        {
            "name": "Abdelazar, Z. 570: IX. Air",
            "artist": "Tafelmusik",
            "id": 5211599
        },
        {
            "name": "L'Estro Armonico No. 4 in E Minor:II. Allegro assai",
            "artist": "Academy of St. Martin in the Fields",
            "id": 25954848
        },
        {
            "name": "L'Estro Armonico No. 1 in D major:I. Allegro",
            "artist": "Academy of St. Martin in the Fields",
            "id": 25954838
        },
        {
            "name": "Concerto for recorder in Cmajor Op.44 No.11",
            "artist": "Crispian Steele-Perkins",
            "id": 22410721
        },
        {
            "name": "L'Estro Armonico No. 6 in A Minor:I. Allegro",
            "artist": "Academy of St. Martin in the Fields",
            "id": 25954835
        },
        {
            "name": "L'Estro Armonico No. 9 in D Major:III. Allegro",
            "artist": "Academy of St. Martin in the Fields",
            "id": 25954852
        },
        {
            "name": "L'Estro Armonico No. 6 in A Minor:III. Presto",
            "artist": "Academy of St. Martin in the Fields",
            "id": 25954841
        },
        {
            "name": "French Suite 3 In B, BWV814:4 Menuett-Trio",
            "artist": "Glenn Gould",
            "id": 26991543
        },
        {
            "name": "12 Concerti Grossi Op. 3, 'L'estro armonico', No. 8 for 2 violins in A minor RV522:I. Allegro",
            "artist": "Various Artists",
            "id": 22314096
        },
        {
            "name": "Concerto for 2 Violins in E-Flat Major, RV 515: I. Allegro",
            "artist": "Helicon",
            "id": 5211615
        },
        {
            "name": "Sinfonia in C Major, RV 116: III. Presto",
            "artist": "Tafelmusik",
            "id": 5211609
        },
        {
            "name": "Ouverture-Suite in B-Flat Major, TWV 55:B1: II. Bergerie",
            "artist": "Tafelmusik",
            "id": 5211604
        },
        {
            "name": "Solomon, HWV 67, Act III: Sinfonia, \"Arrival of the Queen of Sheba\"",
            "artist": "Tafelmusik",
            "id": 5211588
        },
        {
            "name": "Violin Concerto in A Minor, BWV 1041: III. Allegro assai",
            "artist": "西崎崇子",
            "id": 27471629
        },
        {
            "name": "Orchestral Suite No. 2 in B minor, BWV 1067: IV.Polonaise",
            "artist": "Herbert von Karajan",
            "id": 33638506
        },
        {
            "name": "Piano Concerto No. 23 in A major, K488:3. Allegro assai",
            "artist": "Maurizio Pollini",
            "id": 1779300
        },
        {
            "name": "Piano Sonata No.16 in C, K.545Sonata facile:1. Allegro",
            "artist": "内田光子",
            "id": 667181
        },
        {
            "name": "Concerto Op. 9 No 4 in E major RV263a:3. Allegro non molto",
            "artist": "Antonio Vivaldi",
            "id": 25935317
        },
        {
            "name": "Sonata for 2 Pianos in D Major, K. 448:I. Allegro con spirito",
            "artist": "Murray Perahia",
            "id": 1715935
        },
        {
            "name": "L'Estro Armonico No. 11 in D Minor:III. Allegro",
            "artist": "Academy of St. Martin in the Fields",
            "id": 25820778
        },
        {
            "name": "L'Estro Armonico No. 12 in E Major:III. Allegro",
            "artist": "Academy of St. Martin in the Fields",
            "id": 25820783
        },
        {
            "name": "L'Estro Armonico No. 9 in D Major:I. Allegro",
            "artist": "Academy of St. Martin in the Fields",
            "id": 25954830
        },
        {
            "name": "L'Estro Armonico No. 5 in A Major:III. Allegro",
            "artist": "Academy of St. Martin in the Fields",
            "id": 25954853
        },
        {
            "name": "L'Estro Armonico No. 10 in B Minor:III. Allegro",
            "artist": "Academy of St. Martin in the Fields",
            "id": 25820777
        },
        {
            "name": "L'Estro Armonico No. 3 in G major:III. Allegro",
            "artist": "Academy of St. Martin in the Fields",
            "id": 25954827
        },
        {
            "name": "L'Estro Armonico No. 4 in E Minor:III. Allegro",
            "artist": "Academy of St. Martin in the Fields",
            "id": 25954844
        },
        {
            "name": "L'Estro Armonico No. 10 in B Minor:I. Allegro",
            "artist": "Academy of St. Martin in the Fields",
            "id": 25820780
        },
        {
            "name": "L'Estro Armonico No. 3 in G major:I. Allegro",
            "artist": "Academy of St. Martin in the Fields",
            "id": 25954833
        },
        {
            "name": "L'Estro Armonico No. 8 in A Minor:I. Allegro",
            "artist": "Academy of St. Martin in the Fields",
            "id": 25954832
        },
        {
            "name": "L'Estro Armonico No. 1 in D major:III. Allegretto",
            "artist": "Academy of St. Martin in the Fields",
            "id": 25954828
        },
        {
            "name": "Concerto No. 1 in E major, Op. 8, RV 269, \"La primavera\" (Spring): III. Danza pastorale",
            "artist": "Anne Akiko Meyers",
            "id": 28357878
        },
        {
            "name": "Concerto No. 1 in E major, Op. 8, RV 269, \"La primavera\" (Spring): I. Allegro",
            "artist": "Anne Akiko Meyers",
            "id": 28357876
        },
        {
            "name": "Nature's Path",
            "artist": "Dan Gibson",
            "id": 1220787
        },
        {
            "name": "Cool Forest Rain",
            "artist": "Dan Gibson",
            "id": 1220792
        },
        {
            "name": "The Fallen Leaves",
            "artist": "Dan Gibson",
            "id": 1220809
        },
        {
            "name": "Crisp and Clear",
            "artist": "Dan Gibson",
            "id": 1220813
        },
        {
            "name": "Driftwood",
            "artist": "Dan Gibson",
            "id": 1220817
        },
        {
            "name": "The Old Bridge",
            "artist": "Dan Gibson",
            "id": 1220822
        },
        {
            "name": "Majesty of the Lake",
            "artist": "Dan Gibson",
            "id": 1220827
        },
        {
            "name": "One Last Goodbye",
            "artist": "Dan Gibson",
            "id": 1220832
        },
        {
            "name": "Sunshowers",
            "artist": "Dan Gibson",
            "id": 5023037
        },
        {
            "name": "Awakenes Spirit",
            "artist": "Dan Gibson",
            "id": 5023039
        },
        {
            "name": "Fresh Air",
            "artist": "Dan Gibson",
            "id": 5023041
        },
        {
            "name": "Effotless",
            "artist": "Dan Gibson",
            "id": 5023043
        },
        {
            "name": "Inner Musing",
            "artist": "Dan Gibson",
            "id": 5023045
        },
        {
            "name": "Unspoiled Beauty",
            "artist": "Dan Gibson",
            "id": 5023046
        },
        {
            "name": "Panorama",
            "artist": "Dan Gibson",
            "id": 5023047
        },
        {
            "name": "Resolve",
            "artist": "Dan Gibson",
            "id": 5023049
        },
        {
            "name": "Prelude in C Major from The Well Tempered Clavier",
            "artist": "Dan Gibson",
            "id": 1217936
        },
        {
            "name": "Larghetto from Piano Concerto No.2 in F Minor, Op.21",
            "artist": "Dan Gibson",
            "id": 1217954
        },
        {
            "name": "The Canon Stirs",
            "artist": "Dan Gibson",
            "id": 5023415
        },
        {
            "name": "Riding the Waves",
            "artist": "Dan Gibson",
            "id": 1221156
        },
        {
            "name": "Seaside Retreat",
            "artist": "Dan Gibson",
            "id": 5022593
        },
        {
            "name": "Voices Of Peace",
            "artist": "Dan Gibson",
            "id": 1217802
        },
        {
            "name": "Stream and Bird",
            "artist": "The Nature Sounds Society Japan",
            "id": 853696
        },
        {
            "name": "Rain, Totoro Forest",
            "artist": "The Nature Sounds Society Japan",
            "id": 853708
        },
        {
            "name": "Gentle Ocean Waves",
            "artist": "The Nature Sounds Society Japan",
            "id": 853702
        },
        {
            "name": "Small Stream",
            "artist": "The Nature Sounds Society Japan",
            "id": 853692
        },
        {
            "name": "天空之城",
            "artist": "群星",
            "id": 5270312
        },
        {
            "name": "海の見える街",
            "artist": "小坂明子",
            "id": 4988618
        },
        {
            "name": "海风",
            "artist": "四季音色",
            "id": 415807032
        },
        {
            "name": "Canon(钢琴版)",
            "artist": "群星",
            "id": 33955052
        },
        {
            "name": "Angels of Victory",
            "artist": "Aeoliah",
            "id": 1014555
        },
        {
            "name": "Harmonic Resonance",
            "artist": "Aeoliah",
            "id": 1014478
        },
        {
            "name": "Hearts of the Future",
            "artist": "Aeoliah",
            "id": 1014498
        },
        {
            "name": "Isis Maria",
            "artist": "Aeoliah",
            "id": 1014503
        },
        {
            "name": "Serenity",
            "artist": "Aeoliah",
            "id": 1014322
        },
        {
            "name": "Ocean Waves",
            "artist": "Dr. Jeffrey Thompson",
            "id": 1248472
        },
        {
            "name": "最初から今まで“冬のソナタ",
            "artist": "α波オルゴール",
            "id": 5267456
        },
        {
            "name": "My Memory“冬のソナタ",
            "artist": "α波オルゴール",
            "id": 5267457
        },
        {
            "name": "あなただけが“冬のソナタ",
            "artist": "α波オルゴール",
            "id": 5267458
        },
        {
            "name": "君に逢える日“ホテリアー",
            "artist": "α波オルゴール",
            "id": 5267459
        },
        {
            "name": "愛の群像“愛の群像",
            "artist": "α波オルゴール",
            "id": 5267460
        },
        {
            "name": "Promise“ロマンス",
            "artist": "α波オルゴール",
            "id": 5267461
        },
        {
            "name": "夏の香り“夏の香り",
            "artist": "α波オルゴール",
            "id": 5267462
        },
        {
            "name": "あなたの后ろで“美しき日々",
            "artist": "α波オルゴール",
            "id": 5267463
        },
        {
            "name": "All In Theme“オールイン",
            "artist": "α波オルゴール",
            "id": 5267464
        },
        {
            "name": "初めて出逢った日のようにー",
            "artist": "α波オルゴール",
            "id": 5267465
        },
        {
            "name": "海上の星たち",
            "artist": "植地雅哉",
            "id": 536714
        },
        {
            "name": "夜 色",
            "artist": "植地雅哉",
            "id": 536716
        },
        {
            "name": "月あかり",
            "artist": "植地雅哉",
            "id": 536718
        },
        {
            "name": "静 寂",
            "artist": "植地雅哉",
            "id": 536720
        },
        {
            "name": "流れ星",
            "artist": "植地雅哉",
            "id": 536723
        },
        {
            "name": "無 想",
            "artist": "植地雅哉",
            "id": 536725
        },
        {
            "name": "やさしい風",
            "artist": "植地雅哉",
            "id": 536734
        },
        {
            "name": "南の島からのおくりもの",
            "artist": "植地雅哉",
            "id": 536735
        },
        {
            "name": "広がる景色",
            "artist": "植地雅哉",
            "id": 536736
        },
        {
            "name": "波しぶきのダンス",
            "artist": "植地雅哉",
            "id": 536738
        },
        {
            "name": "マーメイド",
            "artist": "植地雅哉",
            "id": 536740
        },
        {
            "name": "ゆらぐ花",
            "artist": "植地雅哉",
            "id": 536743
        },
        {
            "name": "七色の熱帯魚",
            "artist": "植地雅哉",
            "id": 536746
        },
        {
            "name": "三羽のカモメ",
            "artist": "植地雅哉",
            "id": 536749
        },
        {
            "name": "夕暮れ",
            "artist": "植地雅哉",
            "id": 536752
        },
        {
            "name": "海岸線",
            "artist": "植地雅哉",
            "id": 536755
        },
        {
            "name": "星雲",
            "artist": "植地雅哉",
            "id": 536758
        },
        {
            "name": "ビーチダンス",
            "artist": "植地雅哉",
            "id": 536767
        },
        {
            "name": "出発",
            "artist": "植地雅哉",
            "id": 536769
        },
        {
            "name": "遠い雲",
            "artist": "植地雅哉",
            "id": 536771
        },
        {
            "name": "Cool Wind",
            "artist": "植地雅哉",
            "id": 536773
        },
        {
            "name": "Walking Street",
            "artist": "植地雅哉",
            "id": 536776
        },
        {
            "name": "Rain Shower",
            "artist": "植地雅哉",
            "id": 536779
        },
        {
            "name": "Beautiful Marine",
            "artist": "植地雅哉",
            "id": 536782
        },
        {
            "name": "トラベルアイランド",
            "artist": "植地雅哉",
            "id": 536785
        },
        {
            "name": "ココナッツジュース",
            "artist": "植地雅哉",
            "id": 536788
        },
        {
            "name": "Handshake",
            "artist": "植地雅哉",
            "id": 536790
        },
        {
            "name": "シャイン",
            "artist": "植地雅哉",
            "id": 536793
        },
        {
            "name": "モア",
            "artist": "植地雅哉",
            "id": 536796
        },
        {
            "name": "微 動",
            "artist": "植地雅哉",
            "id": 536668
        },
        {
            "name": "深 海",
            "artist": "植地雅哉",
            "id": 536669
        },
        {
            "name": "夢想界",
            "artist": "植地雅哉",
            "id": 536670
        },
        {
            "name": "A Ripple",
            "artist": "植地雅哉",
            "id": 536671
        },
        {
            "name": "流 景",
            "artist": "植地雅哉",
            "id": 536672
        },
        {
            "name": "Evening Fog",
            "artist": "植地雅哉",
            "id": 536673
        },
        {
            "name": "Slight Brilliance",
            "artist": "植地雅哉",
            "id": 536674
        },
        {
            "name": "Fast Runner",
            "artist": "植地雅哉",
            "id": 536675
        },
        {
            "name": "Landscape",
            "artist": "植地雅哉",
            "id": 536676
        },
        {
            "name": "Transitory Pitfall",
            "artist": "植地雅哉",
            "id": 536677
        },
        {
            "name": "Tempo Of Modern",
            "artist": "植地雅哉",
            "id": 536678
        },
        {
            "name": "Free Climbing",
            "artist": "植地雅哉",
            "id": 536679
        },
        {
            "name": "Xanthophl",
            "artist": "植地雅哉",
            "id": 536680
        },
        {
            "name": "Special Take Off",
            "artist": "植地雅哉",
            "id": 536681
        },
        {
            "name": "Mob",
            "artist": "植地雅哉",
            "id": 536682
        },
        {
            "name": "Modern Life",
            "artist": "植地雅哉",
            "id": 536683
        },
        {
            "name": "Surf Jet",
            "artist": "植地雅哉",
            "id": 536684
        },
        {
            "name": "Trial Heat",
            "artist": "植地雅哉",
            "id": 536685
        },
        {
            "name": "Fry Over Tokyo",
            "artist": "植地雅哉",
            "id": 536686
        },
        {
            "name": "Victory",
            "artist": "植地雅哉",
            "id": 536687
        },
        {
            "name": "Big Country",
            "artist": "植地雅哉",
            "id": 536688
        },
        {
            "name": "Sunshiny Park",
            "artist": "植地雅哉",
            "id": 536689
        },
        {
            "name": "Will Accept A Challenge",
            "artist": "植地雅哉",
            "id": 536690
        },
        {
            "name": "Try Try Try",
            "artist": "植地雅哉",
            "id": 536691
        },
        {
            "name": "Comfortable Thik",
            "artist": "植地雅哉",
            "id": 536692
        },
        {
            "name": "Early In The Morning",
            "artist": "植地雅哉",
            "id": 536694
        },
        {
            "name": "Begin Afresh",
            "artist": "植地雅哉",
            "id": 536696
        },
        {
            "name": "Struggle With Difficulties",
            "artist": "植地雅哉",
            "id": 536698
        },
        {
            "name": "Promise To Meet Again",
            "artist": "植地雅哉",
            "id": 536700
        },
        {
            "name": "Powerful Man",
            "artist": "植地雅哉",
            "id": 536702
        },
        {
            "name": "Final Victory",
            "artist": "植地雅哉",
            "id": 536704
        },
        {
            "name": "コンフォータブル",
            "artist": "植地雅哉",
            "id": 536656
        },
        {
            "name": "ハーフ・アウェイク",
            "artist": "植地雅哉",
            "id": 536657
        },
        {
            "name": "アヴェニュー",
            "artist": "植地雅哉",
            "id": 536658
        },
        {
            "name": "ア・ドロップ・オブ・デュー",
            "artist": "植地雅哉",
            "id": 536659
        },
        {
            "name": "シルヴァー・レイン",
            "artist": "植地雅哉",
            "id": 536660
        },
        {
            "name": "ウィンドウ・ショッピング",
            "artist": "植地雅哉",
            "id": 536661
        },
        {
            "name": "ノヴェリスト",
            "artist": "植地雅哉",
            "id": 536662
        },
        {
            "name": "イン・アン・アミューズメント・パーク",
            "artist": "植地雅哉",
            "id": 536663
        },
        {
            "name": "ア・シート・オブ・ミュージック",
            "artist": "植地雅哉",
            "id": 536664
        },
        {
            "name": "パスタイム",
            "artist": "植地雅哉",
            "id": 536665
        },
        {
            "name": "ア・プレザント・センセーション",
            "artist": "植地雅哉",
            "id": 536666
        },
        {
            "name": "イン・フューチャー",
            "artist": "植地雅哉",
            "id": 536667
        },
        {
            "name": "New Encounter",
            "artist": "植地雅哉",
            "id": 536583
        },
        {
            "name": "A Glittering Road",
            "artist": "植地雅哉",
            "id": 536584
        },
        {
            "name": "Extroversion",
            "artist": "植地雅哉",
            "id": 536585
        },
        {
            "name": "Opening Blue Sky",
            "artist": "植地雅哉",
            "id": 536586
        },
        {
            "name": "A Tree of Poplar",
            "artist": "植地雅哉",
            "id": 536588
        },
        {
            "name": "Many People",
            "artist": "植地雅哉",
            "id": 536590
        },
        {
            "name": "Sprout",
            "artist": "植地雅哉",
            "id": 536592
        },
        {
            "name": "Discover",
            "artist": "植地雅哉",
            "id": 536594
        },
        {
            "name": "A Long Sofa",
            "artist": "植地雅哉",
            "id": 536596
        },
        {
            "name": "Strong Sunlight",
            "artist": "植地雅哉",
            "id": 536598
        },
        {
            "name": "Splendid Encounter",
            "artist": "植地雅哉",
            "id": 536600
        },
        {
            "name": "The Heigh of Popularity",
            "artist": "植地雅哉",
            "id": 536602
        },
        {
            "name": "In Comfort",
            "artist": "植地雅哉",
            "id": 536516
        },
        {
            "name": "A South Wind",
            "artist": "植地雅哉",
            "id": 536519
        },
        {
            "name": "Take A Nap",
            "artist": "植地雅哉",
            "id": 536522
        },
        {
            "name": "A Hermit Crab",
            "artist": "植地雅哉",
            "id": 536525
        },
        {
            "name": "Bathe In The Sun",
            "artist": "植地雅哉",
            "id": 536528
        },
        {
            "name": "White Sand",
            "artist": "植地雅哉",
            "id": 536531
        },
        {
            "name": "Ebb Tide",
            "artist": "植地雅哉",
            "id": 536534
        },
        {
            "name": "An Evening Calm",
            "artist": "植地雅哉",
            "id": 536537
        },
        {
            "name": "An Inlet",
            "artist": "植地雅哉",
            "id": 536539
        },
        {
            "name": "Refresh",
            "artist": "植地雅哉",
            "id": 536541
        },
        {
            "name": "Peace Of Mind",
            "artist": "植地雅哉",
            "id": 536543
        },
        {
            "name": "Full Of Fight",
            "artist": "植地雅哉",
            "id": 536547
        },
        {
            "name": "The Beginning",
            "artist": "植地雅哉",
            "id": 536549
        },
        {
            "name": "Stimulation",
            "artist": "植地雅哉",
            "id": 536551
        },
        {
            "name": "Reach The Summit",
            "artist": "植地雅哉",
            "id": 536553
        },
        {
            "name": "A Challenger",
            "artist": "植地雅哉",
            "id": 536555
        },
        {
            "name": "Desire",
            "artist": "植地雅哉",
            "id": 536557
        },
        {
            "name": "Persevere With Our Efforts",
            "artist": "植地雅哉",
            "id": 536560
        },
        {
            "name": "A Tense Atmosphere",
            "artist": "植地雅哉",
            "id": 536563
        },
        {
            "name": "Wish Is Granted",
            "artist": "植地雅哉",
            "id": 536566
        },
        {
            "name": "Big Project",
            "artist": "植地雅哉",
            "id": 536569
        },
        {
            "name": "Mind And Strength",
            "artist": "植地雅哉",
            "id": 536572
        },
        {
            "name": "Prosperity",
            "artist": "植地雅哉",
            "id": 536575
        },
        {
            "name": "Wave Spray Of Water",
            "artist": "植地雅哉",
            "id": 536225
        },
        {
            "name": "サンゴの海",
            "artist": "植地雅哉",
            "id": 536227
        },
        {
            "name": "深海鱼",
            "artist": "植地雅哉",
            "id": 536229
        },
        {
            "name": "Calmness",
            "artist": "植地雅哉",
            "id": 536231
        },
        {
            "name": "水中のイルカ",
            "artist": "植地雅哉",
            "id": 536235
        },
        {
            "name": "The Tide",
            "artist": "植地雅哉",
            "id": 536239
        },
        {
            "name": "The Little Universe",
            "artist": "植地雅哉",
            "id": 536243
        },
        {
            "name": "无限轨道",
            "artist": "植地雅哉",
            "id": 536247
        },
        {
            "name": "Sleep Like A Top",
            "artist": "植地雅哉",
            "id": 536251
        },
        {
            "name": "いつになく気持ちいい風",
            "artist": "植地雅哉",
            "id": 535493
        },
        {
            "name": "Like The Breeze",
            "artist": "植地雅哉",
            "id": 535497
        },
        {
            "name": "G線上のアリア (Bossa Nova Version)",
            "artist": "植地雅哉",
            "id": 535503
        },
        {
            "name": "幸せの予感",
            "artist": "植地雅哉",
            "id": 535507
        },
        {
            "name": "新しい喜び",
            "artist": "植地雅哉",
            "id": 535511
        },
        {
            "name": "Cirrostratus",
            "artist": "植地雅哉",
            "id": 535515
        },
        {
            "name": "To The Sky",
            "artist": "植地雅哉",
            "id": 535518
        },
        {
            "name": "Shining Water Side",
            "artist": "植地雅哉",
            "id": 535521
        },
        {
            "name": "The Palpitation",
            "artist": "植地雅哉",
            "id": 535525
        },
        {
            "name": "あなたを見つめる",
            "artist": "植地雅哉",
            "id": 535529
        },
        {
            "name": "二人で散歩",
            "artist": "植地雅哉",
            "id": 535533
        },
        {
            "name": "A Sheet Of Music",
            "artist": "植地雅哉",
            "id": 535537
        },
        {
            "name": "日常の習慣",
            "artist": "植地雅哉",
            "id": 535541
        },
        {
            "name": "明日の楽しみ",
            "artist": "植地雅哉",
            "id": 535545
        },
        {
            "name": "Splendor In Your Eyes",
            "artist": "Music therapy",
            "id": 5265963
        },
        {
            "name": "Autumn Leaf",
            "artist": "Music therapy",
            "id": 5265961
        },
        {
            "name": "Calling My Soul",
            "artist": "Music therapy",
            "id": 5265965
        },
        {
            "name": "Profound Attaction",
            "artist": "Music therapy",
            "id": 5265964
        },
        {
            "name": "β",
            "artist": "α·Pav",
            "id": 29137869
        },
        {
            "name": "δ",
            "artist": "α·Pav",
            "id": 29137868
        },
        {
            "name": "α",
            "artist": "α·Pav",
            "id": 139232
        },
        {
            "name": "γ",
            "artist": "α·Pav",
            "id": 29137875
        },
        {
            "name": "ε",
            "artist": "α·Pav",
            "id": 29137874
        },
        {
            "name": "η",
            "artist": "α·Pav",
            "id": 29137871
        },
        {
            "name": "κ",
            "artist": "α·Pav",
            "id": 139227
        },
        {
            "name": "λ",
            "artist": "α·Pav",
            "id": 29137870
        },
        {
            "name": "μ²",
            "artist": "α·Pav",
            "id": 139238
        },
        {
            "name": "μ¹",
            "artist": "α·Pav",
            "id": 139221
        },
        {
            "name": "ξ",
            "artist": "α·Pav",
            "id": 139235
        },
        {
            "name": "π",
            "artist": "α·Pav",
            "id": 139229
        },
        {
            "name": "σ",
            "artist": "α·Pav",
            "id": 139224
        },
        {
            "name": "τ",
            "artist": "α·Pav",
            "id": 29137873
        },
        {
            "name": "ω",
            "artist": "α·Pav",
            "id": 139241
        },
        {
            "name": "ζ",
            "artist": "α·Pav",
            "id": 29137872
        },
        {
            "name": "Rising of the Dream",
            "artist": "Music therapy",
            "id": 5268326
        },
        {
            "name": "Dazing",
            "artist": "Music therapy",
            "id": 5268327
        },
        {
            "name": "Mountain Spring",
            "artist": "Music therapy",
            "id": 5268335
        },
        {
            "name": "インテレクチュアル・ライフ",
            "artist": "Music therapy",
            "id": 536637
        },
        {
            "name": "裸足の女神",
            "artist": "Music therapy",
            "id": 4910529
        },
        {
            "name": "フローティング・スペース",
            "artist": "Music therapy",
            "id": 536639
        },
        {
            "name": "Shadow of Happiness",
            "artist": "Music therapy",
            "id": 5268336
        },
        {
            "name": "Tender Passion",
            "artist": "Music therapy",
            "id": 5268330
        },
        {
            "name": "インテレクト",
            "artist": "Music therapy",
            "id": 536642
        },
        {
            "name": "Kissing the Earth",
            "artist": "Music therapy",
            "id": 5268337
        },
        {
            "name": "恋心(KOI-GOKORO)",
            "artist": "Music therapy",
            "id": 4910530
        },
        {
            "name": "A New Beginning",
            "artist": "Music therapy",
            "id": 5268328
        },
        {
            "name": "ブレインズ",
            "artist": "Music therapy",
            "id": 536640
        },
        {
            "name": "Smiling Memories",
            "artist": "Music therapy",
            "id": 5268329
        },
        {
            "name": "インテリジェンス・オブ・インフィニティ",
            "artist": "Music therapy",
            "id": 536644
        },
        {
            "name": "ノリッジ",
            "artist": "Music therapy",
            "id": 536643
        },
        {
            "name": "ZERO",
            "artist": "Music therapy",
            "id": 4910531
        },
        {
            "name": "ア・クリアー・ヘッド",
            "artist": "Music therapy",
            "id": 536641
        },
        {
            "name": "Activation",
            "artist": "Music therapy",
            "id": 5268348
        },
        {
            "name": "Being with My Soul",
            "artist": "Music therapy",
            "id": 5268338
        },
        {
            "name": "Diving Deep",
            "artist": "Music therapy",
            "id": 5268347
        },
        {
            "name": "Calling",
            "artist": "Music therapy",
            "id": 4910532
        },
        {
            "name": "Pas De Deux of Sands and Seashell",
            "artist": "Music therapy",
            "id": 5268339
        },
        {
            "name": "Happy Dancing",
            "artist": "Music therapy",
            "id": 5268340
        },
        {
            "name": "いつかのメリークリスマス",
            "artist": "Music therapy",
            "id": 4910534
        },
        {
            "name": "Awakening",
            "artist": "Music therapy",
            "id": 5268334
        },
        {
            "name": "You Look Lovely",
            "artist": "Music therapy",
            "id": 5268349
        },
        {
            "name": "ALONE",
            "artist": "Music therapy",
            "id": 4910528
        },
        {
            "name": "Whisper in the Wind",
            "artist": "Music therapy",
            "id": 5268341
        },
        {
            "name": "Vestige of Tempting Heart",
            "artist": "Music therapy",
            "id": 5268343
        },
        {
            "name": "Infinite Vitality",
            "artist": "Music therapy",
            "id": 5268332
        },
        {
            "name": "A Fairy In The Woods",
            "artist": "Music therapy",
            "id": 5268333
        },
        {
            "name": "Breeze In The Afternoon",
            "artist": "Music therapy",
            "id": 5268351
        },
        {
            "name": "Completely Vacant",
            "artist": "Music therapy",
            "id": 5268331
        },
        {
            "name": "Footpath in the Garden",
            "artist": "Music therapy",
            "id": 5268344
        },
        {
            "name": "Leaping Light",
            "artist": "Music therapy",
            "id": 5268342
        },
        {
            "name": "IT'S SHOWTIME!!",
            "artist": "Music therapy",
            "id": 4910527
        },
        {
            "name": "Have A Feeling In Love",
            "artist": "Music therapy",
            "id": 5268350
        },
        {
            "name": "今夜月の见える丘に",
            "artist": "Music therapy",
            "id": 4910526
        },
        {
            "name": "爱のままにわがままに仆は君だけを伤つけない",
            "artist": "Music therapy",
            "id": 4910533
        },
        {
            "name": "野性のENERGY",
            "artist": "Music therapy",
            "id": 4910525
        },
        {
            "name": "Fairy In The Midnight",
            "artist": "Music therapy",
            "id": 5265956
        },
        {
            "name": "Arrival The Paradise",
            "artist": "Music therapy",
            "id": 5265957
        },
        {
            "name": "Confident And Beautiful",
            "artist": "Music therapy",
            "id": 5265959
        },
        {
            "name": "Sprinkling The Pearls",
            "artist": "Music therapy",
            "id": 5265958
        },
        {
            "name": "Sparking Stars",
            "artist": "Music therapy",
            "id": 5265960
        },
        {
            "name": "Ocean Blue",
            "artist": "Music therapy",
            "id": 5268346
        },
        {
            "name": "Floating in the City",
            "artist": "Music therapy",
            "id": 5268325
        },
        {
            "name": "Dance of Gossamer",
            "artist": "Music therapy",
            "id": 5268324
        },
        {
            "name": "Drip Drip Drip",
            "artist": "Music therapy",
            "id": 5268323
        }
    ]
}