{
    "playlist_info": {
        "name": "说唱花式炫技 | 黑人嘻哈就是带感",
        "trackcount": 105,
        "playcount": 1220,
        "creator": "别惹阿沁",
        "createDate": "2023-05-16",
        "heat": 28.0
    },
    "songs": [
        {
            "name": "Swing",
            "artist": "Connor Price",
            "id": 2022254666
        },
        {
            "name": "Bouncy",
            "artist": "Shenseea",
            "id": 1927340695
        },
        {
            "name": "Dreams Unfold",
            "artist": "Joyner Lucas",
            "id": 1869290886
        },
        {
            "name": "Down In Atlanta",
            "artist": "Pharrell Williams",
            "id": 1994386494
        },
        {
            "name": "Soda",
            "artist": "DJ Scheme",
            "id": 1494223274
        },
        {
            "name": "deadman Ft. Lil Toe",
            "artist": "bbno$",
            "id": 1989128739
        },
        {
            "name": "QUEEN",
            "artist": "Mahogany Lox",
            "id": 1972976515
        },
        {
            "name": "Are You Entertained (feat. Ed Sheeran)",
            "artist": "Russ",
            "id": 1952977049
        },
        {
            "name": "Brain Dead",
            "artist": "Vin Jay",
            "id": 2024502479
        },
        {
            "name": "Walk Man",
            "artist": "Tiny Meat Gang",
            "id": 1394765388
        },
        {
            "name": "NOT UR BABE",
            "artist": "Zzqc_Jessie",
            "id": 1481404559
        },
        {
            "name": "No Guidance",
            "artist": "Chris Brown",
            "id": 1394672734
        },
        {
            "name": "Word to the Wise",
            "artist": "Matt Corman",
            "id": 1398670128
        },
        {
            "name": "Depression",
            "artist": "Dax",
            "id": 1990310384
        },
        {
            "name": "MOTTO",
            "artist": "NF",
            "id": 2029010219
        },
        {
            "name": "THE SCOTTS",
            "artist": "The Scotts",
            "id": 1443004755
        },
        {
            "name": "NxBody",
            "artist": "TheHxliday",
            "id": 1808465872
        },
        {
            "name": "Photo",
            "artist": "Yonas",
            "id": 499222715
        },
        {
            "name": "Beyonce",
            "artist": "Amarni",
            "id": 1817284380
        },
        {
            "name": "So Pretty",
            "artist": "Reyanna Maria",
            "id": 1821438554
        },
        {
            "name": "Down Bad",
            "artist": "Dreamville",
            "id": 1371516088
        },
        {
            "name": "Gyalchester",
            "artist": "Drake",
            "id": 466343440
        },
        {
            "name": "Crushed Up",
            "artist": "Future",
            "id": 1340543695
        },
        {
            "name": "I Need Somebody",
            "artist": "404 RAPPER",
            "id": 1400493808
        },
        {
            "name": "Byrd",
            "artist": "HDBeenDope",
            "id": 1358329629
        },
        {
            "name": "Mad Max",
            "artist": "Lil Durk",
            "id": 2006914878
        },
        {
            "name": "HEY BIG HEAD",
            "artist": "Jack Harlow",
            "id": 1430511701
        },
        {
            "name": "Robbery",
            "artist": "Juice WRLD",
            "id": 1350625616
        },
        {
            "name": "Put It On Da Floor Again",
            "artist": "Latto",
            "id": 2052005754
        },
        {
            "name": "Favorite Song",
            "artist": "Toosii",
            "id": 2023195746
        },
        {
            "name": "She's A 10 But...",
            "artist": "Artan",
            "id": 1997372642
        },
        {
            "name": "b to the b",
            "artist": "bbno$",
            "id": 1989126104
        },
        {
            "name": "Selfish",
            "artist": "Ollie",
            "id": 1901845075
        },
        {
            "name": "OH MY LORD",
            "artist": "Arizona Zervas",
            "id": 1953973946
        },
        {
            "name": "Betrayal",
            "artist": "Trippie Redd",
            "id": 1871442542
        },
        {
            "name": "Drama (feat. Drake)",
            "artist": "Roy Woods",
            "id": 34834733
        },
        {
            "name": "Lift Me Up",
            "artist": "Tyga",
            "id": 1894236792
        },
        {
            "name": "This is War",
            "artist": "GAWNE",
            "id": 1956591292
        },
        {
            "name": "Mosh Pit",
            "artist": "Lil Pump",
            "id": 1977088527
        },
        {
            "name": "Nuf Said",
            "artist": "Lil Tjay",
            "id": 1833750256
        },
        {
            "name": "PUNANI",
            "artist": "6ix9ine",
            "id": 1475720340
        },
        {
            "name": "Trust Issues Remix",
            "artist": "Drake",
            "id": 425298802
        },
        {
            "name": "******' Problems",
            "artist": "A$AP Rocky",
            "id": 405465164
        },
        {
            "name": "Blessed Now",
            "artist": "Jay Prince",
            "id": 1339698835
        },
        {
            "name": "Look Alive",
            "artist": "BlocBoy JB",
            "id": 557578841
        },
        {
            "name": "STAYING ALIVE",
            "artist": "DJ Khaled",
            "id": 1975494693
        },
        {
            "name": "Gucci Cologne (Prod. Bhunna)",
            "artist": "K$upreme",
            "id": 1336864891
        },
        {
            "name": "DOLLAZ ON MY HEAD (feat. Young Thug)",
            "artist": "Gunna",
            "id": 1465322342
        },
        {
            "name": "Only You Freestyle",
            "artist": "Headie One",
            "id": 1464299475
        },
        {
            "name": "Darkside",
            "artist": "Lil Wayne",
            "id": 1490555202
        },
        {
            "name": "SPLAT",
            "artist": "Connor Price",
            "id": 1948170058
        },
        {
            "name": "Having Our Way",
            "artist": "Migos",
            "id": 1854211399
        },
        {
            "name": "Me and My Brother",
            "artist": "5ive",
            "id": 1377467851
        },
        {
            "name": "That Way",
            "artist": "Lil Uzi Vert",
            "id": 1427574416
        },
        {
            "name": "Not So Bad (Leans Gone Cold)",
            "artist": "Rae Sremmurd",
            "id": 2037034513
        },
        {
            "name": "Who Want Smoke??",
            "artist": "Nardo Wick",
            "id": 1883313040
        },
        {
            "name": "#ONI",
            "artist": "slayer77",
            "id": 1942091683
        },
        {
            "name": "FOURTH GEAR CYPHER! (feat. TheHxliday, Yung Fazo & osmkapo)",
            "artist": "slayer77",
            "id": 1942088840
        },
        {
            "name": "Frozen",
            "artist": "Stunna Gambino",
            "id": 1967052540
        },
        {
            "name": "Vent (V2)",
            "artist": "Kendrick Lamar",
            "id": 1824504479
        },
        {
            "name": "Chocolate",
            "artist": "Quavo",
            "id": 1987481844
        },
        {
            "name": "MET GALA",
            "artist": "Gunna",
            "id": 1449990599
        },
        {
            "name": "Still Runnin",
            "artist": "Lil Baby",
            "id": 1850201853
        },
        {
            "name": "DO BETTER",
            "artist": "Gunna",
            "id": 1449991561
        },
        {
            "name": "Pardon Me",
            "artist": "Lil Yachty",
            "id": 1451670145
        },
        {
            "name": "Cult Classic",
            "artist": "MF George",
            "id": 1955853822
        },
        {
            "name": "Do We Have A Problem?",
            "artist": "Nicki Minaj",
            "id": 1917602243
        },
        {
            "name": "One Shot (feat. Lil Baby)",
            "artist": "Youngboy Never Broke Again",
            "id": 1456578311
        },
        {
            "name": "Ma Boy",
            "artist": "Dreamville",
            "id": 2019509435
        },
        {
            "name": "BUSS HER UP",
            "artist": "Baby Keem",
            "id": 1437580428
        },
        {
            "name": "DEALER (feat. Future & Lil Baby)",
            "artist": "RMR",
            "id": 1445800225
        },
        {
            "name": "WHOISFXXKSHINE",
            "artist": "FirekidDuluv",
            "id": 2017222263
        },
        {
            "name": "pushin P (feat. Young Thug)",
            "artist": "Gunna",
            "id": 1909962076
        },
        {
            "name": "COLORS",
            "artist": "Trippie Redd",
            "id": 2016096911
        },
        {
            "name": "FULLY LOADED",
            "artist": "Trippie Redd",
            "id": 2016096900
        },
        {
            "name": "All in You",
            "artist": "Luh Kel",
            "id": 1477443407
        },
        {
            "name": "Woo Baby",
            "artist": "Pop Smoke",
            "id": 1861599190
        },
        {
            "name": "COOK UP",
            "artist": "Cochise",
            "id": 2004848021
        },
        {
            "name": "SANJI",
            "artist": "Cochise",
            "id": 1838687934
        },
        {
            "name": "Friends & Family",
            "artist": "Nav",
            "id": 1493093146
        },
        {
            "name": "Back in Blood (feat. Lil Durk)",
            "artist": "Pooh Shiesty",
            "id": 1493272331
        },
        {
            "name": "Elon Musk",
            "artist": "DDG",
            "id": 1984732344
        },
        {
            "name": "CHROME HEARTS (feat. KayCyy & Stark)",
            "artist": "nick b",
            "id": 1952736811
        },
        {
            "name": "Be Something",
            "artist": "Polo G",
            "id": 1447010729
        },
        {
            "name": "Toxic",
            "artist": "Polo G",
            "id": 1851559374
        },
        {
            "name": "Finish Line",
            "artist": "Trippie Redd",
            "id": 1871444315
        },
        {
            "name": "Jus bëtter",
            "artist": "Yeat",
            "id": 1921469667
        },
        {
            "name": "Monëy so big",
            "artist": "Yeat",
            "id": 1875188274
        },
        {
            "name": "You Said",
            "artist": "Young Thug",
            "id": 484365843
        },
        {
            "name": "Hell Yeah",
            "artist": "SoFaygo",
            "id": 1991508457
        },
        {
            "name": "Lust",
            "artist": "SAINt JHN",
            "id": 548823583
        },
        {
            "name": "Daddy's Birthday",
            "artist": "Young Thug",
            "id": 484365840
        },
        {
            "name": "King Kong (feat. Young Thug)",
            "artist": "Gunna",
            "id": 534544914
        },
        {
            "name": "Umbrella",
            "artist": "Metro Boomin",
            "id": 2003577233
        },
        {
            "name": "Lock On Me",
            "artist": "Metro Boomin",
            "id": 2003576553
        },
        {
            "name": "Just Wanna Rock",
            "artist": "Lil Uzi Vert",
            "id": 1989674769
        },
        {
            "name": "Knife Talk",
            "artist": "Drake",
            "id": 1875235689
        },
        {
            "name": "Go Legend",
            "artist": "Big Sean",
            "id": 523048483
        },
        {
            "name": "Treacherous Twins",
            "artist": "Drake",
            "id": 1995409594
        },
        {
            "name": "Dance Now",
            "artist": "JID",
            "id": 1970752895
        },
        {
            "name": "Never Hating",
            "artist": "Lil Baby",
            "id": 1989363909
        },
        {
            "name": "New Rules",
            "artist": "KayCyy",
            "id": 1952900594
        },
        {
            "name": "NOSTYLIST",
            "artist": "Destroy Lonely",
            "id": 1969463070
        },
        {
            "name": "I Am",
            "artist": "Lil Baby",
            "id": 1315374651
        },
        {
            "name": "No Luck",
            "artist": "KayCyy",
            "id": 1850311064
        }
    ]
}