{
    "playlist_info": {
        "name": "脑波旅行丨60、70年代迷幻摇滚、前卫摇滚…",
        "trackcount": 122,
        "playcount": 11284,
        "creator": "布尔阿迪西卡",
        "createDate": "2023-04-14",
        "heat": 149.0
    },
    "songs": [
        {
            "name": "Red House",
            "artist": "Jimi Hendrix",
            "id": 20363333
        },
        {
            "name": "I Found Love",
            "artist": "Quicksilver Messenger Service",
            "id": 4259989
        },
        {
            "name": "Light My Fire (Live In Vancouver 1970)",
            "artist": "The Doors",
            "id": 21978381
        },
        {
            "name": "21st Century Schizoid Man (2009 Stereo Mix)",
            "artist": "King Crimson",
            "id": 4143634
        },
        {
            "name": "Doctor Robert (Remastered)",
            "artist": "The Beatles",
            "id": 4337197
        },
        {
            "name": "Tread Softly On My Dreams",
            "artist": "Czar",
            "id": 17005965
        },
        {
            "name": "Three Is a Green Crown",
            "artist": "The Incredible String Band",
            "id": 3644990
        },
        {
            "name": "My White Bicycle",
            "artist": "Tomorrow",
            "id": 5211260
        },
        {
            "name": "Alone Again Or (2015 Remaster)",
            "artist": "Love",
            "id": 16588411
        },
        {
            "name": "Get Together",
            "artist": "The Youngbloods",
            "id": 4363258
        },
        {
            "name": "Don't Say No",
            "artist": "Speed, Glue & Shinki",
            "id": 22651392
        },
        {
            "name": "Pat's Song",
            "artist": "Country Joe & the Fish",
            "id": 16874798
        },
        {
            "name": "Dark Star (Live at the Fillmore West San Francisco, 1969) [2001 Remaster]",
            "artist": "Grateful Dead",
            "id": 2645858
        },
        {
            "name": "心",
            "artist": "Far East Family Band",
            "id": 726726
        },
        {
            "name": "Fire",
            "artist": "The Crazy World Of Arthur Brown",
            "id": 5046307
        },
        {
            "name": "密航",
            "artist": "佐井好子",
            "id": 22746651
        },
        {
            "name": "Do It",
            "artist": "Pink Fairies",
            "id": 24293897
        },
        {
            "name": "Earth",
            "artist": "Third Ear Band",
            "id": 22336886
        },
        {
            "name": "Jump",
            "artist": "Magical Power Mako",
            "id": 22815575
        },
        {
            "name": "Roots",
            "artist": "Ian Carr",
            "id": 1359716244
        },
        {
            "name": "J. L. T.",
            "artist": "T2",
            "id": 3722270
        },
        {
            "name": "悲しみ",
            "artist": "Creation",
            "id": 1473632917
        },
        {
            "name": "Fantasy",
            "artist": "Fifty Foot Hose",
            "id": 2622023
        },
        {
            "name": "Terrapin",
            "artist": "Syd Barrett",
            "id": 22509733
        },
        {
            "name": "Mr. Soul",
            "artist": "Buffalo Springfield",
            "id": 16753771
        },
        {
            "name": "Nihonjin",
            "artist": "Far Out",
            "id": 27643345
        },
        {
            "name": "Sky Pilot",
            "artist": "The Animals",
            "id": 3574420
        },
        {
            "name": "Troubles",
            "artist": "Blue Mountain Eagle",
            "id": 565301666
        },
        {
            "name": "一触即発",
            "artist": "四人囃子",
            "id": 1406510761
        },
        {
            "name": "春よ来い",
            "artist": "Happy End",
            "id": 742621
        },
        {
            "name": "Free Bird",
            "artist": "Lynyrd Skynyrd",
            "id": 21052194
        },
        {
            "name": "Silly Sally",
            "artist": "Sweet Smoke",
            "id": 3503100
        },
        {
            "name": "I See You",
            "artist": "The Pretty Things",
            "id": 21914846
        },
        {
            "name": "Evil Ways",
            "artist": "Santana",
            "id": 1939953
        },
        {
            "name": "Hallogallo",
            "artist": "Neu!",
            "id": 17534642
        },
        {
            "name": "Ruckzuck",
            "artist": "Kraftwerk",
            "id": 4143617
        },
        {
            "name": "Sun Cycle",
            "artist": "Blue Cheer",
            "id": 2215061
        },
        {
            "name": "Paper Sun",
            "artist": "Traffic",
            "id": 3580737
        },
        {
            "name": "I Love You",
            "artist": "Flied Egg",
            "id": 22766374
        },
        {
            "name": "Mr. Farmer",
            "artist": "The Seeds",
            "id": 3580551
        },
        {
            "name": "Bang Bang",
            "artist": "Vanilla Fudge",
            "id": 20660955
        },
        {
            "name": "Medication",
            "artist": "The Chocolate Watchband",
            "id": 31192830
        },
        {
            "name": "記憶は遠い",
            "artist": "Les Rallizes Denudes",
            "id": 428375423
        },
        {
            "name": "Mushroom",
            "artist": "Can",
            "id": 17171647
        },
        {
            "name": "Oscillations",
            "artist": "Silver Apples",
            "id": 19194852
        },
        {
            "name": "That Will Do",
            "artist": "Foodbrain",
            "id": 2626114
        },
        {
            "name": "Satori Part 1",
            "artist": "Flower Travellin' Band",
            "id": 22778280
        },
        {
            "name": "Ways To Cry",
            "artist": "John Martyn",
            "id": 18412432
        },
        {
            "name": "Ooga Booga",
            "artist": "Guru Guru",
            "id": 2646483
        },
        {
            "name": "White Rabbit",
            "artist": "Jefferson Airplane",
            "id": 35416039
        },
        {
            "name": "Maggot Brain",
            "artist": "Funkadelic",
            "id": 17847204
        },
        {
            "name": "Blue My Mind",
            "artist": "Randy Holden",
            "id": 1887056237
        },
        {
            "name": "Strange Brew",
            "artist": "Cream",
            "id": 17131392
        },
        {
            "name": "Butty's Blues",
            "artist": "Colosseum",
            "id": 1455361211
        },
        {
            "name": "Death by Fire",
            "artist": "Earth Opera",
            "id": 31192814
        },
        {
            "name": "Burning Sister",
            "artist": "Amon Düül II",
            "id": 543191497
        },
        {
            "name": "Time Machine",
            "artist": "Stray",
            "id": 21674350
        },
        {
            "name": "Roller Coaster",
            "artist": "13th Floor Elevators",
            "id": 3874320
        },
        {
            "name": "Fortunate Son",
            "artist": "Creedence Clearwater Revival",
            "id": 5057892
        },
        {
            "name": "A Certain Kind",
            "artist": "Soft Machine",
            "id": 4286618
        },
        {
            "name": "Ball And Chain",
            "artist": "Big Brother & the Holding Company",
            "id": 5226802
        },
        {
            "name": "One more hour",
            "artist": "Fuzzy Duck",
            "id": 566713197
        },
        {
            "name": "Images of April",
            "artist": "Pearls Before Swine",
            "id": 3253338
        },
        {
            "name": "Little Red Book",
            "artist": "The Litter",
            "id": 567823031
        },
        {
            "name": "Song to Comus",
            "artist": "Comus",
            "id": 26795721
        },
        {
            "name": "Traummaschine",
            "artist": "Ash Ra Tempel",
            "id": 3903086
        },
        {
            "name": "Eight Miles High",
            "artist": "The Byrds",
            "id": 21951891
        },
        {
            "name": "I Won't Hurt You",
            "artist": "The West Coast Pop Art Experimental Band",
            "id": 31192816
        },
        {
            "name": "The Golden Void",
            "artist": "Hawkwind",
            "id": 4107234
        },
        {
            "name": "Billy the Monster",
            "artist": "The Deviants",
            "id": 1464135503
        },
        {
            "name": "Fugue In D Minor",
            "artist": "Egg",
            "id": 19757830
        },
        {
            "name": "Shapes of Things",
            "artist": "Jeff Beck",
            "id": 1493344
        },
        {
            "name": "One Summer Day",
            "artist": "Blues Creation",
            "id": 2255809
        },
        {
            "name": "Cat Scratch Fever",
            "artist": "Peter Ivers' Band",
            "id": 1390389709
        },
        {
            "name": "Master Heartache",
            "artist": "Sir Lord Baltimore",
            "id": 3481547
        },
        {
            "name": "Five More Pennies",
            "artist": "Strawberry Path",
            "id": 486326766
        },
        {
            "name": "Death Warmed Up",
            "artist": "High Tide",
            "id": 2729418
        },
        {
            "name": "Astronomy Domine",
            "artist": "Pink Floyd",
            "id": 4238581
        },
        {
            "name": "Race with the Devil",
            "artist": "The Gun",
            "id": 1390388125
        },
        {
            "name": "Garden of My Mind",
            "artist": "Mickey Finn",
            "id": 5211268
        },
        {
            "name": "California Dreaming",
            "artist": "The Mamas & the Papas",
            "id": 4875911
        },
        {
            "name": "Hang On to a Dream",
            "artist": "The Nice",
            "id": 3639502
        },
        {
            "name": "Poseidon's Creation",
            "artist": "Eloy",
            "id": 22510551
        },
        {
            "name": "Running Shirts Long",
            "artist": "柳田博義",
            "id": 27647990
        },
        {
            "name": "Other Side of the Sky",
            "artist": "Gong",
            "id": 4089040
        },
        {
            "name": "Sure 'Nuff 'N Yes I Do",
            "artist": "Captain Beefheart & The Magic Band",
            "id": 518846049
        },
        {
            "name": "Hungry Freaks, Daddy",
            "artist": "The Mothers Of Invention",
            "id": 4178652
        },
        {
            "name": "夜をくぐりぬけるまで",
            "artist": "南正人",
            "id": 27974669
        },
        {
            "name": "Ommadawn (Part One)",
            "artist": "Mike Oldfield",
            "id": 21173762
        },
        {
            "name": "Heaven Is In Your Mind",
            "artist": "Traffic",
            "id": 472780731
        },
        {
            "name": "Stoned Out Of My Mind",
            "artist": "Speed, Glue & Shinki",
            "id": 836294
        },
        {
            "name": "Exuma, The Obeah Man",
            "artist": "Exuma",
            "id": 2554449
        },
        {
            "name": "Sunrise (Come My Way)",
            "artist": "Buffalo",
            "id": 2214416
        },
        {
            "name": "Taj Mahal Travellers 1 (3)",
            "artist": "タージ・マハル旅行団",
            "id": 27647544
        },
        {
            "name": "Incense And Peppermints",
            "artist": "Strawberry Alarm Clock",
            "id": 1428885897
        },
        {
            "name": "I Had Too Much To Dream",
            "artist": "The Electric Prunes",
            "id": 5059639
        },
        {
            "name": "Muchacha (Ojos de Papel)",
            "artist": "Almendra",
            "id": 2153240
        },
        {
            "name": "Tiptoe On The Highest Hill",
            "artist": "Twink",
            "id": 19330999
        },
        {
            "name": "Can't Get It out of My Head",
            "artist": "Electric Light Orchestra",
            "id": 17552422
        },
        {
            "name": "She's as Beautiful as a Foot",
            "artist": "Blue Oyster Cult",
            "id": 22050507
        },
        {
            "name": "What'cha Gonna Do About It",
            "artist": "Small Faces",
            "id": 22061267
        },
        {
            "name": "The Beat Of The Earth, Part 1",
            "artist": "The Beat Of The Earth",
            "id": 486635035
        },
        {
            "name": "It's a Rainy Day, Sunshine Girl",
            "artist": "Faust",
            "id": 4068979
        },
        {
            "name": "ジャスト・アイ・ワズ・ボーン",
            "artist": "Creation",
            "id": 1473632916
        },
        {
            "name": "Lucille Has Messed My Mind Up",
            "artist": "Jeff Simmons",
            "id": 18740561
        },
        {
            "name": "Blue Jean Blues (2005 Remaster)",
            "artist": "ZZ Top",
            "id": 3863368
        },
        {
            "name": "Hurricane Fighter Plane - Original",
            "artist": "The Red Crayola",
            "id": 565908540
        },
        {
            "name": "Sommarlåten",
            "artist": "International Harvester",
            "id": 2766957
        },
        {
            "name": "Shapes of Things (2015 Remaster)",
            "artist": "The Yardbirds",
            "id": 1447182464
        },
        {
            "name": "The American Metaphysical Circus",
            "artist": "The United States of America",
            "id": 19346691
        },
        {
            "name": "Hot Smoke and Sasafrass - Original",
            "artist": "The Bubble Puppy",
            "id": 537156358
        },
        {
            "name": "And I Wish I Were Stoned/Don't Worry",
            "artist": "Caravan",
            "id": 3994278
        },
        {
            "name": "Rubycon (Part One) (1995 - Remaster)",
            "artist": "Tangerine Dream",
            "id": 22545674
        },
        {
            "name": "Green of My Pants (2011 Sonic Boom Remaster)",
            "artist": "The Red Krayola",
            "id": 4362764
        },
        {
            "name": "In-A-Gadda-Da-Vida (Original)",
            "artist": "Iron Butterfly",
            "id": 4120658
        },
        {
            "name": "Fresh-Garbage (Album Version)",
            "artist": "Spirit",
            "id": 21717396
        },
        {
            "name": "The Garden Of Jane Delawney (Remastered)",
            "artist": "Trees",
            "id": 19348071
        },
        {
            "name": "When The Raven Has Come To The Earth",
            "artist": "Strawberry Path",
            "id": 486326761
        },
        {
            "name": "Dancing Madly Backwards (On a Sea of Air)",
            "artist": "Captain Beyond",
            "id": 2330875
        },
        {
            "name": "San Francisco (Be Sure To Wear Flowers In Your Hair)",
            "artist": "Scott McKenzie",
            "id": 5057904
        },
        {
            "name": "Armenia City In The Sky (Incl. Two \"Radio London\" Jingles)",
            "artist": "The Who",
            "id": 21973143
        },
        {
            "name": "I'm Gonna Move Right In (\"1969\" / Original Mix)",
            "artist": "The Velvet Underground",
            "id": 19537546
        }
    ]
}