{
    "playlist_info": {
        "name": "艺术摇滚精选",
        "trackcount": 30,
        "playcount": 956,
        "creator": "云音乐多多",
        "createDate": "2021-03-30",
        "heat": 1.0
    },
    "songs": [
        {
            "name": "Sunday Morning",
            "artist": "The Velvet Underground",
            "id": 19537516
        },
        {
            "name": "Wake Up",
            "artist": "Arcade Fire",
            "id": 3883307
        },
        {
            "name": "Ashes in Winter Light",
            "artist": "Elysian Fields",
            "id": 17657674
        },
        {
            "name": "Lazarus",
            "artist": "David Bowie",
            "id": 39436920
        },
        {
            "name": "Velvet Goldmine",
            "artist": "David Bowie",
            "id": 27136651
        },
        {
            "name": "Woman",
            "artist": "John Lennon",
            "id": 1475818
        },
        {
            "name": "Hounds Of Love",
            "artist": "Kate Bush",
            "id": 19012450
        },
        {
            "name": "Decks Dark",
            "artist": "Radiohead",
            "id": 412175129
        },
        {
            "name": "Comfortably Numb",
            "artist": "David Gilmour",
            "id": 27322500
        },
        {
            "name": "永远等待",
            "artist": "Beyond",
            "id": 347816
        },
        {
            "name": "Haldern",
            "artist": "Black Country, New Road",
            "id": 1916369851
        },
        {
            "name": "Elephant Talk",
            "artist": "King Crimson",
            "id": 20045632
        },
        {
            "name": "The Place Where He Inserted the Blade",
            "artist": "Black Country, New Road",
            "id": 1916367110
        },
        {
            "name": "谁是勇敢",
            "artist": "Beyond",
            "id": 347825
        },
        {
            "name": "…con lentitud poderosa",
            "artist": "Chris Christodoulou",
            "id": 1465202890
        },
        {
            "name": "Flatlands",
            "artist": "The Aristocrats",
            "id": 4399058
        },
        {
            "name": "Strange Weather",
            "artist": "Anna Calvi",
            "id": 28796591
        },
        {
            "name": "Quadrophenia",
            "artist": "The Who",
            "id": 21973168
        },
        {
            "name": "Cirkus (including Entry of the Chameleons)",
            "artist": "King Crimson",
            "id": 20045591
        },
        {
            "name": "Curiosity",
            "artist": "Camel",
            "id": 3990981
        },
        {
            "name": "卵",
            "artist": "betcover!!",
            "id": 2009759308
        },
        {
            "name": "Sugar/Tzu",
            "artist": "black midi",
            "id": 1962041533
        },
        {
            "name": "纱.界",
            "artist": "二手玫瑰",
            "id": 1328890864
        },
        {
            "name": "Bad Asteroid",
            "artist": "The Aristocrats",
            "id": 4399038
        },
        {
            "name": "Welcome To Hell",
            "artist": "black midi",
            "id": 1962041534
        },
        {
            "name": "Side 1, Pt. 1: Things Left Unsaid",
            "artist": "Pink Floyd",
            "id": 29718002
        },
        {
            "name": "Side 3, Pt. 5: Autumn '68",
            "artist": "Pink Floyd",
            "id": 29718015
        },
        {
            "name": "Risk of Rain 2",
            "artist": "Chris Christodoulou",
            "id": 1465203893
        },
        {
            "name": "The Fog",
            "artist": "Kate Bush",
            "id": 19012408
        },
        {
            "name": "My Girls",
            "artist": "Animal Collective",
            "id": 16493957
        }
    ]
}