{
    "playlist_info": {
        "name": "英伦摇滚·独立·太空·迷幻·",
        "trackcount": 139,
        "playcount": 116834,
        "creator": "TheRollingStars",
        "createDate": "2016-09-07",
        "heat": 47.0
    },
    "songs": [
        {
            "name": "Don't Look Back In Anger",
            "artist": "Oasis",
            "id": 4226232
        },
        {
            "name": "Walk Out in the Rain",
            "artist": "Badfinger",
            "id": 2200031
        },
        {
            "name": "Without You",
            "artist": "Badfinger",
            "id": 2199935
        },
        {
            "name": "Sweet Bird",
            "artist": "Young Hunting",
            "id": 26509205
        },
        {
            "name": "Yesterday And Today",
            "artist": "Yes",
            "id": 27835568
        },
        {
            "name": "I Promise",
            "artist": "Radiohead",
            "id": 481859199
        },
        {
            "name": "Half the World Away (Remastered)",
            "artist": "Oasis",
            "id": 28563132
        },
        {
            "name": "Beetlebum",
            "artist": "Blur",
            "id": 3951464
        },
        {
            "name": "Common People",
            "artist": "Pulp",
            "id": 5163338
        },
        {
            "name": "Born Under A Bad Sign",
            "artist": "Richard Hawley",
            "id": 22470000
        },
        {
            "name": "Fire Flower",
            "artist": "Summer Salt",
            "id": 1453011783
        },
        {
            "name": "On My Mind",
            "artist": "Skytone",
            "id": 1325468580
        },
        {
            "name": "You And Whose Army?",
            "artist": "Radiohead",
            "id": 18795391
        },
        {
            "name": "The Gunner's Dream",
            "artist": "Pink Floyd",
            "id": 4237412
        },
        {
            "name": "If Only We Remain",
            "artist": "Two Wounded Birds",
            "id": 19548150
        },
        {
            "name": "For Eternity",
            "artist": "Ash",
            "id": 32272167
        },
        {
            "name": "Streets Of Love (Remastered 2009)",
            "artist": "The Rolling Stones",
            "id": 21968986
        },
        {
            "name": "All the Young Dudes (Live)",
            "artist": "David Bowie",
            "id": 17290916
        },
        {
            "name": "Let It Be",
            "artist": "The Beatles Recovered Band",
            "id": 1314233298
        },
        {
            "name": "The Surfer Moon",
            "artist": "The Beach Boys",
            "id": 1308096923
        },
        {
            "name": "Beautiful Ones",
            "artist": "Suede",
            "id": 26109630
        },
        {
            "name": "The Trial",
            "artist": "Pink Floyd",
            "id": 4237868
        },
        {
            "name": "Beautiful Ones",
            "artist": "Suede",
            "id": 1438261544
        },
        {
            "name": "I'm Not Like Everybody Else",
            "artist": "The Kinks",
            "id": 3559640
        },
        {
            "name": "My Terracotta Heart",
            "artist": "Blur",
            "id": 31246694
        },
        {
            "name": "Best Days (2012 Remaster)",
            "artist": "Blur",
            "id": 16880805
        },
        {
            "name": "Song 2",
            "artist": "Blur",
            "id": 3951467
        },
        {
            "name": "Tender",
            "artist": "Blur",
            "id": 16882031
        },
        {
            "name": "Untitled",
            "artist": "Suede",
            "id": 4278873
        },
        {
            "name": "Married With Children",
            "artist": "Oasis",
            "id": 17822795
        },
        {
            "name": "Village Green (Stereo)",
            "artist": "The Kinks",
            "id": 436016895
        },
        {
            "name": "Live Forever",
            "artist": "Oasis",
            "id": 17822787
        },
        {
            "name": "The Adults Are Talking",
            "artist": "The Strokes",
            "id": 1438724761
        },
        {
            "name": "Out Of The Way",
            "artist": "The Good Sports",
            "id": 28946994
        },
        {
            "name": "Caldey",
            "artist": "Manic Street Preachers",
            "id": 28804591
        },
        {
            "name": "Under Pressure",
            "artist": "Queen",
            "id": 445702291
        },
        {
            "name": "Supersonic",
            "artist": "Oasis",
            "id": 17822820
        },
        {
            "name": "The Importance Of Being Idle",
            "artist": "Oasis",
            "id": 17822676
        },
        {
            "name": "Til Death Do Us Part",
            "artist": "The Kinks",
            "id": 41554554
        },
        {
            "name": "Girls & Boys (2012 Remaster)",
            "artist": "Blur",
            "id": 16880944
        },
        {
            "name": "The Man Who Sold the World (2015 Remaster)",
            "artist": "David Bowie",
            "id": 22224439
        },
        {
            "name": "\"Heroes\"",
            "artist": "David Bowie",
            "id": 5119054
        },
        {
            "name": "Space Oddity (Mitty Mix)",
            "artist": "David Bowie",
            "id": 28143760
        },
        {
            "name": "English Architecture",
            "artist": "Teleman",
            "id": 407126538
        },
        {
            "name": "Sugar Girl",
            "artist": "The Cure",
            "id": 21969941
        },
        {
            "name": "Silly Love Songs",
            "artist": "Wings",
            "id": 1822907
        },
        {
            "name": "French Fries With Pepper",
            "artist": "Morphine",
            "id": 4176059
        },
        {
            "name": "Look What You've Done",
            "artist": "Jet",
            "id": 5049171
        },
        {
            "name": "Another Brick in the Wall, Pt. 1",
            "artist": "Pink Floyd",
            "id": 4237795
        },
        {
            "name": "Goodbye Cruel World",
            "artist": "Pink Floyd",
            "id": 4237827
        },
        {
            "name": "One of My Turns",
            "artist": "Pink Floyd",
            "id": 4237817
        },
        {
            "name": "Mother",
            "artist": "Pink Floyd",
            "id": 4237806
        },
        {
            "name": "Outside the Wall",
            "artist": "Pink Floyd",
            "id": 4237871
        },
        {
            "name": "Waiting for the Worms",
            "artist": "Pink Floyd",
            "id": 4237862
        },
        {
            "name": "Run Like Hell",
            "artist": "Pink Floyd",
            "id": 4237858
        },
        {
            "name": "In the Flesh",
            "artist": "Pink Floyd",
            "id": 4237854
        },
        {
            "name": "Vera",
            "artist": "Pink Floyd",
            "id": 4237838
        },
        {
            "name": "Nobody Home",
            "artist": "Pink Floyd",
            "id": 4237835
        },
        {
            "name": "Is There Anybody Out There?",
            "artist": "Pink Floyd",
            "id": 4237832
        },
        {
            "name": "Velvet Goldmine",
            "artist": "David Bowie",
            "id": 27136651
        },
        {
            "name": "Rock 'n' Roll Suicide (2012 Remaster)",
            "artist": "David Bowie",
            "id": 17290784
        },
        {
            "name": "High Hopes",
            "artist": "Pink Floyd",
            "id": 4235833
        },
        {
            "name": "Hey You",
            "artist": "Pink Floyd",
            "id": 4237830
        },
        {
            "name": "Everybody Knows",
            "artist": "Concrete Blonde",
            "id": 2309683
        },
        {
            "name": "16",
            "artist": "DA BANG",
            "id": 25702080
        },
        {
            "name": "Wake Up",
            "artist": "Arcade Fire",
            "id": 27227577
        },
        {
            "name": "1984",
            "artist": "David Bowie",
            "id": 27185188
        },
        {
            "name": "Lady Stardust (2012 Remaster)",
            "artist": "David Bowie",
            "id": 17290779
        },
        {
            "name": "Sound and Vision",
            "artist": "David Bowie",
            "id": 27838921
        },
        {
            "name": "Valentine's Day",
            "artist": "David Bowie",
            "id": 27927113
        },
        {
            "name": "Starman (2012 Remaster)",
            "artist": "David Bowie",
            "id": 17290777
        },
        {
            "name": "The Prettiest Star (2013 Remastered Version)",
            "artist": "David Bowie",
            "id": 26355173
        },
        {
            "name": "Waterloo Sunset / Bonus Track",
            "artist": "David Bowie",
            "id": 26527769
        },
        {
            "name": "The Man",
            "artist": "The Killers",
            "id": 484311971
        },
        {
            "name": "Shine On You Crazy Diamond (Pts. 1-5)",
            "artist": "Pink Floyd",
            "id": 4237911
        },
        {
            "name": "Welcome to the Machine",
            "artist": "Pink Floyd",
            "id": 4237914
        },
        {
            "name": "Have a Cigar",
            "artist": "Pink Floyd",
            "id": 4237918
        },
        {
            "name": "Shine On You Crazy Diamond (Pts. 6-9)",
            "artist": "Pink Floyd",
            "id": 4237927
        },
        {
            "name": "Just",
            "artist": "Radiohead",
            "id": 18795429
        },
        {
            "name": "Do I Wanna Know?",
            "artist": "Arctic Monkeys",
            "id": 26544275
        },
        {
            "name": "Stayin' Alive (From \"Saturday Night Fever\" Soundtrack)",
            "artist": "Bee Gees",
            "id": 3952752
        },
        {
            "name": "Six",
            "artist": "Mansun",
            "id": 22322584
        },
        {
            "name": "Closer",
            "artist": "Travis",
            "id": 4330176
        },
        {
            "name": "Waterloo Sunset",
            "artist": "The Kinks",
            "id": 435166169
        },
        {
            "name": "Behind Blue Eyes",
            "artist": "The Who",
            "id": 21973247
        },
        {
            "name": "There Is A Light That Never Goes Out (2011 Remastered Version)",
            "artist": "The Smiths",
            "id": 19576478
        },
        {
            "name": "Echoes",
            "artist": "Pink Floyd",
            "id": 33394060
        },
        {
            "name": "I Found Out",
            "artist": "John Lennon",
            "id": 1476808
        },
        {
            "name": "Speak to Me",
            "artist": "Pink Floyd",
            "id": 29600128
        },
        {
            "name": "Breathe (In the Air)",
            "artist": "Pink Floyd",
            "id": 29600129
        },
        {
            "name": "On the Run",
            "artist": "Pink Floyd",
            "id": 4238103
        },
        {
            "name": "Time",
            "artist": "Pink Floyd",
            "id": 4238109
        },
        {
            "name": "The Great Gig in the Sky",
            "artist": "Pink Floyd",
            "id": 4238114
        },
        {
            "name": "Money",
            "artist": "Pink Floyd",
            "id": 4238119
        },
        {
            "name": "Us and Them",
            "artist": "Pink Floyd",
            "id": 4238124
        },
        {
            "name": "Any Colour You Like",
            "artist": "Pink Floyd",
            "id": 4238130
        },
        {
            "name": "Brain Damage",
            "artist": "Pink Floyd",
            "id": 4238134
        },
        {
            "name": "Eclipse",
            "artist": "Pink Floyd",
            "id": 4238136
        },
        {
            "name": "Human",
            "artist": "The Killers",
            "id": 21964613
        },
        {
            "name": "Mr. Brightside",
            "artist": "The Killers",
            "id": 27928548
        },
        {
            "name": "Miss Atomic Bomb",
            "artist": "The Killers",
            "id": 21964311
        },
        {
            "name": "Joel the Lump of Coal",
            "artist": "The Killers",
            "id": 29771731
        },
        {
            "name": "Paranoid Android",
            "artist": "Radiohead",
            "id": 22497471
        },
        {
            "name": "Fake Plastic Trees",
            "artist": "Radiohead",
            "id": 18795423
        },
        {
            "name": "Exit Music (For a Film)",
            "artist": "Radiohead",
            "id": 22497473
        },
        {
            "name": "Hymn For The Weekend [Remix]",
            "artist": "Alan Walker",
            "id": 419594258
        },
        {
            "name": "Let's Dance",
            "artist": "David Bowie",
            "id": 5042240
        },
        {
            "name": "Aladdin Sane (Live) [2005 Mix] [2016 Remaster]",
            "artist": "David Bowie",
            "id": 459078160
        },
        {
            "name": "Don't Let Me Down",
            "artist": "John Lennon",
            "id": 1476073
        },
        {
            "name": "How",
            "artist": "John Lennon",
            "id": 1476079
        },
        {
            "name": "Love",
            "artist": "John Lennon",
            "id": 1476821
        },
        {
            "name": "Watching The Wheels",
            "artist": "John Lennon",
            "id": 26961949
        },
        {
            "name": "Nobody Loves You (When You're Down And Out)",
            "artist": "John Lennon",
            "id": 1475363
        },
        {
            "name": "Stand By Me",
            "artist": "John Lennon",
            "id": 1475810
        },
        {
            "name": "Oh My Love",
            "artist": "John Lennon",
            "id": 1475050
        },
        {
            "name": "Time Is Running Out",
            "artist": "Muse",
            "id": 4173060
        },
        {
            "name": "She's In Fashion",
            "artist": "Suede",
            "id": 4279044
        },
        {
            "name": "Lost in TV",
            "artist": "Suede",
            "id": 4278856
        },
        {
            "name": "Green is the Colour",
            "artist": "Pink Floyd",
            "id": 4238506
        },
        {
            "name": "Sitting Here In Silence (On My Own)",
            "artist": "Oasis",
            "id": 17822810
        },
        {
            "name": "Imagine",
            "artist": "John Lennon",
            "id": 1476106
        },
        {
            "name": "Everything Will Flow",
            "artist": "Suede",
            "id": 4279075
        },
        {
            "name": "Yellow",
            "artist": "Coldplay",
            "id": 17177324
        },
        {
            "name": "Unintended",
            "artist": "Muse",
            "id": 21256075
        },
        {
            "name": "Creep",
            "artist": "Radiohead",
            "id": 22605222
        },
        {
            "name": "No Surprises",
            "artist": "Radiohead",
            "id": 22497479
        },
        {
            "name": "Last Flowers",
            "artist": "Radiohead",
            "id": 26130068
        },
        {
            "name": "Comfortably Numb",
            "artist": "Pink Floyd",
            "id": 4237846
        },
        {
            "name": "Fool's Day",
            "artist": "Blur",
            "id": 3951074
        },
        {
            "name": "Can't Take My Eyes off You",
            "artist": "Muse",
            "id": 21256124
        },
        {
            "name": "Supermassive Black Hole (Twilight Soundtrack Version)",
            "artist": "Muse",
            "id": 5042914
        },
        {
            "name": "Wonderwall",
            "artist": "Oasis",
            "id": 4226257
        },
        {
            "name": "Wish You Were Here",
            "artist": "Pink Floyd",
            "id": 4237923
        },
        {
            "name": "Run",
            "artist": "Snow Patrol",
            "id": 21730900
        },
        {
            "name": "Made Of Stone",
            "artist": "The Stone Roses",
            "id": 4338895
        },
        {
            "name": "I Know",
            "artist": "Placebo",
            "id": 4236326
        },
        {
            "name": "Sonnet",
            "artist": "The Verve",
            "id": 22567647
        },
        {
            "name": "Bitter Sweet Symphony",
            "artist": "The Verve",
            "id": 22567646
        },
        {
            "name": "Underwear",
            "artist": "Pulp",
            "id": 18304520
        }
    ]
}