{
    "playlist_info": {
        "name": "英文摇篮曲 | 轻柔歌声陪宝宝安静入眠",
        "trackcount": 20,
        "playcount": 3093293,
        "creator": "云音乐儿歌专区",
        "createDate": "2020-07-01",
        "heat": 2830.0
    },
    "songs": [
        {
            "name": "Rock-A-Bye Baby",
            "artist": "Susie Tallman",
            "id": 3551809
        },
        {
            "name": "All the Pretty Little Horses",
            "artist": "Nick Lachey",
            "id": 557752805
        },
        {
            "name": "Now The Day Is Over",
            "artist": "The Innocence Mission",
            "id": 21935142
        },
        {
            "name": "Edelweiss",
            "artist": "Chalis Butler",
            "id": 1385186739
        },
        {
            "name": "Brahms Lullaby",
            "artist": "Nick Lachey",
            "id": 28024920
        },
        {
            "name": "Swedish Cradle Song",
            "artist": "The Little Series",
            "id": 406117160
        },
        {
            "name": "Baa Baa Black Sheep",
            "artist": "HappyKids.TV",
            "id": 1366648668
        },
        {
            "name": "Twinkle Twinkle Little Star",
            "artist": "Nursery Rhymes Mama Cozy",
            "id": 1319124219
        },
        {
            "name": "Hush-a-Bye, Baby Bye",
            "artist": "Kim Mitzo Thompson",
            "id": 1423082511
        },
        {
            "name": "Counting 1 to 10",
            "artist": "Barbara Milne",
            "id": 1374591919
        },
        {
            "name": "Hush A Bye Baby",
            "artist": "Charlotte Shorthouse",
            "id": 31654918
        },
        {
            "name": "My Jesus, I Love Thee",
            "artist": "James Heatherington",
            "id": 557286627
        },
        {
            "name": "Ice Cream Song",
            "artist": "Anuradha Javeri",
            "id": 1371170113
        },
        {
            "name": "Hush Little Baby",
            "artist": "Kid Lullaby Ensemble",
            "id": 568600838
        },
        {
            "name": "Go To Sleep, Little One (feat. Twin Sisters)",
            "artist": "Nashville Kids' Sound",
            "id": 1440826704
        },
        {
            "name": "The Owl and The Pussy Cat",
            "artist": "Bunty and Friends",
            "id": 1447003537
        },
        {
            "name": "Counting by Tens",
            "artist": "Barbara Milne",
            "id": 1374595286
        },
        {
            "name": "I See the Moon",
            "artist": "Nicki White",
            "id": 531322143
        },
        {
            "name": "Silent Night",
            "artist": "The Singalongasong Band",
            "id": 1410885454
        },
        {
            "name": "Over The Rainbow",
            "artist": "Dream A Little Dream",
            "id": 535624821
        }
    ]
}