{
    "playlist_info": {
        "name": "蓝调摇滚精选",
        "trackcount": 30,
        "playcount": 131861,
        "creator": "云音乐多多",
        "createDate": "2021-03-30",
        "heat": 160.0
    },
    "songs": [
        {
            "name": "Come and Get Your Love",
            "artist": "Redbone",
            "id": 28864241
        },
        {
            "name": "落地之前",
            "artist": "郭顶",
            "id": 442869196
        },
        {
            "name": "A Fool In Love",
            "artist": "Jimmy Barnes",
            "id": 2865424
        },
        {
            "name": "Raise Hell",
            "artist": "DOROTHY",
            "id": 34516569
        },
        {
            "name": "I Hate Myself for Loving You",
            "artist": "Joan Jett & the Blackhearts",
            "id": 1311761186
        },
        {
            "name": "I Remember You",
            "artist": "Keb' Mo'",
            "id": 1364336908
        },
        {
            "name": "Sensitive Kind",
            "artist": "Eric Clapton",
            "id": 28851137
        },
        {
            "name": "路",
            "artist": "deca joins",
            "id": 483378332
        },
        {
            "name": "I Got The Same Old Blues",
            "artist": "J.J. Cale",
            "id": 18610082
        },
        {
            "name": "The Thrill Is Gone",
            "artist": "B.B. King",
            "id": 1079753
        },
        {
            "name": "Picture of the Moon",
            "artist": "Gary Moore",
            "id": 17970298
        },
        {
            "name": "Gotta Knock a Little Harder",
            "artist": "山根麻衣",
            "id": 589968
        },
        {
            "name": "Blackest Day",
            "artist": "Joanne Shaw Taylor",
            "id": 18579829
        },
        {
            "name": "When Love Comes To Town",
            "artist": "B.B. King",
            "id": 4407029
        },
        {
            "name": "Reconsider Baby",
            "artist": "Joe Bonamassa",
            "id": 27047031
        },
        {
            "name": "Roll over Beethoven",
            "artist": "Chuck Berry",
            "id": 529021701
        },
        {
            "name": "Enough of the Blues",
            "artist": "Gary Moore",
            "id": 17970293
        },
        {
            "name": "Johnny Guitar",
            "artist": "Johnny Winter",
            "id": 18673313
        },
        {
            "name": "Magnolia",
            "artist": "Eric Clapton",
            "id": 28851139
        },
        {
            "name": "Blue Guitar",
            "artist": "Earl Hooker",
            "id": 27073071
        },
        {
            "name": "House of the Rising Sun",
            "artist": "The Animals",
            "id": 3573790
        },
        {
            "name": "Dimples",
            "artist": "John Lee Hooker",
            "id": 18750493
        },
        {
            "name": "I See Red",
            "artist": "Everybody Loves an Outlaw",
            "id": 1466588714
        },
        {
            "name": "石头在歌唱",
            "artist": "谭维维",
            "id": 293966
        },
        {
            "name": "Along for the Ride",
            "artist": "John Mayall",
            "id": 1504772
        },
        {
            "name": "Cajun Moon",
            "artist": "J.J. Cale",
            "id": 18610080
        },
        {
            "name": "Scuttle Buttin'",
            "artist": "Stevie Ray Vaughan",
            "id": 1939910
        },
        {
            "name": "Miss You",
            "artist": "Buddy Guy",
            "id": 27106957
        },
        {
            "name": "Oh! What a Shiny Night",
            "artist": "Crying Nut",
            "id": 1447465763
        },
        {
            "name": "Loan Me A Dime",
            "artist": "Dave Meniketti",
            "id": 17342851
        }
    ]
}