{
    "playlist_info": {
        "name": "迷幻舞曲精选",
        "trackcount": 30,
        "playcount": 1556,
        "creator": "云音乐多多",
        "createDate": "2021-03-30",
        "heat": 1.0
    },
    "songs": [
        {
            "name": "Like I Love You (Vocal Club Cut)",
            "artist": "The Hitmen",
            "id": 5171426
        },
        {
            "name": "The Heart of the Ocean (Radio Mix)",
            "artist": "Mythos 'N DJ Cosmo",
            "id": 558510224
        },
        {
            "name": "Hold On To You",
            "artist": "Omnia",
            "id": 489998945
        },
        {
            "name": "This Is What It Feels Like",
            "artist": "Armin van Buuren",
            "id": 28100509
        },
        {
            "name": "The Network",
            "artist": "FUTURECODE",
            "id": 1374602770
        },
        {
            "name": "Weekend",
            "artist": "Dirk Reichardt",
            "id": 26624725
        },
        {
            "name": "Miracle",
            "artist": "Calvin Harris",
            "id": 2028687888
        },
        {
            "name": "Dancing In The Rain",
            "artist": "FUTURECODE",
            "id": 1355814875
        },
        {
            "name": "Year Of The Dragon",
            "artist": "NWYR",
            "id": 1871054631
        },
        {
            "name": "Real Fire",
            "artist": "Mystical Complex",
            "id": 1376815543
        },
        {
            "name": "「极地暗流」- Narwhal",
            "artist": "战双帕弥什",
            "id": 1416730484
        },
        {
            "name": "Yesterday",
            "artist": "Gareth Emery",
            "id": 1415347924
        },
        {
            "name": "Anthem (The 2002 FIFA World Cup Official Anthem) [JS Radio Edit]",
            "artist": "Vangelis",
            "id": 5208522
        },
        {
            "name": "Empty Streets",
            "artist": "Late Night Alumni",
            "id": 4154720
        },
        {
            "name": "裁决日",
            "artist": "塞壬唱片-MSR",
            "id": 2053918846
        },
        {
            "name": "Hands",
            "artist": "Gareth Emery",
            "id": 407862278
        },
        {
            "name": "Ether Strike",
            "artist": "Akira Complex",
            "id": 1300423182
        },
        {
            "name": "滲色血界、月狂ノ獄",
            "artist": "nayuta",
            "id": 425281002
        },
        {
            "name": "Strayer",
            "artist": "Taishi",
            "id": 1336996279
        },
        {
            "name": "Scorpion",
            "artist": "Chris Schweizer",
            "id": 407000933
        },
        {
            "name": "Protoflicker",
            "artist": "Silentroom",
            "id": 1433290493
        },
        {
            "name": "绯色月下、狂咲ノ絶",
            "artist": "nayuta",
            "id": 22785207
        },
        {
            "name": "River",
            "artist": "Andrew Rayel",
            "id": 1862232362
        },
        {
            "name": "Never Without You (feat. Sean Ryan)",
            "artist": "ATB",
            "id": 473602914
        },
        {
            "name": "ジャックバトル",
            "artist": "Wall5 Project",
            "id": 4954133
        },
        {
            "name": "Sandstorm",
            "artist": "Darude",
            "id": 17259895
        },
        {
            "name": "Adelante",
            "artist": "Sash!",
            "id": 1866893118
        },
        {
            "name": "Le Tour de Trance",
            "artist": "Orjan Nilsen",
            "id": 1819257
        },
        {
            "name": "You Are",
            "artist": "Armin van Buuren",
            "id": 492144544
        },
        {
            "name": "Relate",
            "artist": "紫咲ほたる",
            "id": 22785150
        }
    ]
}