{
    "playlist_info": {
        "name": "迪士尼皮克斯高燃/催泪/经典歌曲精选",
        "trackcount": 66,
        "playcount": 624767,
        "creator": "狂派威震天大人",
        "createDate": "2017-05-22",
        "heat": 280.0
    },
    "songs": [
        {
            "name": "Part of Your World (From \"The Little Mermaid\")",
            "artist": "Halle",
            "id": 2048758484
        },
        {
            "name": "Under the Sea (From \"The Little Mermaid\"/Soundtrack Version)",
            "artist": "Daveed Diggs",
            "id": 2048758489
        },
        {
            "name": "Poor Unfortunate Souls (From \"The Little Mermaid\"/Soundtrack Version)",
            "artist": "Melissa McCarthy",
            "id": 2048758491
        },
        {
            "name": "For the First Time (From \"The Little Mermaid\"/Soundtrack Version)",
            "artist": "Halle",
            "id": 2048760799
        },
        {
            "name": "Wild Uncharted Waters (From \"The Little Mermaid\"/Soundtrack Version)",
            "artist": "Jonah Hauer-King",
            "id": 2048760797
        },
        {
            "name": "Strong",
            "artist": "Sonna Rele",
            "id": 30967297
        },
        {
            "name": "Beauty and the Beast",
            "artist": "Ariana Grande",
            "id": 455311526
        },
        {
            "name": "Belle",
            "artist": "Emma Watson",
            "id": 464035718
        },
        {
            "name": "Gaston",
            "artist": "Josh Gad",
            "id": 464035721
        },
        {
            "name": "Evermore",
            "artist": "Dan Stevens",
            "id": 464035727
        },
        {
            "name": "Arabian Nights (2019)",
            "artist": "Will Smith",
            "id": 1366903029
        },
        {
            "name": "One Jump Ahead",
            "artist": "Mena Massoud",
            "id": 1366901708
        },
        {
            "name": "Friend Like Me",
            "artist": "Will Smith",
            "id": 1366903032
        },
        {
            "name": "Prince Ali",
            "artist": "Will Smith",
            "id": 1366903033
        },
        {
            "name": "A Whole New World",
            "artist": "Mena Massoud",
            "id": 1366903034
        },
        {
            "name": "Speechless (Full)",
            "artist": "Naomi Scott",
            "id": 1366903039
        },
        {
            "name": "Do You Want to Build a Snowman? (From \"Frozen\"/Soundtrack Version)",
            "artist": "Kristen Bell",
            "id": 28031114
        },
        {
            "name": "For the First Time in Forever (From \"Frozen\"/Soundtrack Version)",
            "artist": "Kristen Bell",
            "id": 28031116
        },
        {
            "name": "Love Is an Open Door (From \"Frozen\"/Soundtrack Version)",
            "artist": "Kristen Bell",
            "id": 28031117
        },
        {
            "name": "Let It Go (From \"Frozen\"/Soundtrack Version)",
            "artist": "Idina Menzel",
            "id": 28031119
        },
        {
            "name": "All Is Found (From \"Frozen 2\"/Soundtrack Version)",
            "artist": "Evan Rachel Wood",
            "id": 1403858538
        },
        {
            "name": "Some Things Never Change (From \"Frozen 2\"/Soundtrack Version)",
            "artist": "Kristen Bell",
            "id": 1403858439
        },
        {
            "name": "Lost in the Woods (From \"Frozen 2\"/Soundtrack Version)",
            "artist": "Jonathan Groff",
            "id": 1403860152
        },
        {
            "name": "Show Yourself (From \"Frozen 2\"/Soundtrack Version)",
            "artist": "Idina Menzel",
            "id": 1403858544
        },
        {
            "name": "Into the Unknown (From \"Frozen 2\"/Soundtrack Version)",
            "artist": "Idina Menzel",
            "id": 1403858440
        },
        {
            "name": "Circle of Life/Nants' Ingonyama",
            "artist": "Lindiwe Mkhize",
            "id": 1377408854
        },
        {
            "name": "I Just Can't Wait to Be King",
            "artist": "JD McCrary",
            "id": 1377408857
        },
        {
            "name": "Be Prepared (2019)",
            "artist": "Chiwetel Ejiofor",
            "id": 1377408858
        },
        {
            "name": "Hakuna Matata",
            "artist": "Billy Eichner",
            "id": 1377408860
        },
        {
            "name": "Can You Feel the Love Tonight",
            "artist": "Beyoncé",
            "id": 1377412515
        },
        {
            "name": "Spirit",
            "artist": "Beyoncé",
            "id": 1377412517
        },
        {
            "name": "Never Too Late",
            "artist": "Elton John",
            "id": 1377412520
        },
        {
            "name": "Where You Are",
            "artist": "Nicole Scherzinger",
            "id": 441102481
        },
        {
            "name": "How Far I'll Go",
            "artist": "Auli'i Cravalho",
            "id": 441102482
        },
        {
            "name": "We Know The Way (From \"Moana\")",
            "artist": "Opetaia Foa'i",
            "id": 440556143
        },
        {
            "name": "You're Welcome",
            "artist": "Dwayne Johnson",
            "id": 441102485
        },
        {
            "name": "Shiny",
            "artist": "Jemaine Clement",
            "id": 441102486
        },
        {
            "name": "Logo Te Pate",
            "artist": "Opetaia Foa'i",
            "id": 441102487
        },
        {
            "name": "I Am Moana (Song of the Ancestors)",
            "artist": "Auli'i Cravalho",
            "id": 441102488
        },
        {
            "name": "Try Everything (From \"Zootopia\")",
            "artist": "Shakira",
            "id": 41554868
        },
        {
            "name": "I Like to Move It",
            "artist": "will.i.am",
            "id": 1427404
        },
        {
            "name": "Barking at the Moon",
            "artist": "Jenny Lewis",
            "id": 1496034
        },
        {
            "name": "My Superstar",
            "artist": "Jessie J",
            "id": 445153312
        },
        {
            "name": "Sticks & Stones",
            "artist": "Jónsi",
            "id": 18614901
        },
        {
            "name": "Into a Fantasy",
            "artist": "Alexander Rybak",
            "id": 28661677
        },
        {
            "name": "Fly Love",
            "artist": "Jamie Foxx",
            "id": 5038907
        },
        {
            "name": "Married Life",
            "artist": "Michael Giacchino",
            "id": 1709302
        },
        {
            "name": "Scream",
            "artist": "CeeLo Green",
            "id": 26548581
        },
        {
            "name": "Fun, Fun, Fun",
            "artist": "Pharrell Williams",
            "id": 26548587
        },
        {
            "name": "Happy",
            "artist": "Pharrell Williams",
            "id": 26548584
        },
        {
            "name": "Reflection",
            "artist": "Lea Salonga",
            "id": 5055766
        },
        {
            "name": "You Belong To Me",
            "artist": "Jason Wade",
            "id": 5053289
        },
        {
            "name": "Down to Earth",
            "artist": "Peter Gabriel",
            "id": 1825968
        },
        {
            "name": "Proud Corazón",
            "artist": "Anthony Gonzalez",
            "id": 521726701
        },
        {
            "name": "Remember Me (Dúo) (From \"Coco\"/Soundtrack Version)",
            "artist": "Miguel",
            "id": 515573352
        },
        {
            "name": "We Belong Together",
            "artist": "Randy Newman",
            "id": 1882623
        },
        {
            "name": "When She Loved Me",
            "artist": "Sarah McLachlan",
            "id": 1883355
        },
        {
            "name": "Under the Sea",
            "artist": "Raven-Symoné",
            "id": 1058198
        },
        {
            "name": "When Can I See You Again?",
            "artist": "Owl City",
            "id": 27731290
        },
        {
            "name": "Zero",
            "artist": "Imagine Dragons",
            "id": 1325847301
        },
        {
            "name": "Vacation",
            "artist": "G.R.L.",
            "id": 27090404
        },
        {
            "name": "Shine Your Way",
            "artist": "Owl City",
            "id": 26367760
        },
        {
            "name": "I See the Light",
            "artist": "Mandy Moore",
            "id": 1057507
        },
        {
            "name": "Try Try Try",
            "artist": "Jason Mraz",
            "id": 1474821
        },
        {
            "name": "Immortals (End Credit Version) [\"From \"Big Hero 6”]",
            "artist": "Fall Out Boy",
            "id": 29535483
        },
        {
            "name": "Firework",
            "artist": "Katy Perry",
            "id": 1425704
        }
    ]
}