{
    "playlist_info": {
        "name": "跃动电子‖鼓舞人心",
        "trackcount": 367,
        "playcount": 118472,
        "creator": "Yochino",
        "createDate": "2016-06-04",
        "heat": 45.0
    },
    "songs": [
        {
            "name": "Crysta",
            "artist": "Wisp X",
            "id": 1397105526
        },
        {
            "name": "Snowfield",
            "artist": "Wisp X",
            "id": 2002345758
        },
        {
            "name": "Northern Lights",
            "artist": "Vexento",
            "id": 1915010643
        },
        {
            "name": "Enchant",
            "artist": "Hinkik",
            "id": 1939763198
        },
        {
            "name": "Eternal Twilight",
            "artist": "Wisp X",
            "id": 1335349532
        },
        {
            "name": "Ascension",
            "artist": "EmoCosine",
            "id": 2043970771
        },
        {
            "name": "Fading Wind",
            "artist": "Feint",
            "id": 1845904638
        },
        {
            "name": "Feels Like",
            "artist": "KITSUNE",
            "id": 1868101771
        },
        {
            "name": "Symmetry",
            "artist": "FEWZ",
            "id": 2034211808
        },
        {
            "name": "Aquamarine",
            "artist": "Wisp X",
            "id": 1989130502
        },
        {
            "name": "Horizons",
            "artist": "Janji",
            "id": 1825789506
        },
        {
            "name": "Nostalgia",
            "artist": "PIKASONIC",
            "id": 1870834564
        },
        {
            "name": "Wildflowers",
            "artist": "PIKASONIC",
            "id": 1457925241
        },
        {
            "name": "Friends",
            "artist": "Hyper Potions",
            "id": 500412182
        },
        {
            "name": "Why Can't You Let Me Be",
            "artist": "Mameyudoufu",
            "id": 2015001453
        },
        {
            "name": "Inside",
            "artist": "PIKASONIC",
            "id": 1478565043
        },
        {
            "name": "Asekia",
            "artist": "IELY",
            "id": 1905942209
        },
        {
            "name": "EVERYDAYAAA+!!!",
            "artist": "Shiroi-Ice",
            "id": 1891312927
        },
        {
            "name": "Above The Clouds",
            "artist": "KabookiZ",
            "id": 431096916
        },
        {
            "name": "Cheese",
            "artist": "IslandWind",
            "id": 1342807956
        },
        {
            "name": "Just Chatting",
            "artist": "Synthion",
            "id": 1933050354
        },
        {
            "name": "Surf",
            "artist": "Hyper Potions",
            "id": 459720807
        },
        {
            "name": "Celestial Horizon",
            "artist": "Fractal Dreamers",
            "id": 1416767372
        },
        {
            "name": "Cappuccino",
            "artist": "RUQOA",
            "id": 1437344471
        },
        {
            "name": "Timeleap",
            "artist": "PIKASONIC",
            "id": 2030060118
        },
        {
            "name": "週末京都現実逃避",
            "artist": "しゃろう",
            "id": 1831400985
        },
        {
            "name": "Love Birds",
            "artist": "Snail's House",
            "id": 1824025281
        },
        {
            "name": "Trick",
            "artist": "PIKASONIC",
            "id": 2025482254
        },
        {
            "name": "Lovely Space",
            "artist": "Couple N",
            "id": 1381849413
        },
        {
            "name": "Rainbow",
            "artist": "Couple N",
            "id": 1343570205
        },
        {
            "name": "Nation",
            "artist": "PIKASONIC",
            "id": 1836809943
        },
        {
            "name": "Remember",
            "artist": "PIKASONIC",
            "id": 2014338219
        },
        {
            "name": "Abiogenesis",
            "artist": "Juggernaut.",
            "id": 1416321652
        },
        {
            "name": "チョコレーション",
            "artist": "Tensions",
            "id": 1858867082
        },
        {
            "name": "Lemonade",
            "artist": "PIKASONIC",
            "id": 1971575033
        },
        {
            "name": "I Will Someday",
            "artist": "Dimatis",
            "id": 1889755420
        },
        {
            "name": "Neon Rainbow",
            "artist": "Rameses B",
            "id": 416011673
        },
        {
            "name": "Speed Complexxx",
            "artist": "Kobaryo",
            "id": 558377347
        },
        {
            "name": "Infinity",
            "artist": "PIKASONIC",
            "id": 1912666128
        },
        {
            "name": "Alpharise",
            "artist": "BlackY",
            "id": 1366552298
        },
        {
            "name": "Interstellar",
            "artist": "PIKASONIC",
            "id": 1900207101
        },
        {
            "name": "LAX",
            "artist": "Big Giant Circles",
            "id": 32897747
        },
        {
            "name": "Sky",
            "artist": "PIKASONIC",
            "id": 1417968572
        },
        {
            "name": "Cosmos",
            "artist": "PIKASONIC",
            "id": 1494168127
        },
        {
            "name": "Mesmerize",
            "artist": "Tobu",
            "id": 29379951
        },
        {
            "name": "Memes",
            "artist": "NIVIRO",
            "id": 550786832
        },
        {
            "name": "-Rebirth-",
            "artist": "Banshi",
            "id": 498555651
        },
        {
            "name": "Chasing the Dragon ",
            "artist": "EnV",
            "id": 1384484361
        },
        {
            "name": "Skyland",
            "artist": "Mich",
            "id": 1911075425
        },
        {
            "name": "Angels (Radio Edit)",
            "artist": "Vicetone",
            "id": 31477895
        },
        {
            "name": "Time Bomb",
            "artist": "Feint",
            "id": 26824344
        },
        {
            "name": "Relive",
            "artist": "PIKASONIC",
            "id": 1890494314
        },
        {
            "name": "Starlight",
            "artist": "FEWZ",
            "id": 444524555
        },
        {
            "name": "Fairy Light",
            "artist": "Kirara Magic",
            "id": 1336428387
        },
        {
            "name": "The High Seas",
            "artist": "EnV",
            "id": 1334754377
        },
        {
            "name": "Time Leaper",
            "artist": "Hinkik",
            "id": 1939762974
        },
        {
            "name": "Installed",
            "artist": "SaMZIng",
            "id": 1305100638
        },
        {
            "name": "Princess",
            "artist": "PIKASONIC",
            "id": 1935362667
        },
        {
            "name": "Close Your Eyes",
            "artist": "FEWZ",
            "id": 1977964217
        },
        {
            "name": "Heartstrings",
            "artist": "Feint",
            "id": 1904918719
        },
        {
            "name": "River (Instrumental)",
            "artist": "Axel Johansson",
            "id": 542871705
        },
        {
            "name": "Visions",
            "artist": "Acreix",
            "id": 34040716
        },
        {
            "name": "Oblivion",
            "artist": "Cody Sorenson",
            "id": 458496914
        },
        {
            "name": "Highscore",
            "artist": "Panda Eyes",
            "id": 1939760259
        },
        {
            "name": "Shadows",
            "artist": "Janji",
            "id": 546963482
        },
        {
            "name": "Particle Arts",
            "artist": "Virtual Self",
            "id": 523251142
        },
        {
            "name": "True Light",
            "artist": "Childsion",
            "id": 416388016
        },
        {
            "name": "A Peaceful Place",
            "artist": "Wisp X",
            "id": 426502133
        },
        {
            "name": "Final Moments",
            "artist": "Wisp X",
            "id": 30780436
        },
        {
            "name": "Whispers from a Distant Star",
            "artist": "Fractal Dreamers",
            "id": 1410541799
        },
        {
            "name": "Piano Returns",
            "artist": "PAX JAPONICA GROOVE",
            "id": 28075331
        },
        {
            "name": "Cosmic Fate",
            "artist": "Wisp X",
            "id": 532267293
        },
        {
            "name": "Memories",
            "artist": "Juggernaut.",
            "id": 1480045848
        },
        {
            "name": "Ikigai",
            "artist": "Ulchero",
            "id": 1315609787
        },
        {
            "name": "Wake Me Up",
            "artist": "Avicii",
            "id": 27713920
        },
        {
            "name": "Waiting For Love",
            "artist": "Avicii",
            "id": 31356499
        },
        {
            "name": "with all my heart",
            "artist": "Wisp X",
            "id": 1947022101
        },
        {
            "name": "isolation",
            "artist": "Wisp X",
            "id": 1947019618
        },
        {
            "name": "innocence",
            "artist": "Wisp X",
            "id": 1947018385
        },
        {
            "name": "Sunflower",
            "artist": "Snail's House",
            "id": 499793448
        },
        {
            "name": "Destination",
            "artist": "iMeiden",
            "id": 504646345
        },
        {
            "name": "Chronomia",
            "artist": "Kankitsu",
            "id": 1356295672
        },
        {
            "name": "Start Point",
            "artist": ".banbanshi",
            "id": 528116536
        },
        {
            "name": "Re*Vanilla",
            "artist": "Banshi",
            "id": 529391624
        },
        {
            "name": "Sapphire",
            "artist": "PIKASONIC",
            "id": 1434225631
        },
        {
            "name": "Starry Night",
            "artist": "Couple N",
            "id": 1342840047
        },
        {
            "name": "cHeefully",
            "artist": "Banshi",
            "id": 476081984
        },
        {
            "name": "World",
            "artist": "PIKASONIC",
            "id": 1441042229
        },
        {
            "name": "Not Eternal",
            "artist": "Couple N",
            "id": 1347860369
        },
        {
            "name": "Anemoi",
            "artist": "ginkiha",
            "id": 29017061
        },
        {
            "name": "Last Promise",
            "artist": "RAYの丼",
            "id": 1849271145
        },
        {
            "name": "Kotonoha",
            "artist": "Banshi",
            "id": 40729217
        },
        {
            "name": "Stasis",
            "artist": "Wisp X",
            "id": 1893307724
        },
        {
            "name": "Swaying",
            "artist": "IslandWind",
            "id": 1309101229
        },
        {
            "name": "Apex",
            "artist": "Far Out",
            "id": 1333144056
        },
        {
            "name": "Originally",
            "artist": "SNKS",
            "id": 1483842967
        },
        {
            "name": "迢迢",
            "artist": "Croem",
            "id": 1302203708
        },
        {
            "name": "Skip!!",
            "artist": "Banshi",
            "id": 40729220
        },
        {
            "name": "Endless Hanabi",
            "artist": "PIKASONIC",
            "id": 1855639956
        },
        {
            "name": "Forever (Epic Edition)",
            "artist": "PIKASONIC",
            "id": 1462341831
        },
        {
            "name": "しゅわしゅわハニーレモン350ml",
            "artist": "しゃろう",
            "id": 1851716449
        },
        {
            "name": "サンタは中央線でやってくる",
            "artist": "しゃろう",
            "id": 1831401713
        },
        {
            "name": "Guitar Sound",
            "artist": "Ronald Jenkees",
            "id": 20244741
        },
        {
            "name": "2:23 AM",
            "artist": "しゃろう",
            "id": 1831400576
        },
        {
            "name": "10℃",
            "artist": "しゃろう",
            "id": 1831401767
        },
        {
            "name": "Artemis",
            "artist": "Kirara Magic",
            "id": 1815899655
        },
        {
            "name": "Iron Princess",
            "artist": "Xomu",
            "id": 1452371387
        },
        {
            "name": "Gloxinia",
            "artist": "Xomu",
            "id": 1821918070
        },
        {
            "name": "We Won't Be Alone",
            "artist": "Feint",
            "id": 34766078
        },
        {
            "name": "It’s alright",
            "artist": "ARForest",
            "id": 1402824446
        },
        {
            "name": "Origin",
            "artist": "TheFatRat",
            "id": 1353191063
        },
        {
            "name": "Intro",
            "artist": "BlackY",
            "id": 1301572751
        },
        {
            "name": "Heartbeat",
            "artist": "KORAYUME",
            "id": 1337702711
        },
        {
            "name": "Setsuna",
            "artist": "Xomu",
            "id": 1447458944
        },
        {
            "name": "17.",
            "artist": "ChakYoun9",
            "id": 557820289
        },
        {
            "name": "Polaris (NGC 3.14 Remix)",
            "artist": "NGC 3.14",
            "id": 404182475
        },
        {
            "name": "Empyrean",
            "artist": "himmel",
            "id": 407759834
        },
        {
            "name": "Lovely Daydream",
            "artist": "Kirara Magic",
            "id": 1315919992
        },
        {
            "name": "Da~Da~Qua!!!",
            "artist": "GUMIpoi",
            "id": 1378301383
        },
        {
            "name": "Dot.",
            "artist": "SimorE",
            "id": 1417724576
        },
        {
            "name": "温软宇宙",
            "artist": "Crazy Bucket",
            "id": 1415642281
        },
        {
            "name": "南淮之长夜无荒",
            "artist": "周意悦Sam",
            "id": 555181271
        },
        {
            "name": "Origin Of Life",
            "artist": "Jay Hifive",
            "id": 420134372
        },
        {
            "name": "I Love Mondays",
            "artist": "Vexento",
            "id": 1331819055
        },
        {
            "name": "I'm Yours",
            "artist": "Day 7",
            "id": 500684239
        },
        {
            "name": "Faeth",
            "artist": "Wisp X",
            "id": 1397105536
        },
        {
            "name": "Azure Rose",
            "artist": "Wisp X",
            "id": 1397109107
        },
        {
            "name": "Sypha",
            "artist": "Wisp X",
            "id": 1397105547
        },
        {
            "name": "Loner",
            "artist": "Wisp X",
            "id": 1397109098
        },
        {
            "name": "Start Smiling! :)",
            "artist": "Manu Lei",
            "id": 411921066
        },
        {
            "name": "Hope (Original Mix)",
            "artist": "Breno",
            "id": 32450127
        },
        {
            "name": "Clouds (Version 2)",
            "artist": "TomLeevis",
            "id": 400162938
        },
        {
            "name": "花月",
            "artist": "Kirara Magic",
            "id": 1360122230
        },
        {
            "name": "Moonfall",
            "artist": "Xomu",
            "id": 572372650
        },
        {
            "name": "Lumina",
            "artist": "Wisp X",
            "id": 1395977748
        },
        {
            "name": "Grape Soda",
            "artist": "Snail's House",
            "id": 36357822
        },
        {
            "name": "Again",
            "artist": "∀",
            "id": 500453180
        },
        {
            "name": "Chrono",
            "artist": "Kirara Magic",
            "id": 1343460749
        },
        {
            "name": "你皆唯一",
            "artist": "小想sama",
            "id": 510374981
        },
        {
            "name": "Journey",
            "artist": "ARForest",
            "id": 1363303056
        },
        {
            "name": "Just Run",
            "artist": "ELE SHEEP",
            "id": 513256641
        },
        {
            "name": "Good Morning",
            "artist": "Mario M",
            "id": 28054761
        },
        {
            "name": "Last Dance",
            "artist": "Xomu",
            "id": 1370028656
        },
        {
            "name": "Paradisus-Paradoxum (Wisp X Remix)",
            "artist": "Wisp X",
            "id": 432506297
        },
        {
            "name": "可爱即正义",
            "artist": "BobbyER",
            "id": 1349500180
        },
        {
            "name": "Light Hope",
            "artist": "浮云心丶",
            "id": 508183250
        },
        {
            "name": "Little More",
            "artist": "浮云心丶",
            "id": 531603622
        },
        {
            "name": "Reverie",
            "artist": "浮云心丶",
            "id": 546128953
        },
        {
            "name": "Staring At The Lights",
            "artist": "Vexento",
            "id": 429769629
        },
        {
            "name": "Where We Belong",
            "artist": "Kozoro",
            "id": 1360849407
        },
        {
            "name": "Alive",
            "artist": "Little End",
            "id": 1358775119
        },
        {
            "name": "Tera",
            "artist": "Xomu",
            "id": 521415465
        },
        {
            "name": "RADWIMPS - 夢灯籠 (FN007 Remix)",
            "artist": "FN007",
            "id": 471042730
        },
        {
            "name": "Charming (Original Mix)",
            "artist": "Electronic Rat",
            "id": 541485124
        },
        {
            "name": "Lanterns",
            "artist": "Xomu",
            "id": 569962512
        },
        {
            "name": "Pagoda",
            "artist": "Xomu",
            "id": 1325892124
        },
        {
            "name": "No Longer(Original Mix)",
            "artist": "Ellivs",
            "id": 426832134
        },
        {
            "name": "One Thousand Nights",
            "artist": "Zeraphym 六翼使徒",
            "id": 1357325787
        },
        {
            "name": "CandyStar☆",
            "artist": "SaMZIng",
            "id": 476509463
        },
        {
            "name": "CandyGirl",
            "artist": "Snail's House",
            "id": 36357826
        },
        {
            "name": "Baka",
            "artist": "Alwone",
            "id": 1313104215
        },
        {
            "name": "BIU",
            "artist": "Keega",
            "id": 1352120735
        },
        {
            "name": "Infinity",
            "artist": "Axel Wernberg",
            "id": 36024380
        },
        {
            "name": "惊梦 feat. Himawari",
            "artist": "Aosaki",
            "id": 28100900
        },
        {
            "name": "喜欢",
            "artist": "琅泱",
            "id": 862345682
        },
        {
            "name": "Different Worlds",
            "artist": "Tamame",
            "id": 34986963
        },
        {
            "name": "Flames",
            "artist": "千坂",
            "id": 1350395694
        },
        {
            "name": "Waiting",
            "artist": "早餐",
            "id": 546128769
        },
        {
            "name": "Take me hand",
            "artist": "DAISHI DANCE",
            "id": 26092806
        },
        {
            "name": "Allure",
            "artist": "Sky.High",
            "id": 521417510
        },
        {
            "name": "Treading in the Abyss",
            "artist": "Wisp X",
            "id": 1335349531
        },
        {
            "name": "Glass Heart",
            "artist": "Wisp X",
            "id": 1335349530
        },
        {
            "name": "White Magic",
            "artist": "Snail's House",
            "id": 33469659
        },
        {
            "name": "Breeze",
            "artist": "Keega",
            "id": 1319347101
        },
        {
            "name": "Will (Tenkitsune x MLKSHK! Remix)",
            "artist": "SnoweeD",
            "id": 415792667
        },
        {
            "name": "United We Dance (Club Mix)",
            "artist": "Vicetone",
            "id": 29710375
        },
        {
            "name": "ココロトラベル",
            "artist": "Snail's House",
            "id": 33111640
        },
        {
            "name": "Memories (Eunoia Remix)",
            "artist": "Eunoia",
            "id": 864647353
        },
        {
            "name": "Brighter Skies",
            "artist": "Lightscape",
            "id": 508917233
        },
        {
            "name": "Colors (Original Mix)",
            "artist": "Alex Doan",
            "id": 34144161
        },
        {
            "name": "Chrono Field",
            "artist": "Wisp X",
            "id": 1319875860
        },
        {
            "name": "Hollow",
            "artist": "Wisp X",
            "id": 1316563817
        },
        {
            "name": "Fantasy World",
            "artist": "千坂",
            "id": 455861120
        },
        {
            "name": "Starry",
            "artist": "千坂",
            "id": 436668247
        },
        {
            "name": "Alter",
            "artist": "千坂",
            "id": 573636769
        },
        {
            "name": "Land of Silence",
            "artist": "千坂",
            "id": 1314975701
        },
        {
            "name": "The 7 Seas",
            "artist": "F-777",
            "id": 41644553
        },
        {
            "name": "Sweet",
            "artist": "DcAlvis",
            "id": 484278264
        },
        {
            "name": "Sky Castle",
            "artist": "Wisp X",
            "id": 1305365500
        },
        {
            "name": "Refract Reality",
            "artist": "Wisp X",
            "id": 1305367504
        },
        {
            "name": "Distance",
            "artist": "Wisp X",
            "id": 1305365499
        },
        {
            "name": "Shatter",
            "artist": "Wisp X",
            "id": 1305364461
        },
        {
            "name": "Remnants(SimorE Remix)",
            "artist": "SimorE",
            "id": 1302679320
        },
        {
            "name": "Ocean Floor (Original Mix)",
            "artist": "ZENI",
            "id": 403136290
        },
        {
            "name": "Crimson (Instrumental)",
            "artist": "Wisp X",
            "id": 438801256
        },
        {
            "name": "Return",
            "artist": "Axel Wernberg",
            "id": 404184089
        },
        {
            "name": "With Me",
            "artist": "FN007",
            "id": 541509591
        },
        {
            "name": "Stray",
            "artist": "Feint",
            "id": 30394495
        },
        {
            "name": "Settle",
            "artist": "千坂",
            "id": 572719808
        },
        {
            "name": "Journey (Wake Up)",
            "artist": "Zeraphym",
            "id": 571494473
        },
        {
            "name": "Sonic Blaster",
            "artist": "F-777",
            "id": 41644510
        },
        {
            "name": "Forgive Me",
            "artist": "FN007",
            "id": 568240556
        },
        {
            "name": "Killing Me",
            "artist": "FN007",
            "id": 498373511
        },
        {
            "name": "You",
            "artist": "千坂",
            "id": 506520164
        },
        {
            "name": "Sitting Next To You",
            "artist": "Mokoa",
            "id": 29816970
        },
        {
            "name": "Never Be Alone",
            "artist": "TheFatRat",
            "id": 30987781
        },
        {
            "name": "Chocological",
            "artist": "Mili",
            "id": 28921692
        },
        {
            "name": "恋雪",
            "artist": "Delos",
            "id": 518546461
        },
        {
            "name": "水瀬いのり / 久保ユリカ - 動く、動く (Gəyxe Ver.)（Gəyxe / 水瀬いのり / 久保ユリカ remix）",
            "artist": "HJLL",
            "id": 523865264
        },
        {
            "name": "Time Corrodes Me",
            "artist": "Zeraphym 六翼使徒",
            "id": 38019124
        },
        {
            "name": "The Garden of Memories",
            "artist": "Miro",
            "id": 39224662
        },
        {
            "name": "The Garden of Escapism",
            "artist": "Miro",
            "id": 35497894
        },
        {
            "name": "Ebb and Flow (5 years after remix)",
            "artist": "Tamame",
            "id": 29819851
        },
        {
            "name": "Spirits",
            "artist": "Wisp X",
            "id": 542702621
        },
        {
            "name": "J'adore",
            "artist": "TomLeevis",
            "id": 31311812
        },
        {
            "name": "New Story",
            "artist": "Elliot Hsu",
            "id": 445450500
        },
        {
            "name": "For Us",
            "artist": "Kozoro",
            "id": 30780805
        },
        {
            "name": "Thank You",
            "artist": "Kozoro",
            "id": 30780812
        },
        {
            "name": "Take My Hand",
            "artist": "Actium",
            "id": 32823921
        },
        {
            "name": "Earl Grey",
            "artist": "NGC 3.14",
            "id": 34144280
        },
        {
            "name": "Remnants",
            "artist": "NGC 3.14",
            "id": 423406940
        },
        {
            "name": "Leaving Without Separating",
            "artist": "SimorE",
            "id": 416385389
        },
        {
            "name": "Ethereal",
            "artist": "Wisp X",
            "id": 521697795
        },
        {
            "name": "冬の待って",
            "artist": "SimorE",
            "id": 453330792
        },
        {
            "name": "I'm Okay",
            "artist": "Skyvoice",
            "id": 31452305
        },
        {
            "name": "Away From",
            "artist": "千坂",
            "id": 519476330
        },
        {
            "name": "Snowdrift",
            "artist": "Wisp X",
            "id": 519084840
        },
        {
            "name": "Evolving",
            "artist": "Ahrix",
            "id": 32192216
        },
        {
            "name": "The Light",
            "artist": "Jay Hifive",
            "id": 461124717
        },
        {
            "name": "Raining",
            "artist": "cloudfield",
            "id": 430043604
        },
        {
            "name": "Again (Skyvoice Cover/Remix)",
            "artist": "Skyvoice",
            "id": 31452186
        },
        {
            "name": "Blue",
            "artist": "Wisp X",
            "id": 513227480
        },
        {
            "name": "Aspire",
            "artist": "CelDro",
            "id": 34040720
        },
        {
            "name": "For Miles & Miles (Original Mix)",
            "artist": "MitiS",
            "id": 469410925
        },
        {
            "name": "Beloved Tomboyish Daughter (NGC 3​.​14 Remix)",
            "artist": "NGC 3.14",
            "id": 34998369
        },
        {
            "name": "Autumn",
            "artist": "Kozoro",
            "id": 36308723
        },
        {
            "name": "Alone",
            "artist": "Wisp X",
            "id": 30830713
        },
        {
            "name": "River Flows In You (Original Mix)",
            "artist": "Mark Pride",
            "id": 5086081
        },
        {
            "name": "The Calling (feat. Laura Brehm)",
            "artist": "TheFatRat",
            "id": 408332519
        },
        {
            "name": "Scarred Heart",
            "artist": "Vexaic",
            "id": 32640146
        },
        {
            "name": "Atmosphere",
            "artist": "CelDro",
            "id": 412175272
        },
        {
            "name": "Far Away",
            "artist": "CelDro",
            "id": 466794824
        },
        {
            "name": "Polaris(Stereoman Remix)",
            "artist": "Stereoman",
            "id": 416531665
        },
        {
            "name": "Ebb & Flow (Kotori Remix)",
            "artist": "Kotori",
            "id": 448520486
        },
        {
            "name": "Nightsky With Your Shadow On The Ground",
            "artist": "SimorE",
            "id": 421110570
        },
        {
            "name": "Flicker",
            "artist": "Nyte",
            "id": 38391781
        },
        {
            "name": "Yuki",
            "artist": "October Child",
            "id": 420125280
        },
        {
            "name": "Frontier",
            "artist": "Doctor Vox",
            "id": 30987703
        },
        {
            "name": "mirror",
            "artist": "DELA",
            "id": 411988621
        },
        {
            "name": "Akiba",
            "artist": "Synthion",
            "id": 447280094
        },
        {
            "name": "Leaf",
            "artist": "Wisp X",
            "id": 494320566
        },
        {
            "name": "Miraclemountain",
            "artist": "Keega",
            "id": 478241378
        },
        {
            "name": "Azure Galaxy-[Original Mix]-",
            "artist": "DJ Soviet",
            "id": 487290168
        },
        {
            "name": "Crystal Hearts",
            "artist": "Nyte",
            "id": 29759343
        },
        {
            "name": "盛夏光年",
            "artist": "R7CKY",
            "id": 488958365
        },
        {
            "name": "Illuminate (Glitch Hop Version)",
            "artist": "Wisp X",
            "id": 450222957
        },
        {
            "name": "If Only You",
            "artist": "Drop Tower",
            "id": 31514310
        },
        {
            "name": "Chasing Lights",
            "artist": "千坂",
            "id": 491222808
        },
        {
            "name": "What I Need",
            "artist": "Approaching Nirvana",
            "id": 476324155
        },
        {
            "name": "Something More",
            "artist": "Kozoro",
            "id": 34040896
        },
        {
            "name": "A Spring Without You",
            "artist": "Kozoro",
            "id": 32574583
        },
        {
            "name": "A Spring Without You (Resonance Remix)",
            "artist": "Resonance",
            "id": 35845570
        },
        {
            "name": "The Garden of Escapism (AK Remix)",
            "artist": "AK",
            "id": 409302035
        },
        {
            "name": "Idyllic",
            "artist": "Wisp X",
            "id": 455920982
        },
        {
            "name": "Eventide",
            "artist": "Wisp X",
            "id": 484872921
        },
        {
            "name": "Pluto",
            "artist": "Nyte",
            "id": 29759340
        },
        {
            "name": "Fireflies",
            "artist": "千坂",
            "id": 481792113
        },
        {
            "name": "Forever",
            "artist": "Ayek",
            "id": 442867844
        },
        {
            "name": "The Return",
            "artist": "Chasing Stars",
            "id": 38392576
        },
        {
            "name": "Story",
            "artist": "Sailar",
            "id": 419250586
        },
        {
            "name": "Memories of You",
            "artist": "Approaching Nirvana",
            "id": 29349792
        },
        {
            "name": "Halcyon Days",
            "artist": "Zeraphym 六翼使徒",
            "id": 409646068
        },
        {
            "name": "Wander",
            "artist": "Wisp X",
            "id": 479061694
        },
        {
            "name": "Deadlocked",
            "artist": "F-777",
            "id": 41644494
        },
        {
            "name": "Surpass (Chill Edit)",
            "artist": "Resonance",
            "id": 407450729
        },
        {
            "name": "Fireflies",
            "artist": "Ryan Farish",
            "id": 25791607
        },
        {
            "name": "Midnight Sun",
            "artist": "Luka Krajina",
            "id": 36586297
        },
        {
            "name": "I Need You",
            "artist": "Actium",
            "id": 32574634
        },
        {
            "name": "All In",
            "artist": "L3V3LS",
            "id": 425684642
        },
        {
            "name": "Glow",
            "artist": "千坂",
            "id": 469889836
        },
        {
            "name": "Last Sunrise",
            "artist": "Dimatis",
            "id": 32857580
        },
        {
            "name": "Fallen Star",
            "artist": "Nyte",
            "id": 29759345
        },
        {
            "name": "Dreams",
            "artist": "SethLJ",
            "id": 416552487
        },
        {
            "name": "Still",
            "artist": "Timirage",
            "id": 30375354
        },
        {
            "name": "Asgard",
            "artist": "Electus",
            "id": 29750499
        },
        {
            "name": "斓",
            "artist": "千坂",
            "id": 464841478
        },
        {
            "name": "Soaring (Original Mix)",
            "artist": "TomLeevis",
            "id": 33340727
        },
        {
            "name": "Here With You",
            "artist": "Actium",
            "id": 30413189
        },
        {
            "name": "Light & Your Story",
            "artist": "千坂",
            "id": 461090506
        },
        {
            "name": "Oceano",
            "artist": "Zeus",
            "id": 406316254
        },
        {
            "name": "Dynasty",
            "artist": "EnV",
            "id": 36094226
        },
        {
            "name": "Fragments",
            "artist": "千坂",
            "id": 453130276
        },
        {
            "name": "At The Edge",
            "artist": "千坂",
            "id": 448596416
        },
        {
            "name": "Stand With Me",
            "artist": "Wisp X",
            "id": 29979829
        },
        {
            "name": "Far Away (Instrumental)",
            "artist": "Wisp X",
            "id": 418603422
        },
        {
            "name": "Aether",
            "artist": "Wisp X",
            "id": 447925558
        },
        {
            "name": "Stay With Me Always (Innocence)",
            "artist": "Zeraphym 六翼使徒",
            "id": 33728720
        },
        {
            "name": "A Wonderful Dream",
            "artist": "Zeraphym 六翼使徒",
            "id": 458181237
        },
        {
            "name": "Pneumatic Tokyo",
            "artist": "EnV",
            "id": 33937527
        },
        {
            "name": "Dreaming",
            "artist": "Kozoro",
            "id": 30780811
        },
        {
            "name": "Soulflare",
            "artist": "Xeuphoria",
            "id": 422977895
        },
        {
            "name": "Dance In The Sunshine (2017 Rework)",
            "artist": "Elecprok",
            "id": 468112019
        },
        {
            "name": "Memories Of You (Original Mix)",
            "artist": "Zeraphym 六翼使徒",
            "id": 38592319
        },
        {
            "name": "What Love Is",
            "artist": "L3V3LS",
            "id": 408522851
        },
        {
            "name": "End of Summer (Axlance Remix)",
            "artist": "Janji",
            "id": 411315381
        },
        {
            "name": "True Stories (Aroze Violin Remix)",
            "artist": "Axero",
            "id": 410629778
        },
        {
            "name": "Pearlescent",
            "artist": "EnV",
            "id": 403711525
        },
        {
            "name": "Masked Heroes",
            "artist": "Vexento",
            "id": 30854966
        },
        {
            "name": "Vibrance",
            "artist": "Wisp X",
            "id": 30780431
        },
        {
            "name": "Lifeline",
            "artist": "Zeraphym 六翼使徒",
            "id": 38019092
        },
        {
            "name": "Outside (Original Mix)",
            "artist": "Zilleq",
            "id": 407459716
        },
        {
            "name": "Remember You",
            "artist": "Starix​",
            "id": 32450145
        },
        {
            "name": "Blank",
            "artist": "Disfigure",
            "id": 30512731
        },
        {
            "name": "那儿，家",
            "artist": "foldin",
            "id": 35031379
        },
        {
            "name": "Ascension (Remix)",
            "artist": "MitiS",
            "id": 28283079
        },
        {
            "name": "Dreamland  (Original Mix)",
            "artist": "Andreas B.",
            "id": 38391639
        },
        {
            "name": "Return Of The Raver",
            "artist": "Vexento",
            "id": 31721425
        },
        {
            "name": "Saika",
            "artist": "RABPIT",
            "id": 32358447
        },
        {
            "name": "Tiny Heart，Tiny Love",
            "artist": "DJ Soviet",
            "id": 30153005
        },
        {
            "name": "Open Window (Original Mix)",
            "artist": "MitiS",
            "id": 26544456
        },
        {
            "name": "Memory Of A Melody",
            "artist": "SmK",
            "id": 410710814
        },
        {
            "name": "Vagrant",
            "artist": "Feint",
            "id": 34613621
        },
        {
            "name": "Collapsing World",
            "artist": "Lightscape",
            "id": 38018486
        },
        {
            "name": "Oceans (Original Mix)",
            "artist": "Zewelle",
            "id": 30064264
        },
        {
            "name": "Utopia",
            "artist": "Elliot Hsu",
            "id": 38679061
        },
        {
            "name": "NCS Style Mix",
            "artist": "HOPE-T",
            "id": 41653419
        },
        {
            "name": "Restore",
            "artist": "NGC 3.14",
            "id": 416552019
        },
        {
            "name": "Complexity",
            "artist": "MadEye",
            "id": 408532744
        },
        {
            "name": "Falling",
            "artist": "AndyM",
            "id": 409931826
        },
        {
            "name": "Unity",
            "artist": "Axero",
            "id": 29759407
        },
        {
            "name": "Roots",
            "artist": "Tobu",
            "id": 422104937
        },
        {
            "name": "Shinto",
            "artist": "EnV",
            "id": 403711078
        },
        {
            "name": "Fall To Light",
            "artist": "Laszlo",
            "id": 30512852
        },
        {
            "name": "Adventures",
            "artist": "Alex Skrindo",
            "id": 33922813
        },
        {
            "name": "Colors",
            "artist": "Tobu",
            "id": 28921656
        },
        {
            "name": "Seven",
            "artist": "Tobu",
            "id": 29379952
        },
        {
            "name": "Cloud 9",
            "artist": "Tobu",
            "id": 29797443
        },
        {
            "name": "Alive",
            "artist": "Jordan Kelvin James",
            "id": 36587839
        },
        {
            "name": "Solstice",
            "artist": "K-391",
            "id": 33479592
        },
        {
            "name": "Escape",
            "artist": "Dripice",
            "id": 403012527
        },
        {
            "name": "Aurora",
            "artist": "Janji",
            "id": 30373260
        },
        {
            "name": "Xenogenesis",
            "artist": "TheFatRat",
            "id": 29771215
        },
        {
            "name": "Green Sky",
            "artist": "Alex Skrindo",
            "id": 30064291
        },
        {
            "name": "Shine",
            "artist": "Janji",
            "id": 404184088
        },
        {
            "name": "Fade",
            "artist": "Janji",
            "id": 31311231
        },
        {
            "name": "Horizon",
            "artist": "Janji",
            "id": 30064175
        },
        {
            "name": "Shadows",
            "artist": "Janji",
            "id": 31830308
        },
        {
            "name": "True (Original Mix)",
            "artist": "Breno",
            "id": 32450128
        },
        {
            "name": "Moments (Original Mix)",
            "artist": "Alex Skrindo",
            "id": 32408202
        },
        {
            "name": "Endeavors (Original Mix)",
            "artist": "MitiS",
            "id": 26278742
        },
        {
            "name": "Together (Original Mix)",
            "artist": "Axero",
            "id": 30373257
        },
        {
            "name": "13 Months",
            "artist": "Raven",
            "id": 28389677
        },
        {
            "name": "Unity",
            "artist": "TheFatRat",
            "id": 29534449
        },
        {
            "name": "Leevis",
            "artist": "Fri",
            "id": 30854873
        },
        {
            "name": "Move",
            "artist": "Axero",
            "id": 30621637
        },
        {
            "name": "River",
            "artist": "Axero",
            "id": 30854833
        },
        {
            "name": "Sunburst",
            "artist": "Tobu",
            "id": 28830411
        },
        {
            "name": "Life",
            "artist": "Tobu",
            "id": 28830410
        },
        {
            "name": "Hope (Original Mix)",
            "artist": "Tobu",
            "id": 28921655
        },
        {
            "name": "Higher",
            "artist": "Tobu",
            "id": 28830412
        },
        {
            "name": "Over the Horizon",
            "artist": "TomLeevis",
            "id": 30854949
        },
        {
            "name": "Friends",
            "artist": "Steerner",
            "id": 29737986
        },
        {
            "name": "Monody (feat. Laura Brehm)",
            "artist": "TheFatRat",
            "id": 36308916
        },
        {
            "name": "Windfall",
            "artist": "TheFatRat",
            "id": 29774609
        },
        {
            "name": "Sun",
            "artist": "Steerner",
            "id": 33166666
        },
        {
            "name": "Sky (Radio Edit)",
            "artist": "Steerner",
            "id": 29553031
        },
        {
            "name": "My Sunset (Original Mix)",
            "artist": "Feint",
            "id": 17867241
        }
    ]
}