{
    "playlist_info": {
        "name": "车载DJ | 肾上腺飙升荷尔蒙爆",
        "trackcount": 133,
        "playcount": 651074,
        "creator": "Radio-Music",
        "createDate": "2019-02-11",
        "heat": 406.0
    },
    "songs": [
        {
            "name": "Octopus jiang (Orginal mix )",
            "artist": "Ghani",
            "id": 2021279106
        },
        {
            "name": "Morsmordre (Orginal mix )",
            "artist": "Sara",
            "id": 2056985816
        },
        {
            "name": "Knight (Orginal mix )",
            "artist": "Gentleman",
            "id": 1997624150
        },
        {
            "name": "Girl (Orginal mix )",
            "artist": "Qora",
            "id": 1981292805
        },
        {
            "name": "Gangsta (Orginal mix )",
            "artist": "Sara",
            "id": 2054719554
        },
        {
            "name": "Azeri (Orginal mix )",
            "artist": "Gentleman",
            "id": 2030730417
        },
        {
            "name": "Catch (Orginal mix )",
            "artist": "Radio",
            "id": 2054005877
        },
        {
            "name": "Mirage (Orginal mix )",
            "artist": "Qora",
            "id": 2052783297
        },
        {
            "name": "Alive (Orginal mix )",
            "artist": "Gentleman",
            "id": 2054320797
        },
        {
            "name": "PLAY",
            "artist": "Ricii Lompeurs",
            "id": 1963132367
        },
        {
            "name": "Sani (Orginal mix )",
            "artist": "Qora",
            "id": 2051357971
        },
        {
            "name": "Gangster (Orginal mix )",
            "artist": "Gentleman",
            "id": 2050015440
        },
        {
            "name": "Get Down (Orginal mix )",
            "artist": "Azeri",
            "id": 2057669283
        },
        {
            "name": "Obsession (Orginal mix )",
            "artist": "Gentleman",
            "id": 2049493790
        },
        {
            "name": "Dreams (Orginal mix )",
            "artist": "Qora",
            "id": 2050597461
        },
        {
            "name": "Kar Bro (Orginal mix )",
            "artist": "Ghani",
            "id": 2042856403
        },
        {
            "name": "Dreams (G House)",
            "artist": "Gentleman",
            "id": 2049264332
        },
        {
            "name": "Set Me Free",
            "artist": "Max Oazo",
            "id": 1311826934
        },
        {
            "name": "Secrets (Orginal mix )",
            "artist": "Azeri",
            "id": 2048271919
        },
        {
            "name": "Criminal (Orginal mix )",
            "artist": "Ghani",
            "id": 2048363380
        },
        {
            "name": "Viele (Orginal mix )",
            "artist": "Ghani",
            "id": 2045194409
        },
        {
            "name": "Intro (ILHAM Bootleg_The XX)",
            "artist": "VIGATER",
            "id": 1811064451
        },
        {
            "name": "Sinego (Orginal mix )",
            "artist": "Gentleman",
            "id": 2031057610
        },
        {
            "name": "Worth (Orginal mix )",
            "artist": "Ghani",
            "id": 2047801622
        },
        {
            "name": "Qora (Orginal mix )",
            "artist": "Ghani",
            "id": 2034830230
        },
        {
            "name": "Italia e voi（Reset）",
            "artist": "Pnan",
            "id": 1955571906
        },
        {
            "name": "Midnight jiang (Orginal mix )",
            "artist": "Gentleman",
            "id": 2020900736
        },
        {
            "name": "Roads",
            "artist": "AREZ",
            "id": 1488193791
        },
        {
            "name": "Havana (Orginal mix )",
            "artist": "Gentleman",
            "id": 2038508461
        },
        {
            "name": "Smoke (Orginal mix )",
            "artist": "Gentleman",
            "id": 2008602426
        },
        {
            "name": "Crimiwaw (Orginal mix )",
            "artist": "Radio",
            "id": 2008371785
        },
        {
            "name": "Once rgb (Orginal mix )",
            "artist": "Ghani",
            "id": 1996565553
        },
        {
            "name": "Black Magic",
            "artist": "Jonasu",
            "id": 1854367622
        },
        {
            "name": "Forever (Orginal mix )",
            "artist": "Ghani",
            "id": 2036293089
        },
        {
            "name": "Jeno ak (Orginal mix )",
            "artist": "Ghani",
            "id": 1993391635
        },
        {
            "name": "Something (Orginal mix )",
            "artist": "Gentleman",
            "id": 2027493155
        },
        {
            "name": "Livir poda (Orginal mix )",
            "artist": "Ghani",
            "id": 1980834495
        },
        {
            "name": "Midnight (Radio Edit)",
            "artist": "Where It's ATT",
            "id": 1456598284
        },
        {
            "name": "Touch rrr (Orginal mix )",
            "artist": "Ghani",
            "id": 1989453230
        },
        {
            "name": "Bazooka",
            "artist": "Sleepy Chows",
            "id": 1842366561
        },
        {
            "name": "Symphony(2023)",
            "artist": "HJFM",
            "id": 2019125478
        },
        {
            "name": "Feria (Orginal mix )",
            "artist": "Gentleman",
            "id": 2035952623
        },
        {
            "name": "Knight tu (Orginal mix )",
            "artist": "Gentleman",
            "id": 2017941743
        },
        {
            "name": "Today",
            "artist": "Foyon",
            "id": 1842561393
        },
        {
            "name": "Swedish (Orginal mix )",
            "artist": "Gentleman",
            "id": 2007074444
        },
        {
            "name": "Don't Stop",
            "artist": "Alex Marvel",
            "id": 1811300525
        },
        {
            "name": "Ahegao",
            "artist": "BeMax",
            "id": 1943964204
        },
        {
            "name": "Balck mali (Orginal mix )",
            "artist": "Ghani",
            "id": 1978785184
        },
        {
            "name": "Dancer In The Dark (Original Mix)",
            "artist": "GRABOTE",
            "id": 1334059163
        },
        {
            "name": "Work That Body",
            "artist": "Yiğit Ünal",
            "id": 1311086040
        },
        {
            "name": "Back zapar (Orginal mix )",
            "artist": "Ghani",
            "id": 1988267387
        },
        {
            "name": "Turn Down For What",
            "artist": "DJ Snake",
            "id": 31010790
        },
        {
            "name": "Once Again",
            "artist": "Dillon Francis",
            "id": 1921053172
        },
        {
            "name": "Thunder (Tiger Jz & Grakk Remix)",
            "artist": "Tiger JZ",
            "id": 555004907
        },
        {
            "name": "Funky Bizness (feat. Mike Dogg)",
            "artist": "Nitti Gritti",
            "id": 524150214
        },
        {
            "name": "See It Again",
            "artist": "Loud Luxury",
            "id": 447076645
        },
        {
            "name": "Волна (Remastered)",
            "artist": "DJ Smash",
            "id": 1296929927
        },
        {
            "name": "What You Want",
            "artist": "Ilkay Sencan",
            "id": 1335350266
        },
        {
            "name": "Anh không làm gì đâu anh thề (KAIZ Remix)",
            "artist": "KAIZ",
            "id": 1470129356
        },
        {
            "name": "ROMANCE",
            "artist": "WYR GEMI",
            "id": 1977415757
        },
        {
            "name": "Techno Prank",
            "artist": "Dubdogz",
            "id": 1369874073
        },
        {
            "name": "dashstar*",
            "artist": "Knock2",
            "id": 1812390276
        },
        {
            "name": "Sahara",
            "artist": "Hensonn",
            "id": 1893483243
        },
        {
            "name": "Angetenar（Original Mix）",
            "artist": "Young Xxxg",
            "id": 1925396044
        },
        {
            "name": "Keke",
            "artist": "Lucky Luke",
            "id": 1325898542
        },
        {
            "name": "I Get Black Friday",
            "artist": "Rnbstylerz",
            "id": 1446054012
        },
        {
            "name": "EA7-50-Cent Disco",
            "artist": "еяхат музыка",
            "id": 541364972
        },
        {
            "name": "МАГНИТОЛА",
            "artist": "ДЕТИ RAVE",
            "id": 1501587268
        },
        {
            "name": "Bamba",
            "artist": "Armağan Oruç",
            "id": 1892409985
        },
        {
            "name": "Party Till We Die",
            "artist": "MAKJ",
            "id": 547645797
        },
        {
            "name": "The End (Nom De Strip Bootleg)",
            "artist": "Nom De Strip",
            "id": 454231970
        },
        {
            "name": "Ass Like That",
            "artist": "Psaxxx",
            "id": 1948083890
        },
        {
            "name": "Why Not",
            "artist": "Ghostface Playa",
            "id": 1931045567
        },
        {
            "name": "Light Particle（Original Mix）",
            "artist": "Young Xxxg",
            "id": 1925396823
        },
        {
            "name": "Plain Jene",
            "artist": "AhmaTjan Sahra",
            "id": 1820383560
        },
        {
            "name": "Babylon (Original Mix)",
            "artist": "Furkan Soysal",
            "id": 458496410
        },
        {
            "name": "NOVA",
            "artist": "Furkan Soysal",
            "id": 1429937481
        },
        {
            "name": "Can't Believe It",
            "artist": "Flo Rida",
            "id": 27514846
        },
        {
            "name": "Touch It (Maga Remix)",
            "artist": "Maga",
            "id": 1406273234
        },
        {
            "name": "CLAIM",
            "artist": "DEITIES",
            "id": 1808985983
        },
        {
            "name": "Booyah",
            "artist": "Showtek",
            "id": 27607217
        },
        {
            "name": "Do It",
            "artist": "Ilkay Sencan",
            "id": 1359357320
        },
        {
            "name": "Kamikaze",
            "artist": "Armağan Oruç",
            "id": 1350068284
        },
        {
            "name": "Color (Ilkan Gunuc & Osman Altun Remix)",
            "artist": "Ogün Dalka",
            "id": 1403685144
        },
        {
            "name": "In The Club",
            "artist": "Thomas Newson",
            "id": 1445951991
        },
        {
            "name": "Do It",
            "artist": "Ilkay Sencan",
            "id": 1819889668
        },
        {
            "name": "Ke Cap Gap Ba Gia",
            "artist": "DJMuchY",
            "id": 1473560238
        },
        {
            "name": "SexyBack (Tolga Aslan Remix)",
            "artist": "Tolga Aslan",
            "id": 1450417093
        },
        {
            "name": "SPRING BREAK IN MEXICO",
            "artist": "Hedegaard",
            "id": 1356657763
        },
        {
            "name": "Weyrleader",
            "artist": "Maga AQ",
            "id": 1396196557
        },
        {
            "name": "Tokyo Drift (Dj Kantik Remix)",
            "artist": "DJ Kantik",
            "id": 1470939756
        },
        {
            "name": "Black Angels",
            "artist": "RS77",
            "id": 1993574543
        },
        {
            "name": "Roses (Imanbek Remix)",
            "artist": "SAINt JHN",
            "id": 1391251513
        },
        {
            "name": "Run Amuck",
            "artist": "HJFM",
            "id": 1980409575
        },
        {
            "name": "Turn This Shit Up",
            "artist": "Furkan Soysal",
            "id": 1298193118
        },
        {
            "name": "Mym (Original Mix)",
            "artist": "Tofalko",
            "id": 553764951
        },
        {
            "name": "Fill Me In (AFTR:HRS Mixcut)",
            "artist": "Ryan Shepherd",
            "id": 427542439
        },
        {
            "name": "Death (Orginal mix )",
            "artist": "Radio",
            "id": 1997600731
        },
        {
            "name": "Goosebumps",
            "artist": "HVME",
            "id": 1447573604
        },
        {
            "name": "lalala (roberto kan remix)",
            "artist": "Roberto Kan",
            "id": 1411718674
        },
        {
            "name": "Morsmordre",
            "artist": "Crazy Donkey",
            "id": 1441860073
        },
        {
            "name": "Tokyo (Original Mix)",
            "artist": "Furkan Soysal",
            "id": 449577299
        },
        {
            "name": "Morsmordre (ZHANG JUN Remix)",
            "artist": "ZHANG JUN（张俊）",
            "id": 1821548580
        },
        {
            "name": "Drop The up",
            "artist": "-Melya",
            "id": 1989506311
        },
        {
            "name": "Drop That",
            "artist": "HJFM",
            "id": 1978226556
        },
        {
            "name": "Coco Jamboo (Calippo Remix Edit)",
            "artist": "Angelika Vee",
            "id": 481535757
        },
        {
            "name": "Notorious",
            "artist": "Maga",
            "id": 1480438168
        },
        {
            "name": "Throw Yo Body",
            "artist": "Trst.",
            "id": 493551152
        },
        {
            "name": "AMG GTC",
            "artist": "ZHANG JUN（张俊）",
            "id": 1834149346
        },
        {
            "name": "Back To Basics (Extended Mix)",
            "artist": "KVPV",
            "id": 1348598758
        },
        {
            "name": "Loco Papi",
            "artist": "Sevenn",
            "id": 1371508067
        },
        {
            "name": "Kylie Minogue-Out Of My Head（DruGTRaffickerS remix）",
            "artist": "DruGTRaffickerS",
            "id": 1352279782
        },
        {
            "name": "Italia e voi（Orginal Mix）",
            "artist": "HSHK",
            "id": 1493816591
        },
        {
            "name": "Black Suit",
            "artist": "KVPV",
            "id": 1336871640
        },
        {
            "name": "Dynamite",
            "artist": "Slow Motion! Hot Light",
            "id": 459733269
        },
        {
            "name": "ATTITUDE",
            "artist": "ZHANG JUN（张俊）",
            "id": 1842195259
        },
        {
            "name": "Angetenar",
            "artist": "Rompasso",
            "id": 1875893672
        },
        {
            "name": "RAVE",
            "artist": "Dxrk ダーク",
            "id": 1924995800
        },
        {
            "name": "Plain Jane (Mix Version)",
            "artist": "GRABOTE",
            "id": 1332461204
        },
        {
            "name": "Freak (The Otherside Series, Vol.2)",
            "artist": "Le Castle Vania",
            "id": 1345494163
        },
        {
            "name": "Astronaut In The Ocean (Original Mix)",
            "artist": "H2R",
            "id": 1851182533
        },
        {
            "name": "Captain (whistle) [Restricted Remix]",
            "artist": "Nutcase22",
            "id": 1921720553
        },
        {
            "name": "Jarico-Fiery Sky (Nurkalyi Remix)（DruGTRaffickerS remix）",
            "artist": "DruGTRaffickerS",
            "id": 1392703751
        },
        {
            "name": "Romance",
            "artist": "Bayza",
            "id": 1390291265
        },
        {
            "name": "Carlos Moyra - To The Crowd (Original Mix)",
            "artist": "GRABOTE",
            "id": 1340192635
        },
        {
            "name": "Story (VetLove, Mike Drozdov Remix)",
            "artist": "Sharapov",
            "id": 543613173
        },
        {
            "name": "Plain Jane ( Alper Karacan Remix )",
            "artist": "GRABOTE",
            "id": 1332463026
        },
        {
            "name": "Ignis",
            "artist": "Rompasso",
            "id": 1323967761
        },
        {
            "name": "Jason.c - Bolumback(Jason.c Extended Mix)",
            "artist": "Jason.c",
            "id": 487387212
        },
        {
            "name": "Молодость (Jarico Remix)",
            "artist": "Jarico",
            "id": 1395785859
        },
        {
            "name": "Techno (DR. FRESCH Remix)",
            "artist": "Dr. Fresch",
            "id": 449577203
        },
        {
            "name": "Changes",
            "artist": "No Hopes",
            "id": 451113381
        },
        {
            "name": "Waking up the Neighbors",
            "artist": "Croatia Squad",
            "id": 443292138
        }
    ]
}