{
    "playlist_info": {
        "name": "轻音 | 寻回曾经拥有的那片温柔乡",
        "trackcount": 49,
        "playcount": 2199,
        "creator": "我爱猫猫-",
        "createDate": "2023-04-18",
        "heat": 30.0
    },
    "songs": [
        {
            "name": "城南花开-吉他版",
            "artist": "三亩地",
            "id": 516137362
        },
        {
            "name": "Love Is Gone（钢琴版）（翻自 SLANDER）",
            "artist": "柳轻颂",
            "id": 1458236782
        },
        {
            "name": "我都快忘了你笑起来的时候有多美",
            "artist": "陈嘉俊是这个嘉",
            "id": 1333049915
        },
        {
            "name": "2020.7.14",
            "artist": "WayMen歪门",
            "id": 1462573209
        },
        {
            "name": "平静的河面上泛着花的涟漪",
            "artist": "拿花负荷",
            "id": 1837855827
        },
        {
            "name": "雨 因你而下，于你而止",
            "artist": "Seto",
            "id": 1377807992
        },
        {
            "name": "当 星 星 掉 进 眼 睛 里",
            "artist": "田由甲",
            "id": 1330205523
        },
        {
            "name": "蝉鸣的意义是帮我想你",
            "artist": "陈萝莉",
            "id": 492086826
        },
        {
            "name": "有些情绪只适合收藏",
            "artist": "福合埕在逃牛肉丸",
            "id": 1838042226
        },
        {
            "name": "不要为我的死而悲伤",
            "artist": "叶轻衣",
            "id": 1442818173
        },
        {
            "name": "微风轻起，我喜欢你",
            "artist": "马路通",
            "id": 555422283
        },
        {
            "name": "那年夏天，阳光正好",
            "artist": "忘乡",
            "id": 428391474
        },
        {
            "name": "海浪 夜晚 窃窃私语",
            "artist": "田由甲",
            "id": 1369658383
        },
        {
            "name": "紫禁城里的端庄猫",
            "artist": "花飞飞",
            "id": 1822281724
        },
        {
            "name": "Sleeping Stardust",
            "artist": "何宇轩",
            "id": 1888748780
        },
        {
            "name": "λ μ τ υ φ χ ψ θ ικ",
            "artist": "拿花负荷",
            "id": 1450990462
        },
        {
            "name": "moonlight beach",
            "artist": "Stevieboi",
            "id": 1456878817
        },
        {
            "name": "あなたと手を繋ぐ",
            "artist": "春野杉卉",
            "id": 1417553329
        },
        {
            "name": "Intro (feat. Rook1e)",
            "artist": "barnes blvd.",
            "id": 557584800
        },
        {
            "name": "ᴛᴏ ᴛʜᴇ sᴇᴀsɪᴅᴇ☼",
            "artist": "亼仌",
            "id": 1383001228
        },
        {
            "name": "雨に濡れた空気",
            "artist": "春野杉卉",
            "id": 1417520524
        },
        {
            "name": "不要對我說再見",
            "artist": "小攀哟",
            "id": 1474602087
        },
        {
            "name": "古奈纯钢琴版",
            "artist": "MT1990",
            "id": 866059719
        },
        {
            "name": "いのちの名前",
            "artist": "広橋真紀子",
            "id": 578090
        },
        {
            "name": "Late summer",
            "artist": "IYP-UK",
            "id": 1385897410
        },
        {
            "name": "你是眸间温柔",
            "artist": "TLK天翔",
            "id": 1474706348
        },
        {
            "name": "Old Memories",
            "artist": "叶轻衣",
            "id": 1429934718
        },
        {
            "name": "嗯！我爱你",
            "artist": "持枪",
            "id": 1351936963
        },
        {
            "name": "山海不可平",
            "artist": "CMJ",
            "id": 1352045760
        },
        {
            "name": "所爱隔山海",
            "artist": "CMJ",
            "id": 1348896822
        },
        {
            "name": "販 賣 日 落",
            "artist": "田由甲",
            "id": 1390045138
        },
        {
            "name": "クリスタル",
            "artist": "三凰姬",
            "id": 1461835896
        },
        {
            "name": "pure heart",
            "artist": "松田彬人",
            "id": 4946902
        },
        {
            "name": "ɪsᴏʟᴀᴛɪᴏɴ",
            "artist": "Stevieboi",
            "id": 1442191755
        },
        {
            "name": "彩色梦境",
            "artist": "拾光",
            "id": 1838802216
        },
        {
            "name": "花梦旅人",
            "artist": "世间满樱花",
            "id": 427017519
        },
        {
            "name": "云村的风",
            "artist": "邱有句",
            "id": 520849195
        },
        {
            "name": "风中有音",
            "artist": "忘乡",
            "id": 1444639931
        },
        {
            "name": "静かな夏",
            "artist": "春野杉卉",
            "id": 1380556360
        },
        {
            "name": "失落岛屿",
            "artist": "青魚小子",
            "id": 1439432418
        },
        {
            "name": "夏萤 伴奏",
            "artist": "小vie",
            "id": 515571810
        },
        {
            "name": "秒 · 繁梦",
            "artist": "八云轨",
            "id": 1403355980
        },
        {
            "name": "夏·烟火",
            "artist": "LIKPIA",
            "id": 539428072
        },
        {
            "name": "雨浪",
            "artist": "小攀哟",
            "id": 1434033136
        },
        {
            "name": "祝愿",
            "artist": "傅许",
            "id": 1336027101
        },
        {
            "name": "自 愈",
            "artist": "荷三溪",
            "id": 1422898853
        },
        {
            "name": "为霜",
            "artist": "羽肿",
            "id": 535517304
        },
        {
            "name": "♥",
            "artist": "Mo",
            "id": 461053045
        },
        {
            "name": "♡",
            "artist": "周大发",
            "id": 1370678982
        }
    ]
}