{
    "playlist_info": {
        "name": "边走边爱 反正人山人海",
        "trackcount": 440,
        "playcount": 836281,
        "creator": "巫山一段雲雨",
        "createDate": "2018-07-06",
        "heat": 458.0
    },
    "songs": [
        {
            "name": "遥远的歌",
            "artist": "刘惜君",
            "id": 516657140
        },
        {
            "name": "你是我此生唯一所愿",
            "artist": "张碧晨",
            "id": 2056207543
        },
        {
            "name": "Forever Star",
            "artist": "张洢豪",
            "id": 2056207556
        },
        {
            "name": "7 %",
            "artist": "XMASwu(吴骜)",
            "id": 1423241987
        },
        {
            "name": "欢",
            "artist": "苏琛",
            "id": 1383972145
        },
        {
            "name": "你",
            "artist": "余佳运",
            "id": 411988534
        },
        {
            "name": "望",
            "artist": "周深",
            "id": 1814080666
        },
        {
            "name": "马",
            "artist": "福禄寿FloruitShow",
            "id": 1345353903
        },
        {
            "name": "椿",
            "artist": "沈以诚",
            "id": 479598964
        },
        {
            "name": "宿",
            "artist": "李学仕",
            "id": 1823256348
        },
        {
            "name": "光",
            "artist": "陈粒",
            "id": 30431364
        },
        {
            "name": "蓝",
            "artist": "石白其",
            "id": 1389090775
        },
        {
            "name": "溢",
            "artist": "蘇山海",
            "id": 1374766486
        },
        {
            "name": "逃",
            "artist": "蘇山海",
            "id": 1389664239
        },
        {
            "name": "追",
            "artist": "陈壹千",
            "id": 1358848433
        },
        {
            "name": "渴",
            "artist": "孙燕姿",
            "id": 28283344
        },
        {
            "name": "完",
            "artist": "陈奕迅",
            "id": 64048
        },
        {
            "name": "愿",
            "artist": "朴逗比",
            "id": 1302409294
        },
        {
            "name": "孤",
            "artist": "RAPPER32",
            "id": 478006478
        },
        {
            "name": "过",
            "artist": "王嘉尔",
            "id": 1804879213
        },
        {
            "name": "借",
            "artist": "毛不易",
            "id": 569214250
        },
        {
            "name": "谎",
            "artist": "凯瑟喵",
            "id": 404465542
        },
        {
            "name": "盐 (Witch’s Condiment)",
            "artist": "沈以诚",
            "id": 1482659694
        },
        {
            "name": "画 (Live Piano Session II)",
            "artist": "G.E.M.邓紫棋",
            "id": 412911436
        },
        {
            "name": "蓝",
            "artist": "野区歌神",
            "id": 1437011034
        },
        {
            "name": "问",
            "artist": "言芮羽Reina",
            "id": 1300942718
        },
        {
            "name": "鱼",
            "artist": "杜宣达",
            "id": 1821028570
        },
        {
            "name": "想",
            "artist": "梁铭琛",
            "id": 1334719241
        },
        {
            "name": "你",
            "artist": "郭斯",
            "id": 484030945
        },
        {
            "name": "漂",
            "artist": "阿肆",
            "id": 1409540467
        },
        {
            "name": "默",
            "artist": "那英",
            "id": 31473269
        },
        {
            "name": "谁 (Live版)",
            "artist": "廖俊涛",
            "id": 566436427
        },
        {
            "name": "雨",
            "artist": "沈以诚",
            "id": 1469005999
        },
        {
            "name": "耿",
            "artist": "汪苏泷",
            "id": 1368327462
        },
        {
            "name": "无限",
            "artist": "周深",
            "id": 1463420850
        },
        {
            "name": "爱呀",
            "artist": "金玟岐",
            "id": 1412429425
        },
        {
            "name": "夏天",
            "artist": "李玖哲",
            "id": 109125
        },
        {
            "name": "加油！",
            "artist": "林俊杰",
            "id": 108406
        },
        {
            "name": "绿洲",
            "artist": "赵晨唏",
            "id": 1478826571
        },
        {
            "name": "偶然",
            "artist": "七元",
            "id": 1866919902
        },
        {
            "name": "嘉宾",
            "artist": "路飞文",
            "id": 1846489646
        },
        {
            "name": "形容",
            "artist": "沈以诚",
            "id": 1336856864
        },
        {
            "name": "浪费",
            "artist": "徐佳莹",
            "id": 407002483
        },
        {
            "name": "成全",
            "artist": "买辣椒也用券",
            "id": 1463362956
        },
        {
            "name": "告白",
            "artist": "沈以诚",
            "id": 1336856449
        },
        {
            "name": "千禧",
            "artist": "徐秉龙",
            "id": 522510615
        },
        {
            "name": "没忘（Let me hide）",
            "artist": "栗先达",
            "id": 531691814
        },
        {
            "name": "有些",
            "artist": "颜人中",
            "id": 1406649619
        },
        {
            "name": "走马",
            "artist": "陈粒",
            "id": 30431367
        },
        {
            "name": "借我",
            "artist": "谢春花",
            "id": 408814900
        },
        {
            "name": "人质",
            "artist": "张惠妹",
            "id": 454828889
        },
        {
            "name": "撒野",
            "artist": "林一卡",
            "id": 1890471466
        },
        {
            "name": "烟火",
            "artist": "陈翔",
            "id": 362937
        },
        {
            "name": "青印",
            "artist": "张德伊玲",
            "id": 1954413067
        },
        {
            "name": "小宇",
            "artist": "桃德李Todd Li",
            "id": 476659144
        },
        {
            "name": "记·念",
            "artist": "不是花火呀",
            "id": 1949119429
        },
        {
            "name": "是否",
            "artist": "程响",
            "id": 1979274315
        },
        {
            "name": "不哭",
            "artist": "Sunnee杨芸晴",
            "id": 1311319037
        },
        {
            "name": "其实",
            "artist": "薛之谦",
            "id": 27955654
        },
        {
            "name": "蜻蜓",
            "artist": "徐秉龙",
            "id": 1397679291
        },
        {
            "name": "没忘",
            "artist": "栗先达",
            "id": 512727331
        },
        {
            "name": "怀抱",
            "artist": "弹壳Danko",
            "id": 1961990685
        },
        {
            "name": "预言",
            "artist": "打扰一下乐团",
            "id": 34167149
        },
        {
            "name": "原谅",
            "artist": "王赫野",
            "id": 1911111558
        },
        {
            "name": "可乐",
            "artist": "赵紫骅",
            "id": 29759733
        },
        {
            "name": "虚拟",
            "artist": "陈粒",
            "id": 421423808
        },
        {
            "name": "白羊",
            "artist": "徐秉龙",
            "id": 514761281
        },
        {
            "name": "海底",
            "artist": "一支榴莲",
            "id": 1426649237
        },
        {
            "name": "泡沫 (Live)",
            "artist": "G.E.M.邓紫棋",
            "id": 28427707
        },
        {
            "name": "四季",
            "artist": "陈奕迅",
            "id": 437802725
        },
        {
            "name": "拥抱",
            "artist": "徐秉龙",
            "id": 546723152
        },
        {
            "name": "孤身",
            "artist": "徐秉龙",
            "id": 1365393542
        },
        {
            "name": "不在",
            "artist": "韩安旭",
            "id": 541511427
        },
        {
            "name": "觅香",
            "artist": "栗先达",
            "id": 507815173
        },
        {
            "name": "江南",
            "artist": "林俊杰",
            "id": 26305527
        },
        {
            "name": "泡沫",
            "artist": "G.E.M.邓紫棋",
            "id": 486194120
        },
        {
            "name": "人啊",
            "artist": "徐佳莹",
            "id": 526116066
        },
        {
            "name": "靠近 (Live)",
            "artist": "袁娅维TIA RAY",
            "id": 1938019501
        },
        {
            "name": "枷锁",
            "artist": "高颖",
            "id": 525239736
        },
        {
            "name": "惊艳",
            "artist": "杨紫怡",
            "id": 1442332781
        },
        {
            "name": "狂妄",
            "artist": "李上安",
            "id": 1299024959
        },
        {
            "name": "心仪",
            "artist": "徐秉龙",
            "id": 445505374
        },
        {
            "name": "雨爱",
            "artist": "杨丞琳",
            "id": 316100
        },
        {
            "name": "暧昧",
            "artist": "杨丞琳",
            "id": 27591608
        },
        {
            "name": "无畏",
            "artist": "马頔",
            "id": 1469005988
        },
        {
            "name": "指纹",
            "artist": "杜宣达",
            "id": 1887139866
        },
        {
            "name": "心事",
            "artist": "徐秉龙",
            "id": 1294899029
        },
        {
            "name": "人间",
            "artist": "赵钶",
            "id": 1447498624
        },
        {
            "name": "姗姗",
            "artist": "金玟岐",
            "id": 520277152
        },
        {
            "name": "空心",
            "artist": "光泽",
            "id": 435288399
        },
        {
            "name": "温 存",
            "artist": "沈三北",
            "id": 480470935
        },
        {
            "name": "左肩",
            "artist": "西二",
            "id": 1396940451
        },
        {
            "name": "某某",
            "artist": "孟凡明",
            "id": 1301572067
        },
        {
            "name": "篇章",
            "artist": "张韶涵",
            "id": 1943043408
        },
        {
            "name": "末尾",
            "artist": "野夫子",
            "id": 1818680259
        },
        {
            "name": "喜欢",
            "artist": "张悬",
            "id": 326719
        },
        {
            "name": "年年",
            "artist": "徐秉龙",
            "id": 528271077
        },
        {
            "name": "哪怕",
            "artist": "莫文蔚",
            "id": 29827508
        },
        {
            "name": "错过",
            "artist": "梁咏琪",
            "id": 254672
        },
        {
            "name": "青柠",
            "artist": "徐秉龙",
            "id": 504624714
        },
        {
            "name": "后来",
            "artist": "张智霖",
            "id": 28234608
        },
        {
            "name": "句号",
            "artist": "G.E.M.邓紫棋",
            "id": 1405283464
        },
        {
            "name": "停格",
            "artist": "蔡健雅",
            "id": 30590559
        },
        {
            "name": "撒野",
            "artist": "凯瑟喵",
            "id": 483937795
        },
        {
            "name": "如约",
            "artist": "栗先达",
            "id": 546588939
        },
        {
            "name": "意外",
            "artist": "薛之谦",
            "id": 27890306
        },
        {
            "name": "当你",
            "artist": "林俊杰",
            "id": 108251
        },
        {
            "name": "知足",
            "artist": "五月天",
            "id": 385965
        },
        {
            "name": "成全",
            "artist": "丁芙妮",
            "id": 534554480
        },
        {
            "name": "阴天",
            "artist": "莫文蔚",
            "id": 276936
        },
        {
            "name": "七海",
            "artist": "杨紫怡",
            "id": 1498376994
        },
        {
            "name": "纯粹",
            "artist": "徐海俏",
            "id": 1321382274
        },
        {
            "name": "坠落",
            "artist": "蔡健雅",
            "id": 27747329
        },
        {
            "name": "她说",
            "artist": "林俊杰",
            "id": 25638767
        },
        {
            "name": "重来",
            "artist": "蔡健雅",
            "id": 529747142
        },
        {
            "name": "勇气",
            "artist": "梁静茹",
            "id": 254485
        },
        {
            "name": "西湖",
            "artist": "王不明",
            "id": 1876160564
        },
        {
            "name": "小宇",
            "artist": "朱兴东",
            "id": 1348679251
        },
        {
            "name": "十分",
            "artist": "大邱",
            "id": 559260855
        },
        {
            "name": "蝶变",
            "artist": "张国荣",
            "id": 186899
        },
        {
            "name": "勇气",
            "artist": "棉子",
            "id": 1411358329
        },
        {
            "name": "花开",
            "artist": "7copy",
            "id": 1429392677
        },
        {
            "name": "借月",
            "artist": "王天阳",
            "id": 1817431690
        },
        {
            "name": "有幸",
            "artist": "赵砚卿",
            "id": 1382423403
        },
        {
            "name": "夏悸",
            "artist": "黄鲲",
            "id": 1872074958
        },
        {
            "name": "像鱼",
            "artist": "王贰浪",
            "id": 1331819951
        },
        {
            "name": "原来",
            "artist": "林东",
            "id": 1326798446
        },
        {
            "name": "可乐",
            "artist": "赵紫骅",
            "id": 1340200924
        },
        {
            "name": "后来",
            "artist": "刘若英",
            "id": 254574
        },
        {
            "name": "浮生",
            "artist": "刘莱斯",
            "id": 445546453
        },
        {
            "name": "自洽",
            "artist": "莫文蔚",
            "id": 1492319441
        },
        {
            "name": "泡沫",
            "artist": "G.E.M.邓紫棋",
            "id": 233931
        },
        {
            "name": "再见",
            "artist": "G.E.M.邓紫棋",
            "id": 36024806
        },
        {
            "name": "热勇",
            "artist": "栗先达",
            "id": 423015580
        },
        {
            "name": "途中",
            "artist": "陈鸿宇",
            "id": 34380395
        },
        {
            "name": "指纹 (Live)",
            "artist": "王赫野",
            "id": 1938019498
        },
        {
            "name": "保留",
            "artist": "郭顶",
            "id": 442869203
        },
        {
            "name": "遇见",
            "artist": "孙燕姿",
            "id": 287035
        },
        {
            "name": "笨蛋",
            "artist": "徐秉龙",
            "id": 1397680229
        },
        {
            "name": "海底",
            "artist": "一支榴莲",
            "id": 1430583016
        },
        {
            "name": "风度",
            "artist": "汪苏泷",
            "id": 165347
        },
        {
            "name": "记得",
            "artist": "林俊杰",
            "id": 25638971
        },
        {
            "name": "盛夏",
            "artist": "毛不易",
            "id": 569212211
        },
        {
            "name": "和你",
            "artist": "余佳运",
            "id": 420401511
        },
        {
            "name": "余香",
            "artist": "张小九",
            "id": 487885426
        },
        {
            "name": "心墙",
            "artist": "林俊杰",
            "id": 108263
        },
        {
            "name": "清空 (Live)",
            "artist": "赵泳鑫",
            "id": 1831446001
        },
        {
            "name": "倔强 (Live)",
            "artist": "五月天",
            "id": 386160
        },
        {
            "name": "她说 (Live)",
            "artist": "黄丽玲",
            "id": 31877515
        },
        {
            "name": "夜车 (<歌手)",
            "artist": "陆虎",
            "id": 1848232739
        },
        {
            "name": "致你",
            "artist": "yihuik苡慧",
            "id": 1867217766
        },
        {
            "name": "月台（I'm Here）",
            "artist": "刘思鉴",
            "id": 1299682848
        },
        {
            "name": "房间-新版",
            "artist": "刘瑞琦",
            "id": 562598081
        },
        {
            "name": "潮疑（Ask The Waves What To Do）",
            "artist": "弱水WeakWaves",
            "id": 1895116778
        },
        {
            "name": "达尔文",
            "artist": "蔡健雅",
            "id": 5248060
        },
        {
            "name": "追光者",
            "artist": "岑宁儿",
            "id": 483671599
        },
        {
            "name": "起风了",
            "artist": "吴青峰",
            "id": 1338695683
        },
        {
            "name": "达尔文",
            "artist": "林俊杰",
            "id": 2019573476
        },
        {
            "name": "学不会",
            "artist": "林俊杰",
            "id": 108134
        },
        {
            "name": "我在等",
            "artist": "林宝馨",
            "id": 1809976865
        },
        {
            "name": "甚至是",
            "artist": "野夫子",
            "id": 1832468771
        },
        {
            "name": "小星星",
            "artist": "汪苏泷",
            "id": 165379
        },
        {
            "name": "梦里花",
            "artist": "卢卢快闭嘴",
            "id": 2006204662
        },
        {
            "name": "怎么了",
            "artist": "周兴哲",
            "id": 1336990251
        },
        {
            "name": "喜欢你",
            "artist": "徐佳莹",
            "id": 403710393
        },
        {
            "name": "起风了",
            "artist": "买辣椒也用券",
            "id": 1330348068
        },
        {
            "name": "不二臣",
            "artist": "徐秉龙",
            "id": 466370500
        },
        {
            "name": "恶作剧",
            "artist": "林依晨",
            "id": 255574
        },
        {
            "name": "下雨天",
            "artist": "与少年他",
            "id": 1426112587
        },
        {
            "name": "水星记",
            "artist": "郭顶",
            "id": 441491828
        },
        {
            "name": "来不及 (Live)",
            "artist": "沈以诚",
            "id": 1486060211
        },
        {
            "name": "空白格 (Live)",
            "artist": "杨宗纬",
            "id": 25714352
        },
        {
            "name": "逆态度",
            "artist": "张杰",
            "id": 28126760
        },
        {
            "name": "我爱他",
            "artist": "周星星",
            "id": 1953696921
        },
        {
            "name": "南山南",
            "artist": "马頔",
            "id": 29436904
        },
        {
            "name": "浪漫爱",
            "artist": "刘瑞琦",
            "id": 1475737616
        },
        {
            "name": "最悲歌",
            "artist": "张杰",
            "id": 191066
        },
        {
            "name": "五月天",
            "artist": "火鸡",
            "id": 2038163355
        },
        {
            "name": "去见你",
            "artist": "徐秉龙",
            "id": 1354629987
        },
        {
            "name": "我们啊",
            "artist": "三块木头",
            "id": 1911907981
        },
        {
            "name": "我们俩",
            "artist": "郭顶",
            "id": 85571
        },
        {
            "name": "空白格",
            "artist": "蔡健雅",
            "id": 208938
        },
        {
            "name": "等风吹",
            "artist": "不是花火呀",
            "id": 1834076023
        },
        {
            "name": "不再见",
            "artist": "陈学冬",
            "id": 431096179
        },
        {
            "name": "不再见",
            "artist": "邹然",
            "id": 1484392797
        },
        {
            "name": "美人鱼",
            "artist": "林俊杰",
            "id": 108931
        },
        {
            "name": "想着你",
            "artist": "郭顶",
            "id": 442867218
        },
        {
            "name": "笑忘书",
            "artist": "王菲",
            "id": 299601
        },
        {
            "name": "该忘了",
            "artist": "郭采洁",
            "id": 233880
        },
        {
            "name": "他不懂",
            "artist": "张杰",
            "id": 28059417
        },
        {
            "name": "下一秒",
            "artist": "张碧晨",
            "id": 425298905
        },
        {
            "name": "莉莉安",
            "artist": "徐佳莹",
            "id": 402073803
        },
        {
            "name": "有点甜",
            "artist": "汪苏泷",
            "id": 165340
        },
        {
            "name": "带我走",
            "artist": "杨丞琳",
            "id": 5243349
        },
        {
            "name": "小行星",
            "artist": "周延英（英子-effie）",
            "id": 574505880
        },
        {
            "name": "因为他",
            "artist": "邹念慈",
            "id": 1440104938
        },
        {
            "name": "灰姑娘",
            "artist": "梁咏琪",
            "id": 255589
        },
        {
            "name": "失语者",
            "artist": "蔡健雅",
            "id": 36024442
        },
        {
            "name": "月牙湾 (Live)",
            "artist": "袁娅维TIA RAY",
            "id": 1429908226
        },
        {
            "name": "我走后",
            "artist": "小咪",
            "id": 1370047789
        },
        {
            "name": "我可以",
            "artist": "与少年他",
            "id": 1401482684
        },
        {
            "name": "If Rain",
            "artist": "萨吉",
            "id": 1469006014
        },
        {
            "name": "莫妮卡",
            "artist": "柳爽",
            "id": 486999661
        },
        {
            "name": "爱，存在",
            "artist": "卢卢快闭嘴",
            "id": 1460682363
        },
        {
            "name": "独角戏",
            "artist": "哈利Halleeee",
            "id": 1444961777
        },
        {
            "name": "来不及（Live）",
            "artist": "刘瑞琦",
            "id": 1407424616
        },
        {
            "name": "经济舱 (Live)",
            "artist": "Kafe.Hu",
            "id": 1487528112
        },
        {
            "name": "下雨天 (Live)",
            "artist": "黄丽玲",
            "id": 1949073317
        },
        {
            "name": "只等风停",
            "artist": "高可意",
            "id": 1832695052
        },
        {
            "name": "第三人称",
            "artist": "桃德李Todd Li",
            "id": 453413861
        },
        {
            "name": "夏至未至",
            "artist": "胡夏",
            "id": 482999696
        },
        {
            "name": "夏天的风",
            "artist": "火羊瞌睡了",
            "id": 1436709403
        },
        {
            "name": "富士山下",
            "artist": "陈奕迅",
            "id": 65766
        },
        {
            "name": "清风徐来",
            "artist": "王菲",
            "id": 34586075
        },
        {
            "name": "当妮走了",
            "artist": "徐真真",
            "id": 430793721
        },
        {
            "name": "到此为止",
            "artist": "徐佳莹",
            "id": 526081111
        },
        {
            "name": "别再闹了",
            "artist": "毛不易",
            "id": 1334270281
        },
        {
            "name": "因为了解",
            "artist": "汪苏泷",
            "id": 165376
        },
        {
            "name": "从此以后",
            "artist": "缪礼丞",
            "id": 1391053342
        },
        {
            "name": "橘生淮南",
            "artist": "小恶魔",
            "id": 1958367055
        },
        {
            "name": "时光洪流",
            "artist": "程响",
            "id": 1868943615
        },
        {
            "name": "特别的人",
            "artist": "方大同",
            "id": 28403111
        },
        {
            "name": "我好想你",
            "artist": "徐佳莹",
            "id": 402070928
        },
        {
            "name": "忽然之间",
            "artist": "阿虾",
            "id": 1406432116
        },
        {
            "name": "理想三旬",
            "artist": "陈鸿宇",
            "id": 31445772
        },
        {
            "name": "说散就散",
            "artist": "袁娅维TIA RAY",
            "id": 523251118
        },
        {
            "name": "玫瑰少年",
            "artist": "五月天",
            "id": 1383023894
        },
        {
            "name": "第三人称",
            "artist": "买辣椒也用券",
            "id": 502043537
        },
        {
            "name": "巴赫旧约",
            "artist": "汪苏泷",
            "id": 165405
        },
        {
            "name": "后会无期",
            "artist": "G.E.M.邓紫棋",
            "id": 28793502
        },
        {
            "name": "时光正好",
            "artist": "郁可唯",
            "id": 421203086
        },
        {
            "name": "不得不爱",
            "artist": "Lambert",
            "id": 1384527426
        },
        {
            "name": "为你写诗",
            "artist": "汪苏泷",
            "id": 1320100071
        },
        {
            "name": "15楼窗外",
            "artist": "沈以诚",
            "id": 1847929015
        },
        {
            "name": "巴赫旧约",
            "artist": "沈以诚",
            "id": 1819024549
        },
        {
            "name": "来日方长",
            "artist": "李上安",
            "id": 41634014
        },
        {
            "name": "漠河舞厅",
            "artist": "柳爽",
            "id": 1430319727
        },
        {
            "name": "耿耿于怀",
            "artist": "王笑文",
            "id": 407679465
        },
        {
            "name": "身骑白马",
            "artist": "徐佳莹",
            "id": 412911026
        },
        {
            "name": "忽而今夏",
            "artist": "汪苏泷",
            "id": 553310138
        },
        {
            "name": "明天过后",
            "artist": "丫蛋蛋",
            "id": 1405128273
        },
        {
            "name": "往后余生",
            "artist": "马良",
            "id": 1388321301
        },
        {
            "name": "朋友关系",
            "artist": "龚子婕JessieG",
            "id": 41663362
        },
        {
            "name": "春风十里",
            "artist": "鹿先森乐队",
            "id": 38576323
        },
        {
            "name": "无名的人",
            "artist": "毛不易",
            "id": 1903149553
        },
        {
            "name": "这个世界",
            "artist": "好妹妹",
            "id": 2010033744
        },
        {
            "name": "明天过后",
            "artist": "张杰",
            "id": 191248
        },
        {
            "name": "不亏不欠",
            "artist": "袁娅维TIA RAY",
            "id": 1403204015
        },
        {
            "name": "最佳损友",
            "artist": "陈奕迅",
            "id": 65800
        },
        {
            "name": "那个男孩",
            "artist": "汪苏泷",
            "id": 482386133
        },
        {
            "name": "独家记忆",
            "artist": "刘瑞琦",
            "id": 1475739401
        },
        {
            "name": "一直在等",
            "artist": "本兮",
            "id": 35440198
        },
        {
            "name": "半夜汽笛",
            "artist": "叶琼琳",
            "id": 1840474273
        },
        {
            "name": "只是朋友",
            "artist": "陈翔",
            "id": 428203460
        },
        {
            "name": "阿楚姑娘",
            "artist": "袁娅维TIA RAY",
            "id": 407840732
        },
        {
            "name": "惊天动地",
            "artist": "金玟岐",
            "id": 38392240
        },
        {
            "name": "一笑倾城",
            "artist": "汪苏泷",
            "id": 426852063
        },
        {
            "name": "釜底抽薪",
            "artist": "李天蓝",
            "id": 1861207632
        },
        {
            "name": "日落人海",
            "artist": "Vicky宣宣",
            "id": 1484848354
        },
        {
            "name": "春日恋歌",
            "artist": "庯川芁一",
            "id": 1834348628
        },
        {
            "name": "我的宣言",
            "artist": "周柏豪",
            "id": 27646405
        },
        {
            "name": "一生有你",
            "artist": "水木年华",
            "id": 376417
        },
        {
            "name": "心动决定",
            "artist": "黄礼格",
            "id": 1903386314
        },
        {
            "name": "像风一样",
            "artist": "薛之谦",
            "id": 516657051
        },
        {
            "name": "寂寞烟火",
            "artist": "朱婧汐Akini Jing",
            "id": 29357087
        },
        {
            "name": "修炼爱情",
            "artist": "林俊杰",
            "id": 25727803
        },
        {
            "name": "匆匆那年",
            "artist": "周深",
            "id": 29759371
        },
        {
            "name": "想你知道",
            "artist": "余奥成Ace",
            "id": 1873679928
        },
        {
            "name": "那么骄傲",
            "artist": "桃ki",
            "id": 1395499543
        },
        {
            "name": "我还想她",
            "artist": "林俊杰",
            "id": 108493
        },
        {
            "name": "千千万万",
            "artist": "深海鱼子酱",
            "id": 1811459887
        },
        {
            "name": "往后余生",
            "artist": "王贰浪",
            "id": 571338279
        },
        {
            "name": "没有理由",
            "artist": "马也_Crabbit",
            "id": 1404368141
        },
        {
            "name": "一分一寸",
            "artist": "阿YueYue",
            "id": 1493083969
        },
        {
            "name": "你我之间",
            "artist": "周也棠",
            "id": 34341289
        },
        {
            "name": "下落不明",
            "artist": "王巨星",
            "id": 1455965526
        },
        {
            "name": "勿忘心安",
            "artist": "张杰",
            "id": 191199
        },
        {
            "name": "繁华之处",
            "artist": "栗先达",
            "id": 521780143
        },
        {
            "name": "最好的我",
            "artist": "房祖名",
            "id": 82532
        },
        {
            "name": "昨日青空",
            "artist": "赵英博",
            "id": 1313363502
        },
        {
            "name": "我怀念的",
            "artist": "萧敬腾",
            "id": 167921
        },
        {
            "name": "星光降落",
            "artist": "王宗介",
            "id": 1862309034
        },
        {
            "name": "开始懂了",
            "artist": "孙燕姿",
            "id": 287719
        },
        {
            "name": "永不放弃",
            "artist": "刘凯迪",
            "id": 1339836579
        },
        {
            "name": "可不可以",
            "artist": "张紫豪",
            "id": 553755659
        },
        {
            "name": "未知伴侣",
            "artist": "龚子婕JessieG",
            "id": 41664255
        },
        {
            "name": "身骑白马",
            "artist": "徐佳莹",
            "id": 306664
        },
        {
            "name": "我们的歌",
            "artist": "王力宏",
            "id": 25642952
        },
        {
            "name": "美好事物",
            "artist": "房东的猫",
            "id": 417596830
        },
        {
            "name": "阴天快乐",
            "artist": "陈奕迅",
            "id": 28563317
        },
        {
            "name": "独家记忆",
            "artist": "陈小春",
            "id": 63650
        },
        {
            "name": "爱我别走",
            "artist": "张震岳",
            "id": 185919
        },
        {
            "name": "回到夏天",
            "artist": "傲七爷",
            "id": 1449678888
        },
        {
            "name": "我的名字",
            "artist": "焦迈奇",
            "id": 554241732
        },
        {
            "name": "天外来物",
            "artist": "薛之谦",
            "id": 1463165983
        },
        {
            "name": "Letting Go",
            "artist": "蔡健雅",
            "id": 208891
        },
        {
            "name": "再见深海（微亮的瞬间）",
            "artist": "余雨",
            "id": 2019406519
        },
        {
            "name": "这，就是爱",
            "artist": "张杰",
            "id": 191060
        },
        {
            "name": "Layla蕾拉",
            "artist": "张杰",
            "id": 2008003739
        },
        {
            "name": "爱我别走(Live)",
            "artist": "莫文蔚",
            "id": 277720
        },
        {
            "name": "我们的爱 (Live)",
            "artist": "黄霄雲",
            "id": 1440876675
        },
        {
            "name": "身骑白马 (Live版)",
            "artist": "张杰",
            "id": 2038508476
        },
        {
            "name": "Letting Go",
            "artist": "陈老兮",
            "id": 1336205537
        },
        {
            "name": "这就是爱吗",
            "artist": "十豆彡",
            "id": 1412242872
        },
        {
            "name": "如果有来生",
            "artist": "谭维维",
            "id": 293948
        },
        {
            "name": "在你的身边",
            "artist": "盛哲",
            "id": 475479888
        },
        {
            "name": "慢慢喜欢你",
            "artist": "莫文蔚",
            "id": 541687281
        },
        {
            "name": "突然一场雨",
            "artist": "玉中 believe",
            "id": 1949653822
        },
        {
            "name": "贝加尔湖畔",
            "artist": "李健",
            "id": 109998
        },
        {
            "name": "奇妙能力歌",
            "artist": "陈粒",
            "id": 30431366
        },
        {
            "name": "一样的月光",
            "artist": "徐佳莹",
            "id": 306665
        },
        {
            "name": "可惜不是你",
            "artist": "曹轩宾",
            "id": 520459219
        },
        {
            "name": "少女的祈祷",
            "artist": "张敬轩",
            "id": 25727428
        },
        {
            "name": "你也没有错",
            "artist": "陳梦嘉",
            "id": 517642609
        },
        {
            "name": "我又想你了",
            "artist": "陈信喆",
            "id": 448707059
        },
        {
            "name": "等你喜欢我",
            "artist": "姜鹏Calm",
            "id": 1365384448
        },
        {
            "name": "当冬夜渐暖",
            "artist": "孙燕姿",
            "id": 286959
        },
        {
            "name": "手心的蔷薇",
            "artist": "林俊杰",
            "id": 29848657
        },
        {
            "name": "一样的月光",
            "artist": "徐佳莹",
            "id": 26211160
        },
        {
            "name": "后来的我们",
            "artist": "辰啊辰",
            "id": 1803516409
        },
        {
            "name": "账号已注销",
            "artist": "太一",
            "id": 1925452719
        },
        {
            "name": "再见莫妮卡",
            "artist": "彭席彦",
            "id": 1824045033
        },
        {
            "name": "那一刻心动",
            "artist": "任子墨",
            "id": 1836033745
        },
        {
            "name": "剩下的盛夏",
            "artist": "TFBOYS",
            "id": 34228130
        },
        {
            "name": "迷途的孤鸟",
            "artist": "王天阳",
            "id": 1916435350
        },
        {
            "name": "最初的记忆",
            "artist": "徐佳莹",
            "id": 479979440
        },
        {
            "name": "被驯服的象",
            "artist": "蔡健雅",
            "id": 27747330
        },
        {
            "name": "你是对的人",
            "artist": "戚薇",
            "id": 28832054
        },
        {
            "name": "是但求其爱",
            "artist": "陈奕迅",
            "id": 1496602290
        },
        {
            "name": "为了遇见你",
            "artist": "薛之谦",
            "id": 33071053
        },
        {
            "name": "如果没有你",
            "artist": "莫文蔚",
            "id": 277111
        },
        {
            "name": "哪里都是你",
            "artist": "队长",
            "id": 488249475
        },
        {
            "name": "心跳的证明",
            "artist": "刘人语",
            "id": 1342798229
        },
        {
            "name": "最初的梦想",
            "artist": "范玮琪",
            "id": 479422062
        },
        {
            "name": "鲸落WF End",
            "artist": "赵俊铭",
            "id": 1455762284
        },
        {
            "name": "春夏秋冬 A Balloon's Journey",
            "artist": "张国荣",
            "id": 1478435236
        },
        {
            "name": "可惜没如果",
            "artist": "林俊杰",
            "id": 29814898
        },
        {
            "name": "漠河舞厅·2022",
            "artist": "柳爽",
            "id": 1894094482
        },
        {
            "name": "如果爱忘了",
            "artist": "Yusee",
            "id": 1426095739
        },
        {
            "name": "云还在唱歌",
            "artist": "张杰",
            "id": 1940109458
        },
        {
            "name": "盛夏的等候",
            "artist": "佳利",
            "id": 518013105
        },
        {
            "name": "有一种悲伤",
            "artist": "野区歌神",
            "id": 1352684133
        },
        {
            "name": "别那么卑微",
            "artist": "袁小葳",
            "id": 1872489252
        },
        {
            "name": "越来越不懂",
            "artist": "蔡健雅",
            "id": 208958
        },
        {
            "name": "一万次悲伤",
            "artist": "逃跑计划",
            "id": 25706279
        },
        {
            "name": "外面的世界",
            "artist": "莫文蔚",
            "id": 276904
        },
        {
            "name": "国王与乞丐",
            "artist": "华晨宇",
            "id": 32835565
        },
        {
            "name": "最远的旅行",
            "artist": "袁小葳",
            "id": 1350693202
        },
        {
            "name": "私奔到月球",
            "artist": "陈绮贞",
            "id": 5239100
        },
        {
            "name": "偶尔也有风",
            "artist": "吴炳文",
            "id": 1954407064
        },
        {
            "name": "雨中的世界",
            "artist": "Zkaaai",
            "id": 1868189031
        },
        {
            "name": "你从未离去",
            "artist": "旺仔小乔",
            "id": 1919147134
        },
        {
            "name": "为了遇见你",
            "artist": "戚薇",
            "id": 26349280
        },
        {
            "name": "你走以后1.0",
            "artist": "王恩信Est",
            "id": 1363205817
        },
        {
            "name": "A.I.N.Y. 爱你",
            "artist": "G.E.M.邓紫棋",
            "id": 234015
        },
        {
            "name": "淋雨一直走",
            "artist": "张韶涵",
            "id": 25640392
        },
        {
            "name": "突然好想你 (Live)",
            "artist": "徐佳莹",
            "id": 409060879
        },
        {
            "name": "星星在唱歌",
            "artist": "司南",
            "id": 1807381939
        },
        {
            "name": "贝加尔湖畔 (Live)",
            "artist": "李健",
            "id": 31877245
        },
        {
            "name": "那么喜欢你 (＊歌手)",
            "artist": "萨吉",
            "id": 1839553516
        },
        {
            "name": "十九岁的一天",
            "artist": "杨紫怡",
            "id": 1455666742
        },
        {
            "name": "看月亮爬上来",
            "artist": "张杰",
            "id": 191179
        },
        {
            "name": "这一刻的想法",
            "artist": "钟引泓",
            "id": 1320097093
        },
        {
            "name": "不分手的恋爱",
            "artist": "汪苏泷",
            "id": 26599249
        },
        {
            "name": "就当他没来过",
            "artist": "陈壹千",
            "id": 1337205804
        },
        {
            "name": "簇拥烈日的花",
            "artist": "Morerare",
            "id": 1896178370
        },
        {
            "name": "不分手的恋爱",
            "artist": "汪苏泷",
            "id": 165361
        },
        {
            "name": "殉情的抹香鲸",
            "artist": "三块木头",
            "id": 1460706496
        },
        {
            "name": "你还要我怎样",
            "artist": "薛之谦",
            "id": 27955653
        },
        {
            "name": "我也不想这样",
            "artist": "徐佳莹",
            "id": 412902075
        },
        {
            "name": "一个人去巴黎",
            "artist": "董又霖",
            "id": 864647841
        },
        {
            "name": "有可能的夜晚",
            "artist": "颜人中",
            "id": 1344814341
        },
        {
            "name": "永不失联的爱",
            "artist": "周兴哲",
            "id": 523250334
        },
        {
            "name": "时光背面的我",
            "artist": "刘至佳",
            "id": 1858139145
        },
        {
            "name": "阿拉斯加海湾",
            "artist": "袁小葳",
            "id": 1497529315
        },
        {
            "name": "你还怕大雨吗",
            "artist": "周柏豪",
            "id": 27646409
        },
        {
            "name": "白裙子黑裙子",
            "artist": "栗先达",
            "id": 1360657317
        },
        {
            "name": "送给未来的你",
            "artist": "徐维娜",
            "id": 521418512
        },
        {
            "name": "雪落下的声音",
            "artist": "谭维维",
            "id": 294052
        },
        {
            "name": "我爱的人走了",
            "artist": "宋宇航",
            "id": 569205310
        },
        {
            "name": "你值得更好的",
            "artist": "张杰",
            "id": 1867936253
        },
        {
            "name": "最后一首情歌",
            "artist": "苏琛",
            "id": 34497630
        },
        {
            "name": "分分钟需要你",
            "artist": "林子祥",
            "id": 117614
        },
        {
            "name": "初恋旧爱新欢",
            "artist": "RAiNBOW计划",
            "id": 30284674
        },
        {
            "name": "做个有你的梦",
            "artist": "袁小葳",
            "id": 1958176352
        },
        {
            "name": "阿拉斯加海湾",
            "artist": "蓝心羽",
            "id": 1500569811
        },
        {
            "name": "My Sunshine",
            "artist": "张杰",
            "id": 34179910
        },
        {
            "name": "以后别做朋友",
            "artist": "周兴哲",
            "id": 28892111
        },
        {
            "name": "幸福了 然后呢",
            "artist": "黄丽玲",
            "id": 25657348
        },
        {
            "name": "幸福了 然后呢",
            "artist": "吴炳文",
            "id": 1425896565
        },
        {
            "name": "假如爱有天意 (Live)",
            "artist": "李健",
            "id": 31877467
        },
        {
            "name": "离家最近的路",
            "artist": "花粥",
            "id": 1342592226
        },
        {
            "name": "像小时候一样",
            "artist": "郁可唯",
            "id": 571894775
        },
        {
            "name": "多远都要在一起",
            "artist": "G.E.M.邓紫棋",
            "id": 30612793
        },
        {
            "name": "多远都要在一起",
            "artist": "杏仁c",
            "id": 1329101457
        },
        {
            "name": "这世界那么多人",
            "artist": "莫文蔚",
            "id": 1842025914
        },
        {
            "name": "第一次为爱疯狂",
            "artist": "魏巡",
            "id": 553543135
        },
        {
            "name": "如果这就是爱情",
            "artist": "张靓颖",
            "id": 25640792
        },
        {
            "name": "如果这就是爱情",
            "artist": "佳er",
            "id": 1805172349
        },
        {
            "name": "夜空中最亮的星",
            "artist": "逃跑计划",
            "id": 25706282
        },
        {
            "name": "今天也想见到你",
            "artist": "焦迈奇",
            "id": 1353194608
        },
        {
            "name": "落在生命里的光",
            "artist": "尹昔眠",
            "id": 1892562874
        },
        {
            "name": "我要我们在一起",
            "artist": "G.E.M.邓紫棋",
            "id": 28427737
        },
        {
            "name": "如此可爱的我们",
            "artist": "阎其儿Jill",
            "id": 1467201248
        },
        {
            "name": "看得最远的地方",
            "artist": "张韶涵",
            "id": 326942
        },
        {
            "name": "落在生命里的光",
            "artist": "林俊杰",
            "id": 2019573477
        },
        {
            "name": "I'm Chasing You",
            "artist": "蔡文静",
            "id": 525238095
        },
        {
            "name": "如果你也这样过",
            "artist": "尤长靖",
            "id": 1490343020
        },
        {
            "name": "拉过勾的·2023",
            "artist": "粉太狼",
            "id": 1948277210
        },
        {
            "name": "出现又离开 (Live)",
            "artist": "梁博",
            "id": 1363553440
        },
        {
            "name": "Winter is coming",
            "artist": "把那碗饭给我",
            "id": 1906824814
        },
        {
            "name": "其实最爱的还是你",
            "artist": "栗先达",
            "id": 1392191504
        },
        {
            "name": "月亮不会奔你而来",
            "artist": "凯瑟喵",
            "id": 1467971543
        },
        {
            "name": "给我一个理由忘记",
            "artist": "黄丽玲",
            "id": 205342
        },
        {
            "name": "那些你很冒险的梦",
            "artist": "林俊杰",
            "id": 108138
        },
        {
            "name": "关于盛夏的光和影",
            "artist": "龚子婕JessieG",
            "id": 489122396
        },
        {
            "name": "好想爱这个世界啊",
            "artist": "华晨宇",
            "id": 1407358755
        },
        {
            "name": "刻在我心底的名字",
            "artist": "桃德李Todd Li",
            "id": 1806926338
        },
        {
            "name": "Easy Come Easy go",
            "artist": "蔡健雅",
            "id": 26269002
        },
        {
            "name": "月光总会落在你身上",
            "artist": "杜宣达",
            "id": 1818237485
        },
        {
            "name": "等你的日子不值一提",
            "artist": "焦迈奇",
            "id": 1360807332
        },
        {
            "name": "My Heart Will Go On",
            "artist": "满舒克",
            "id": 26524701
        },
        {
            "name": "明年今日 (2007 Live)",
            "artist": "陈奕迅",
            "id": 65312
        },
        {
            "name": "等你的日子不值一提",
            "artist": "焦迈奇",
            "id": 1365209412
        },
        {
            "name": "世间美好与你环环相扣",
            "artist": "柏松",
            "id": 1363948882
        },
        {
            "name": "Where Went Yesterday",
            "artist": "魏晨",
            "id": 406346027
        },
        {
            "name": "出现又离开（翻自 梁博）",
            "artist": "郑港",
            "id": 1845156036
        },
        {
            "name": "怎么还不爱 (雀跃狂爱版)",
            "artist": "杨凯琳",
            "id": 34167331
        },
        {
            "name": "我爱你不问归期 (合唱版)",
            "artist": "白小白",
            "id": 1899042430
        },
        {
            "name": "给我一个理由忘记 (Live)",
            "artist": "黄丽玲",
            "id": 31877074
        },
        {
            "name": "热铁皮房顶的夏天 (Live)",
            "artist": "王赫野",
            "id": 1935607384
        },
        {
            "name": "刻在我心底的名字 (Live)",
            "artist": "徐佳莹",
            "id": 1486106983
        },
        {
            "name": "You Are Beautiful",
            "artist": "刘沁",
            "id": 481535277
        },
        {
            "name": "你要相信这不是最后一天",
            "artist": "华晨宇",
            "id": 1425643256
        },
        {
            "name": "你怎么蠢到我喜欢你都不知道",
            "artist": "邹念慈",
            "id": 536483221
        },
        {
            "name": "今夜的江滩公园没有烟花跨年",
            "artist": "房东的猫",
            "id": 1437274865
        },
        {
            "name": "只要有想见的人，就不是孤身一人",
            "artist": "王源",
            "id": 1347529801
        },
        {
            "name": "你有多久没有抬起头认真地数过星星",
            "artist": "圣代",
            "id": 1914116947
        },
        {
            "name": "遇见你的时候所有星星都落到我头上",
            "artist": "高姗",
            "id": 30089063
        },
        {
            "name": "全世界谁倾听你",
            "artist": "林宥嘉",
            "id": 432509483
        }
    ]
}